seed,variant,step,train_loss,cum_flops,compression
7,celo,0,10.657635688781738,0.0,1.0
7,prune_50,0,10.687817573547363,0.0,2.0
7,prune_75,0,10.647022247314453,0.0,4.0
7,prune_99,0,10.633573532104492,0.0,999.9999999999991
7,quant8,0,10.63771915435791,0.0,4.0
7,celo,1,10.623823165893555,1186848.0,1.0
7,prune_50,1,10.593964576721191,593424.0,2.0
7,prune_75,1,10.72161865234375,296712.0,4.0
7,prune_99,1,10.617940902709961,1186.848000000001,999.9999999999991
7,quant8,1,10.602783203125,296712.0,4.0
7,celo,2,10.784459114074707,2373696.0,1.0
7,prune_50,2,10.700891494750977,1186848.0,2.0
7,prune_75,2,10.803302764892578,593424.0,4.0
7,prune_99,2,10.890768051147461,2373.696000000002,999.9999999999991
7,quant8,2,10.736308097839355,593424.0,4.0
7,celo,3,10.35763931274414,3560544.0,1.0
7,prune_50,3,10.298735618591309,1780272.0,2.0
7,prune_75,3,10.313490867614746,890136.0,4.0
7,prune_99,3,10.514452934265137,3560.5440000000035,999.9999999999991
7,quant8,3,10.502944946289062,890136.0,4.0
7,celo,4,10.596243858337402,4747392.0,1.0
7,prune_50,4,10.487177848815918,2373696.0,2.0
7,prune_75,4,10.669746398925781,1186848.0,4.0
7,prune_99,4,10.672390937805176,4747.392000000004,999.9999999999991
7,quant8,4,10.550622940063477,1186848.0,4.0
7,celo,5,10.113293647766113,5934240.0,1.0
7,prune_50,5,10.501543998718262,2967120.0,2.0
7,prune_75,5,9.890459060668945,1483560.0,4.0
7,prune_99,5,10.748818397521973,5934.240000000005,999.9999999999991
7,quant8,5,10.130486488342285,1483560.0,4.0
7,celo,6,10.313576698303223,7121088.0,1.0
7,prune_50,6,10.43488883972168,3560544.0,2.0
7,prune_75,6,10.251708984375,1780272.0,4.0
7,prune_99,6,10.80040454864502,7121.088000000007,999.9999999999991
7,quant8,6,10.31604290008545,1780272.0,4.0
7,celo,7,9.968687057495117,8307936.0,1.0
7,prune_50,7,10.195061683654785,4153968.0,2.0
7,prune_75,7,10.014486312866211,2076984.0,4.0
7,prune_99,7,10.557546615600586,8307.936000000007,999.9999999999991
7,quant8,7,9.951525688171387,2076984.0,4.0
7,celo,8,10.400420188903809,9494784.0,1.0
7,prune_50,8,10.235658645629883,4747392.0,2.0
7,prune_75,8,10.193977355957031,2373696.0,4.0
7,prune_99,8,10.799850463867188,9494.784000000009,999.9999999999991
7,quant8,8,10.184226989746094,2373696.0,4.0
7,celo,9,9.551795959472656,10681632.0,1.0
7,prune_50,9,9.329425811767578,5340816.0,2.0
7,prune_75,9,9.370946884155273,2670408.0,4.0
7,prune_99,9,10.723098754882812,10681.63200000001,999.9999999999991
7,quant8,9,9.522006034851074,2670408.0,4.0
7,celo,10,10.037392616271973,11868480.0,1.0
7,prune_50,10,10.014752388000488,5934240.0,2.0
7,prune_75,10,10.058382034301758,2967120.0,4.0
7,prune_99,10,10.59628677368164,11868.48000000001,999.9999999999991
7,quant8,10,10.12006664276123,2967120.0,4.0
7,celo,11,9.674301147460938,13055328.0,1.0
7,prune_50,11,9.412694931030273,6527664.0,2.0
7,prune_75,11,9.802095413208008,3263832.0,4.0
7,prune_99,11,10.837028503417969,13055.328000000012,999.9999999999991
7,quant8,11,9.552921295166016,3263832.0,4.0
7,celo,12,10.851391792297363,14242176.0,1.0
7,prune_50,12,10.520051002502441,7121088.0,2.0
7,prune_75,12,10.711127281188965,3560544.0,4.0
7,prune_99,12,11.00528335571289,14242.176000000014,999.9999999999991
7,quant8,12,10.591370582580566,3560544.0,4.0
7,celo,13,9.22953987121582,15429024.0,1.0
7,prune_50,13,8.982730865478516,7714512.0,2.0
7,prune_75,13,9.322750091552734,3857256.0,4.0
7,prune_99,13,10.844242095947266,15429.024000000014,999.9999999999991
7,quant8,13,9.0860595703125,3857256.0,4.0
7,celo,14,9.439431190490723,16615872.0,1.0
7,prune_50,14,9.09286117553711,8307936.0,2.0
7,prune_75,14,9.631434440612793,4153968.0,4.0
7,prune_99,14,10.714954376220703,16615.872000000014,999.9999999999991
7,quant8,14,9.460957527160645,4153968.0,4.0
7,celo,15,10.451030731201172,17802720.0,1.0
7,prune_50,15,10.334270477294922,8901360.0,2.0
7,prune_75,15,10.404085159301758,4450680.0,4.0
7,prune_99,15,10.601921081542969,17802.720000000016,999.9999999999991
7,quant8,15,10.447641372680664,4450680.0,4.0
7,celo,16,10.044512748718262,18989568.0,1.0
7,prune_50,16,10.113811492919922,9494784.0,2.0
7,prune_75,16,10.171542167663574,4747392.0,4.0
7,prune_99,16,10.657421112060547,18989.568000000017,999.9999999999991
7,quant8,16,10.149290084838867,4747392.0,4.0
7,celo,17,10.229072570800781,20176416.0,1.0
7,prune_50,17,10.101054191589355,10088208.0,2.0
7,prune_75,17,10.180253982543945,5044104.0,4.0
7,prune_99,17,10.577531814575195,20176.41600000002,999.9999999999991
7,quant8,17,10.398711204528809,5044104.0,4.0
7,celo,18,9.638607025146484,21363264.0,1.0
7,prune_50,18,9.290018081665039,10681632.0,2.0
7,prune_75,18,9.701875686645508,5340816.0,4.0
7,prune_99,18,10.73573112487793,21363.26400000002,999.9999999999991
7,quant8,18,9.673094749450684,5340816.0,4.0
7,celo,19,9.651849746704102,22550112.0,1.0
7,prune_50,19,9.289952278137207,11275056.0,2.0
7,prune_75,19,9.955310821533203,5637528.0,4.0
7,prune_99,19,10.67941665649414,22550.11200000002,999.9999999999991
7,quant8,19,9.714078903198242,5637528.0,4.0
7,celo,20,9.333274841308594,23736960.0,1.0
7,prune_50,20,8.903728485107422,11868480.0,2.0
7,prune_75,20,9.229180335998535,5934240.0,4.0
7,prune_99,20,10.890094757080078,23736.96000000002,999.9999999999991
7,quant8,20,9.499561309814453,5934240.0,4.0
7,celo,21,9.375103950500488,24923808.0,1.0
7,prune_50,21,9.033048629760742,12461904.0,2.0
7,prune_75,21,9.642611503601074,6230952.0,4.0
7,prune_99,21,10.57398796081543,24923.808000000023,999.9999999999991
7,quant8,21,9.453666687011719,6230952.0,4.0
7,celo,22,8.861282348632812,26110656.0,1.0
7,prune_50,22,8.691922187805176,13055328.0,2.0
7,prune_75,22,9.293412208557129,6527664.0,4.0
7,prune_99,22,10.745396614074707,26110.656000000025,999.9999999999991
7,quant8,22,9.11933422088623,6527664.0,4.0
7,celo,23,8.004251480102539,27297504.0,1.0
7,prune_50,23,7.426748275756836,13648752.0,2.0
7,prune_75,23,8.214055061340332,6824376.0,4.0
7,prune_99,23,10.60007381439209,27297.504000000026,999.9999999999991
7,quant8,23,8.065621376037598,6824376.0,4.0
7,celo,24,9.469915390014648,28484352.0,1.0
7,prune_50,24,9.4476318359375,14242176.0,2.0
7,prune_75,24,9.546709060668945,7121088.0,4.0
7,prune_99,24,10.494876861572266,28484.352000000028,999.9999999999991
7,quant8,24,9.484258651733398,7121088.0,4.0
7,celo,25,8.366758346557617,29671200.0,1.0
7,prune_50,25,8.11251163482666,14835600.0,2.0
7,prune_75,25,8.665019989013672,7417800.0,4.0
7,prune_99,25,10.956886291503906,29671.200000000026,999.9999999999991
7,quant8,25,8.496244430541992,7417800.0,4.0
7,celo,26,8.544063568115234,30858048.0,1.0
7,prune_50,26,8.339405059814453,15429024.0,2.0
7,prune_75,26,8.984075546264648,7714512.0,4.0
7,prune_99,26,10.842755317687988,30858.048000000028,999.9999999999991
7,quant8,26,8.741321563720703,7714512.0,4.0
7,celo,27,9.175539016723633,32044896.0,1.0
7,prune_50,27,8.937678337097168,16022448.0,2.0
7,prune_75,27,9.180750846862793,8011224.0,4.0
7,prune_99,27,10.966002464294434,32044.89600000003,999.9999999999991
7,quant8,27,9.245890617370605,8011224.0,4.0
7,celo,28,8.67786979675293,33231744.0,1.0
7,prune_50,28,8.385077476501465,16615872.0,2.0
7,prune_75,28,8.975081443786621,8307936.0,4.0
7,prune_99,28,10.577779769897461,33231.74400000003,999.9999999999991
7,quant8,28,8.670027732849121,8307936.0,4.0
7,celo,29,8.916780471801758,34418592.0,1.0
7,prune_50,29,8.713669776916504,17209296.0,2.0
7,prune_75,29,9.525867462158203,8604648.0,4.0
7,prune_99,29,10.918052673339844,34418.59200000003,999.9999999999991
7,quant8,29,8.836950302124023,8604648.0,4.0
7,celo,30,9.062807083129883,35605440.0,1.0
7,prune_50,30,8.568132400512695,17802720.0,2.0
7,prune_75,30,9.49350357055664,8901360.0,4.0
7,prune_99,30,10.87646770477295,35605.44000000003,999.9999999999991
7,quant8,30,9.171903610229492,8901360.0,4.0
7,celo,31,8.578948974609375,36792288.0,1.0
7,prune_50,31,8.379886627197266,18396144.0,2.0
7,prune_75,31,9.007556915283203,9198072.0,4.0
7,prune_99,31,10.806844711303711,36792.28800000004,999.9999999999991
7,quant8,31,8.820769309997559,9198072.0,4.0
7,celo,32,8.544227600097656,37979136.0,1.0
7,prune_50,32,8.055124282836914,18989568.0,2.0
7,prune_75,32,8.640087127685547,9494784.0,4.0
7,prune_99,32,10.787530899047852,37979.136000000035,999.9999999999991
7,quant8,32,8.377031326293945,9494784.0,4.0
7,celo,33,8.777320861816406,39165984.0,1.0
7,prune_50,33,8.651618003845215,19582992.0,2.0
7,prune_75,33,8.8300142288208,9791496.0,4.0
7,prune_99,33,11.122642517089844,39165.98400000003,999.9999999999991
7,quant8,33,8.66079330444336,9791496.0,4.0
7,celo,34,8.162878036499023,40352832.0,1.0
7,prune_50,34,7.766543865203857,20176416.0,2.0
7,prune_75,34,8.066770553588867,10088208.0,4.0
7,prune_99,34,10.77973747253418,40352.83200000004,999.9999999999991
7,quant8,34,7.957334518432617,10088208.0,4.0
7,celo,35,8.530647277832031,41539680.0,1.0
7,prune_50,35,8.156203269958496,20769840.0,2.0
7,prune_75,35,8.912312507629395,10384920.0,4.0
7,prune_99,35,10.660650253295898,41539.68000000004,999.9999999999991
7,quant8,35,8.623108863830566,10384920.0,4.0
7,celo,36,8.396108627319336,42726528.0,1.0
7,prune_50,36,8.311010360717773,21363264.0,2.0
7,prune_75,36,8.629695892333984,10681632.0,4.0
7,prune_99,36,10.575413703918457,42726.52800000004,999.9999999999991
7,quant8,36,8.371600151062012,10681632.0,4.0
7,celo,37,8.47666072845459,43913376.0,1.0
7,prune_50,37,8.285782814025879,21956688.0,2.0
7,prune_75,37,8.863346099853516,10978344.0,4.0
7,prune_99,37,10.783697128295898,43913.37600000004,999.9999999999991
7,quant8,37,8.704996109008789,10978344.0,4.0
7,celo,38,7.741428852081299,45100224.0,1.0
7,prune_50,38,7.486844062805176,22550112.0,2.0
7,prune_75,38,7.949604511260986,11275056.0,4.0
7,prune_99,38,10.809881210327148,45100.22400000004,999.9999999999991
7,quant8,38,7.777760982513428,11275056.0,4.0
7,celo,39,8.154621124267578,46287072.0,1.0
7,prune_50,39,8.038345336914062,23143536.0,2.0
7,prune_75,39,8.455310821533203,11571768.0,4.0
7,prune_99,39,10.72811508178711,46287.072000000044,999.9999999999991
7,quant8,39,8.026498794555664,11571768.0,4.0
7,celo,40,8.640159606933594,47473920.0,1.0
7,prune_50,40,8.371055603027344,23736960.0,2.0
7,prune_75,40,8.805559158325195,11868480.0,4.0
7,prune_99,40,10.694214820861816,47473.92000000004,999.9999999999991
7,quant8,40,8.384517669677734,11868480.0,4.0
7,celo,41,7.070046901702881,48660768.0,1.0
7,prune_50,41,7.108229637145996,24330384.0,2.0
7,prune_75,41,7.214318752288818,12165192.0,4.0
7,prune_99,41,10.8829984664917,48660.76800000005,999.9999999999991
7,quant8,41,7.120457649230957,12165192.0,4.0
7,celo,42,8.904914855957031,49847616.0,1.0
7,prune_50,42,8.664196968078613,24923808.0,2.0
7,prune_75,42,9.571626663208008,12461904.0,4.0
7,prune_99,42,10.871210098266602,49847.616000000045,999.9999999999991
7,quant8,42,8.855531692504883,12461904.0,4.0
7,celo,43,6.702920436859131,51034464.0,1.0
7,prune_50,43,6.647332191467285,25517232.0,2.0
7,prune_75,43,7.000082015991211,12758616.0,4.0
7,prune_99,43,10.71485710144043,51034.46400000004,999.9999999999991
7,quant8,43,6.621968746185303,12758616.0,4.0
7,celo,44,8.00259017944336,52221312.0,1.0
7,prune_50,44,7.98608922958374,26110656.0,2.0
7,prune_75,44,8.165111541748047,13055328.0,4.0
7,prune_99,44,10.874590873718262,52221.31200000005,999.9999999999991
7,quant8,44,7.964450836181641,13055328.0,4.0
7,celo,45,9.113794326782227,53408160.0,1.0
7,prune_50,45,8.968555450439453,26704080.0,2.0
7,prune_75,45,9.488495826721191,13352040.0,4.0
7,prune_99,45,10.7299165725708,53408.16000000005,999.9999999999991
7,quant8,45,9.301695823669434,13352040.0,4.0
7,celo,46,8.425491333007812,54595008.0,1.0
7,prune_50,46,8.495567321777344,27297504.0,2.0
7,prune_75,46,8.926626205444336,13648752.0,4.0
7,prune_99,46,10.58918571472168,54595.00800000005,999.9999999999991
7,quant8,46,8.47874641418457,13648752.0,4.0
7,celo,47,8.84055233001709,55781856.0,1.0
7,prune_50,47,8.957786560058594,27890928.0,2.0
7,prune_75,47,9.520130157470703,13945464.0,4.0
7,prune_99,47,10.945950508117676,55781.85600000005,999.9999999999991
7,quant8,47,8.741630554199219,13945464.0,4.0
7,celo,48,7.087593078613281,56968704.0,1.0
7,prune_50,48,7.27138614654541,28484352.0,2.0
7,prune_75,48,7.850185394287109,14242176.0,4.0
7,prune_99,48,10.783496856689453,56968.704000000056,999.9999999999991
7,quant8,48,7.166893005371094,14242176.0,4.0
7,celo,49,8.62814712524414,58155552.0,1.0
7,prune_50,49,8.370189666748047,29077776.0,2.0
7,prune_75,49,9.253152847290039,14538888.0,4.0
7,prune_99,49,10.671496391296387,58155.552000000054,999.9999999999991
7,quant8,49,8.514213562011719,14538888.0,4.0
7,celo,50,7.475738525390625,59342400.0,1.0
7,prune_50,50,7.441782474517822,29671200.0,2.0
7,prune_75,50,7.655409336090088,14835600.0,4.0
7,prune_99,50,10.735163688659668,59342.40000000005,999.9999999999991
7,quant8,50,7.569772720336914,14835600.0,4.0
7,celo,51,7.18517541885376,60529248.0,1.0
7,prune_50,51,7.074696063995361,30264624.0,2.0
7,prune_75,51,7.641805648803711,15132312.0,4.0
7,prune_99,51,10.721169471740723,60529.24800000006,999.9999999999991
7,quant8,51,7.0555901527404785,15132312.0,4.0
7,celo,52,7.886188983917236,61716096.0,1.0
7,prune_50,52,7.873055458068848,30858048.0,2.0
7,prune_75,52,8.427197456359863,15429024.0,4.0
7,prune_99,52,10.740311622619629,61716.096000000056,999.9999999999991
7,quant8,52,7.759544849395752,15429024.0,4.0
7,celo,53,7.815514087677002,62902944.0,1.0
7,prune_50,53,7.482650279998779,31451472.0,2.0
7,prune_75,53,8.061216354370117,15725736.0,4.0
7,prune_99,53,10.86954116821289,62902.94400000006,999.9999999999991
7,quant8,53,7.651398658752441,15725736.0,4.0
7,celo,54,7.778060436248779,64089792.0,1.0
7,prune_50,54,7.744050025939941,32044896.0,2.0
7,prune_75,54,8.187658309936523,16022448.0,4.0
7,prune_99,54,10.96360969543457,64089.79200000006,999.9999999999991
7,quant8,54,7.6444244384765625,16022448.0,4.0
7,celo,55,7.059578895568848,65276640.0,1.0
7,prune_50,55,7.130194664001465,32638320.0,2.0
7,prune_75,55,7.752699851989746,16319160.0,4.0
7,prune_99,55,10.741466522216797,65276.64000000006,999.9999999999991
7,quant8,55,7.258212089538574,16319160.0,4.0
7,celo,56,8.121667861938477,66463488.0,1.0
7,prune_50,56,8.044594764709473,33231744.0,2.0
7,prune_75,56,8.509897232055664,16615872.0,4.0
7,prune_99,56,10.834762573242188,66463.48800000006,999.9999999999991
7,quant8,56,8.200592041015625,16615872.0,4.0
7,celo,57,7.949859619140625,67650336.0,1.0
7,prune_50,57,7.676975727081299,33825168.0,2.0
7,prune_75,57,8.537014961242676,16912584.0,4.0
7,prune_99,57,10.778022766113281,67650.33600000007,999.9999999999991
7,quant8,57,7.814667224884033,16912584.0,4.0
7,celo,58,7.085506439208984,68837184.0,1.0
7,prune_50,58,7.088473320007324,34418592.0,2.0
7,prune_75,58,7.6381731033325195,17209296.0,4.0
7,prune_99,58,10.551494598388672,68837.18400000007,999.9999999999991
7,quant8,58,7.2468132972717285,17209296.0,4.0
7,celo,59,7.164647102355957,70024032.0,1.0
7,prune_50,59,7.188207626342773,35012016.0,2.0
7,prune_75,59,7.8541998863220215,17506008.0,4.0
7,prune_99,59,10.772123336791992,70024.03200000006,999.9999999999991
7,quant8,59,7.22133731842041,17506008.0,4.0
7,celo,60,8.775949478149414,71210880.0,1.0
7,prune_50,60,8.754499435424805,35605440.0,2.0
7,prune_75,60,8.801674842834473,17802720.0,4.0
7,prune_99,60,10.621448516845703,71210.88000000006,999.9999999999991
7,quant8,60,8.723459243774414,17802720.0,4.0
7,celo,61,7.135102272033691,72397728.0,1.0
7,prune_50,61,7.144083499908447,36198864.0,2.0
7,prune_75,61,7.832612991333008,18099432.0,4.0
7,prune_99,61,10.757329940795898,72397.72800000006,999.9999999999991
7,quant8,61,7.232327461242676,18099432.0,4.0
7,celo,62,7.406635284423828,73584576.0,1.0
7,prune_50,62,7.533444881439209,36792288.0,2.0
7,prune_75,62,8.129682540893555,18396144.0,4.0
7,prune_99,62,10.720500946044922,73584.57600000007,999.9999999999991
7,quant8,62,7.541753768920898,18396144.0,4.0
7,celo,63,7.31318473815918,74771424.0,1.0
7,prune_50,63,7.096734046936035,37385712.0,2.0
7,prune_75,63,7.713418960571289,18692856.0,4.0
7,prune_99,63,10.730892181396484,74771.42400000007,999.9999999999991
7,quant8,63,7.081835746765137,18692856.0,4.0
7,celo,64,8.085386276245117,75958272.0,1.0
7,prune_50,64,8.011507987976074,37979136.0,2.0
7,prune_75,64,8.49162769317627,18989568.0,4.0
7,prune_99,64,10.830373764038086,75958.27200000007,999.9999999999991
7,quant8,64,8.120536804199219,18989568.0,4.0
7,celo,65,7.4554290771484375,77145120.0,1.0
7,prune_50,65,7.576113224029541,38572560.0,2.0
7,prune_75,65,7.731716156005859,19286280.0,4.0
7,prune_99,65,10.645556449890137,77145.12000000007,999.9999999999991
7,quant8,65,7.474426746368408,19286280.0,4.0
7,celo,66,7.570686340332031,78331968.0,1.0
7,prune_50,66,7.661773681640625,39165984.0,2.0
7,prune_75,66,7.954692840576172,19582992.0,4.0
7,prune_99,66,10.622920036315918,78331.96800000007,999.9999999999991
7,quant8,66,7.352511405944824,19582992.0,4.0
7,celo,67,7.45999813079834,79518816.0,1.0
7,prune_50,67,7.442038536071777,39759408.0,2.0
7,prune_75,67,8.275399208068848,19879704.0,4.0
7,prune_99,67,10.757386207580566,79518.81600000008,999.9999999999991
7,quant8,67,7.453044414520264,19879704.0,4.0
7,celo,68,7.662416934967041,80705664.0,1.0
7,prune_50,68,7.751426696777344,40352832.0,2.0
7,prune_75,68,8.327669143676758,20176416.0,4.0
7,prune_99,68,10.547436714172363,80705.66400000008,999.9999999999991
7,quant8,68,7.864519119262695,20176416.0,4.0
7,celo,69,6.817056655883789,81892512.0,1.0
7,prune_50,69,6.749321460723877,40946256.0,2.0
7,prune_75,69,7.289200782775879,20473128.0,4.0
7,prune_99,69,10.999652862548828,81892.51200000008,999.9999999999991
7,quant8,69,6.731503009796143,20473128.0,4.0
7,celo,70,7.7788777351379395,83079360.0,1.0
7,prune_50,70,7.72066068649292,41539680.0,2.0
7,prune_75,70,8.381195068359375,20769840.0,4.0
7,prune_99,70,10.758394241333008,83079.36000000007,999.9999999999991
7,quant8,70,7.557113170623779,20769840.0,4.0
7,celo,71,8.061649322509766,84266208.0,1.0
7,prune_50,71,7.865310192108154,42133104.0,2.0
7,prune_75,71,8.583223342895508,21066552.0,4.0
7,prune_99,71,10.774890899658203,84266.20800000007,999.9999999999991
7,quant8,71,7.8996992111206055,21066552.0,4.0
7,celo,72,7.451708793640137,85453056.0,1.0
7,prune_50,72,7.396037578582764,42726528.0,2.0
7,prune_75,72,7.824939250946045,21363264.0,4.0
7,prune_99,72,10.913202285766602,85453.05600000008,999.9999999999991
7,quant8,72,7.433329105377197,21363264.0,4.0
7,celo,73,7.56008243560791,86639904.0,1.0
7,prune_50,73,7.606683731079102,43319952.0,2.0
7,prune_75,73,8.109272003173828,21659976.0,4.0
7,prune_99,73,10.526859283447266,86639.90400000008,999.9999999999991
7,quant8,73,7.675726413726807,21659976.0,4.0
7,celo,74,6.665953636169434,87826752.0,1.0
7,prune_50,74,6.637294769287109,43913376.0,2.0
7,prune_75,74,6.88636589050293,21956688.0,4.0
7,prune_99,74,11.064677238464355,87826.75200000008,999.9999999999991
7,quant8,74,6.851909637451172,21956688.0,4.0
7,celo,75,7.330524444580078,89013600.0,1.0
7,prune_50,75,7.124666213989258,44506800.0,2.0
7,prune_75,75,7.6310930252075195,22253400.0,4.0
7,prune_99,75,10.800138473510742,89013.60000000008,999.9999999999991
7,quant8,75,7.303227424621582,22253400.0,4.0
7,celo,76,8.376422882080078,90200448.0,1.0
7,prune_50,76,8.50347900390625,45100224.0,2.0
7,prune_75,76,8.856901168823242,22550112.0,4.0
7,prune_99,76,10.698140144348145,90200.44800000008,999.9999999999991
7,quant8,76,8.517681121826172,22550112.0,4.0
7,celo,77,5.610561370849609,91387296.0,1.0
7,prune_50,77,5.66151237487793,45693648.0,2.0
7,prune_75,77,5.833952903747559,22846824.0,4.0
7,prune_99,77,10.533926010131836,91387.29600000009,999.9999999999991
7,quant8,77,5.624513626098633,22846824.0,4.0
7,celo,78,7.182855606079102,92574144.0,1.0
7,prune_50,78,7.108189582824707,46287072.0,2.0
7,prune_75,78,7.314670085906982,23143536.0,4.0
7,prune_99,78,10.78815746307373,92574.14400000009,999.9999999999991
7,quant8,78,7.198843955993652,23143536.0,4.0
7,celo,79,7.343920707702637,93760992.0,1.0
7,prune_50,79,7.4101433753967285,46880496.0,2.0
7,prune_75,79,7.872013568878174,23440248.0,4.0
7,prune_99,79,10.78753662109375,93760.99200000009,999.9999999999991
7,quant8,79,7.148253440856934,23440248.0,4.0
7,celo,80,7.979357719421387,94947840.0,1.0
7,prune_50,80,7.8502373695373535,47473920.0,2.0
7,prune_75,80,8.453805923461914,23736960.0,4.0
7,prune_99,80,10.728436470031738,94947.84000000008,999.9999999999991
7,quant8,80,8.077140808105469,23736960.0,4.0
7,celo,81,8.22788143157959,96134688.0,1.0
7,prune_50,81,8.312158584594727,48067344.0,2.0
7,prune_75,81,9.07486629486084,24033672.0,4.0
7,prune_99,81,10.768467903137207,96134.68800000008,999.9999999999991
7,quant8,81,8.085784912109375,24033672.0,4.0
7,celo,82,8.170464515686035,97321536.0,1.0
7,prune_50,82,8.072699546813965,48660768.0,2.0
7,prune_75,82,8.621061325073242,24330384.0,4.0
7,prune_99,82,10.830196380615234,97321.5360000001,999.9999999999991
7,quant8,82,8.119779586791992,24330384.0,4.0
7,celo,83,7.567471504211426,98508384.0,1.0
7,prune_50,83,7.420300006866455,49254192.0,2.0
7,prune_75,83,7.724794387817383,24627096.0,4.0
7,prune_99,83,10.807363510131836,98508.3840000001,999.9999999999991
7,quant8,83,7.45779275894165,24627096.0,4.0
7,celo,84,7.518751621246338,99695232.0,1.0
7,prune_50,84,7.457859992980957,49847616.0,2.0
7,prune_75,84,7.971469402313232,24923808.0,4.0
7,prune_99,84,10.601428031921387,99695.23200000009,999.9999999999991
7,quant8,84,7.484286308288574,24923808.0,4.0
7,celo,85,7.657426834106445,100882080.0,1.0
7,prune_50,85,7.728194236755371,50441040.0,2.0
7,prune_75,85,8.111742973327637,25220520.0,4.0
7,prune_99,85,10.82953929901123,100882.08000000009,999.9999999999991
7,quant8,85,7.7525458335876465,25220520.0,4.0
7,celo,86,7.5919904708862305,102068928.0,1.0
7,prune_50,86,7.570505142211914,51034464.0,2.0
7,prune_75,86,7.848904132843018,25517232.0,4.0
7,prune_99,86,10.745018005371094,102068.92800000009,999.9999999999991
7,quant8,86,7.504158973693848,25517232.0,4.0
7,celo,87,7.7235260009765625,103255776.0,1.0
7,prune_50,87,7.809386253356934,51627888.0,2.0
7,prune_75,87,8.093222618103027,25813944.0,4.0
7,prune_99,87,10.730786323547363,103255.7760000001,999.9999999999991
7,quant8,87,7.856283664703369,25813944.0,4.0
7,celo,88,7.430861473083496,104442624.0,1.0
7,prune_50,88,7.363301753997803,52221312.0,2.0
7,prune_75,88,7.538259983062744,26110656.0,4.0
7,prune_99,88,10.738006591796875,104442.6240000001,999.9999999999991
7,quant8,88,7.399688720703125,26110656.0,4.0
7,celo,89,7.418237686157227,105629472.0,1.0
7,prune_50,89,7.157631874084473,52814736.0,2.0
7,prune_75,89,7.620596885681152,26407368.0,4.0
7,prune_99,89,10.988036155700684,105629.4720000001,999.9999999999991
7,quant8,89,7.212503433227539,26407368.0,4.0
7,celo,90,7.328060150146484,106816320.0,1.0
7,prune_50,90,7.37117862701416,53408160.0,2.0
7,prune_75,90,7.425065040588379,26704080.0,4.0
7,prune_99,90,10.708708763122559,106816.3200000001,999.9999999999991
7,quant8,90,7.332337379455566,26704080.0,4.0
7,celo,91,8.028142929077148,108003168.0,1.0
7,prune_50,91,8.099100112915039,54001584.0,2.0
7,prune_75,91,8.592021942138672,27000792.0,4.0
7,prune_99,91,10.951576232910156,108003.16800000009,999.9999999999991
7,quant8,91,8.226097106933594,27000792.0,4.0
7,celo,92,7.228759765625,109190016.0,1.0
7,prune_50,92,7.114495754241943,54595008.0,2.0
7,prune_75,92,7.509149551391602,27297504.0,4.0
7,prune_99,92,10.964984893798828,109190.0160000001,999.9999999999991
7,quant8,92,7.085719108581543,27297504.0,4.0
7,celo,93,6.458492755889893,110376864.0,1.0
7,prune_50,93,6.442296981811523,55188432.0,2.0
7,prune_75,93,6.725686550140381,27594216.0,4.0
7,prune_99,93,10.608582496643066,110376.8640000001,999.9999999999991
7,quant8,93,6.623476028442383,27594216.0,4.0
7,celo,94,7.556368827819824,111563712.0,1.0
7,prune_50,94,7.414381980895996,55781856.0,2.0
7,prune_75,94,7.57601261138916,27890928.0,4.0
7,prune_99,94,10.752813339233398,111563.7120000001,999.9999999999991
7,quant8,94,7.360816955566406,27890928.0,4.0
7,celo,95,7.182422637939453,112750560.0,1.0
7,prune_50,95,7.137659072875977,56375280.0,2.0
7,prune_75,95,7.417158126831055,28187640.0,4.0
7,prune_99,95,10.88371467590332,112750.5600000001,999.9999999999991
7,quant8,95,7.204767227172852,28187640.0,4.0
7,celo,96,6.157271385192871,113937408.0,1.0
7,prune_50,96,6.173962116241455,56968704.0,2.0
7,prune_75,96,6.213757038116455,28484352.0,4.0
7,prune_99,96,10.71385383605957,113937.40800000011,999.9999999999991
7,quant8,96,6.121768474578857,28484352.0,4.0
7,celo,97,7.027507305145264,115124256.0,1.0
7,prune_50,97,7.08847713470459,57562128.0,2.0
7,prune_75,97,7.304361820220947,28781064.0,4.0
7,prune_99,97,10.739230155944824,115124.25600000011,999.9999999999991
7,quant8,97,6.95320987701416,28781064.0,4.0
7,celo,98,8.309205055236816,116311104.0,1.0
7,prune_50,98,8.336464881896973,58155552.0,2.0
7,prune_75,98,8.418746948242188,29077776.0,4.0
7,prune_99,98,10.809749603271484,116311.10400000011,999.9999999999991
7,quant8,98,8.203607559204102,29077776.0,4.0
7,celo,99,8.821096420288086,117497952.0,1.0
7,prune_50,99,8.786564826965332,58748976.0,2.0
7,prune_75,99,8.980588912963867,29374488.0,4.0
7,prune_99,99,10.716024398803711,117497.9520000001,999.9999999999991
7,quant8,99,8.811834335327148,29374488.0,4.0
7,celo,100,7.431310176849365,118684800.0,1.0
7,prune_50,100,7.536532402038574,59342400.0,2.0
7,prune_75,100,7.792572975158691,29671200.0,4.0
7,prune_99,100,10.796490669250488,118684.8000000001,999.9999999999991
7,quant8,100,7.394841194152832,29671200.0,4.0
7,celo,101,6.266478538513184,119871648.0,1.0
7,prune_50,101,6.342632293701172,59935824.0,2.0
7,prune_75,101,6.655506134033203,29967912.0,4.0
7,prune_99,101,11.000847816467285,119871.64800000012,999.9999999999991
7,quant8,101,6.206349849700928,29967912.0,4.0
7,celo,102,8.305286407470703,121058496.0,1.0
7,prune_50,102,8.342992782592773,60529248.0,2.0
7,prune_75,102,8.747064590454102,30264624.0,4.0
7,prune_99,102,10.97934627532959,121058.49600000012,999.9999999999991
7,quant8,102,8.326326370239258,30264624.0,4.0
7,celo,103,7.344826698303223,122245344.0,1.0
7,prune_50,103,7.378751754760742,61122672.0,2.0
7,prune_75,103,7.608165264129639,30561336.0,4.0
7,prune_99,103,10.870674133300781,122245.34400000011,999.9999999999991
7,quant8,103,7.209207057952881,30561336.0,4.0
7,celo,104,8.476008415222168,123432192.0,1.0
7,prune_50,104,8.480201721191406,61716096.0,2.0
7,prune_75,104,8.963404655456543,30858048.0,4.0
7,prune_99,104,10.985629081726074,123432.19200000011,999.9999999999991
7,quant8,104,8.524419784545898,30858048.0,4.0
7,celo,105,7.47113037109375,124619040.0,1.0
7,prune_50,105,7.460222244262695,62309520.0,2.0
7,prune_75,105,7.853582382202148,31154760.0,4.0
7,prune_99,105,10.77664852142334,124619.04000000011,999.9999999999991
7,quant8,105,7.403019905090332,31154760.0,4.0
7,celo,106,7.810987949371338,125805888.0,1.0
7,prune_50,106,7.805266380310059,62902944.0,2.0
7,prune_75,106,8.012104034423828,31451472.0,4.0
7,prune_99,106,11.011310577392578,125805.88800000012,999.9999999999991
7,quant8,106,7.861155986785889,31451472.0,4.0
7,celo,107,7.569220542907715,126992736.0,1.0
7,prune_50,107,7.712915420532227,63496368.0,2.0
7,prune_75,107,7.928953170776367,31748184.0,4.0
7,prune_99,107,10.946855545043945,126992.73600000012,999.9999999999991
7,quant8,107,7.519604682922363,31748184.0,4.0
7,celo,108,7.350878715515137,128179584.0,1.0
7,prune_50,108,7.426693916320801,64089792.0,2.0
7,prune_75,108,7.772018909454346,32044896.0,4.0
7,prune_99,108,10.726056098937988,128179.58400000012,999.9999999999991
7,quant8,108,7.490255355834961,32044896.0,4.0
7,celo,109,7.040702819824219,129366432.0,1.0
7,prune_50,109,7.143642902374268,64683216.0,2.0
7,prune_75,109,7.105587005615234,32341608.0,4.0
7,prune_99,109,10.455974578857422,129366.43200000012,999.9999999999991
7,quant8,109,7.127622604370117,32341608.0,4.0
7,celo,110,7.491214752197266,130553280.0,1.0
7,prune_50,110,7.438064098358154,65276640.0,2.0
7,prune_75,110,7.948322772979736,32638320.0,4.0
7,prune_99,110,10.814784049987793,130553.28000000012,999.9999999999991
7,quant8,110,7.4238996505737305,32638320.0,4.0
7,celo,111,7.425593376159668,131740128.0,1.0
7,prune_50,111,7.391633987426758,65870064.0,2.0
7,prune_75,111,7.5579915046691895,32935032.0,4.0
7,prune_99,111,10.748247146606445,131740.1280000001,999.9999999999991
7,quant8,111,7.367804527282715,32935032.0,4.0
7,celo,112,7.971863746643066,132926976.0,1.0
7,prune_50,112,7.965170860290527,66463488.0,2.0
7,prune_75,112,8.239311218261719,33231744.0,4.0
7,prune_99,112,10.720357894897461,132926.9760000001,999.9999999999991
7,quant8,112,7.997209072113037,33231744.0,4.0
7,celo,113,8.557727813720703,134113824.0,1.0
7,prune_50,113,8.523714065551758,67056912.0,2.0
7,prune_75,113,8.586311340332031,33528456.0,4.0
7,prune_99,113,10.633005142211914,134113.8240000001,999.9999999999991
7,quant8,113,8.549273490905762,33528456.0,4.0
7,celo,114,6.794008255004883,135300672.0,1.0
7,prune_50,114,6.837130546569824,67650336.0,2.0
7,prune_75,114,7.2296905517578125,33825168.0,4.0
7,prune_99,114,10.825994491577148,135300.67200000014,999.9999999999991
7,quant8,114,6.87790584564209,33825168.0,4.0
7,celo,115,6.85480260848999,136487520.0,1.0
7,prune_50,115,7.00967264175415,68243760.0,2.0
7,prune_75,115,7.251803874969482,34121880.0,4.0
7,prune_99,115,10.79568862915039,136487.52000000014,999.9999999999991
7,quant8,115,6.9575347900390625,34121880.0,4.0
7,celo,116,7.292689323425293,137674368.0,1.0
7,prune_50,116,7.091607093811035,68837184.0,2.0
7,prune_75,116,7.2147979736328125,34418592.0,4.0
7,prune_99,116,10.652417182922363,137674.36800000013,999.9999999999991
7,quant8,116,7.122101306915283,34418592.0,4.0
7,celo,117,8.02991008758545,138861216.0,1.0
7,prune_50,117,8.123003959655762,69430608.0,2.0
7,prune_75,117,8.437446594238281,34715304.0,4.0
7,prune_99,117,10.852136611938477,138861.21600000013,999.9999999999991
7,quant8,117,8.098333358764648,34715304.0,4.0
7,celo,118,6.5535197257995605,140048064.0,1.0
7,prune_50,118,6.712316513061523,70024032.0,2.0
7,prune_75,118,6.673555374145508,35012016.0,4.0
7,prune_99,118,10.781232833862305,140048.06400000013,999.9999999999991
7,quant8,118,6.707736015319824,35012016.0,4.0
7,celo,119,6.873636245727539,141234912.0,1.0
7,prune_50,119,6.962408065795898,70617456.0,2.0
7,prune_75,119,7.098176956176758,35308728.0,4.0
7,prune_99,119,10.666168212890625,141234.91200000013,999.9999999999991
7,quant8,119,7.050539493560791,35308728.0,4.0
7,celo,120,6.1745123863220215,142421760.0,1.0
7,prune_50,120,6.0937395095825195,71210880.0,2.0
7,prune_75,120,6.2373199462890625,35605440.0,4.0
7,prune_99,120,10.716858863830566,142421.76000000013,999.9999999999991
7,quant8,120,6.141192436218262,35605440.0,4.0
7,celo,121,7.44154167175293,143608608.0,1.0
7,prune_50,121,7.5550384521484375,71804304.0,2.0
7,prune_75,121,7.869471549987793,35902152.0,4.0
7,prune_99,121,10.660603523254395,143608.60800000012,999.9999999999991
7,quant8,121,7.674162864685059,35902152.0,4.0
7,celo,122,7.249185085296631,144795456.0,1.0
7,prune_50,122,7.284865856170654,72397728.0,2.0
7,prune_75,122,7.48051643371582,36198864.0,4.0
7,prune_99,122,10.877297401428223,144795.45600000012,999.9999999999991
7,quant8,122,7.274921417236328,36198864.0,4.0
7,celo,123,7.475106239318848,145982304.0,1.0
7,prune_50,123,7.584710121154785,72991152.0,2.0
7,prune_75,123,7.713964939117432,36495576.0,4.0
7,prune_99,123,10.819244384765625,145982.30400000012,999.9999999999991
7,quant8,123,7.454793930053711,36495576.0,4.0
7,celo,124,6.570184230804443,147169152.0,1.0
7,prune_50,124,6.676674842834473,73584576.0,2.0
7,prune_75,124,6.913293838500977,36792288.0,4.0
7,prune_99,124,10.652677536010742,147169.15200000015,999.9999999999991
7,quant8,124,6.569400787353516,36792288.0,4.0
7,celo,125,6.817923545837402,148356000.0,1.0
7,prune_50,125,6.95621919631958,74178000.0,2.0
7,prune_75,125,7.198348045349121,37089000.0,4.0
7,prune_99,125,10.590143203735352,148356.00000000015,999.9999999999991
7,quant8,125,6.860500812530518,37089000.0,4.0
7,celo,126,6.377696990966797,149542848.0,1.0
7,prune_50,126,6.3509521484375,74771424.0,2.0
7,prune_75,126,6.091713905334473,37385712.0,4.0
7,prune_99,126,10.731281280517578,149542.84800000014,999.9999999999991
7,quant8,126,6.297517776489258,37385712.0,4.0
7,celo,127,7.293193817138672,150729696.0,1.0
7,prune_50,127,7.445553302764893,75364848.0,2.0
7,prune_75,127,7.572116851806641,37682424.0,4.0
7,prune_99,127,10.869529724121094,150729.69600000014,999.9999999999991
7,quant8,127,7.372562408447266,37682424.0,4.0
7,celo,128,7.343085765838623,151916544.0,1.0
7,prune_50,128,7.396115303039551,75958272.0,2.0
7,prune_75,128,7.681192398071289,37979136.0,4.0
7,prune_99,128,10.939984321594238,151916.54400000014,999.9999999999991
7,quant8,128,7.425819396972656,37979136.0,4.0
7,celo,129,7.119178771972656,153103392.0,1.0
7,prune_50,129,7.13035774230957,76551696.0,2.0
7,prune_75,129,7.323919296264648,38275848.0,4.0
7,prune_99,129,10.903363227844238,153103.39200000014,999.9999999999991
7,quant8,129,7.171586990356445,38275848.0,4.0
7,celo,130,6.352569103240967,154290240.0,1.0
7,prune_50,130,6.391746997833252,77145120.0,2.0
7,prune_75,130,6.907778739929199,38572560.0,4.0
7,prune_99,130,10.756492614746094,154290.24000000014,999.9999999999991
7,quant8,130,6.49143123626709,38572560.0,4.0
7,celo,131,6.767559051513672,155477088.0,1.0
7,prune_50,131,6.691572189331055,77738544.0,2.0
7,prune_75,131,6.785653114318848,38869272.0,4.0
7,prune_99,131,10.598406791687012,155477.08800000013,999.9999999999991
7,quant8,131,6.835243225097656,38869272.0,4.0
7,celo,132,7.2607035636901855,156663936.0,1.0
7,prune_50,132,7.100933074951172,78331968.0,2.0
7,prune_75,132,7.155570030212402,39165984.0,4.0
7,prune_99,132,10.751360893249512,156663.93600000013,999.9999999999991
7,quant8,132,7.047776699066162,39165984.0,4.0
7,celo,133,7.401226043701172,157850784.0,1.0
7,prune_50,133,7.362815856933594,78925392.0,2.0
7,prune_75,133,7.627193450927734,39462696.0,4.0
7,prune_99,133,10.79476547241211,157850.78400000016,999.9999999999991
7,quant8,133,7.472745895385742,39462696.0,4.0
7,celo,134,6.512742519378662,159037632.0,1.0
7,prune_50,134,6.454614639282227,79518816.0,2.0
7,prune_75,134,6.73586893081665,39759408.0,4.0
7,prune_99,134,10.789313316345215,159037.63200000016,999.9999999999991
7,quant8,134,6.386675834655762,39759408.0,4.0
7,celo,135,8.808721542358398,160224480.0,1.0
7,prune_50,135,8.763761520385742,80112240.0,2.0
7,prune_75,135,8.84707260131836,40056120.0,4.0
7,prune_99,135,10.652775764465332,160224.48000000016,999.9999999999991
7,quant8,135,8.664925575256348,40056120.0,4.0
7,celo,136,6.371872901916504,161411328.0,1.0
7,prune_50,136,6.326633453369141,80705664.0,2.0
7,prune_75,136,6.643594741821289,40352832.0,4.0
7,prune_99,136,10.659984588623047,161411.32800000015,999.9999999999991
7,quant8,136,6.295984268188477,40352832.0,4.0
7,celo,137,7.746312141418457,162598176.0,1.0
7,prune_50,137,7.662422180175781,81299088.0,2.0
7,prune_75,137,7.675583839416504,40649544.0,4.0
7,prune_99,137,10.797877311706543,162598.17600000015,999.9999999999991
7,quant8,137,7.5088653564453125,40649544.0,4.0
7,celo,138,7.65072774887085,163785024.0,1.0
7,prune_50,138,7.674055576324463,81892512.0,2.0
7,prune_75,138,8.067183494567871,40946256.0,4.0
7,prune_99,138,10.6556396484375,163785.02400000015,999.9999999999991
7,quant8,138,7.610713005065918,40946256.0,4.0
7,celo,139,7.188597202301025,164971872.0,1.0
7,prune_50,139,7.218582630157471,82485936.0,2.0
7,prune_75,139,7.562535285949707,41242968.0,4.0
7,prune_99,139,10.555882453918457,164971.87200000015,999.9999999999991
7,quant8,139,7.263006687164307,41242968.0,4.0
7,celo,140,6.927872657775879,166158720.0,1.0
7,prune_50,140,6.9489569664001465,83079360.0,2.0
7,prune_75,140,7.018725395202637,41539680.0,4.0
7,prune_99,140,10.880716323852539,166158.72000000015,999.9999999999991
7,quant8,140,6.875142574310303,41539680.0,4.0
7,celo,141,6.693081378936768,167345568.0,1.0
7,prune_50,141,6.606328964233398,83672784.0,2.0
7,prune_75,141,6.88788366317749,41836392.0,4.0
7,prune_99,141,10.85574722290039,167345.56800000014,999.9999999999991
7,quant8,141,6.777613639831543,41836392.0,4.0
7,celo,142,7.506213188171387,168532416.0,1.0
7,prune_50,142,7.365164756774902,84266208.0,2.0
7,prune_75,142,7.668273448944092,42133104.0,4.0
7,prune_99,142,10.534910202026367,168532.41600000014,999.9999999999991
7,quant8,142,7.592617988586426,42133104.0,4.0
7,celo,143,6.7154693603515625,169719264.0,1.0
7,prune_50,143,6.830372333526611,84859632.0,2.0
7,prune_75,143,6.960433006286621,42429816.0,4.0
7,prune_99,143,10.71359634399414,169719.26400000017,999.9999999999991
7,quant8,143,6.687409400939941,42429816.0,4.0
7,celo,144,6.348341941833496,170906112.0,1.0
7,prune_50,144,6.410238742828369,85453056.0,2.0
7,prune_75,144,6.97799015045166,42726528.0,4.0
7,prune_99,144,10.809181213378906,170906.11200000017,999.9999999999991
7,quant8,144,6.319174289703369,42726528.0,4.0
7,celo,145,7.233010292053223,172092960.0,1.0
7,prune_50,145,7.294240474700928,86046480.0,2.0
7,prune_75,145,7.230110168457031,43023240.0,4.0
7,prune_99,145,10.760665893554688,172092.96000000017,999.9999999999991
7,quant8,145,7.262046813964844,43023240.0,4.0
7,celo,146,8.207499504089355,173279808.0,1.0
7,prune_50,146,8.16110610961914,86639904.0,2.0
7,prune_75,146,8.297895431518555,43319952.0,4.0
7,prune_99,146,11.044721603393555,173279.80800000016,999.9999999999991
7,quant8,146,8.084651947021484,43319952.0,4.0
7,celo,147,6.318814277648926,174466656.0,1.0
7,prune_50,147,6.28491735458374,87233328.0,2.0
7,prune_75,147,6.713975429534912,43616664.0,4.0
7,prune_99,147,10.856707572937012,174466.65600000016,999.9999999999991
7,quant8,147,6.292426586151123,43616664.0,4.0
7,celo,148,6.015187740325928,175653504.0,1.0
7,prune_50,148,5.970554828643799,87826752.0,2.0
7,prune_75,148,6.267547607421875,43913376.0,4.0
7,prune_99,148,10.707035064697266,175653.50400000016,999.9999999999991
7,quant8,148,5.942374229431152,43913376.0,4.0
7,celo,149,6.62713098526001,176840352.0,1.0
7,prune_50,149,6.545487403869629,88420176.0,2.0
7,prune_75,149,6.672337055206299,44210088.0,4.0
7,prune_99,149,10.851184844970703,176840.35200000016,999.9999999999991
7,quant8,149,6.4892072677612305,44210088.0,4.0
7,celo,150,7.70291805267334,178027200.0,1.0
7,prune_50,150,7.754796504974365,89013600.0,2.0
7,prune_75,150,8.11723518371582,44506800.0,4.0
7,prune_99,150,10.835026741027832,178027.20000000016,999.9999999999991
7,quant8,150,7.6694135665893555,44506800.0,4.0
7,celo,151,7.419740676879883,179214048.0,1.0
7,prune_50,151,7.50313663482666,89607024.0,2.0
7,prune_75,151,7.995965957641602,44803512.0,4.0
7,prune_99,151,10.94697380065918,179214.04800000016,999.9999999999991
7,quant8,151,7.502547740936279,44803512.0,4.0
7,celo,152,6.878510475158691,180400896.0,1.0
7,prune_50,152,6.700767517089844,90200448.0,2.0
7,prune_75,152,6.830318450927734,45100224.0,4.0
7,prune_99,152,10.842262268066406,180400.89600000015,999.9999999999991
7,quant8,152,6.7791666984558105,45100224.0,4.0
7,celo,153,7.763481616973877,181587744.0,1.0
7,prune_50,153,7.685362815856934,90793872.0,2.0
7,prune_75,153,7.967281341552734,45396936.0,4.0
7,prune_99,153,10.588789939880371,181587.74400000018,999.9999999999991
7,quant8,153,7.7502522468566895,45396936.0,4.0
7,celo,154,7.363212585449219,182774592.0,1.0
7,prune_50,154,7.206923007965088,91387296.0,2.0
7,prune_75,154,7.562847137451172,45693648.0,4.0
7,prune_99,154,10.804807662963867,182774.59200000018,999.9999999999991
7,quant8,154,7.312290191650391,45693648.0,4.0
7,celo,155,7.5173845291137695,183961440.0,1.0
7,prune_50,155,7.536354064941406,91980720.0,2.0
7,prune_75,155,7.3550214767456055,45990360.0,4.0
7,prune_99,155,10.739341735839844,183961.44000000018,999.9999999999991
7,quant8,155,7.353588104248047,45990360.0,4.0
7,celo,156,7.6794843673706055,185148288.0,1.0
7,prune_50,156,7.792731285095215,92574144.0,2.0
7,prune_75,156,7.862298488616943,46287072.0,4.0
7,prune_99,156,10.637292861938477,185148.28800000018,999.9999999999991
7,quant8,156,7.961240768432617,46287072.0,4.0
7,celo,157,6.567030906677246,186335136.0,1.0
7,prune_50,157,6.452929973602295,93167568.0,2.0
7,prune_75,157,6.775753021240234,46583784.0,4.0
7,prune_99,157,10.634073257446289,186335.13600000017,999.9999999999991
7,quant8,157,6.513057708740234,46583784.0,4.0
7,celo,158,6.4055023193359375,187521984.0,1.0
7,prune_50,158,6.1823344230651855,93760992.0,2.0
7,prune_75,158,6.28815221786499,46880496.0,4.0
7,prune_99,158,10.715423583984375,187521.98400000017,999.9999999999991
7,quant8,158,6.231515884399414,46880496.0,4.0
7,celo,159,6.488439559936523,188708832.0,1.0
7,prune_50,159,6.548935890197754,94354416.0,2.0
7,prune_75,159,6.7750701904296875,47177208.0,4.0
7,prune_99,159,10.59007453918457,188708.83200000017,999.9999999999991
7,quant8,159,6.5875749588012695,47177208.0,4.0
7,celo,160,6.7593889236450195,189895680.0,1.0
7,prune_50,160,6.700924873352051,94947840.0,2.0
7,prune_75,160,6.6818037033081055,47473920.0,4.0
7,prune_99,160,10.445249557495117,189895.68000000017,999.9999999999991
7,quant8,160,6.736719131469727,47473920.0,4.0
7,celo,161,7.104253768920898,191082528.0,1.0
7,prune_50,161,7.160801887512207,95541264.0,2.0
7,prune_75,161,7.295170783996582,47770632.0,4.0
7,prune_99,161,10.79757022857666,191082.52800000017,999.9999999999991
7,quant8,161,6.988267421722412,47770632.0,4.0
7,celo,162,7.984661102294922,192269376.0,1.0
7,prune_50,162,8.063614845275879,96134688.0,2.0
7,prune_75,162,7.9524641036987305,48067344.0,4.0
7,prune_99,162,10.677769660949707,192269.37600000016,999.9999999999991
7,quant8,162,8.142207145690918,48067344.0,4.0
7,celo,163,7.362902641296387,193456224.0,1.0
7,prune_50,163,7.476463317871094,96728112.0,2.0
7,prune_75,163,7.503280162811279,48364056.0,4.0
7,prune_99,163,10.460939407348633,193456.2240000002,999.9999999999991
7,quant8,163,7.426985740661621,48364056.0,4.0
7,celo,164,6.693053245544434,194643072.0,1.0
7,prune_50,164,6.78465461730957,97321536.0,2.0
7,prune_75,164,7.130997657775879,48660768.0,4.0
7,prune_99,164,10.565923690795898,194643.0720000002,999.9999999999991
7,quant8,164,6.788240909576416,48660768.0,4.0
7,celo,165,6.769908905029297,195829920.0,1.0
7,prune_50,165,6.920792579650879,97914960.0,2.0
7,prune_75,165,6.876274108886719,48957480.0,4.0
7,prune_99,165,10.784709930419922,195829.9200000002,999.9999999999991
7,quant8,165,6.879586219787598,48957480.0,4.0
7,celo,166,6.881407737731934,197016768.0,1.0
7,prune_50,166,6.904007911682129,98508384.0,2.0
7,prune_75,166,7.079026222229004,49254192.0,4.0
7,prune_99,166,10.733071327209473,197016.7680000002,999.9999999999991
7,quant8,166,6.877951622009277,49254192.0,4.0
7,celo,167,7.576026916503906,198203616.0,1.0
7,prune_50,167,7.445769309997559,99101808.0,2.0
7,prune_75,167,7.499114990234375,49550904.0,4.0
7,prune_99,167,10.684786796569824,198203.61600000018,999.9999999999991
7,quant8,167,7.416816711425781,49550904.0,4.0
7,celo,168,7.178894519805908,199390464.0,1.0
7,prune_50,168,7.0044426918029785,99695232.0,2.0
7,prune_75,168,7.2957258224487305,49847616.0,4.0
7,prune_99,168,10.795869827270508,199390.46400000018,999.9999999999991
7,quant8,168,7.0789265632629395,49847616.0,4.0
7,celo,169,8.29574203491211,200577312.0,1.0
7,prune_50,169,8.425762176513672,100288656.0,2.0
7,prune_75,169,8.606563568115234,50144328.0,4.0
7,prune_99,169,10.846628189086914,200577.31200000018,999.9999999999991
7,quant8,169,8.357210159301758,50144328.0,4.0
7,celo,170,5.926314353942871,201764160.0,1.0
7,prune_50,170,6.052086353302002,100882080.0,2.0
7,prune_75,170,6.115426063537598,50441040.0,4.0
7,prune_99,170,10.555008888244629,201764.16000000018,999.9999999999991
7,quant8,170,6.089878559112549,50441040.0,4.0
7,celo,171,7.713715553283691,202951008.0,1.0
7,prune_50,171,7.744653224945068,101475504.0,2.0
7,prune_75,171,7.527775764465332,50737752.0,4.0
7,prune_99,171,10.448827743530273,202951.00800000018,999.9999999999991
7,quant8,171,7.776503562927246,50737752.0,4.0
7,celo,172,7.258181571960449,204137856.0,1.0
7,prune_50,172,7.196428298950195,102068928.0,2.0
7,prune_75,172,7.321836471557617,51034464.0,4.0
7,prune_99,172,10.656322479248047,204137.85600000017,999.9999999999991
7,quant8,172,7.22650671005249,51034464.0,4.0
7,celo,173,6.968983173370361,205324704.0,1.0
7,prune_50,173,6.991636276245117,102662352.0,2.0
7,prune_75,173,7.133461952209473,51331176.0,4.0
7,prune_99,173,10.711091995239258,205324.7040000002,999.9999999999991
7,quant8,173,6.990029335021973,51331176.0,4.0
7,celo,174,7.50583028793335,206511552.0,1.0
7,prune_50,174,7.334855079650879,103255776.0,2.0
7,prune_75,174,7.602860927581787,51627888.0,4.0
7,prune_99,174,10.817668914794922,206511.5520000002,999.9999999999991
7,quant8,174,7.342942237854004,51627888.0,4.0
7,celo,175,7.2479143142700195,207698400.0,1.0
7,prune_50,175,7.122345924377441,103849200.0,2.0
7,prune_75,175,7.26602029800415,51924600.0,4.0
7,prune_99,175,10.65748119354248,207698.4000000002,999.9999999999991
7,quant8,175,7.151482582092285,51924600.0,4.0
7,celo,176,6.335747718811035,208885248.0,1.0
7,prune_50,176,6.425939083099365,104442624.0,2.0
7,prune_75,176,6.667370796203613,52221312.0,4.0
7,prune_99,176,11.041508674621582,208885.2480000002,999.9999999999991
7,quant8,176,6.261504173278809,52221312.0,4.0
7,celo,177,8.14980697631836,210072096.0,1.0
7,prune_50,177,8.093954086303711,105036048.0,2.0
7,prune_75,177,8.224554061889648,52518024.0,4.0
7,prune_99,177,10.794046401977539,210072.0960000002,999.9999999999991
7,quant8,177,8.076742172241211,52518024.0,4.0
7,celo,178,6.952179908752441,211258944.0,1.0
7,prune_50,178,6.875716686248779,105629472.0,2.0
7,prune_75,178,7.265848159790039,52814736.0,4.0
7,prune_99,178,10.816183090209961,211258.9440000002,999.9999999999991
7,quant8,178,7.127647399902344,52814736.0,4.0
7,celo,179,6.341146945953369,212445792.0,1.0
7,prune_50,179,6.223123550415039,106222896.0,2.0
7,prune_75,179,6.096227169036865,53111448.0,4.0
7,prune_99,179,10.715215682983398,212445.7920000002,999.9999999999991
7,quant8,179,6.362540245056152,53111448.0,4.0
7,celo,180,7.3982038497924805,213632640.0,1.0
7,prune_50,180,7.289045333862305,106816320.0,2.0
7,prune_75,180,7.363382339477539,53408160.0,4.0
7,prune_99,180,10.523070335388184,213632.6400000002,999.9999999999991
7,quant8,180,7.454225540161133,53408160.0,4.0
7,celo,181,5.951495170593262,214819488.0,1.0
7,prune_50,181,5.93562126159668,107409744.0,2.0
7,prune_75,181,5.936384201049805,53704872.0,4.0
7,prune_99,181,10.72921085357666,214819.4880000002,999.9999999999991
7,quant8,181,5.963521957397461,53704872.0,4.0
7,celo,182,6.916812896728516,216006336.0,1.0
7,prune_50,182,6.969332695007324,108003168.0,2.0
7,prune_75,182,7.263985633850098,54001584.0,4.0
7,prune_99,182,11.027448654174805,216006.33600000018,999.9999999999991
7,quant8,182,6.97035026550293,54001584.0,4.0
7,celo,183,7.0311665534973145,217193184.0,1.0
7,prune_50,183,7.013091564178467,108596592.0,2.0
7,prune_75,183,6.917424201965332,54298296.0,4.0
7,prune_99,183,10.876421928405762,217193.1840000002,999.9999999999991
7,quant8,183,6.970264911651611,54298296.0,4.0
7,celo,184,7.06743860244751,218380032.0,1.0
7,prune_50,184,7.115345001220703,109190016.0,2.0
7,prune_75,184,7.271824836730957,54595008.0,4.0
7,prune_99,184,10.464576721191406,218380.0320000002,999.9999999999991
7,quant8,184,7.04959774017334,54595008.0,4.0
7,celo,185,6.918942451477051,219566880.0,1.0
7,prune_50,185,7.029504776000977,109783440.0,2.0
7,prune_75,185,6.9935150146484375,54891720.0,4.0
7,prune_99,185,11.04830551147461,219566.8800000002,999.9999999999991
7,quant8,185,6.890368461608887,54891720.0,4.0
7,celo,186,7.742131233215332,220753728.0,1.0
7,prune_50,186,7.706817626953125,110376864.0,2.0
7,prune_75,186,7.832945823669434,55188432.0,4.0
7,prune_99,186,10.826766967773438,220753.7280000002,999.9999999999991
7,quant8,186,7.82769775390625,55188432.0,4.0
7,celo,187,6.152703285217285,221940576.0,1.0
7,prune_50,187,6.125514984130859,110970288.0,2.0
7,prune_75,187,6.230751037597656,55485144.0,4.0
7,prune_99,187,10.982850074768066,221940.5760000002,999.9999999999991
7,quant8,187,6.129806041717529,55485144.0,4.0
7,celo,188,6.347256660461426,223127424.0,1.0
7,prune_50,188,6.3215765953063965,111563712.0,2.0
7,prune_75,188,6.448496341705322,55781856.0,4.0
7,prune_99,188,10.641127586364746,223127.4240000002,999.9999999999991
7,quant8,188,6.33742618560791,55781856.0,4.0
7,celo,189,7.129485607147217,224314272.0,1.0
7,prune_50,189,7.014056205749512,112157136.0,2.0
7,prune_75,189,6.952940940856934,56078568.0,4.0
7,prune_99,189,10.675064086914062,224314.2720000002,999.9999999999991
7,quant8,189,7.230842590332031,56078568.0,4.0
7,celo,190,6.908260345458984,225501120.0,1.0
7,prune_50,190,6.800833702087402,112750560.0,2.0
7,prune_75,190,7.119307994842529,56375280.0,4.0
7,prune_99,190,10.764188766479492,225501.1200000002,999.9999999999991
7,quant8,190,6.816795825958252,56375280.0,4.0
7,celo,191,7.216145038604736,226687968.0,1.0
7,prune_50,191,7.2382588386535645,113343984.0,2.0
7,prune_75,191,7.2844624519348145,56671992.0,4.0
7,prune_99,191,11.00776481628418,226687.9680000002,999.9999999999991
7,quant8,191,7.19828987121582,56671992.0,4.0
7,celo,192,6.20231819152832,227874816.0,1.0
7,prune_50,192,6.296975612640381,113937408.0,2.0
7,prune_75,192,6.251450538635254,56968704.0,4.0
7,prune_99,192,10.59024429321289,227874.81600000022,999.9999999999991
7,quant8,192,6.211940765380859,56968704.0,4.0
7,celo,193,6.251402854919434,229061664.0,1.0
7,prune_50,193,6.189243793487549,114530832.0,2.0
7,prune_75,193,6.329964637756348,57265416.0,4.0
7,prune_99,193,10.665765762329102,229061.66400000022,999.9999999999991
7,quant8,193,6.101473808288574,57265416.0,4.0
7,celo,194,6.733642578125,230248512.0,1.0
7,prune_50,194,6.845135688781738,115124256.0,2.0
7,prune_75,194,7.065873146057129,57562128.0,4.0
7,prune_99,194,10.872077941894531,230248.51200000022,999.9999999999991
7,quant8,194,6.83823299407959,57562128.0,4.0
7,celo,195,5.9325480461120605,231435360.0,1.0
7,prune_50,195,5.80178689956665,115717680.0,2.0
7,prune_75,195,5.9636549949646,57858840.0,4.0
7,prune_99,195,10.607589721679688,231435.36000000022,999.9999999999991
7,quant8,195,5.890183448791504,57858840.0,4.0
7,celo,196,7.84716272354126,232622208.0,1.0
7,prune_50,196,8.07414436340332,116311104.0,2.0
7,prune_75,196,7.721895694732666,58155552.0,4.0
7,prune_99,196,10.59906005859375,232622.20800000022,999.9999999999991
7,quant8,196,7.988029479980469,58155552.0,4.0
7,celo,197,7.133008003234863,233809056.0,1.0
7,prune_50,197,7.14542818069458,116904528.0,2.0
7,prune_75,197,7.408583641052246,58452264.0,4.0
7,prune_99,197,10.87562370300293,233809.05600000022,999.9999999999991
7,quant8,197,7.127194404602051,58452264.0,4.0
7,celo,198,7.063638210296631,234995904.0,1.0
7,prune_50,198,7.166625022888184,117497952.0,2.0
7,prune_75,198,6.981937885284424,58748976.0,4.0
7,prune_99,198,10.625428199768066,234995.9040000002,999.9999999999991
7,quant8,198,7.047480583190918,58748976.0,4.0
7,celo,199,7.553121089935303,236182752.0,1.0
7,prune_50,199,7.420276641845703,118091376.0,2.0
7,prune_75,199,7.7371063232421875,59045688.0,4.0
7,prune_99,199,10.634476661682129,236182.7520000002,999.9999999999991
7,quant8,199,7.439944744110107,59045688.0,4.0
7,celo,200,6.6298112869262695,237369600.0,1.0
7,prune_50,200,6.779214859008789,118684800.0,2.0
7,prune_75,200,6.7092390060424805,59342400.0,4.0
7,prune_99,200,10.768219947814941,237369.6000000002,999.9999999999991
7,quant8,200,6.753333568572998,59342400.0,4.0
7,celo,201,7.28150749206543,238556448.0,1.0
7,prune_50,201,7.2003889083862305,119278224.0,2.0
7,prune_75,201,7.2891082763671875,59639112.0,4.0
7,prune_99,201,10.714513778686523,238556.4480000002,999.9999999999991
7,quant8,201,7.1603474617004395,59639112.0,4.0
7,celo,202,7.891361236572266,239743296.0,1.0
7,prune_50,202,7.66821813583374,119871648.0,2.0
7,prune_75,202,7.506170272827148,59935824.0,4.0
7,prune_99,202,10.796561241149902,239743.29600000023,999.9999999999991
7,quant8,202,7.78421688079834,59935824.0,4.0
7,celo,203,8.19716739654541,240930144.0,1.0
7,prune_50,203,8.209996223449707,120465072.0,2.0
7,prune_75,203,8.22247314453125,60232536.0,4.0
7,prune_99,203,10.603591918945312,240930.14400000023,999.9999999999991
7,quant8,203,8.242302894592285,60232536.0,4.0
7,celo,204,8.763307571411133,242116992.0,1.0
7,prune_50,204,8.736947059631348,121058496.0,2.0
7,prune_75,204,8.869894027709961,60529248.0,4.0
7,prune_99,204,10.891501426696777,242116.99200000023,999.9999999999991
7,quant8,204,8.894618034362793,60529248.0,4.0
7,celo,205,7.190800666809082,243303840.0,1.0
7,prune_50,205,7.2389326095581055,121651920.0,2.0
7,prune_75,205,7.431755065917969,60825960.0,4.0
7,prune_99,205,10.631111145019531,243303.84000000023,999.9999999999991
7,quant8,205,7.235743045806885,60825960.0,4.0
7,celo,206,7.17086935043335,244490688.0,1.0
7,prune_50,206,7.106356620788574,122245344.0,2.0
7,prune_75,206,7.05754280090332,61122672.0,4.0
7,prune_99,206,10.733211517333984,244490.68800000023,999.9999999999991
7,quant8,206,7.282607555389404,61122672.0,4.0
7,celo,207,7.565820217132568,245677536.0,1.0
7,prune_50,207,7.6610236167907715,122838768.0,2.0
7,prune_75,207,7.599496841430664,61419384.0,4.0
7,prune_99,207,10.810945510864258,245677.53600000023,999.9999999999991
7,quant8,207,7.696429252624512,61419384.0,4.0
7,celo,208,7.258446216583252,246864384.0,1.0
7,prune_50,208,7.489201545715332,123432192.0,2.0
7,prune_75,208,7.357997894287109,61716096.0,4.0
7,prune_99,208,10.513924598693848,246864.38400000022,999.9999999999991
7,quant8,208,7.406524658203125,61716096.0,4.0
7,celo,209,5.308340072631836,248051232.0,1.0
7,prune_50,209,5.29201078414917,124025616.0,2.0
7,prune_75,209,5.359274864196777,62012808.0,4.0
7,prune_99,209,10.809350967407227,248051.23200000022,999.9999999999991
7,quant8,209,5.362858295440674,62012808.0,4.0
7,celo,210,7.600526809692383,249238080.0,1.0
7,prune_50,210,7.699047088623047,124619040.0,2.0
7,prune_75,210,7.801791191101074,62309520.0,4.0
7,prune_99,210,10.782694816589355,249238.08000000022,999.9999999999991
7,quant8,210,7.666556358337402,62309520.0,4.0
7,celo,211,6.635595798492432,250424928.0,1.0
7,prune_50,211,6.6340508460998535,125212464.0,2.0
7,prune_75,211,6.803372383117676,62606232.0,4.0
7,prune_99,211,10.805656433105469,250424.92800000022,999.9999999999991
7,quant8,211,6.802839279174805,62606232.0,4.0
7,celo,212,6.945572376251221,251611776.0,1.0
7,prune_50,212,7.011786937713623,125805888.0,2.0
7,prune_75,212,7.021702766418457,62902944.0,4.0
7,prune_99,212,10.860883712768555,251611.77600000025,999.9999999999991
7,quant8,212,7.065092086791992,62902944.0,4.0
7,celo,213,7.570996284484863,252798624.0,1.0
7,prune_50,213,7.497541427612305,126399312.0,2.0
7,prune_75,213,7.640448093414307,63199656.0,4.0
7,prune_99,213,10.788572311401367,252798.62400000024,999.9999999999991
7,quant8,213,7.577550411224365,63199656.0,4.0
7,celo,214,7.05521297454834,253985472.0,1.0
7,prune_50,214,7.208823204040527,126992736.0,2.0
7,prune_75,214,7.182246208190918,63496368.0,4.0
7,prune_99,214,10.917057037353516,253985.47200000024,999.9999999999991
7,quant8,214,7.219632148742676,63496368.0,4.0
7,celo,215,7.61774206161499,255172320.0,1.0
7,prune_50,215,7.570000648498535,127586160.0,2.0
7,prune_75,215,7.545746326446533,63793080.0,4.0
7,prune_99,215,10.380613327026367,255172.32000000024,999.9999999999991
7,quant8,215,7.570186614990234,63793080.0,4.0
7,celo,216,7.6131510734558105,256359168.0,1.0
7,prune_50,216,7.659909248352051,128179584.0,2.0
7,prune_75,216,8.089088439941406,64089792.0,4.0
7,prune_99,216,10.81686019897461,256359.16800000024,999.9999999999991
7,quant8,216,7.531164646148682,64089792.0,4.0
7,celo,217,6.786121368408203,257546016.0,1.0
7,prune_50,217,6.781421661376953,128773008.0,2.0
7,prune_75,217,6.7826151847839355,64386504.0,4.0
7,prune_99,217,10.591886520385742,257546.01600000024,999.9999999999991
7,quant8,217,6.777982234954834,64386504.0,4.0
7,celo,218,7.6793413162231445,258732864.0,1.0
7,prune_50,218,7.594297409057617,129366432.0,2.0
7,prune_75,218,7.727425575256348,64683216.0,4.0
7,prune_99,218,10.708484649658203,258732.86400000023,999.9999999999991
7,quant8,218,7.60946798324585,64683216.0,4.0
7,celo,219,8.84521770477295,259919712.0,1.0
7,prune_50,219,8.825057983398438,129959856.0,2.0
7,prune_75,219,9.04362964630127,64979928.0,4.0
7,prune_99,219,10.526704788208008,259919.71200000023,999.9999999999991
7,quant8,219,8.834484100341797,64979928.0,4.0
7,celo,220,7.307798385620117,261106560.0,1.0
7,prune_50,220,7.281045913696289,130553280.0,2.0
7,prune_75,220,7.485437393188477,65276640.0,4.0
7,prune_99,220,10.70474624633789,261106.56000000023,999.9999999999991
7,quant8,220,7.398616313934326,65276640.0,4.0
7,celo,221,7.932577610015869,262293408.0,1.0
7,prune_50,221,8.08448600769043,131146704.0,2.0
7,prune_75,221,8.20822811126709,65573352.0,4.0
7,prune_99,221,10.849298477172852,262293.4080000002,999.9999999999991
7,quant8,221,8.197373390197754,65573352.0,4.0
7,celo,222,7.66871452331543,263480256.0,1.0
7,prune_50,222,7.631736755371094,131740128.0,2.0
7,prune_75,222,8.008755683898926,65870064.0,4.0
7,prune_99,222,10.479618072509766,263480.2560000002,999.9999999999991
7,quant8,222,7.710353851318359,65870064.0,4.0
7,celo,223,7.6458892822265625,264667104.0,1.0
7,prune_50,223,7.763171672821045,132333552.0,2.0
7,prune_75,223,7.940822124481201,66166776.0,4.0
7,prune_99,223,10.702096939086914,264667.1040000002,999.9999999999991
7,quant8,223,7.753000736236572,66166776.0,4.0
7,celo,224,7.363918304443359,265853952.0,1.0
7,prune_50,224,7.343899250030518,132926976.0,2.0
7,prune_75,224,7.471414566040039,66463488.0,4.0
7,prune_99,224,11.145841598510742,265853.9520000002,999.9999999999991
7,quant8,224,7.419990062713623,66463488.0,4.0
7,celo,225,7.829305648803711,267040800.0,1.0
7,prune_50,225,7.745368003845215,133520400.0,2.0
7,prune_75,225,7.912761688232422,66760200.0,4.0
7,prune_99,225,10.877766609191895,267040.8000000002,999.9999999999991
7,quant8,225,7.718816757202148,66760200.0,4.0
7,celo,226,6.796296119689941,268227648.0,1.0
7,prune_50,226,6.841231346130371,134113824.0,2.0
7,prune_75,226,7.010535717010498,67056912.0,4.0
7,prune_99,226,10.943338394165039,268227.6480000002,999.9999999999991
7,quant8,226,6.783357620239258,67056912.0,4.0
7,celo,227,6.477447509765625,269414496.0,1.0
7,prune_50,227,6.464456558227539,134707248.0,2.0
7,prune_75,227,6.641999244689941,67353624.0,4.0
7,prune_99,227,10.73613166809082,269414.4960000003,999.9999999999991
7,quant8,227,6.52146053314209,67353624.0,4.0
7,celo,228,6.416558742523193,270601344.0,1.0
7,prune_50,228,6.511633396148682,135300672.0,2.0
7,prune_75,228,6.223136901855469,67650336.0,4.0
7,prune_99,228,10.58680534362793,270601.3440000003,999.9999999999991
7,quant8,228,6.361667633056641,67650336.0,4.0
7,celo,229,6.80511474609375,271788192.0,1.0
7,prune_50,229,6.870920181274414,135894096.0,2.0
7,prune_75,229,7.024857997894287,67947048.0,4.0
7,prune_99,229,10.915946960449219,271788.1920000003,999.9999999999991
7,quant8,229,6.9001922607421875,67947048.0,4.0
7,celo,230,5.772021293640137,272975040.0,1.0
7,prune_50,230,5.739068031311035,136487520.0,2.0
7,prune_75,230,5.874099254608154,68243760.0,4.0
7,prune_99,230,10.851505279541016,272975.04000000027,999.9999999999991
7,quant8,230,5.837402820587158,68243760.0,4.0
7,celo,231,7.714610576629639,274161888.0,1.0
7,prune_50,231,7.701445579528809,137080944.0,2.0
7,prune_75,231,7.506592750549316,68540472.0,4.0
7,prune_99,231,10.588258743286133,274161.88800000027,999.9999999999991
7,quant8,231,7.823479652404785,68540472.0,4.0
7,celo,232,8.599888801574707,275348736.0,1.0
7,prune_50,232,8.556888580322266,137674368.0,2.0
7,prune_75,232,8.926773071289062,68837184.0,4.0
7,prune_99,232,10.653847694396973,275348.73600000027,999.9999999999991
7,quant8,232,8.594146728515625,68837184.0,4.0
7,celo,233,6.939038276672363,276535584.0,1.0
7,prune_50,233,7.06482458114624,138267792.0,2.0
7,prune_75,233,7.253111839294434,69133896.0,4.0
7,prune_99,233,10.765024185180664,276535.58400000026,999.9999999999991
7,quant8,233,6.9742231369018555,69133896.0,4.0
7,celo,234,6.609638214111328,277722432.0,1.0
7,prune_50,234,6.678586959838867,138861216.0,2.0
7,prune_75,234,6.904355049133301,69430608.0,4.0
7,prune_99,234,10.810182571411133,277722.43200000026,999.9999999999991
7,quant8,234,6.694550037384033,69430608.0,4.0
7,celo,235,8.243997573852539,278909280.0,1.0
7,prune_50,235,8.2073974609375,139454640.0,2.0
7,prune_75,235,8.83265209197998,69727320.0,4.0
7,prune_99,235,10.78892707824707,278909.28000000026,999.9999999999991
7,quant8,235,8.273956298828125,69727320.0,4.0
7,celo,236,5.406181335449219,280096128.0,1.0
7,prune_50,236,5.366230010986328,140048064.0,2.0
7,prune_75,236,5.494326591491699,70024032.0,4.0
7,prune_99,236,10.529596328735352,280096.12800000026,999.9999999999991
7,quant8,236,5.361278057098389,70024032.0,4.0
7,celo,237,7.945016860961914,281282976.0,1.0
7,prune_50,237,7.991003036499023,140641488.0,2.0
7,prune_75,237,8.07761001586914,70320744.0,4.0
7,prune_99,237,10.76363468170166,281282.97600000026,999.9999999999991
7,quant8,237,7.794116973876953,70320744.0,4.0
7,celo,238,6.619199752807617,282469824.0,1.0
7,prune_50,238,6.419256687164307,141234912.0,2.0
7,prune_75,238,6.827012062072754,70617456.0,4.0
7,prune_99,238,10.68797779083252,282469.82400000026,999.9999999999991
7,quant8,238,6.550784111022949,70617456.0,4.0
7,celo,239,7.537867546081543,283656672.0,1.0
7,prune_50,239,7.5398759841918945,141828336.0,2.0
7,prune_75,239,7.662041187286377,70914168.0,4.0
7,prune_99,239,10.634617805480957,283656.67200000025,999.9999999999991
7,quant8,239,7.612307548522949,70914168.0,4.0
7,celo,240,7.436722278594971,284843520.0,1.0
7,prune_50,240,7.457711219787598,142421760.0,2.0
7,prune_75,240,7.50416374206543,71210880.0,4.0
7,prune_99,240,10.595006942749023,284843.52000000025,999.9999999999991
7,quant8,240,7.585548400878906,71210880.0,4.0
7,celo,241,7.961946487426758,286030368.0,1.0
7,prune_50,241,8.10374927520752,143015184.0,2.0
7,prune_75,241,8.174156188964844,71507592.0,4.0
7,prune_99,241,10.899690628051758,286030.36800000025,999.9999999999991
7,quant8,241,8.039603233337402,71507592.0,4.0
7,celo,242,6.83812141418457,287217216.0,1.0
7,prune_50,242,6.879152774810791,143608608.0,2.0
7,prune_75,242,7.289610385894775,71804304.0,4.0
7,prune_99,242,10.430513381958008,287217.21600000025,999.9999999999991
7,quant8,242,6.834832668304443,71804304.0,4.0
7,celo,243,6.034405708312988,288404064.0,1.0
7,prune_50,243,6.056694030761719,144202032.0,2.0
7,prune_75,243,6.111285209655762,72101016.0,4.0
7,prune_99,243,10.627140045166016,288404.06400000025,999.9999999999991
7,quant8,243,5.990849494934082,72101016.0,4.0
7,celo,244,6.695178031921387,289590912.0,1.0
7,prune_50,244,6.814305305480957,144795456.0,2.0
7,prune_75,244,6.841530799865723,72397728.0,4.0
7,prune_99,244,10.696826934814453,289590.91200000024,999.9999999999991
7,quant8,244,6.6498565673828125,72397728.0,4.0
7,celo,245,7.118165016174316,290777760.0,1.0
7,prune_50,245,7.030422687530518,145388880.0,2.0
7,prune_75,245,6.906986236572266,72694440.0,4.0
7,prune_99,245,10.623650550842285,290777.76000000024,999.9999999999991
7,quant8,245,6.8427042961120605,72694440.0,4.0
7,celo,246,6.258041858673096,291964608.0,1.0
7,prune_50,246,6.2784247398376465,145982304.0,2.0
7,prune_75,246,6.435476303100586,72991152.0,4.0
7,prune_99,246,10.820074081420898,291964.60800000024,999.9999999999991
7,quant8,246,6.461524486541748,72991152.0,4.0
7,celo,247,7.152704238891602,293151456.0,1.0
7,prune_50,247,7.084257125854492,146575728.0,2.0
7,prune_75,247,6.919388294219971,73287864.0,4.0
7,prune_99,247,10.662158966064453,293151.4560000003,999.9999999999991
7,quant8,247,7.243056297302246,73287864.0,4.0
7,celo,248,6.80174446105957,294338304.0,1.0
7,prune_50,248,6.8624749183654785,147169152.0,2.0
7,prune_75,248,6.729434967041016,73584576.0,4.0
7,prune_99,248,10.621221542358398,294338.3040000003,999.9999999999991
7,quant8,248,6.812057971954346,73584576.0,4.0
7,celo,249,7.911142349243164,295525152.0,1.0
7,prune_50,249,7.995209693908691,147762576.0,2.0
7,prune_75,249,7.9390034675598145,73881288.0,4.0
7,prune_99,249,10.60582160949707,295525.1520000003,999.9999999999991
7,quant8,249,7.970604419708252,73881288.0,4.0
7,celo,250,7.240040302276611,296712000.0,1.0
7,prune_50,250,7.439399719238281,148356000.0,2.0
7,prune_75,250,7.443997859954834,74178000.0,4.0
7,prune_99,250,10.484227180480957,296712.0000000003,999.9999999999991
7,quant8,250,7.360316276550293,74178000.0,4.0
7,celo,251,6.839600086212158,297898848.0,1.0
7,prune_50,251,6.89088249206543,148949424.0,2.0
7,prune_75,251,6.507655143737793,74474712.0,4.0
7,prune_99,251,10.628152847290039,297898.8480000003,999.9999999999991
7,quant8,251,6.819996356964111,74474712.0,4.0
7,celo,252,8.023338317871094,299085696.0,1.0
7,prune_50,252,8.130170822143555,149542848.0,2.0
7,prune_75,252,8.347064971923828,74771424.0,4.0
7,prune_99,252,10.603442192077637,299085.6960000003,999.9999999999991
7,quant8,252,8.223827362060547,74771424.0,4.0
7,celo,253,8.29821491241455,300272544.0,1.0
7,prune_50,253,8.277219772338867,150136272.0,2.0
7,prune_75,253,8.469277381896973,75068136.0,4.0
7,prune_99,253,10.858047485351562,300272.5440000003,999.9999999999991
7,quant8,253,8.177689552307129,75068136.0,4.0
7,celo,254,7.417750835418701,301459392.0,1.0
7,prune_50,254,7.5165815353393555,150729696.0,2.0
7,prune_75,254,7.233478546142578,75364848.0,4.0
7,prune_99,254,10.817532539367676,301459.3920000003,999.9999999999991
7,quant8,254,7.392054557800293,75364848.0,4.0
7,celo,255,6.756007194519043,302646240.0,1.0
7,prune_50,255,6.73989725112915,151323120.0,2.0
7,prune_75,255,6.652315139770508,75661560.0,4.0
7,prune_99,255,10.530080795288086,302646.2400000003,999.9999999999991
7,quant8,255,6.587996006011963,75661560.0,4.0
7,celo,256,6.994813919067383,303833088.0,1.0
7,prune_50,256,6.950684070587158,151916544.0,2.0
7,prune_75,256,7.262661457061768,75958272.0,4.0
7,prune_99,256,10.593388557434082,303833.0880000003,999.9999999999991
7,quant8,256,6.876965522766113,75958272.0,4.0
7,celo,257,6.982914924621582,305019936.0,1.0
7,prune_50,257,7.151571273803711,152509968.0,2.0
7,prune_75,257,6.892138957977295,76254984.0,4.0
7,prune_99,257,10.623258590698242,305019.9360000003,999.9999999999991
7,quant8,257,7.070013999938965,76254984.0,4.0
7,celo,258,8.353161811828613,306206784.0,1.0
7,prune_50,258,8.243093490600586,153103392.0,2.0
7,prune_75,258,8.442421913146973,76551696.0,4.0
7,prune_99,258,10.772682189941406,306206.7840000003,999.9999999999991
7,quant8,258,8.223078727722168,76551696.0,4.0
7,celo,259,7.161134719848633,307393632.0,1.0
7,prune_50,259,7.156383037567139,153696816.0,2.0
7,prune_75,259,7.474545478820801,76848408.0,4.0
7,prune_99,259,10.859230995178223,307393.6320000003,999.9999999999991
7,quant8,259,7.202021598815918,76848408.0,4.0
7,celo,260,7.939274787902832,308580480.0,1.0
7,prune_50,260,8.049428939819336,154290240.0,2.0
7,prune_75,260,8.164335250854492,77145120.0,4.0
7,prune_99,260,10.686673164367676,308580.4800000003,999.9999999999991
7,quant8,260,8.024478912353516,77145120.0,4.0
7,celo,261,7.125786781311035,309767328.0,1.0
7,prune_50,261,7.239501953125,154883664.0,2.0
7,prune_75,261,7.231701374053955,77441832.0,4.0
7,prune_99,261,10.880752563476562,309767.32800000027,999.9999999999991
7,quant8,261,7.008233070373535,77441832.0,4.0
7,celo,262,7.179816246032715,310954176.0,1.0
7,prune_50,262,7.227696895599365,155477088.0,2.0
7,prune_75,262,7.151041030883789,77738544.0,4.0
7,prune_99,262,10.8823823928833,310954.17600000027,999.9999999999991
7,quant8,262,7.28129768371582,77738544.0,4.0
7,celo,263,6.598184585571289,312141024.0,1.0
7,prune_50,263,6.56490421295166,156070512.0,2.0
7,prune_75,263,6.754624366760254,78035256.0,4.0
7,prune_99,263,10.641168594360352,312141.02400000027,999.9999999999991
7,quant8,263,6.704836368560791,78035256.0,4.0
7,celo,264,6.2598724365234375,313327872.0,1.0
7,prune_50,264,6.081758499145508,156663936.0,2.0
7,prune_75,264,6.159750938415527,78331968.0,4.0
7,prune_99,264,10.874520301818848,313327.87200000026,999.9999999999991
7,quant8,264,6.096829891204834,78331968.0,4.0
7,celo,265,6.492648124694824,314514720.0,1.0
7,prune_50,265,6.500454902648926,157257360.0,2.0
7,prune_75,265,6.690169811248779,78628680.0,4.0
7,prune_99,265,11.032881736755371,314514.72000000026,999.9999999999991
7,quant8,265,6.545674800872803,78628680.0,4.0
7,celo,266,7.431713104248047,315701568.0,1.0
7,prune_50,266,7.580789566040039,157850784.0,2.0
7,prune_75,266,7.592634201049805,78925392.0,4.0
7,prune_99,266,10.920416831970215,315701.5680000003,999.9999999999991
7,quant8,266,7.3783111572265625,78925392.0,4.0
7,celo,267,7.7718610763549805,316888416.0,1.0
7,prune_50,267,7.687034606933594,158444208.0,2.0
7,prune_75,267,7.630562782287598,79222104.0,4.0
7,prune_99,267,10.697713851928711,316888.4160000003,999.9999999999991
7,quant8,267,7.725615978240967,79222104.0,4.0
7,celo,268,7.96938419342041,318075264.0,1.0
7,prune_50,268,7.831510543823242,159037632.0,2.0
7,prune_75,268,7.697760581970215,79518816.0,4.0
7,prune_99,268,10.735910415649414,318075.2640000003,999.9999999999991
7,quant8,268,7.848748207092285,79518816.0,4.0
7,celo,269,6.431532859802246,319262112.0,1.0
7,prune_50,269,6.430047988891602,159631056.0,2.0
7,prune_75,269,6.258083820343018,79815528.0,4.0
7,prune_99,269,10.778242111206055,319262.1120000003,999.9999999999991
7,quant8,269,6.333616256713867,79815528.0,4.0
7,celo,270,6.117108345031738,320448960.0,1.0
7,prune_50,270,5.995977401733398,160224480.0,2.0
7,prune_75,270,5.949667930603027,80112240.0,4.0
7,prune_99,270,11.157421112060547,320448.9600000003,999.9999999999991
7,quant8,270,5.972570896148682,80112240.0,4.0
7,celo,271,7.560722351074219,321635808.0,1.0
7,prune_50,271,7.466071128845215,160817904.0,2.0
7,prune_75,271,7.454514980316162,80408952.0,4.0
7,prune_99,271,10.76138687133789,321635.8080000003,999.9999999999991
7,quant8,271,7.479695796966553,80408952.0,4.0
7,celo,272,6.646748065948486,322822656.0,1.0
7,prune_50,272,6.596100807189941,161411328.0,2.0
7,prune_75,272,6.826574325561523,80705664.0,4.0
7,prune_99,272,10.774779319763184,322822.6560000003,999.9999999999991
7,quant8,272,6.578967094421387,80705664.0,4.0
7,celo,273,6.958090782165527,324009504.0,1.0
7,prune_50,273,7.147165298461914,162004752.0,2.0
7,prune_75,273,7.201663017272949,81002376.0,4.0
7,prune_99,273,10.482038497924805,324009.5040000003,999.9999999999991
7,quant8,273,7.077659606933594,81002376.0,4.0
7,celo,274,6.30451774597168,325196352.0,1.0
7,prune_50,274,6.397083759307861,162598176.0,2.0
7,prune_75,274,6.423527240753174,81299088.0,4.0
7,prune_99,274,10.549293518066406,325196.3520000003,999.9999999999991
7,quant8,274,6.366671562194824,81299088.0,4.0
7,celo,275,6.835365295410156,326383200.0,1.0
7,prune_50,275,6.98244047164917,163191600.0,2.0
7,prune_75,275,6.846573352813721,81595800.0,4.0
7,prune_99,275,10.711811065673828,326383.2000000003,999.9999999999991
7,quant8,275,6.948516845703125,81595800.0,4.0
7,celo,276,7.552454948425293,327570048.0,1.0
7,prune_50,276,7.615447998046875,163785024.0,2.0
7,prune_75,276,7.695236682891846,81892512.0,4.0
7,prune_99,276,10.810400009155273,327570.0480000003,999.9999999999991
7,quant8,276,7.460241794586182,81892512.0,4.0
7,celo,277,6.63275146484375,328756896.0,1.0
7,prune_50,277,6.605398178100586,164378448.0,2.0
7,prune_75,277,6.76261043548584,82189224.0,4.0
7,prune_99,277,10.752809524536133,328756.8960000003,999.9999999999991
7,quant8,277,6.687692642211914,82189224.0,4.0
7,celo,278,7.036556720733643,329943744.0,1.0
7,prune_50,278,7.10844087600708,164971872.0,2.0
7,prune_75,278,7.189435958862305,82485936.0,4.0
7,prune_99,278,10.750518798828125,329943.7440000003,999.9999999999991
7,quant8,278,7.16658878326416,82485936.0,4.0
7,celo,279,7.214923858642578,331130592.0,1.0
7,prune_50,279,7.18474006652832,165565296.0,2.0
7,prune_75,279,7.341145038604736,82782648.0,4.0
7,prune_99,279,10.859935760498047,331130.5920000003,999.9999999999991
7,quant8,279,7.212756156921387,82782648.0,4.0
7,celo,280,6.883906841278076,332317440.0,1.0
7,prune_50,280,6.956243515014648,166158720.0,2.0
7,prune_75,280,6.712278366088867,83079360.0,4.0
7,prune_99,280,10.728021621704102,332317.4400000003,999.9999999999991
7,quant8,280,7.104818820953369,83079360.0,4.0
7,celo,281,7.243144512176514,333504288.0,1.0
7,prune_50,281,7.046462059020996,166752144.0,2.0
7,prune_75,281,7.246805191040039,83376072.0,4.0
7,prune_99,281,10.768657684326172,333504.2880000003,999.9999999999991
7,quant8,281,7.222901821136475,83376072.0,4.0
7,celo,282,7.279849529266357,334691136.0,1.0
7,prune_50,282,7.335756301879883,167345568.0,2.0
7,prune_75,282,7.366337776184082,83672784.0,4.0
7,prune_99,282,10.754339218139648,334691.1360000003,999.9999999999991
7,quant8,282,7.389017581939697,83672784.0,4.0
7,celo,283,7.810097694396973,335877984.0,1.0
7,prune_50,283,7.859541893005371,167938992.0,2.0
7,prune_75,283,7.914299964904785,83969496.0,4.0
7,prune_99,283,10.707711219787598,335877.9840000003,999.9999999999991
7,quant8,283,7.800019264221191,83969496.0,4.0
7,celo,284,6.939079761505127,337064832.0,1.0
7,prune_50,284,6.962759017944336,168532416.0,2.0
7,prune_75,284,6.9558916091918945,84266208.0,4.0
7,prune_99,284,10.995943069458008,337064.8320000003,999.9999999999991
7,quant8,284,6.974706649780273,84266208.0,4.0
7,celo,285,7.049072265625,338251680.0,1.0
7,prune_50,285,6.893460750579834,169125840.0,2.0
7,prune_75,285,6.9201555252075195,84562920.0,4.0
7,prune_99,285,10.69822883605957,338251.6800000003,999.9999999999991
7,quant8,285,6.892359256744385,84562920.0,4.0
7,celo,286,7.311491012573242,339438528.0,1.0
7,prune_50,286,7.3919148445129395,169719264.0,2.0
7,prune_75,286,7.408715724945068,84859632.0,4.0
7,prune_99,286,10.694161415100098,339438.52800000034,999.9999999999991
7,quant8,286,7.3515472412109375,84859632.0,4.0
7,celo,287,8.202030181884766,340625376.0,1.0
7,prune_50,287,8.16837215423584,170312688.0,2.0
7,prune_75,287,8.17385482788086,85156344.0,4.0
7,prune_99,287,10.732279777526855,340625.37600000034,999.9999999999991
7,quant8,287,8.115890502929688,85156344.0,4.0
7,celo,288,7.193278789520264,341812224.0,1.0
7,prune_50,288,7.214535713195801,170906112.0,2.0
7,prune_75,288,7.395773887634277,85453056.0,4.0
7,prune_99,288,10.78692626953125,341812.22400000034,999.9999999999991
7,quant8,288,7.217479705810547,85453056.0,4.0
7,celo,289,6.564750671386719,342999072.0,1.0
7,prune_50,289,6.6992411613464355,171499536.0,2.0
7,prune_75,289,6.727952003479004,85749768.0,4.0
7,prune_99,289,10.518856048583984,342999.07200000033,999.9999999999991
7,quant8,289,6.662988662719727,85749768.0,4.0
7,celo,290,7.6822829246521,344185920.0,1.0
7,prune_50,290,7.849153995513916,172092960.0,2.0
7,prune_75,290,8.029942512512207,86046480.0,4.0
7,prune_99,290,10.637901306152344,344185.92000000033,999.9999999999991
7,quant8,290,7.780710220336914,86046480.0,4.0
7,celo,291,7.126857280731201,345372768.0,1.0
7,prune_50,291,7.089827537536621,172686384.0,2.0
7,prune_75,291,7.049656391143799,86343192.0,4.0
7,prune_99,291,10.698802947998047,345372.76800000033,999.9999999999991
7,quant8,291,6.972186088562012,86343192.0,4.0
7,celo,292,8.307952880859375,346559616.0,1.0
7,prune_50,292,8.175298690795898,173279808.0,2.0
7,prune_75,292,8.171939849853516,86639904.0,4.0
7,prune_99,292,10.761152267456055,346559.61600000033,999.9999999999991
7,quant8,292,8.08791446685791,86639904.0,4.0
7,celo,293,6.831008434295654,347746464.0,1.0
7,prune_50,293,6.734611511230469,173873232.0,2.0
7,prune_75,293,6.734805107116699,86936616.0,4.0
7,prune_99,293,10.772207260131836,347746.4640000003,999.9999999999991
7,quant8,293,6.96096134185791,86936616.0,4.0
7,celo,294,7.664909362792969,348933312.0,1.0
7,prune_50,294,7.527695655822754,174466656.0,2.0
7,prune_75,294,7.7452921867370605,87233328.0,4.0
7,prune_99,294,10.697104454040527,348933.3120000003,999.9999999999991
7,quant8,294,7.572043418884277,87233328.0,4.0
7,celo,295,7.067934989929199,350120160.0,1.0
7,prune_50,295,7.213330268859863,175060080.0,2.0
7,prune_75,295,7.195476055145264,87530040.0,4.0
7,prune_99,295,10.593883514404297,350120.1600000003,999.9999999999991
7,quant8,295,7.079632759094238,87530040.0,4.0
7,celo,296,7.13968563079834,351307008.0,1.0
7,prune_50,296,7.317310810089111,175653504.0,2.0
7,prune_75,296,7.248474597930908,87826752.0,4.0
7,prune_99,296,10.587373733520508,351307.0080000003,999.9999999999991
7,quant8,296,7.214486122131348,87826752.0,4.0
7,celo,297,6.007260322570801,352493856.0,1.0
7,prune_50,297,6.141328811645508,176246928.0,2.0
7,prune_75,297,5.95986270904541,88123464.0,4.0
7,prune_99,297,10.773266792297363,352493.8560000003,999.9999999999991
7,quant8,297,5.982875823974609,88123464.0,4.0
7,celo,298,6.955049514770508,353680704.0,1.0
7,prune_50,298,7.024377822875977,176840352.0,2.0
7,prune_75,298,7.117397785186768,88420176.0,4.0
7,prune_99,298,10.715778350830078,353680.7040000003,999.9999999999991
7,quant8,298,6.961094856262207,88420176.0,4.0
7,celo,299,6.570950508117676,354867552.0,1.0
7,prune_50,299,6.616659164428711,177433776.0,2.0
7,prune_75,299,6.8714599609375,88716888.0,4.0
7,prune_99,299,10.632041931152344,354867.5520000003,999.9999999999991
7,quant8,299,6.646958351135254,88716888.0,4.0
7,celo,300,8.177534103393555,356054400.0,1.0
7,prune_50,300,8.211097717285156,178027200.0,2.0
7,prune_75,300,7.990146160125732,89013600.0,4.0
7,prune_99,300,10.997478485107422,356054.4000000003,999.9999999999991
7,quant8,300,8.265615463256836,89013600.0,4.0
7,celo,301,6.952564239501953,357241248.0,1.0
7,prune_50,301,6.8812432289123535,178620624.0,2.0
7,prune_75,301,6.916506767272949,89310312.0,4.0
7,prune_99,301,10.686392784118652,357241.2480000003,999.9999999999991
7,quant8,301,7.107666015625,89310312.0,4.0
7,celo,302,6.859872817993164,358428096.0,1.0
7,prune_50,302,6.938647747039795,179214048.0,2.0
7,prune_75,302,6.701992988586426,89607024.0,4.0
7,prune_99,302,10.99139404296875,358428.0960000003,999.9999999999991
7,quant8,302,6.719011306762695,89607024.0,4.0
7,celo,303,7.072861671447754,359614944.0,1.0
7,prune_50,303,7.011285781860352,179807472.0,2.0
7,prune_75,303,7.229642391204834,89903736.0,4.0
7,prune_99,303,10.651321411132812,359614.9440000003,999.9999999999991
7,quant8,303,6.920376300811768,89903736.0,4.0
7,celo,304,6.450824737548828,360801792.0,1.0
7,prune_50,304,6.439731597900391,180400896.0,2.0
7,prune_75,304,6.451204299926758,90200448.0,4.0
7,prune_99,304,10.658055305480957,360801.7920000003,999.9999999999991
7,quant8,304,6.366691589355469,90200448.0,4.0
7,celo,305,7.793875694274902,361988640.0,1.0
7,prune_50,305,7.790703773498535,180994320.0,2.0
7,prune_75,305,7.902870178222656,90497160.0,4.0
7,prune_99,305,10.403721809387207,361988.6400000003,999.9999999999991
7,quant8,305,7.896284580230713,90497160.0,4.0
7,celo,306,7.716303825378418,363175488.0,1.0
7,prune_50,306,7.584847450256348,181587744.0,2.0
7,prune_75,306,7.460005283355713,90793872.0,4.0
7,prune_99,306,10.577601432800293,363175.48800000036,999.9999999999991
7,quant8,306,7.542956829071045,90793872.0,4.0
7,celo,307,6.744829177856445,364362336.0,1.0
7,prune_50,307,6.792069911956787,182181168.0,2.0
7,prune_75,307,7.032477855682373,91090584.0,4.0
7,prune_99,307,10.535100936889648,364362.33600000036,999.9999999999991
7,quant8,307,6.753423690795898,91090584.0,4.0
7,celo,308,6.32982063293457,365549184.0,1.0
7,prune_50,308,6.366364002227783,182774592.0,2.0
7,prune_75,308,6.351545333862305,91387296.0,4.0
7,prune_99,308,10.599200248718262,365549.18400000036,999.9999999999991
7,quant8,308,6.353311538696289,91387296.0,4.0
7,celo,309,5.609879493713379,366736032.0,1.0
7,prune_50,309,5.656525611877441,183368016.0,2.0
7,prune_75,309,5.7474260330200195,91684008.0,4.0
7,prune_99,309,10.721715927124023,366736.03200000036,999.9999999999991
7,quant8,309,5.625430107116699,91684008.0,4.0
7,celo,310,5.774834632873535,367922880.0,1.0
7,prune_50,310,5.702672481536865,183961440.0,2.0
7,prune_75,310,5.959528923034668,91980720.0,4.0
7,prune_99,310,10.954240798950195,367922.88000000035,999.9999999999991
7,quant8,310,5.728921413421631,91980720.0,4.0
7,celo,311,6.763031482696533,369109728.0,1.0
7,prune_50,311,6.763543605804443,184554864.0,2.0
7,prune_75,311,6.8630475997924805,92277432.0,4.0
7,prune_99,311,10.828126907348633,369109.72800000035,999.9999999999991
7,quant8,311,6.66710090637207,92277432.0,4.0
7,celo,312,6.802689075469971,370296576.0,1.0
7,prune_50,312,6.9106879234313965,185148288.0,2.0
7,prune_75,312,6.9492692947387695,92574144.0,4.0
7,prune_99,312,10.704151153564453,370296.57600000035,999.9999999999991
7,quant8,312,6.761323928833008,92574144.0,4.0
7,celo,313,7.895046234130859,371483424.0,1.0
7,prune_50,313,7.951274871826172,185741712.0,2.0
7,prune_75,313,7.935451030731201,92870856.0,4.0
7,prune_99,313,10.828046798706055,371483.42400000035,999.9999999999991
7,quant8,313,7.856239318847656,92870856.0,4.0
7,celo,314,7.142415523529053,372670272.0,1.0
7,prune_50,314,7.2289018630981445,186335136.0,2.0
7,prune_75,314,7.269423484802246,93167568.0,4.0
7,prune_99,314,11.043964385986328,372670.27200000035,999.9999999999991
7,quant8,314,7.168374538421631,93167568.0,4.0
7,celo,315,6.552065372467041,373857120.0,1.0
7,prune_50,315,6.578723907470703,186928560.0,2.0
7,prune_75,315,6.859216690063477,93464280.0,4.0
7,prune_99,315,10.736542701721191,373857.12000000034,999.9999999999991
7,quant8,315,6.523159980773926,93464280.0,4.0
7,celo,316,6.864309310913086,375043968.0,1.0
7,prune_50,316,6.993729591369629,187521984.0,2.0
7,prune_75,316,6.912633419036865,93760992.0,4.0
7,prune_99,316,10.565855026245117,375043.96800000034,999.9999999999991
7,quant8,316,6.784582138061523,93760992.0,4.0
7,celo,317,7.443211555480957,376230816.0,1.0
7,prune_50,317,7.458545684814453,188115408.0,2.0
7,prune_75,317,7.590393543243408,94057704.0,4.0
7,prune_99,317,11.066455841064453,376230.81600000034,999.9999999999991
7,quant8,317,7.645318984985352,94057704.0,4.0
7,celo,318,7.538323402404785,377417664.0,1.0
7,prune_50,318,7.738663196563721,188708832.0,2.0
7,prune_75,318,7.627226829528809,94354416.0,4.0
7,prune_99,318,10.958264350891113,377417.66400000034,999.9999999999991
7,quant8,318,7.515442848205566,94354416.0,4.0
7,celo,319,7.145100116729736,378604512.0,1.0
7,prune_50,319,7.332510471343994,189302256.0,2.0
7,prune_75,319,7.071587085723877,94651128.0,4.0
7,prune_99,319,10.826168060302734,378604.51200000034,999.9999999999991
7,quant8,319,7.236543655395508,94651128.0,4.0
7,celo,320,7.4782280921936035,379791360.0,1.0
7,prune_50,320,7.657421112060547,189895680.0,2.0
7,prune_75,320,7.62363338470459,94947840.0,4.0
7,prune_99,320,10.705994606018066,379791.36000000034,999.9999999999991
7,quant8,320,7.423947334289551,94947840.0,4.0
7,celo,321,6.757312297821045,380978208.0,1.0
7,prune_50,321,6.616942405700684,190489104.0,2.0
7,prune_75,321,6.717135429382324,95244552.0,4.0
7,prune_99,321,10.899162292480469,380978.20800000033,999.9999999999991
7,quant8,321,6.532801628112793,95244552.0,4.0
7,celo,322,6.328777313232422,382165056.0,1.0
7,prune_50,322,6.4009246826171875,191082528.0,2.0
7,prune_75,322,6.094951152801514,95541264.0,4.0
7,prune_99,322,10.61216926574707,382165.05600000033,999.9999999999991
7,quant8,322,6.213404178619385,95541264.0,4.0
7,celo,323,6.842332363128662,383351904.0,1.0
7,prune_50,323,6.884748458862305,191675952.0,2.0
7,prune_75,323,6.934074401855469,95837976.0,4.0
7,prune_99,323,10.79648208618164,383351.90400000033,999.9999999999991
7,quant8,323,6.893674850463867,95837976.0,4.0
7,celo,324,7.930548667907715,384538752.0,1.0
7,prune_50,324,8.064054489135742,192269376.0,2.0
7,prune_75,324,7.6564531326293945,96134688.0,4.0
7,prune_99,324,10.69879150390625,384538.7520000003,999.9999999999991
7,quant8,324,7.912571430206299,96134688.0,4.0
7,celo,325,7.332832336425781,385725600.0,1.0
7,prune_50,325,7.552732467651367,192862800.0,2.0
7,prune_75,325,7.352535247802734,96431400.0,4.0
7,prune_99,325,10.517389297485352,385725.6000000004,999.9999999999991
7,quant8,325,7.408253192901611,96431400.0,4.0
7,celo,326,6.5651750564575195,386912448.0,1.0
7,prune_50,326,6.554196834564209,193456224.0,2.0
7,prune_75,326,6.963661193847656,96728112.0,4.0
7,prune_99,326,10.509376525878906,386912.4480000004,999.9999999999991
7,quant8,326,6.592310905456543,96728112.0,4.0
7,celo,327,7.680307865142822,388099296.0,1.0
7,prune_50,327,7.795650005340576,194049648.0,2.0
7,prune_75,327,7.808929920196533,97024824.0,4.0
7,prune_99,327,10.821313858032227,388099.2960000004,999.9999999999991
7,quant8,327,7.666449546813965,97024824.0,4.0
7,celo,328,6.650426864624023,389286144.0,1.0
7,prune_50,328,6.626732349395752,194643072.0,2.0
7,prune_75,328,6.559370994567871,97321536.0,4.0
7,prune_99,328,10.600974082946777,389286.1440000004,999.9999999999991
7,quant8,328,6.559914588928223,97321536.0,4.0
7,celo,329,6.605653762817383,390472992.0,1.0
7,prune_50,329,6.763498306274414,195236496.0,2.0
7,prune_75,329,6.8505353927612305,97618248.0,4.0
7,prune_99,329,10.860762596130371,390472.9920000004,999.9999999999991
7,quant8,329,6.638657569885254,97618248.0,4.0
7,celo,330,6.784311294555664,391659840.0,1.0
7,prune_50,330,6.888459205627441,195829920.0,2.0
7,prune_75,330,6.849686145782471,97914960.0,4.0
7,prune_99,330,10.895479202270508,391659.8400000004,999.9999999999991
7,quant8,330,6.831183433532715,97914960.0,4.0
7,celo,331,6.472625732421875,392846688.0,1.0
7,prune_50,331,6.455760478973389,196423344.0,2.0
7,prune_75,331,6.691316604614258,98211672.0,4.0
7,prune_99,331,10.757801055908203,392846.6880000004,999.9999999999991
7,quant8,331,6.582890510559082,98211672.0,4.0
7,celo,332,7.157825469970703,394033536.0,1.0
7,prune_50,332,7.382925033569336,197016768.0,2.0
7,prune_75,332,7.4845805168151855,98508384.0,4.0
7,prune_99,332,10.913061141967773,394033.5360000004,999.9999999999991
7,quant8,332,7.344670295715332,98508384.0,4.0
7,celo,333,5.688688278198242,395220384.0,1.0
7,prune_50,333,5.611144065856934,197610192.0,2.0
7,prune_75,333,5.622900485992432,98805096.0,4.0
7,prune_99,333,11.012228965759277,395220.38400000037,999.9999999999991
7,quant8,333,5.696027755737305,98805096.0,4.0
7,celo,334,6.713055610656738,396407232.0,1.0
7,prune_50,334,6.633604049682617,198203616.0,2.0
7,prune_75,334,6.796655654907227,99101808.0,4.0
7,prune_99,334,10.964487075805664,396407.23200000037,999.9999999999991
7,quant8,334,6.438167572021484,99101808.0,4.0
7,celo,335,6.463407039642334,397594080.0,1.0
7,prune_50,335,6.505064010620117,198797040.0,2.0
7,prune_75,335,6.538257598876953,99398520.0,4.0
7,prune_99,335,10.734375,397594.08000000037,999.9999999999991
7,quant8,335,6.503917694091797,99398520.0,4.0
7,celo,336,7.058628082275391,398780928.0,1.0
7,prune_50,336,7.105472564697266,199390464.0,2.0
7,prune_75,336,7.137296199798584,99695232.0,4.0
7,prune_99,336,10.893399238586426,398780.92800000036,999.9999999999991
7,quant8,336,7.211053371429443,99695232.0,4.0
7,celo,337,7.7824387550354,399967776.0,1.0
7,prune_50,337,7.976016521453857,199983888.0,2.0
7,prune_75,337,7.805950164794922,99991944.0,4.0
7,prune_99,337,10.612523078918457,399967.77600000036,999.9999999999991
7,quant8,337,7.8307037353515625,99991944.0,4.0
7,celo,338,6.601439952850342,401154624.0,1.0
7,prune_50,338,6.525355339050293,200577312.0,2.0
7,prune_75,338,6.728865146636963,100288656.0,4.0
7,prune_99,338,10.989667892456055,401154.62400000036,999.9999999999991
7,quant8,338,6.735886573791504,100288656.0,4.0
7,celo,339,7.275101184844971,402341472.0,1.0
7,prune_50,339,7.20912504196167,201170736.0,2.0
7,prune_75,339,7.037565231323242,100585368.0,4.0
7,prune_99,339,10.771747589111328,402341.47200000036,999.9999999999991
7,quant8,339,7.303206443786621,100585368.0,4.0
7,celo,340,7.635412216186523,403528320.0,1.0
7,prune_50,340,7.7694807052612305,201764160.0,2.0
7,prune_75,340,8.006867408752441,100882080.0,4.0
7,prune_99,340,10.586636543273926,403528.32000000036,999.9999999999991
7,quant8,340,7.804222106933594,100882080.0,4.0
7,celo,341,6.071342468261719,404715168.0,1.0
7,prune_50,341,6.229553699493408,202357584.0,2.0
7,prune_75,341,5.924583911895752,101178792.0,4.0
7,prune_99,341,10.749103546142578,404715.16800000035,999.9999999999991
7,quant8,341,6.202648162841797,101178792.0,4.0
7,celo,342,6.334451198577881,405902016.0,1.0
7,prune_50,342,6.468118190765381,202951008.0,2.0
7,prune_75,342,6.535247802734375,101475504.0,4.0
7,prune_99,342,10.663768768310547,405902.01600000035,999.9999999999991
7,quant8,342,6.459746360778809,101475504.0,4.0
7,celo,343,6.923425674438477,407088864.0,1.0
7,prune_50,343,6.941822052001953,203544432.0,2.0
7,prune_75,343,6.882697105407715,101772216.0,4.0
7,prune_99,343,10.56626033782959,407088.86400000035,999.9999999999991
7,quant8,343,6.897714614868164,101772216.0,4.0
7,celo,344,6.857768535614014,408275712.0,1.0
7,prune_50,344,7.01735782623291,204137856.0,2.0
7,prune_75,344,7.076438903808594,102068928.0,4.0
7,prune_99,344,10.636919021606445,408275.71200000035,999.9999999999991
7,quant8,344,7.059947967529297,102068928.0,4.0
7,celo,345,6.572757720947266,409462560.0,1.0
7,prune_50,345,6.510202884674072,204731280.0,2.0
7,prune_75,345,6.633451461791992,102365640.0,4.0
7,prune_99,345,10.613626480102539,409462.5600000004,999.9999999999991
7,quant8,345,6.491730690002441,102365640.0,4.0
7,celo,346,5.894165992736816,410649408.0,1.0
7,prune_50,346,6.049506187438965,205324704.0,2.0
7,prune_75,346,6.0152106285095215,102662352.0,4.0
7,prune_99,346,11.061023712158203,410649.4080000004,999.9999999999991
7,quant8,346,5.9505615234375,102662352.0,4.0
7,celo,347,5.517459392547607,411836256.0,1.0
7,prune_50,347,5.676460266113281,205918128.0,2.0
7,prune_75,347,5.738161087036133,102959064.0,4.0
7,prune_99,347,10.795431137084961,411836.2560000004,999.9999999999991
7,quant8,347,5.674232482910156,102959064.0,4.0
7,celo,348,6.723862648010254,413023104.0,1.0
7,prune_50,348,6.778505325317383,206511552.0,2.0
7,prune_75,348,6.520215034484863,103255776.0,4.0
7,prune_99,348,10.398561477661133,413023.1040000004,999.9999999999991
7,quant8,348,6.690061092376709,103255776.0,4.0
7,celo,349,6.490443229675293,414209952.0,1.0
7,prune_50,349,6.589339256286621,207104976.0,2.0
7,prune_75,349,6.465590953826904,103552488.0,4.0
7,prune_99,349,11.04712200164795,414209.9520000004,999.9999999999991
7,quant8,349,6.543978691101074,103552488.0,4.0
7,celo,350,6.2437286376953125,415396800.0,1.0
7,prune_50,350,6.307129859924316,207698400.0,2.0
7,prune_75,350,6.182659149169922,103849200.0,4.0
7,prune_99,350,10.931928634643555,415396.8000000004,999.9999999999991
7,quant8,350,6.268568515777588,103849200.0,4.0
7,celo,351,7.4410552978515625,416583648.0,1.0
7,prune_50,351,7.577126979827881,208291824.0,2.0
7,prune_75,351,7.459057331085205,104145912.0,4.0
7,prune_99,351,10.734197616577148,416583.6480000004,999.9999999999991
7,quant8,351,7.392462730407715,104145912.0,4.0
7,celo,352,7.04876708984375,417770496.0,1.0
7,prune_50,352,7.121606826782227,208885248.0,2.0
7,prune_75,352,6.855690002441406,104442624.0,4.0
7,prune_99,352,10.544914245605469,417770.4960000004,999.9999999999991
7,quant8,352,6.9404191970825195,104442624.0,4.0
7,celo,353,8.371796607971191,418957344.0,1.0
7,prune_50,353,8.322855949401855,209478672.0,2.0
7,prune_75,353,8.382248878479004,104739336.0,4.0
7,prune_99,353,10.655184745788574,418957.3440000004,999.9999999999991
7,quant8,353,8.278142929077148,104739336.0,4.0
7,celo,354,6.909904479980469,420144192.0,1.0
7,prune_50,354,6.953833103179932,210072096.0,2.0
7,prune_75,354,6.856943130493164,105036048.0,4.0
7,prune_99,354,10.503583908081055,420144.1920000004,999.9999999999991
7,quant8,354,6.918124198913574,105036048.0,4.0
7,celo,355,7.054574966430664,421331040.0,1.0
7,prune_50,355,7.039117813110352,210665520.0,2.0
7,prune_75,355,7.115598678588867,105332760.0,4.0
7,prune_99,355,10.674335479736328,421331.0400000004,999.9999999999991
7,quant8,355,7.052101135253906,105332760.0,4.0
7,celo,356,6.50141716003418,422517888.0,1.0
7,prune_50,356,6.458071231842041,211258944.0,2.0
7,prune_75,356,6.457224369049072,105629472.0,4.0
7,prune_99,356,10.8649320602417,422517.8880000004,999.9999999999991
7,quant8,356,6.486604690551758,105629472.0,4.0
7,celo,357,6.938571929931641,423704736.0,1.0
7,prune_50,357,7.17958402633667,211852368.0,2.0
7,prune_75,357,7.1549072265625,105926184.0,4.0
7,prune_99,357,10.820417404174805,423704.7360000004,999.9999999999991
7,quant8,357,7.214447975158691,105926184.0,4.0
7,celo,358,6.5365095138549805,424891584.0,1.0
7,prune_50,358,6.772307395935059,212445792.0,2.0
7,prune_75,358,6.805911064147949,106222896.0,4.0
7,prune_99,358,10.932086944580078,424891.5840000004,999.9999999999991
7,quant8,358,6.62673807144165,106222896.0,4.0
7,celo,359,6.463726043701172,426078432.0,1.0
7,prune_50,359,6.538325786590576,213039216.0,2.0
7,prune_75,359,6.417558670043945,106519608.0,4.0
7,prune_99,359,10.586319923400879,426078.4320000004,999.9999999999991
7,quant8,359,6.577925682067871,106519608.0,4.0
7,celo,360,7.7851457595825195,427265280.0,1.0
7,prune_50,360,7.935805797576904,213632640.0,2.0
7,prune_75,360,7.700366973876953,106816320.0,4.0
7,prune_99,360,10.897597312927246,427265.2800000004,999.9999999999991
7,quant8,360,7.647726535797119,106816320.0,4.0
7,celo,361,7.198591232299805,428452128.0,1.0
7,prune_50,361,7.264796257019043,214226064.0,2.0
7,prune_75,361,7.294322967529297,107113032.0,4.0
7,prune_99,361,10.70261001586914,428452.1280000004,999.9999999999991
7,quant8,361,7.061908721923828,107113032.0,4.0
7,celo,362,7.502878665924072,429638976.0,1.0
7,prune_50,362,7.357473373413086,214819488.0,2.0
7,prune_75,362,7.59761905670166,107409744.0,4.0
7,prune_99,362,10.660186767578125,429638.9760000004,999.9999999999991
7,quant8,362,7.491820812225342,107409744.0,4.0
7,celo,363,7.457104682922363,430825824.0,1.0
7,prune_50,363,7.536553382873535,215412912.0,2.0
7,prune_75,363,7.6497931480407715,107706456.0,4.0
7,prune_99,363,10.810546875,430825.8240000004,999.9999999999991
7,quant8,363,7.514947891235352,107706456.0,4.0
7,celo,364,6.804224967956543,432012672.0,1.0
7,prune_50,364,6.718636512756348,216006336.0,2.0
7,prune_75,364,6.776968002319336,108003168.0,4.0
7,prune_99,364,10.842238426208496,432012.67200000037,999.9999999999991
7,quant8,364,6.88401460647583,108003168.0,4.0
7,celo,365,7.257256507873535,433199520.0,1.0
7,prune_50,365,7.430532932281494,216599760.0,2.0
7,prune_75,365,6.999909400939941,108299880.0,4.0
7,prune_99,365,10.73945426940918,433199.5200000004,999.9999999999991
7,quant8,365,7.126853942871094,108299880.0,4.0
7,celo,366,7.556653022766113,434386368.0,1.0
7,prune_50,366,7.602811813354492,217193184.0,2.0
7,prune_75,366,7.565732002258301,108596592.0,4.0
7,prune_99,366,10.84267520904541,434386.3680000004,999.9999999999991
7,quant8,366,7.452066421508789,108596592.0,4.0
7,celo,367,6.559898376464844,435573216.0,1.0
7,prune_50,367,6.677211284637451,217786608.0,2.0
7,prune_75,367,6.407958984375,108893304.0,4.0
7,prune_99,367,10.808650970458984,435573.2160000004,999.9999999999991
7,quant8,367,6.547090530395508,108893304.0,4.0
7,celo,368,7.559083461761475,436760064.0,1.0
7,prune_50,368,7.7293500900268555,218380032.0,2.0
7,prune_75,368,7.8802666664123535,109190016.0,4.0
7,prune_99,368,10.777400970458984,436760.0640000004,999.9999999999991
7,quant8,368,7.67141056060791,109190016.0,4.0
7,celo,369,6.352089881896973,437946912.0,1.0
7,prune_50,369,6.248520851135254,218973456.0,2.0
7,prune_75,369,6.207578182220459,109486728.0,4.0
7,prune_99,369,10.787432670593262,437946.9120000004,999.9999999999991
7,quant8,369,6.2293195724487305,109486728.0,4.0
7,celo,370,6.90433406829834,439133760.0,1.0
7,prune_50,370,7.099560737609863,219566880.0,2.0
7,prune_75,370,7.016711235046387,109783440.0,4.0
7,prune_99,370,10.69469165802002,439133.7600000004,999.9999999999991
7,quant8,370,7.015780448913574,109783440.0,4.0
7,celo,371,7.734350204467773,440320608.0,1.0
7,prune_50,371,7.595676422119141,220160304.0,2.0
7,prune_75,371,7.683187484741211,110080152.0,4.0
7,prune_99,371,10.562555313110352,440320.6080000004,999.9999999999991
7,quant8,371,7.545753002166748,110080152.0,4.0
7,celo,372,7.142603874206543,441507456.0,1.0
7,prune_50,372,7.3010125160217285,220753728.0,2.0
7,prune_75,372,7.311156272888184,110376864.0,4.0
7,prune_99,372,10.87410831451416,441507.4560000004,999.9999999999991
7,quant8,372,7.1779584884643555,110376864.0,4.0
7,celo,373,7.024745464324951,442694304.0,1.0
7,prune_50,373,7.115879058837891,221347152.0,2.0
7,prune_75,373,7.109549045562744,110673576.0,4.0
7,prune_99,373,11.021154403686523,442694.3040000004,999.9999999999991
7,quant8,373,7.181373596191406,110673576.0,4.0
7,celo,374,6.444566249847412,443881152.0,1.0
7,prune_50,374,6.630283355712891,221940576.0,2.0
7,prune_75,374,6.63424825668335,110970288.0,4.0
7,prune_99,374,10.931121826171875,443881.1520000004,999.9999999999991
7,quant8,374,6.5431413650512695,110970288.0,4.0
7,celo,375,7.211413383483887,445068000.0,1.0
7,prune_50,375,7.17147159576416,222534000.0,2.0
7,prune_75,375,7.183484077453613,111267000.0,4.0
7,prune_99,375,10.814371109008789,445068.0000000004,999.9999999999991
7,quant8,375,7.090559959411621,111267000.0,4.0
7,celo,376,6.787654399871826,446254848.0,1.0
7,prune_50,376,6.761659622192383,223127424.0,2.0
7,prune_75,376,6.61741828918457,111563712.0,4.0
7,prune_99,376,10.527971267700195,446254.8480000004,999.9999999999991
7,quant8,376,6.766829490661621,111563712.0,4.0
7,celo,377,7.013476371765137,447441696.0,1.0
7,prune_50,377,7.056819915771484,223720848.0,2.0
7,prune_75,377,6.999884605407715,111860424.0,4.0
7,prune_99,377,10.493709564208984,447441.6960000004,999.9999999999991
7,quant8,377,7.040175914764404,111860424.0,4.0
7,celo,378,6.808805465698242,448628544.0,1.0
7,prune_50,378,6.642733573913574,224314272.0,2.0
7,prune_75,378,6.513551235198975,112157136.0,4.0
7,prune_99,378,10.829911231994629,448628.5440000004,999.9999999999991
7,quant8,378,6.623549461364746,112157136.0,4.0
7,celo,379,6.808223724365234,449815392.0,1.0
7,prune_50,379,6.84797477722168,224907696.0,2.0
7,prune_75,379,6.746131896972656,112453848.0,4.0
7,prune_99,379,10.529787063598633,449815.3920000004,999.9999999999991
7,quant8,379,6.941378593444824,112453848.0,4.0
7,celo,380,7.556765079498291,451002240.0,1.0
7,prune_50,380,7.5661492347717285,225501120.0,2.0
7,prune_75,380,7.591368675231934,112750560.0,4.0
7,prune_99,380,10.686298370361328,451002.2400000004,999.9999999999991
7,quant8,380,7.461837291717529,112750560.0,4.0
7,celo,381,7.290019989013672,452189088.0,1.0
7,prune_50,381,7.480954170227051,226094544.0,2.0
7,prune_75,381,7.395269393920898,113047272.0,4.0
7,prune_99,381,10.754142761230469,452189.0880000004,999.9999999999991
7,quant8,381,7.542949676513672,113047272.0,4.0
7,celo,382,5.924945831298828,453375936.0,1.0
7,prune_50,382,6.1291399002075195,226687968.0,2.0
7,prune_75,382,6.127836227416992,113343984.0,4.0
7,prune_99,382,10.63464641571045,453375.9360000004,999.9999999999991
7,quant8,382,6.001826763153076,113343984.0,4.0
7,celo,383,6.627471923828125,454562784.0,1.0
7,prune_50,383,6.547603607177734,227281392.0,2.0
7,prune_75,383,6.6446919441223145,113640696.0,4.0
7,prune_99,383,10.577281951904297,454562.7840000004,999.9999999999991
7,quant8,383,6.49530029296875,113640696.0,4.0
7,celo,384,6.787595748901367,455749632.0,1.0
7,prune_50,384,6.967095851898193,227874816.0,2.0
7,prune_75,384,7.005438327789307,113937408.0,4.0
7,prune_99,384,10.955092430114746,455749.63200000045,999.9999999999991
7,quant8,384,6.987239837646484,113937408.0,4.0
7,celo,385,7.660067558288574,456936480.0,1.0
7,prune_50,385,7.582602500915527,228468240.0,2.0
7,prune_75,385,7.410416126251221,114234120.0,4.0
7,prune_99,385,10.642457962036133,456936.48000000045,999.9999999999991
7,quant8,385,7.854002952575684,114234120.0,4.0
7,celo,386,7.624331474304199,458123328.0,1.0
7,prune_50,386,7.571890830993652,229061664.0,2.0
7,prune_75,386,7.67933464050293,114530832.0,4.0
7,prune_99,386,10.557622909545898,458123.32800000045,999.9999999999991
7,quant8,386,7.434648513793945,114530832.0,4.0
7,celo,387,6.65709924697876,459310176.0,1.0
7,prune_50,387,6.666775226593018,229655088.0,2.0
7,prune_75,387,6.425439834594727,114827544.0,4.0
7,prune_99,387,10.709598541259766,459310.17600000044,999.9999999999991
7,quant8,387,6.631169319152832,114827544.0,4.0
7,celo,388,8.034688949584961,460497024.0,1.0
7,prune_50,388,8.138822555541992,230248512.0,2.0
7,prune_75,388,8.150142669677734,115124256.0,4.0
7,prune_99,388,10.846183776855469,460497.02400000044,999.9999999999991
7,quant8,388,7.992330074310303,115124256.0,4.0
7,celo,389,6.053878307342529,461683872.0,1.0
7,prune_50,389,6.129520416259766,230841936.0,2.0
7,prune_75,389,6.056896686553955,115420968.0,4.0
7,prune_99,389,10.674627304077148,461683.87200000044,999.9999999999991
7,quant8,389,6.008917808532715,115420968.0,4.0
7,celo,390,7.689182281494141,462870720.0,1.0
7,prune_50,390,7.708467483520508,231435360.0,2.0
7,prune_75,390,7.686028480529785,115717680.0,4.0
7,prune_99,390,10.834098815917969,462870.72000000044,999.9999999999991
7,quant8,390,7.684640407562256,115717680.0,4.0
7,celo,391,7.348533630371094,464057568.0,1.0
7,prune_50,391,7.318733215332031,232028784.0,2.0
7,prune_75,391,7.399248123168945,116014392.0,4.0
7,prune_99,391,10.661500930786133,464057.56800000044,999.9999999999991
7,quant8,391,7.413361549377441,116014392.0,4.0
7,celo,392,7.089026927947998,465244416.0,1.0
7,prune_50,392,7.099023818969727,232622208.0,2.0
7,prune_75,392,7.1825785636901855,116311104.0,4.0
7,prune_99,392,10.7730712890625,465244.41600000043,999.9999999999991
7,quant8,392,7.144495964050293,116311104.0,4.0
7,celo,393,5.993228912353516,466431264.0,1.0
7,prune_50,393,6.032944679260254,233215632.0,2.0
7,prune_75,393,6.348620414733887,116607816.0,4.0
7,prune_99,393,10.80829906463623,466431.26400000043,999.9999999999991
7,quant8,393,6.092123985290527,116607816.0,4.0
7,celo,394,7.9678850173950195,467618112.0,1.0
7,prune_50,394,7.8594136238098145,233809056.0,2.0
7,prune_75,394,8.144657135009766,116904528.0,4.0
7,prune_99,394,10.927115440368652,467618.11200000043,999.9999999999991
7,quant8,394,7.885255813598633,116904528.0,4.0
7,celo,395,6.6886773109436035,468804960.0,1.0
7,prune_50,395,6.806355953216553,234402480.0,2.0
7,prune_75,395,6.574461936950684,117201240.0,4.0
7,prune_99,395,10.609317779541016,468804.9600000004,999.9999999999991
7,quant8,395,6.624139785766602,117201240.0,4.0
7,celo,396,7.250828742980957,469991808.0,1.0
7,prune_50,396,7.301477909088135,234995904.0,2.0
7,prune_75,396,7.260461807250977,117497952.0,4.0
7,prune_99,396,10.885807037353516,469991.8080000004,999.9999999999991
7,quant8,396,7.476036548614502,117497952.0,4.0
7,celo,397,6.304286003112793,471178656.0,1.0
7,prune_50,397,6.502307891845703,235589328.0,2.0
7,prune_75,397,6.342223167419434,117794664.0,4.0
7,prune_99,397,10.722936630249023,471178.6560000004,999.9999999999991
7,quant8,397,6.270681858062744,117794664.0,4.0
7,celo,398,5.535543918609619,472365504.0,1.0
7,prune_50,398,5.46127462387085,236182752.0,2.0
7,prune_75,398,5.738419055938721,118091376.0,4.0
7,prune_99,398,10.562719345092773,472365.5040000004,999.9999999999991
7,quant8,398,5.5930938720703125,118091376.0,4.0
7,celo,399,6.817424774169922,473552352.0,1.0
7,prune_50,399,6.9091901779174805,236776176.0,2.0
7,prune_75,399,7.109026908874512,118388088.0,4.0
7,prune_99,399,10.833625793457031,473552.3520000004,999.9999999999991
7,quant8,399,7.002269268035889,118388088.0,4.0
7,celo,400,7.508963584899902,474739200.0,1.0
7,prune_50,400,7.571685314178467,237369600.0,2.0
7,prune_75,400,7.558159351348877,118684800.0,4.0
7,prune_99,400,11.037835121154785,474739.2000000004,999.9999999999991
7,quant8,400,7.551459789276123,118684800.0,4.0
7,celo,401,6.825360298156738,475926048.0,1.0
7,prune_50,401,6.831415176391602,237963024.0,2.0
7,prune_75,401,6.820041179656982,118981512.0,4.0
7,prune_99,401,10.658611297607422,475926.0480000004,999.9999999999991
7,quant8,401,6.767480850219727,118981512.0,4.0
7,celo,402,6.1478776931762695,477112896.0,1.0
7,prune_50,402,6.273709297180176,238556448.0,2.0
7,prune_75,402,6.169258117675781,119278224.0,4.0
7,prune_99,402,10.922409057617188,477112.8960000004,999.9999999999991
7,quant8,402,6.198453903198242,119278224.0,4.0
7,celo,403,7.261552810668945,478299744.0,1.0
7,prune_50,403,7.2400031089782715,239149872.0,2.0
7,prune_75,403,7.328867435455322,119574936.0,4.0
7,prune_99,403,10.869890213012695,478299.7440000004,999.9999999999991
7,quant8,403,7.370190620422363,119574936.0,4.0
7,celo,404,6.353633880615234,479486592.0,1.0
7,prune_50,404,6.335848808288574,239743296.0,2.0
7,prune_75,404,6.416374683380127,119871648.0,4.0
7,prune_99,404,10.509811401367188,479486.59200000047,999.9999999999991
7,quant8,404,6.46081018447876,119871648.0,4.0
7,celo,405,6.426552772521973,480673440.0,1.0
7,prune_50,405,6.485394477844238,240336720.0,2.0
7,prune_75,405,6.2530670166015625,120168360.0,4.0
7,prune_99,405,10.48764419555664,480673.44000000047,999.9999999999991
7,quant8,405,6.4896931648254395,120168360.0,4.0
7,celo,406,6.8161516189575195,481860288.0,1.0
7,prune_50,406,6.79559326171875,240930144.0,2.0
7,prune_75,406,6.689020156860352,120465072.0,4.0
7,prune_99,406,10.625751495361328,481860.28800000047,999.9999999999991
7,quant8,406,6.877250671386719,120465072.0,4.0
7,celo,407,7.301621437072754,483047136.0,1.0
7,prune_50,407,7.512329578399658,241523568.0,2.0
7,prune_75,407,7.496404647827148,120761784.0,4.0
7,prune_99,407,10.768550872802734,483047.13600000046,999.9999999999991
7,quant8,407,7.4086103439331055,120761784.0,4.0
7,celo,408,8.031578063964844,484233984.0,1.0
7,prune_50,408,8.04078197479248,242116992.0,2.0
7,prune_75,408,8.265621185302734,121058496.0,4.0
7,prune_99,408,10.965296745300293,484233.98400000046,999.9999999999991
7,quant8,408,8.01076889038086,121058496.0,4.0
7,celo,409,5.61867094039917,485420832.0,1.0
7,prune_50,409,5.711790561676025,242710416.0,2.0
7,prune_75,409,5.938415050506592,121355208.0,4.0
7,prune_99,409,10.661049842834473,485420.83200000046,999.9999999999991
7,quant8,409,5.72801399230957,121355208.0,4.0
7,celo,410,7.389906883239746,486607680.0,1.0
7,prune_50,410,7.491677284240723,243303840.0,2.0
7,prune_75,410,7.530558109283447,121651920.0,4.0
7,prune_99,410,10.707284927368164,486607.68000000046,999.9999999999991
7,quant8,410,7.416003704071045,121651920.0,4.0
7,celo,411,7.322722434997559,487794528.0,1.0
7,prune_50,411,7.302168846130371,243897264.0,2.0
7,prune_75,411,7.402761459350586,121948632.0,4.0
7,prune_99,411,10.61763858795166,487794.52800000046,999.9999999999991
7,quant8,411,7.329018592834473,121948632.0,4.0
7,celo,412,7.02077579498291,488981376.0,1.0
7,prune_50,412,7.1982808113098145,244490688.0,2.0
7,prune_75,412,7.303305149078369,122245344.0,4.0
7,prune_99,412,10.80933952331543,488981.37600000045,999.9999999999991
7,quant8,412,6.989681243896484,122245344.0,4.0
7,celo,413,7.163207054138184,490168224.0,1.0
7,prune_50,413,6.914725303649902,245084112.0,2.0
7,prune_75,413,7.124879360198975,122542056.0,4.0
7,prune_99,413,10.716560363769531,490168.22400000045,999.9999999999991
7,quant8,413,7.0801920890808105,122542056.0,4.0
7,celo,414,7.5616559982299805,491355072.0,1.0
7,prune_50,414,7.614658832550049,245677536.0,2.0
7,prune_75,414,7.641021728515625,122838768.0,4.0
7,prune_99,414,10.910111427307129,491355.07200000045,999.9999999999991
7,quant8,414,7.564820766448975,122838768.0,4.0
7,celo,415,6.11983585357666,492541920.0,1.0
7,prune_50,415,5.905858039855957,246270960.0,2.0
7,prune_75,415,6.087913513183594,123135480.0,4.0
7,prune_99,415,10.63589096069336,492541.92000000045,999.9999999999991
7,quant8,415,6.115170478820801,123135480.0,4.0
7,celo,416,5.467718124389648,493728768.0,1.0
7,prune_50,416,5.457681655883789,246864384.0,2.0
7,prune_75,416,5.573150157928467,123432192.0,4.0
7,prune_99,416,10.795980453491211,493728.76800000045,999.9999999999991
7,quant8,416,5.621626853942871,123432192.0,4.0
7,celo,417,7.6410231590271,494915616.0,1.0
7,prune_50,417,7.766082286834717,247457808.0,2.0
7,prune_75,417,7.672539710998535,123728904.0,4.0
7,prune_99,417,10.852869033813477,494915.61600000045,999.9999999999991
7,quant8,417,7.786823272705078,123728904.0,4.0
7,celo,418,7.978255271911621,496102464.0,1.0
7,prune_50,418,8.068132400512695,248051232.0,2.0
7,prune_75,418,8.182184219360352,124025616.0,4.0
7,prune_99,418,10.74496078491211,496102.46400000044,999.9999999999991
7,quant8,418,8.108457565307617,124025616.0,4.0
7,celo,419,7.459473133087158,497289312.0,1.0
7,prune_50,419,7.413437843322754,248644656.0,2.0
7,prune_75,419,7.268946170806885,124322328.0,4.0
7,prune_99,419,10.424896240234375,497289.31200000044,999.9999999999991
7,quant8,419,7.2925262451171875,124322328.0,4.0
7,celo,420,8.132584571838379,498476160.0,1.0
7,prune_50,420,8.240283012390137,249238080.0,2.0
7,prune_75,420,8.056517601013184,124619040.0,4.0
7,prune_99,420,10.481870651245117,498476.16000000044,999.9999999999991
7,quant8,420,8.250736236572266,124619040.0,4.0
7,celo,421,6.387980937957764,499663008.0,1.0
7,prune_50,421,6.412615776062012,249831504.0,2.0
7,prune_75,421,6.265871524810791,124915752.0,4.0
7,prune_99,421,10.638714790344238,499663.00800000044,999.9999999999991
7,quant8,421,6.23714542388916,124915752.0,4.0
7,celo,422,6.037909030914307,500849856.0,1.0
7,prune_50,422,6.185290336608887,250424928.0,2.0
7,prune_75,422,6.039722442626953,125212464.0,4.0
7,prune_99,422,10.754295349121094,500849.85600000044,999.9999999999991
7,quant8,422,6.011359691619873,125212464.0,4.0
7,celo,423,6.4279937744140625,502036704.0,1.0
7,prune_50,423,6.6630964279174805,251018352.0,2.0
7,prune_75,423,6.497296333312988,125509176.0,4.0
7,prune_99,423,10.666275024414062,502036.70400000043,999.9999999999991
7,quant8,423,6.438107967376709,125509176.0,4.0
7,celo,424,7.974385738372803,503223552.0,1.0
7,prune_50,424,7.991279125213623,251611776.0,2.0
7,prune_75,424,8.02842903137207,125805888.0,4.0
7,prune_99,424,10.647330284118652,503223.5520000005,999.9999999999991
7,quant8,424,8.037164688110352,125805888.0,4.0
7,celo,425,7.2108283042907715,504410400.0,1.0
7,prune_50,425,7.389894485473633,252205200.0,2.0
7,prune_75,425,7.182923316955566,126102600.0,4.0
7,prune_99,425,10.80128002166748,504410.4000000005,999.9999999999991
7,quant8,425,7.201340675354004,126102600.0,4.0
7,celo,426,5.946842670440674,505597248.0,1.0
7,prune_50,426,5.891757488250732,252798624.0,2.0
7,prune_75,426,6.1598005294799805,126399312.0,4.0
7,prune_99,426,10.55853271484375,505597.2480000005,999.9999999999991
7,quant8,426,5.960664749145508,126399312.0,4.0
7,celo,427,7.051261901855469,506784096.0,1.0
7,prune_50,427,7.089605331420898,253392048.0,2.0
7,prune_75,427,7.124547481536865,126696024.0,4.0
7,prune_99,427,10.948826789855957,506784.0960000005,999.9999999999991
7,quant8,427,7.040056228637695,126696024.0,4.0
7,celo,428,6.399718761444092,507970944.0,1.0
7,prune_50,428,6.590284824371338,253985472.0,2.0
7,prune_75,428,6.463642120361328,126992736.0,4.0
7,prune_99,428,10.814881324768066,507970.9440000005,999.9999999999991
7,quant8,428,6.603912830352783,126992736.0,4.0
7,celo,429,6.239331245422363,509157792.0,1.0
7,prune_50,429,6.307126998901367,254578896.0,2.0
7,prune_75,429,6.122462749481201,127289448.0,4.0
7,prune_99,429,10.583417892456055,509157.7920000005,999.9999999999991
7,quant8,429,6.2106122970581055,127289448.0,4.0
7,celo,430,6.132323741912842,510344640.0,1.0
7,prune_50,430,6.187671661376953,255172320.0,2.0
7,prune_75,430,6.302713394165039,127586160.0,4.0
7,prune_99,430,10.637283325195312,510344.6400000005,999.9999999999991
7,quant8,430,6.324851989746094,127586160.0,4.0
7,celo,431,6.978182792663574,511531488.0,1.0
7,prune_50,431,7.270069122314453,255765744.0,2.0
7,prune_75,431,7.160658836364746,127882872.0,4.0
7,prune_99,431,10.523457527160645,511531.4880000005,999.9999999999991
7,quant8,431,7.055093288421631,127882872.0,4.0
7,celo,432,5.762913703918457,512718336.0,1.0
7,prune_50,432,5.821476936340332,256359168.0,2.0
7,prune_75,432,5.804288387298584,128179584.0,4.0
7,prune_99,432,10.540563583374023,512718.3360000005,999.9999999999991
7,quant8,432,5.8298139572143555,128179584.0,4.0
7,celo,433,6.339588165283203,513905184.0,1.0
7,prune_50,433,6.290103435516357,256952592.0,2.0
7,prune_75,433,6.429594993591309,128476296.0,4.0
7,prune_99,433,11.004549026489258,513905.1840000005,999.9999999999991
7,quant8,433,6.358123779296875,128476296.0,4.0
7,celo,434,6.854811668395996,515092032.0,1.0
7,prune_50,434,7.0309553146362305,257546016.0,2.0
7,prune_75,434,6.8340959548950195,128773008.0,4.0
7,prune_99,434,10.722978591918945,515092.0320000005,999.9999999999991
7,quant8,434,6.9392476081848145,128773008.0,4.0
7,celo,435,6.492060661315918,516278880.0,1.0
7,prune_50,435,6.5781474113464355,258139440.0,2.0
7,prune_75,435,6.555646896362305,129069720.0,4.0
7,prune_99,435,10.85969352722168,516278.88000000047,999.9999999999991
7,quant8,435,6.401844024658203,129069720.0,4.0
7,celo,436,6.3347578048706055,517465728.0,1.0
7,prune_50,436,6.542856693267822,258732864.0,2.0
7,prune_75,436,6.4733781814575195,129366432.0,4.0
7,prune_99,436,10.906614303588867,517465.72800000047,999.9999999999991
7,quant8,436,6.546525001525879,129366432.0,4.0
7,celo,437,6.677408218383789,518652576.0,1.0
7,prune_50,437,6.817450523376465,259326288.0,2.0
7,prune_75,437,6.925602912902832,129663144.0,4.0
7,prune_99,437,10.747551918029785,518652.57600000047,999.9999999999991
7,quant8,437,6.699438095092773,129663144.0,4.0
7,celo,438,7.137870788574219,519839424.0,1.0
7,prune_50,438,7.324428558349609,259919712.0,2.0
7,prune_75,438,7.1981401443481445,129959856.0,4.0
7,prune_99,438,10.631305694580078,519839.42400000046,999.9999999999991
7,quant8,438,7.233283519744873,129959856.0,4.0
7,celo,439,6.7329535484313965,521026272.0,1.0
7,prune_50,439,6.727563381195068,260513136.0,2.0
7,prune_75,439,6.652955055236816,130256568.0,4.0
7,prune_99,439,10.720020294189453,521026.27200000046,999.9999999999991
7,quant8,439,6.757216453552246,130256568.0,4.0
7,celo,440,7.837613582611084,522213120.0,1.0
7,prune_50,440,7.924819469451904,261106560.0,2.0
7,prune_75,440,7.975698471069336,130553280.0,4.0
7,prune_99,440,10.780346870422363,522213.12000000046,999.9999999999991
7,quant8,440,7.906348705291748,130553280.0,4.0
7,celo,441,6.65939998626709,523399968.0,1.0
7,prune_50,441,6.818576812744141,261699984.0,2.0
7,prune_75,441,6.800520896911621,130849992.0,4.0
7,prune_99,441,10.866209030151367,523399.96800000046,999.9999999999991
7,quant8,441,6.88278341293335,130849992.0,4.0
7,celo,442,6.311319351196289,524586816.0,1.0
7,prune_50,442,6.559186935424805,262293408.0,2.0
7,prune_75,442,6.418116569519043,131146704.0,4.0
7,prune_99,442,10.619693756103516,524586.8160000005,999.9999999999991
7,quant8,442,6.45171594619751,131146704.0,4.0
7,celo,443,6.444870948791504,525773664.0,1.0
7,prune_50,443,6.452792644500732,262886832.0,2.0
7,prune_75,443,6.369585037231445,131443416.0,4.0
7,prune_99,443,10.872446060180664,525773.6640000005,999.9999999999991
7,quant8,443,6.33673095703125,131443416.0,4.0
7,celo,444,6.509927272796631,526960512.0,1.0
7,prune_50,444,6.639064788818359,263480256.0,2.0
7,prune_75,444,6.772640228271484,131740128.0,4.0
7,prune_99,444,10.79355239868164,526960.5120000005,999.9999999999991
7,quant8,444,6.673663139343262,131740128.0,4.0
7,celo,445,7.033988952636719,528147360.0,1.0
7,prune_50,445,6.963674068450928,264073680.0,2.0
7,prune_75,445,7.157698154449463,132036840.0,4.0
7,prune_99,445,10.866279602050781,528147.3600000005,999.9999999999991
7,quant8,445,7.03328800201416,132036840.0,4.0
7,celo,446,7.677155494689941,529334208.0,1.0
7,prune_50,446,7.85991907119751,264667104.0,2.0
7,prune_75,446,7.886126518249512,132333552.0,4.0
7,prune_99,446,10.687677383422852,529334.2080000004,999.9999999999991
7,quant8,446,7.793169975280762,132333552.0,4.0
7,celo,447,6.461987495422363,530521056.0,1.0
7,prune_50,447,6.364874362945557,265260528.0,2.0
7,prune_75,447,6.513553619384766,132630264.0,4.0
7,prune_99,447,10.9699125289917,530521.0560000004,999.9999999999991
7,quant8,447,6.403461933135986,132630264.0,4.0
7,celo,448,6.7018513679504395,531707904.0,1.0
7,prune_50,448,6.814241409301758,265853952.0,2.0
7,prune_75,448,6.7891998291015625,132926976.0,4.0
7,prune_99,448,10.932680130004883,531707.9040000004,999.9999999999991
7,quant8,448,6.782343864440918,132926976.0,4.0
7,celo,449,5.673778057098389,532894752.0,1.0
7,prune_50,449,5.820777893066406,266447376.0,2.0
7,prune_75,449,5.858369827270508,133223688.0,4.0
7,prune_99,449,11.028986930847168,532894.7520000004,999.9999999999991
7,quant8,449,5.8418684005737305,133223688.0,4.0
7,celo,450,6.173833847045898,534081600.0,1.0
7,prune_50,450,6.422335147857666,267040800.0,2.0
7,prune_75,450,6.210355758666992,133520400.0,4.0
7,prune_99,450,10.763431549072266,534081.6000000004,999.9999999999991
7,quant8,450,6.239396572113037,133520400.0,4.0
7,celo,451,6.286621570587158,535268448.0,1.0
7,prune_50,451,6.4249138832092285,267634224.0,2.0
7,prune_75,451,6.331356048583984,133817112.0,4.0
7,prune_99,451,10.871001243591309,535268.4480000004,999.9999999999991
7,quant8,451,6.206292152404785,133817112.0,4.0
7,celo,452,7.644445419311523,536455296.0,1.0
7,prune_50,452,7.600223541259766,268227648.0,2.0
7,prune_75,452,7.545948505401611,134113824.0,4.0
7,prune_99,452,10.722169876098633,536455.2960000004,999.9999999999991
7,quant8,452,7.444118499755859,134113824.0,4.0
7,celo,453,6.943615913391113,537642144.0,1.0
7,prune_50,453,7.013249397277832,268821072.0,2.0
7,prune_75,453,7.068364143371582,134410536.0,4.0
7,prune_99,453,10.820084571838379,537642.1440000006,999.9999999999991
7,quant8,453,6.874956130981445,134410536.0,4.0
7,celo,454,6.658071041107178,538828992.0,1.0
7,prune_50,454,6.803369522094727,269414496.0,2.0
7,prune_75,454,6.67399263381958,134707248.0,4.0
7,prune_99,454,10.478693008422852,538828.9920000006,999.9999999999991
7,quant8,454,6.790640830993652,134707248.0,4.0
7,celo,455,6.639220237731934,540015840.0,1.0
7,prune_50,455,6.801890850067139,270007920.0,2.0
7,prune_75,455,6.697908878326416,135003960.0,4.0
7,prune_99,455,10.727567672729492,540015.8400000005,999.9999999999991
7,quant8,455,6.444809913635254,135003960.0,4.0
7,celo,456,6.094015121459961,541202688.0,1.0
7,prune_50,456,6.213261604309082,270601344.0,2.0
7,prune_75,456,6.205881118774414,135300672.0,4.0
7,prune_99,456,10.571988105773926,541202.6880000005,999.9999999999991
7,quant8,456,6.195801734924316,135300672.0,4.0
7,celo,457,7.455655097961426,542389536.0,1.0
7,prune_50,457,7.573596954345703,271194768.0,2.0
7,prune_75,457,7.385741710662842,135597384.0,4.0
7,prune_99,457,10.393726348876953,542389.5360000005,999.9999999999991
7,quant8,457,7.564365386962891,135597384.0,4.0
7,celo,458,7.387437343597412,543576384.0,1.0
7,prune_50,458,7.368098258972168,271788192.0,2.0
7,prune_75,458,7.540575981140137,135894096.0,4.0
7,prune_99,458,10.834732055664062,543576.3840000005,999.9999999999991
7,quant8,458,7.515141010284424,135894096.0,4.0
7,celo,459,6.722633361816406,544763232.0,1.0
7,prune_50,459,6.816044807434082,272381616.0,2.0
7,prune_75,459,6.588197231292725,136190808.0,4.0
7,prune_99,459,10.59492301940918,544763.2320000005,999.9999999999991
7,quant8,459,6.616382598876953,136190808.0,4.0
7,celo,460,7.392110347747803,545950080.0,1.0
7,prune_50,460,7.671413421630859,272975040.0,2.0
7,prune_75,460,7.637661457061768,136487520.0,4.0
7,prune_99,460,10.941668510437012,545950.0800000005,999.9999999999991
7,quant8,460,7.599519729614258,136487520.0,4.0
7,celo,461,6.815397262573242,547136928.0,1.0
7,prune_50,461,6.779499530792236,273568464.0,2.0
7,prune_75,461,6.891382217407227,136784232.0,4.0
7,prune_99,461,10.826480865478516,547136.9280000005,999.9999999999991
7,quant8,461,6.775689125061035,136784232.0,4.0
7,celo,462,7.451844215393066,548323776.0,1.0
7,prune_50,462,7.681732654571533,274161888.0,2.0
7,prune_75,462,7.624607086181641,137080944.0,4.0
7,prune_99,462,10.827285766601562,548323.7760000005,999.9999999999991
7,quant8,462,7.627300262451172,137080944.0,4.0
7,celo,463,6.791684627532959,549510624.0,1.0
7,prune_50,463,7.028749465942383,274755312.0,2.0
7,prune_75,463,6.690528869628906,137377656.0,4.0
7,prune_99,463,10.688720703125,549510.6240000005,999.9999999999991
7,quant8,463,6.950221538543701,137377656.0,4.0
7,celo,464,6.61137056350708,550697472.0,1.0
7,prune_50,464,6.538687705993652,275348736.0,2.0
7,prune_75,464,6.596352577209473,137674368.0,4.0
7,prune_99,464,10.41551399230957,550697.4720000005,999.9999999999991
7,quant8,464,6.641794204711914,137674368.0,4.0
7,celo,465,6.674610614776611,551884320.0,1.0
7,prune_50,465,6.740267753601074,275942160.0,2.0
7,prune_75,465,6.9553046226501465,137971080.0,4.0
7,prune_99,465,10.729188919067383,551884.3200000005,999.9999999999991
7,quant8,465,6.641590118408203,137971080.0,4.0
7,celo,466,6.665709018707275,553071168.0,1.0
7,prune_50,466,6.629948616027832,276535584.0,2.0
7,prune_75,466,6.6915388107299805,138267792.0,4.0
7,prune_99,466,10.775568008422852,553071.1680000005,999.9999999999991
7,quant8,466,6.631070613861084,138267792.0,4.0
7,celo,467,6.928035259246826,554258016.0,1.0
7,prune_50,467,6.934566497802734,277129008.0,2.0
7,prune_75,467,6.907934188842773,138564504.0,4.0
7,prune_99,467,10.494549751281738,554258.0160000005,999.9999999999991
7,quant8,467,6.952773571014404,138564504.0,4.0
7,celo,468,7.737077713012695,555444864.0,1.0
7,prune_50,468,7.957578659057617,277722432.0,2.0
7,prune_75,468,7.8216352462768555,138861216.0,4.0
7,prune_99,468,10.584402084350586,555444.8640000005,999.9999999999991
7,quant8,468,7.669397354125977,138861216.0,4.0
7,celo,469,7.570554256439209,556631712.0,1.0
7,prune_50,469,7.73349666595459,278315856.0,2.0
7,prune_75,469,7.671404838562012,139157928.0,4.0
7,prune_99,469,10.27978515625,556631.7120000005,999.9999999999991
7,quant8,469,7.635528564453125,139157928.0,4.0
7,celo,470,5.74772834777832,557818560.0,1.0
7,prune_50,470,5.765529155731201,278909280.0,2.0
7,prune_75,470,5.718626976013184,139454640.0,4.0
7,prune_99,470,10.821813583374023,557818.5600000005,999.9999999999991
7,quant8,470,5.733055591583252,139454640.0,4.0
7,celo,471,6.504181385040283,559005408.0,1.0
7,prune_50,471,6.479223251342773,279502704.0,2.0
7,prune_75,471,6.591302394866943,139751352.0,4.0
7,prune_99,471,10.818584442138672,559005.4080000005,999.9999999999991
7,quant8,471,6.460709571838379,139751352.0,4.0
7,celo,472,7.366581916809082,560192256.0,1.0
7,prune_50,472,7.455026626586914,280096128.0,2.0
7,prune_75,472,7.427939414978027,140048064.0,4.0
7,prune_99,472,10.91304874420166,560192.2560000005,999.9999999999991
7,quant8,472,7.297645092010498,140048064.0,4.0
7,celo,473,6.4230194091796875,561379104.0,1.0
7,prune_50,473,6.520450115203857,280689552.0,2.0
7,prune_75,473,6.385187149047852,140344776.0,4.0
7,prune_99,473,10.881391525268555,561379.1040000005,999.9999999999991
7,quant8,473,6.491340160369873,140344776.0,4.0
7,celo,474,6.798067092895508,562565952.0,1.0
7,prune_50,474,6.707649230957031,281282976.0,2.0
7,prune_75,474,6.668115615844727,140641488.0,4.0
7,prune_99,474,10.846715927124023,562565.9520000005,999.9999999999991
7,quant8,474,6.709366798400879,140641488.0,4.0
7,celo,475,6.70947265625,563752800.0,1.0
7,prune_50,475,6.85880184173584,281876400.0,2.0
7,prune_75,475,6.852237701416016,140938200.0,4.0
7,prune_99,475,10.650798797607422,563752.8000000005,999.9999999999991
7,quant8,475,6.675187110900879,140938200.0,4.0
7,celo,476,6.932194709777832,564939648.0,1.0
7,prune_50,476,6.904757499694824,282469824.0,2.0
7,prune_75,476,7.072853088378906,141234912.0,4.0
7,prune_99,476,10.514392852783203,564939.6480000005,999.9999999999991
7,quant8,476,7.004699230194092,141234912.0,4.0
7,celo,477,6.982447624206543,566126496.0,1.0
7,prune_50,477,7.0999932289123535,283063248.0,2.0
7,prune_75,477,6.993481159210205,141531624.0,4.0
7,prune_99,477,10.770874977111816,566126.4960000005,999.9999999999991
7,quant8,477,6.926117420196533,141531624.0,4.0
7,celo,478,5.844159126281738,567313344.0,1.0
7,prune_50,478,5.94085693359375,283656672.0,2.0
7,prune_75,478,5.675479888916016,141828336.0,4.0
7,prune_99,478,10.665777206420898,567313.3440000005,999.9999999999991
7,quant8,478,5.627344131469727,141828336.0,4.0
7,celo,479,6.367038249969482,568500192.0,1.0
7,prune_50,479,6.524721145629883,284250096.0,2.0
7,prune_75,479,6.454123497009277,142125048.0,4.0
7,prune_99,479,10.802335739135742,568500.1920000005,999.9999999999991
7,quant8,479,6.295743465423584,142125048.0,4.0
7,celo,480,6.763455390930176,569687040.0,1.0
7,prune_50,480,6.699596881866455,284843520.0,2.0
7,prune_75,480,6.74854850769043,142421760.0,4.0
7,prune_99,480,10.808147430419922,569687.0400000005,999.9999999999991
7,quant8,480,6.8425068855285645,142421760.0,4.0
7,celo,481,7.20667839050293,570873888.0,1.0
7,prune_50,481,7.280972480773926,285436944.0,2.0
7,prune_75,481,7.11782693862915,142718472.0,4.0
7,prune_99,481,10.626852035522461,570873.8880000005,999.9999999999991
7,quant8,481,7.165119171142578,142718472.0,4.0
7,celo,482,7.304311275482178,572060736.0,1.0
7,prune_50,482,7.50754976272583,286030368.0,2.0
7,prune_75,482,7.28847074508667,143015184.0,4.0
7,prune_99,482,10.613045692443848,572060.7360000005,999.9999999999991
7,quant8,482,7.418369770050049,143015184.0,4.0
7,celo,483,7.820271015167236,573247584.0,1.0
7,prune_50,483,7.8932952880859375,286623792.0,2.0
7,prune_75,483,7.837110996246338,143311896.0,4.0
7,prune_99,483,10.836429595947266,573247.5840000005,999.9999999999991
7,quant8,483,7.614159107208252,143311896.0,4.0
7,celo,484,6.9620161056518555,574434432.0,1.0
7,prune_50,484,6.9811601638793945,287217216.0,2.0
7,prune_75,484,7.033000946044922,143608608.0,4.0
7,prune_99,484,10.72167682647705,574434.4320000005,999.9999999999991
7,quant8,484,6.970921993255615,143608608.0,4.0
7,celo,485,7.660743713378906,575621280.0,1.0
7,prune_50,485,7.742038249969482,287810640.0,2.0
7,prune_75,485,7.7465434074401855,143905320.0,4.0
7,prune_99,485,10.752456665039062,575621.2800000005,999.9999999999991
7,quant8,485,7.664222717285156,143905320.0,4.0
7,celo,486,5.955488204956055,576808128.0,1.0
7,prune_50,486,6.026729583740234,288404064.0,2.0
7,prune_75,486,5.834479331970215,144202032.0,4.0
7,prune_99,486,10.731223106384277,576808.1280000005,999.9999999999991
7,quant8,486,5.835238933563232,144202032.0,4.0
7,celo,487,7.3439154624938965,577994976.0,1.0
7,prune_50,487,7.3453569412231445,288997488.0,2.0
7,prune_75,487,7.450128555297852,144498744.0,4.0
7,prune_99,487,10.513198852539062,577994.9760000005,999.9999999999991
7,quant8,487,7.585475444793701,144498744.0,4.0
7,celo,488,5.666054725646973,579181824.0,1.0
7,prune_50,488,5.7154083251953125,289590912.0,2.0
7,prune_75,488,5.752765655517578,144795456.0,4.0
7,prune_99,488,10.717144012451172,579181.8240000005,999.9999999999991
7,quant8,488,5.536316394805908,144795456.0,4.0
7,celo,489,6.205219268798828,580368672.0,1.0
7,prune_50,489,6.233896255493164,290184336.0,2.0
7,prune_75,489,6.057656764984131,145092168.0,4.0
7,prune_99,489,10.62861156463623,580368.6720000005,999.9999999999991
7,quant8,489,5.9607696533203125,145092168.0,4.0
7,celo,490,7.530341148376465,581555520.0,1.0
7,prune_50,490,7.554349899291992,290777760.0,2.0
7,prune_75,490,7.74317741394043,145388880.0,4.0
7,prune_99,490,10.977489471435547,581555.5200000005,999.9999999999991
7,quant8,490,7.593120098114014,145388880.0,4.0
7,celo,491,7.441580772399902,582742368.0,1.0
7,prune_50,491,7.466423511505127,291371184.0,2.0
7,prune_75,491,7.307089805603027,145685592.0,4.0
7,prune_99,491,10.709108352661133,582742.3680000005,999.9999999999991
7,quant8,491,7.356165885925293,145685592.0,4.0
7,celo,492,8.214293479919434,583929216.0,1.0
7,prune_50,492,8.20522689819336,291964608.0,2.0
7,prune_75,492,8.153324127197266,145982304.0,4.0
7,prune_99,492,10.790875434875488,583929.2160000005,999.9999999999991
7,quant8,492,8.280433654785156,145982304.0,4.0
7,celo,493,7.410286903381348,585116064.0,1.0
7,prune_50,493,7.497706413269043,292558032.0,2.0
7,prune_75,493,7.4323811531066895,146279016.0,4.0
7,prune_99,493,11.047231674194336,585116.0640000006,999.9999999999991
7,quant8,493,7.398353576660156,146279016.0,4.0
7,celo,494,6.91290283203125,586302912.0,1.0
7,prune_50,494,6.994004249572754,293151456.0,2.0
7,prune_75,494,6.930625915527344,146575728.0,4.0
7,prune_99,494,10.720939636230469,586302.9120000006,999.9999999999991
7,quant8,494,6.974457263946533,146575728.0,4.0
7,celo,495,6.531186103820801,587489760.0,1.0
7,prune_50,495,6.545807838439941,293744880.0,2.0
7,prune_75,495,6.377480506896973,146872440.0,4.0
7,prune_99,495,10.309789657592773,587489.7600000006,999.9999999999991
7,quant8,495,6.561644554138184,146872440.0,4.0
7,celo,496,7.179598331451416,588676608.0,1.0
7,prune_50,496,7.356571197509766,294338304.0,2.0
7,prune_75,496,7.410754203796387,147169152.0,4.0
7,prune_99,496,10.776859283447266,588676.6080000006,999.9999999999991
7,quant8,496,7.186180114746094,147169152.0,4.0
7,celo,497,6.5197529792785645,589863456.0,1.0
7,prune_50,497,6.579318046569824,294931728.0,2.0
7,prune_75,497,6.548593997955322,147465864.0,4.0
7,prune_99,497,10.706254005432129,589863.4560000006,999.9999999999991
7,quant8,497,6.53790807723999,147465864.0,4.0
7,celo,498,7.03798770904541,591050304.0,1.0
7,prune_50,498,6.944514274597168,295525152.0,2.0
7,prune_75,498,6.953019142150879,147762576.0,4.0
7,prune_99,498,10.588848114013672,591050.3040000006,999.9999999999991
7,quant8,498,6.917665481567383,147762576.0,4.0
7,celo,499,7.028550148010254,592237152.0,1.0
7,prune_50,499,7.059554100036621,296118576.0,2.0
7,prune_75,499,7.079505443572998,148059288.0,4.0
7,prune_99,499,10.54135799407959,592237.1520000006,999.9999999999991
7,quant8,499,7.068349838256836,148059288.0,4.0
7,celo,500,6.9217071533203125,593424000.0,1.0
7,prune_50,500,6.983799457550049,296712000.0,2.0
7,prune_75,500,6.780137062072754,148356000.0,4.0
7,prune_99,500,10.789886474609375,593424.0000000006,999.9999999999991
7,quant8,500,6.821218490600586,148356000.0,4.0
7,celo,501,6.205883979797363,594610848.0,1.0
7,prune_50,501,6.186042785644531,297305424.0,2.0
7,prune_75,501,6.283972263336182,148652712.0,4.0
7,prune_99,501,10.826377868652344,594610.8480000006,999.9999999999991
7,quant8,501,6.230982780456543,148652712.0,4.0
7,celo,502,7.243563652038574,595797696.0,1.0
7,prune_50,502,7.106377124786377,297898848.0,2.0
7,prune_75,502,7.239850997924805,148949424.0,4.0
7,prune_99,502,10.706850051879883,595797.6960000006,999.9999999999991
7,quant8,502,6.880833625793457,148949424.0,4.0
7,celo,503,6.375833988189697,596984544.0,1.0
7,prune_50,503,6.466720104217529,298492272.0,2.0
7,prune_75,503,6.530331611633301,149246136.0,4.0
7,prune_99,503,10.709884643554688,596984.5440000006,999.9999999999991
7,quant8,503,6.280611515045166,149246136.0,4.0
7,celo,504,7.3340229988098145,598171392.0,1.0
7,prune_50,504,7.207318305969238,299085696.0,2.0
7,prune_75,504,7.085521221160889,149542848.0,4.0
7,prune_99,504,10.505380630493164,598171.3920000006,999.9999999999991
7,quant8,504,7.103559494018555,149542848.0,4.0
7,celo,505,7.2850823402404785,599358240.0,1.0
7,prune_50,505,7.308596611022949,299679120.0,2.0
7,prune_75,505,7.375822067260742,149839560.0,4.0
7,prune_99,505,10.654029846191406,599358.2400000006,999.9999999999991
7,quant8,505,7.3321146965026855,149839560.0,4.0
7,celo,506,6.265687942504883,600545088.0,1.0
7,prune_50,506,6.29680061340332,300272544.0,2.0
7,prune_75,506,6.197508811950684,150136272.0,4.0
7,prune_99,506,10.65124225616455,600545.0880000006,999.9999999999991
7,quant8,506,6.142764091491699,150136272.0,4.0
7,celo,507,6.718425273895264,601731936.0,1.0
7,prune_50,507,6.729070663452148,300865968.0,2.0
7,prune_75,507,6.754438877105713,150432984.0,4.0
7,prune_99,507,11.09058952331543,601731.9360000006,999.9999999999991
7,quant8,507,6.820560932159424,150432984.0,4.0
7,celo,508,6.755375385284424,602918784.0,1.0
7,prune_50,508,6.869293689727783,301459392.0,2.0
7,prune_75,508,6.946835517883301,150729696.0,4.0
7,prune_99,508,10.761528015136719,602918.7840000006,999.9999999999991
7,quant8,508,6.843508243560791,150729696.0,4.0
7,celo,509,7.047091484069824,604105632.0,1.0
7,prune_50,509,7.231081008911133,302052816.0,2.0
7,prune_75,509,7.167677879333496,151026408.0,4.0
7,prune_99,509,10.676026344299316,604105.6320000006,999.9999999999991
7,quant8,509,7.160113334655762,151026408.0,4.0
7,celo,510,6.094314098358154,605292480.0,1.0
7,prune_50,510,6.189064979553223,302646240.0,2.0
7,prune_75,510,6.234498977661133,151323120.0,4.0
7,prune_99,510,10.681314468383789,605292.4800000006,999.9999999999991
7,quant8,510,6.086179733276367,151323120.0,4.0
7,celo,511,5.985587120056152,606479328.0,1.0
7,prune_50,511,6.007233619689941,303239664.0,2.0
7,prune_75,511,5.973475456237793,151619832.0,4.0
7,prune_99,511,10.470563888549805,606479.3280000006,999.9999999999991
7,quant8,511,5.937502384185791,151619832.0,4.0
7,celo,512,6.737995147705078,607666176.0,1.0
7,prune_50,512,6.7121710777282715,303833088.0,2.0
7,prune_75,512,6.811501979827881,151916544.0,4.0
7,prune_99,512,10.815092086791992,607666.1760000006,999.9999999999991
7,quant8,512,6.462785720825195,151916544.0,4.0
7,celo,513,6.84517765045166,608853024.0,1.0
7,prune_50,513,6.731150150299072,304426512.0,2.0
7,prune_75,513,7.003269195556641,152213256.0,4.0
7,prune_99,513,10.85702133178711,608853.0240000006,999.9999999999991
7,quant8,513,6.905394554138184,152213256.0,4.0
7,celo,514,7.499056339263916,610039872.0,1.0
7,prune_50,514,7.390373229980469,305019936.0,2.0
7,prune_75,514,7.381626605987549,152509968.0,4.0
7,prune_99,514,10.79025936126709,610039.8720000006,999.9999999999991
7,quant8,514,7.431075096130371,152509968.0,4.0
7,celo,515,7.0625762939453125,611226720.0,1.0
7,prune_50,515,7.256235122680664,305613360.0,2.0
7,prune_75,515,7.209352016448975,152806680.0,4.0
7,prune_99,515,10.758808135986328,611226.7200000006,999.9999999999991
7,quant8,515,7.187466621398926,152806680.0,4.0
7,celo,516,7.821530342102051,612413568.0,1.0
7,prune_50,516,7.88758659362793,306206784.0,2.0
7,prune_75,516,7.939779281616211,153103392.0,4.0
7,prune_99,516,10.531261444091797,612413.5680000006,999.9999999999991
7,quant8,516,7.820960998535156,153103392.0,4.0
7,celo,517,6.080270767211914,613600416.0,1.0
7,prune_50,517,6.19852352142334,306800208.0,2.0
7,prune_75,517,6.071005821228027,153400104.0,4.0
7,prune_99,517,10.476966857910156,613600.4160000006,999.9999999999991
7,quant8,517,6.171074867248535,153400104.0,4.0
7,celo,518,6.843530654907227,614787264.0,1.0
7,prune_50,518,6.702961444854736,307393632.0,2.0
7,prune_75,518,6.677546501159668,153696816.0,4.0
7,prune_99,518,10.903019905090332,614787.2640000005,999.9999999999991
7,quant8,518,6.7954511642456055,153696816.0,4.0
7,celo,519,7.918902397155762,615974112.0,1.0
7,prune_50,519,7.785408020019531,307987056.0,2.0
7,prune_75,519,7.941553115844727,153993528.0,4.0
7,prune_99,519,10.623340606689453,615974.1120000005,999.9999999999991
7,quant8,519,7.808409690856934,153993528.0,4.0
7,celo,520,7.199271202087402,617160960.0,1.0
7,prune_50,520,7.421643257141113,308580480.0,2.0
7,prune_75,520,7.101434707641602,154290240.0,4.0
7,prune_99,520,10.731881141662598,617160.9600000005,999.9999999999991
7,quant8,520,7.1216583251953125,154290240.0,4.0
7,celo,521,7.3150787353515625,618347808.0,1.0
7,prune_50,521,7.282017230987549,309173904.0,2.0
7,prune_75,521,7.518149375915527,154586952.0,4.0
7,prune_99,521,10.805359840393066,618347.8080000005,999.9999999999991
7,quant8,521,7.468838691711426,154586952.0,4.0
7,celo,522,6.905168533325195,619534656.0,1.0
7,prune_50,522,6.939817428588867,309767328.0,2.0
7,prune_75,522,6.977325916290283,154883664.0,4.0
7,prune_99,522,11.109371185302734,619534.6560000005,999.9999999999991
7,quant8,522,6.788381099700928,154883664.0,4.0
7,celo,523,6.474180221557617,620721504.0,1.0
7,prune_50,523,6.530536651611328,310360752.0,2.0
7,prune_75,523,6.54695987701416,155180376.0,4.0
7,prune_99,523,10.890361785888672,620721.5040000005,999.9999999999991
7,quant8,523,6.698214054107666,155180376.0,4.0
7,celo,524,7.260549068450928,621908352.0,1.0
7,prune_50,524,7.291469573974609,310954176.0,2.0
7,prune_75,524,7.291187286376953,155477088.0,4.0
7,prune_99,524,10.694331169128418,621908.3520000005,999.9999999999991
7,quant8,524,7.121572017669678,155477088.0,4.0
7,celo,525,7.907226085662842,623095200.0,1.0
7,prune_50,525,7.871075630187988,311547600.0,2.0
7,prune_75,525,8.051861763000488,155773800.0,4.0
7,prune_99,525,10.449545860290527,623095.2000000005,999.9999999999991
7,quant8,525,7.828778266906738,155773800.0,4.0
7,celo,526,6.153317451477051,624282048.0,1.0
7,prune_50,526,6.227939128875732,312141024.0,2.0
7,prune_75,526,6.028046607971191,156070512.0,4.0
7,prune_99,526,10.56743335723877,624282.0480000005,999.9999999999991
7,quant8,526,6.26862907409668,156070512.0,4.0
7,celo,527,6.989587306976318,625468896.0,1.0
7,prune_50,527,6.922496795654297,312734448.0,2.0
7,prune_75,527,6.956197261810303,156367224.0,4.0
7,prune_99,527,10.727435111999512,625468.8960000005,999.9999999999991
7,quant8,527,7.0598039627075195,156367224.0,4.0
7,celo,528,6.974915981292725,626655744.0,1.0
7,prune_50,528,7.024630069732666,313327872.0,2.0
7,prune_75,528,7.135234832763672,156663936.0,4.0
7,prune_99,528,10.845869064331055,626655.7440000005,999.9999999999991
7,quant8,528,6.887269973754883,156663936.0,4.0
7,celo,529,5.775521278381348,627842592.0,1.0
7,prune_50,529,5.977509021759033,313921296.0,2.0
7,prune_75,529,5.964688301086426,156960648.0,4.0
7,prune_99,529,10.537210464477539,627842.5920000005,999.9999999999991
7,quant8,529,5.870941162109375,156960648.0,4.0
7,celo,530,6.00771427154541,629029440.0,1.0
7,prune_50,530,6.093554496765137,314514720.0,2.0
7,prune_75,530,5.9878129959106445,157257360.0,4.0
7,prune_99,530,10.793807983398438,629029.4400000005,999.9999999999991
7,quant8,530,5.92655611038208,157257360.0,4.0
7,celo,531,6.987727165222168,630216288.0,1.0
7,prune_50,531,6.933816432952881,315108144.0,2.0
7,prune_75,531,6.96823787689209,157554072.0,4.0
7,prune_99,531,10.539410591125488,630216.2880000005,999.9999999999991
7,quant8,531,6.945583343505859,157554072.0,4.0
7,celo,532,5.732544898986816,631403136.0,1.0
7,prune_50,532,5.927713871002197,315701568.0,2.0
7,prune_75,532,5.693624019622803,157850784.0,4.0
7,prune_99,532,10.656637191772461,631403.1360000006,999.9999999999991
7,quant8,532,5.9767961502075195,157850784.0,4.0
7,celo,533,7.06158447265625,632589984.0,1.0
7,prune_50,533,7.005897521972656,316294992.0,2.0
7,prune_75,533,7.258703231811523,158147496.0,4.0
7,prune_99,533,10.756563186645508,632589.9840000006,999.9999999999991
7,quant8,533,7.120043754577637,158147496.0,4.0
7,celo,534,6.406735420227051,633776832.0,1.0
7,prune_50,534,6.462484359741211,316888416.0,2.0
7,prune_75,534,6.4717912673950195,158444208.0,4.0
7,prune_99,534,10.72486400604248,633776.8320000006,999.9999999999991
7,quant8,534,6.341094970703125,158444208.0,4.0
7,celo,535,6.190968990325928,634963680.0,1.0
7,prune_50,535,6.214170932769775,317481840.0,2.0
7,prune_75,535,6.272815704345703,158740920.0,4.0
7,prune_99,535,10.68864631652832,634963.6800000006,999.9999999999991
7,quant8,535,6.182208061218262,158740920.0,4.0
7,celo,536,6.593487739562988,636150528.0,1.0
7,prune_50,536,6.672851085662842,318075264.0,2.0
7,prune_75,536,6.604405403137207,159037632.0,4.0
7,prune_99,536,10.856029510498047,636150.5280000006,999.9999999999991
7,quant8,536,6.873289108276367,159037632.0,4.0
7,celo,537,6.582772731781006,637337376.0,1.0
7,prune_50,537,6.404197692871094,318668688.0,2.0
7,prune_75,537,6.68420934677124,159334344.0,4.0
7,prune_99,537,10.867864608764648,637337.3760000006,999.9999999999991
7,quant8,537,6.541970252990723,159334344.0,4.0
7,celo,538,7.195272445678711,638524224.0,1.0
7,prune_50,538,7.3373494148254395,319262112.0,2.0
7,prune_75,538,7.356197357177734,159631056.0,4.0
7,prune_99,538,10.837207794189453,638524.2240000006,999.9999999999991
7,quant8,538,7.230433464050293,159631056.0,4.0
7,celo,539,7.031759262084961,639711072.0,1.0
7,prune_50,539,7.110958099365234,319855536.0,2.0
7,prune_75,539,7.0147504806518555,159927768.0,4.0
7,prune_99,539,10.82319450378418,639711.0720000006,999.9999999999991
7,quant8,539,6.971584796905518,159927768.0,4.0
7,celo,540,5.413880825042725,640897920.0,1.0
7,prune_50,540,5.555564880371094,320448960.0,2.0
7,prune_75,540,5.547461986541748,160224480.0,4.0
7,prune_99,540,11.050609588623047,640897.9200000006,999.9999999999991
7,quant8,540,5.5328874588012695,160224480.0,4.0
7,celo,541,6.657148361206055,642084768.0,1.0
7,prune_50,541,6.73641300201416,321042384.0,2.0
7,prune_75,541,6.727910041809082,160521192.0,4.0
7,prune_99,541,10.691001892089844,642084.7680000006,999.9999999999991
7,quant8,541,6.5733184814453125,160521192.0,4.0
7,celo,542,7.001855850219727,643271616.0,1.0
7,prune_50,542,7.031197547912598,321635808.0,2.0
7,prune_75,542,7.167720794677734,160817904.0,4.0
7,prune_99,542,10.740242958068848,643271.6160000006,999.9999999999991
7,quant8,542,7.114587783813477,160817904.0,4.0
7,celo,543,6.746085166931152,644458464.0,1.0
7,prune_50,543,6.762020111083984,322229232.0,2.0
7,prune_75,543,6.902395248413086,161114616.0,4.0
7,prune_99,543,10.875885009765625,644458.4640000006,999.9999999999991
7,quant8,543,6.690083980560303,161114616.0,4.0
7,celo,544,5.9638590812683105,645645312.0,1.0
7,prune_50,544,5.968847274780273,322822656.0,2.0
7,prune_75,544,6.138622760772705,161411328.0,4.0
7,prune_99,544,10.825447082519531,645645.3120000006,999.9999999999991
7,quant8,544,6.091336250305176,161411328.0,4.0
7,celo,545,5.956433296203613,646832160.0,1.0
7,prune_50,545,6.141849040985107,323416080.0,2.0
7,prune_75,545,6.104823112487793,161708040.0,4.0
7,prune_99,545,10.954039573669434,646832.1600000006,999.9999999999991
7,quant8,545,5.923397541046143,161708040.0,4.0
7,celo,546,7.125734806060791,648019008.0,1.0
7,prune_50,546,7.120755672454834,324009504.0,2.0
7,prune_75,546,7.196078300476074,162004752.0,4.0
7,prune_99,546,10.886421203613281,648019.0080000006,999.9999999999991
7,quant8,546,7.181307792663574,162004752.0,4.0
7,celo,547,7.3134918212890625,649205856.0,1.0
7,prune_50,547,7.389105796813965,324602928.0,2.0
7,prune_75,547,7.445744037628174,162301464.0,4.0
7,prune_99,547,10.879793167114258,649205.8560000006,999.9999999999991
7,quant8,547,7.347405910491943,162301464.0,4.0
7,celo,548,8.416083335876465,650392704.0,1.0
7,prune_50,548,8.335542678833008,325196352.0,2.0
7,prune_75,548,8.62641429901123,162598176.0,4.0
7,prune_99,548,10.793825149536133,650392.7040000006,999.9999999999991
7,quant8,548,8.47634506225586,162598176.0,4.0
7,celo,549,7.548271656036377,651579552.0,1.0
7,prune_50,549,7.538520336151123,325789776.0,2.0
7,prune_75,549,7.621147155761719,162894888.0,4.0
7,prune_99,549,10.760660171508789,651579.5520000006,999.9999999999991
7,quant8,549,7.496901512145996,162894888.0,4.0
7,celo,550,7.6815104484558105,652766400.0,1.0
7,prune_50,550,7.684757709503174,326383200.0,2.0
7,prune_75,550,7.700754165649414,163191600.0,4.0
7,prune_99,550,10.556312561035156,652766.4000000006,999.9999999999991
7,quant8,550,7.67478084564209,163191600.0,4.0
7,celo,551,7.129400253295898,653953248.0,1.0
7,prune_50,551,7.176107406616211,326976624.0,2.0
7,prune_75,551,7.174070358276367,163488312.0,4.0
7,prune_99,551,10.71554183959961,653953.2480000006,999.9999999999991
7,quant8,551,7.154148101806641,163488312.0,4.0
7,celo,552,7.4246907234191895,655140096.0,1.0
7,prune_50,552,7.443289756774902,327570048.0,2.0
7,prune_75,552,7.554012298583984,163785024.0,4.0
7,prune_99,552,10.836955070495605,655140.0960000006,999.9999999999991
7,quant8,552,7.430171012878418,163785024.0,4.0
7,celo,553,6.151215553283691,656326944.0,1.0
7,prune_50,553,6.345685005187988,328163472.0,2.0
7,prune_75,553,6.185582160949707,164081736.0,4.0
7,prune_99,553,10.600788116455078,656326.9440000006,999.9999999999991
7,quant8,553,6.253182411193848,164081736.0,4.0
7,celo,554,6.383023262023926,657513792.0,1.0
7,prune_50,554,6.548863410949707,328756896.0,2.0
7,prune_75,554,6.3476667404174805,164378448.0,4.0
7,prune_99,554,10.640905380249023,657513.7920000006,999.9999999999991
7,quant8,554,6.319382667541504,164378448.0,4.0
7,celo,555,7.581220626831055,658700640.0,1.0
7,prune_50,555,7.597620487213135,329350320.0,2.0
7,prune_75,555,7.599368095397949,164675160.0,4.0
7,prune_99,555,10.8507719039917,658700.6400000006,999.9999999999991
7,quant8,555,7.536940574645996,164675160.0,4.0
7,celo,556,6.718349456787109,659887488.0,1.0
7,prune_50,556,6.875761985778809,329943744.0,2.0
7,prune_75,556,6.684443473815918,164971872.0,4.0
7,prune_99,556,10.699631690979004,659887.4880000006,999.9999999999991
7,quant8,556,6.821705341339111,164971872.0,4.0
7,celo,557,6.244592189788818,661074336.0,1.0
7,prune_50,557,6.461299419403076,330537168.0,2.0
7,prune_75,557,6.341443061828613,165268584.0,4.0
7,prune_99,557,10.634315490722656,661074.3360000006,999.9999999999991
7,quant8,557,6.3044610023498535,165268584.0,4.0
7,celo,558,7.478968620300293,662261184.0,1.0
7,prune_50,558,7.41650390625,331130592.0,2.0
7,prune_75,558,7.3735032081604,165565296.0,4.0
7,prune_99,558,10.755121231079102,662261.1840000006,999.9999999999991
7,quant8,558,7.456099510192871,165565296.0,4.0
7,celo,559,6.692667007446289,663448032.0,1.0
7,prune_50,559,6.760059356689453,331724016.0,2.0
7,prune_75,559,6.742083549499512,165862008.0,4.0
7,prune_99,559,10.65731430053711,663448.0320000006,999.9999999999991
7,quant8,559,6.756021022796631,165862008.0,4.0
7,celo,560,7.999327659606934,664634880.0,1.0
7,prune_50,560,8.148094177246094,332317440.0,2.0
7,prune_75,560,8.37379264831543,166158720.0,4.0
7,prune_99,560,10.56079387664795,664634.8800000006,999.9999999999991
7,quant8,560,8.101011276245117,166158720.0,4.0
7,celo,561,7.201009750366211,665821728.0,1.0
7,prune_50,561,7.25881814956665,332910864.0,2.0
7,prune_75,561,7.231999397277832,166455432.0,4.0
7,prune_99,561,10.723204612731934,665821.7280000006,999.9999999999991
7,quant8,561,7.168160438537598,166455432.0,4.0
7,celo,562,7.294250011444092,667008576.0,1.0
7,prune_50,562,7.384225845336914,333504288.0,2.0
7,prune_75,562,7.429853439331055,166752144.0,4.0
7,prune_99,562,10.662440299987793,667008.5760000006,999.9999999999991
7,quant8,562,7.270626068115234,166752144.0,4.0
7,celo,563,7.855592727661133,668195424.0,1.0
7,prune_50,563,7.966439723968506,334097712.0,2.0
7,prune_75,563,7.913778305053711,167048856.0,4.0
7,prune_99,563,10.646791458129883,668195.4240000006,999.9999999999991
7,quant8,563,7.7823486328125,167048856.0,4.0
7,celo,564,7.557136535644531,669382272.0,1.0
7,prune_50,564,7.519205093383789,334691136.0,2.0
7,prune_75,564,7.392115592956543,167345568.0,4.0
7,prune_99,564,10.567930221557617,669382.2720000006,999.9999999999991
7,quant8,564,7.389719009399414,167345568.0,4.0
7,celo,565,7.016382217407227,670569120.0,1.0
7,prune_50,565,7.197703838348389,335284560.0,2.0
7,prune_75,565,7.131565570831299,167642280.0,4.0
7,prune_99,565,10.621590614318848,670569.1200000006,999.9999999999991
7,quant8,565,6.945796012878418,167642280.0,4.0
7,celo,566,7.088463306427002,671755968.0,1.0
7,prune_50,566,7.058412551879883,335877984.0,2.0
7,prune_75,566,7.068024635314941,167938992.0,4.0
7,prune_99,566,10.778573989868164,671755.9680000006,999.9999999999991
7,quant8,566,7.109855651855469,167938992.0,4.0
7,celo,567,7.369169235229492,672942816.0,1.0
7,prune_50,567,7.563329696655273,336471408.0,2.0
7,prune_75,567,7.48319149017334,168235704.0,4.0
7,prune_99,567,10.670679092407227,672942.8160000006,999.9999999999991
7,quant8,567,7.5020647048950195,168235704.0,4.0
7,celo,568,7.656215667724609,674129664.0,1.0
7,prune_50,568,7.644847869873047,337064832.0,2.0
7,prune_75,568,7.654666423797607,168532416.0,4.0
7,prune_99,568,10.758184432983398,674129.6640000006,999.9999999999991
7,quant8,568,7.692595481872559,168532416.0,4.0
7,celo,569,6.383391380310059,675316512.0,1.0
7,prune_50,569,6.595424652099609,337658256.0,2.0
7,prune_75,569,6.638314247131348,168829128.0,4.0
7,prune_99,569,10.672985076904297,675316.5120000006,999.9999999999991
7,quant8,569,6.581653118133545,168829128.0,4.0
7,celo,570,7.304266929626465,676503360.0,1.0
7,prune_50,570,7.226204872131348,338251680.0,2.0
7,prune_75,570,7.186145782470703,169125840.0,4.0
7,prune_99,570,10.627852439880371,676503.3600000006,999.9999999999991
7,quant8,570,7.109539031982422,169125840.0,4.0
7,celo,571,7.391302585601807,677690208.0,1.0
7,prune_50,571,7.231682777404785,338845104.0,2.0
7,prune_75,571,7.314993858337402,169422552.0,4.0
7,prune_99,571,10.88501262664795,677690.2080000006,999.9999999999991
7,quant8,571,7.34048318862915,169422552.0,4.0
7,celo,572,6.842642307281494,678877056.0,1.0
7,prune_50,572,6.840787887573242,339438528.0,2.0
7,prune_75,572,6.855266571044922,169719264.0,4.0
7,prune_99,572,10.789592742919922,678877.0560000007,999.9999999999991
7,quant8,572,6.77813196182251,169719264.0,4.0
7,celo,573,6.173643112182617,680063904.0,1.0
7,prune_50,573,6.131840705871582,340031952.0,2.0
7,prune_75,573,6.242971897125244,170015976.0,4.0
7,prune_99,573,10.713277816772461,680063.9040000007,999.9999999999991
7,quant8,573,6.216962814331055,170015976.0,4.0
7,celo,574,6.2154645919799805,681250752.0,1.0
7,prune_50,574,6.118430137634277,340625376.0,2.0
7,prune_75,574,6.345733165740967,170312688.0,4.0
7,prune_99,574,10.657546997070312,681250.7520000007,999.9999999999991
7,quant8,574,6.28627872467041,170312688.0,4.0
7,celo,575,6.119728088378906,682437600.0,1.0
7,prune_50,575,6.205096244812012,341218800.0,2.0
7,prune_75,575,6.11770486831665,170609400.0,4.0
7,prune_99,575,10.67000675201416,682437.6000000007,999.9999999999991
7,quant8,575,6.201412200927734,170609400.0,4.0
7,celo,576,6.612200736999512,683624448.0,1.0
7,prune_50,576,6.753448486328125,341812224.0,2.0
7,prune_75,576,6.872354507446289,170906112.0,4.0
7,prune_99,576,10.782234191894531,683624.4480000007,999.9999999999991
7,quant8,576,6.740295886993408,170906112.0,4.0
7,celo,577,6.532729625701904,684811296.0,1.0
7,prune_50,577,6.506561279296875,342405648.0,2.0
7,prune_75,577,6.504217147827148,171202824.0,4.0
7,prune_99,577,10.387258529663086,684811.2960000007,999.9999999999991
7,quant8,577,6.5139875411987305,171202824.0,4.0
7,celo,578,6.5239362716674805,685998144.0,1.0
7,prune_50,578,6.478775978088379,342999072.0,2.0
7,prune_75,578,6.45693302154541,171499536.0,4.0
7,prune_99,578,10.830719947814941,685998.1440000007,999.9999999999991
7,quant8,578,6.569200038909912,171499536.0,4.0
7,celo,579,6.659273147583008,687184992.0,1.0
7,prune_50,579,6.88151216506958,343592496.0,2.0
7,prune_75,579,6.898759841918945,171796248.0,4.0
7,prune_99,579,10.753620147705078,687184.9920000007,999.9999999999991
7,quant8,579,6.671236038208008,171796248.0,4.0
7,celo,580,6.460331439971924,688371840.0,1.0
7,prune_50,580,6.531957626342773,344185920.0,2.0
7,prune_75,580,6.49989128112793,172092960.0,4.0
7,prune_99,580,10.621993064880371,688371.8400000007,999.9999999999991
7,quant8,580,6.585382461547852,172092960.0,4.0
7,celo,581,7.401803493499756,689558688.0,1.0
7,prune_50,581,7.212406635284424,344779344.0,2.0
7,prune_75,581,7.282164573669434,172389672.0,4.0
7,prune_99,581,10.535961151123047,689558.6880000007,999.9999999999991
7,quant8,581,7.18765115737915,172389672.0,4.0
7,celo,582,7.72747802734375,690745536.0,1.0
7,prune_50,582,7.665280342102051,345372768.0,2.0
7,prune_75,582,7.729673862457275,172686384.0,4.0
7,prune_99,582,10.720256805419922,690745.5360000007,999.9999999999991
7,quant8,582,7.853118896484375,172686384.0,4.0
7,celo,583,5.93900728225708,691932384.0,1.0
7,prune_50,583,6.025694847106934,345966192.0,2.0
7,prune_75,583,5.930480003356934,172983096.0,4.0
7,prune_99,583,10.912841796875,691932.3840000007,999.9999999999991
7,quant8,583,5.7840471267700195,172983096.0,4.0
7,celo,584,6.745062828063965,693119232.0,1.0
7,prune_50,584,6.773184299468994,346559616.0,2.0
7,prune_75,584,6.924715995788574,173279808.0,4.0
7,prune_99,584,10.717081069946289,693119.2320000007,999.9999999999991
7,quant8,584,6.878043174743652,173279808.0,4.0
7,celo,585,7.014530181884766,694306080.0,1.0
7,prune_50,585,7.086027145385742,347153040.0,2.0
7,prune_75,585,7.186541557312012,173576520.0,4.0
7,prune_99,585,10.5635404586792,694306.0800000007,999.9999999999991
7,quant8,585,7.075253486633301,173576520.0,4.0
7,celo,586,7.6901044845581055,695492928.0,1.0
7,prune_50,586,7.707083702087402,347746464.0,2.0
7,prune_75,586,7.87446403503418,173873232.0,4.0
7,prune_99,586,10.892847061157227,695492.9280000007,999.9999999999991
7,quant8,586,7.689359664916992,173873232.0,4.0
7,celo,587,6.783163547515869,696679776.0,1.0
7,prune_50,587,6.777158260345459,348339888.0,2.0
7,prune_75,587,6.944334506988525,174169944.0,4.0
7,prune_99,587,10.535809516906738,696679.7760000007,999.9999999999991
7,quant8,587,6.702907562255859,174169944.0,4.0
7,celo,588,7.666592597961426,697866624.0,1.0
7,prune_50,588,7.6430768966674805,348933312.0,2.0
7,prune_75,588,7.571700096130371,174466656.0,4.0
7,prune_99,588,10.592309951782227,697866.6240000007,999.9999999999991
7,quant8,588,7.68560791015625,174466656.0,4.0
7,celo,589,7.556828498840332,699053472.0,1.0
7,prune_50,589,7.718973159790039,349526736.0,2.0
7,prune_75,589,7.881620407104492,174763368.0,4.0
7,prune_99,589,10.679190635681152,699053.4720000006,999.9999999999991
7,quant8,589,7.7054033279418945,174763368.0,4.0
7,celo,590,7.362035751342773,700240320.0,1.0
7,prune_50,590,7.460988998413086,350120160.0,2.0
7,prune_75,590,7.463864326477051,175060080.0,4.0
7,prune_99,590,10.693069458007812,700240.3200000006,999.9999999999991
7,quant8,590,7.305809020996094,175060080.0,4.0
7,celo,591,6.441684722900391,701427168.0,1.0
7,prune_50,591,6.301936149597168,350713584.0,2.0
7,prune_75,591,6.570001125335693,175356792.0,4.0
7,prune_99,591,10.540605545043945,701427.1680000006,999.9999999999991
7,quant8,591,6.606573104858398,175356792.0,4.0
7,celo,592,6.501469135284424,702614016.0,1.0
7,prune_50,592,6.435061454772949,351307008.0,2.0
7,prune_75,592,6.508384704589844,175653504.0,4.0
7,prune_99,592,10.751615524291992,702614.0160000006,999.9999999999991
7,quant8,592,6.370837211608887,175653504.0,4.0
7,celo,593,6.256662845611572,703800864.0,1.0
7,prune_50,593,6.231908798217773,351900432.0,2.0
7,prune_75,593,6.252279281616211,175950216.0,4.0
7,prune_99,593,10.710840225219727,703800.8640000006,999.9999999999991
7,quant8,593,6.385928630828857,175950216.0,4.0
7,celo,594,5.860884666442871,704987712.0,1.0
7,prune_50,594,5.903530597686768,352493856.0,2.0
7,prune_75,594,6.057175636291504,176246928.0,4.0
7,prune_99,594,10.783947944641113,704987.7120000006,999.9999999999991
7,quant8,594,5.904049873352051,176246928.0,4.0
7,celo,595,6.247046947479248,706174560.0,1.0
7,prune_50,595,6.360546112060547,353087280.0,2.0
7,prune_75,595,6.3187737464904785,176543640.0,4.0
7,prune_99,595,10.918745994567871,706174.5600000006,999.9999999999991
7,quant8,595,6.40087366104126,176543640.0,4.0
7,celo,596,7.4232683181762695,707361408.0,1.0
7,prune_50,596,7.373247146606445,353680704.0,2.0
7,prune_75,596,7.3408379554748535,176840352.0,4.0
7,prune_99,596,10.643281936645508,707361.4080000006,999.9999999999991
7,quant8,596,7.340976238250732,176840352.0,4.0
7,celo,597,7.20700216293335,708548256.0,1.0
7,prune_50,597,7.294405937194824,354274128.0,2.0
7,prune_75,597,7.236368656158447,177137064.0,4.0
7,prune_99,597,10.65839958190918,708548.2560000006,999.9999999999991
7,quant8,597,7.302465438842773,177137064.0,4.0
7,celo,598,6.031517028808594,709735104.0,1.0
7,prune_50,598,5.964491367340088,354867552.0,2.0
7,prune_75,598,6.080416679382324,177433776.0,4.0
7,prune_99,598,10.633758544921875,709735.1040000006,999.9999999999991
7,quant8,598,5.990899085998535,177433776.0,4.0
7,celo,599,6.711031436920166,710921952.0,1.0
7,prune_50,599,6.799736022949219,355460976.0,2.0
7,prune_75,599,6.9015350341796875,177730488.0,4.0
7,prune_99,599,10.636239051818848,710921.9520000006,999.9999999999991
7,quant8,599,6.701253890991211,177730488.0,4.0
7,celo,600,7.00743293762207,712108800.0,1.0
7,prune_50,600,7.094870090484619,356054400.0,2.0
7,prune_75,600,7.287513732910156,178027200.0,4.0
7,prune_99,600,10.593324661254883,712108.8000000006,999.9999999999991
7,quant8,600,7.073247909545898,178027200.0,4.0
7,celo,601,6.79346227645874,713295648.0,1.0
7,prune_50,601,7.020132064819336,356647824.0,2.0
7,prune_75,601,6.89971923828125,178323912.0,4.0
7,prune_99,601,11.050860404968262,713295.6480000006,999.9999999999991
7,quant8,601,6.840141296386719,178323912.0,4.0
7,celo,602,7.133881568908691,714482496.0,1.0
7,prune_50,602,7.043335914611816,357241248.0,2.0
7,prune_75,602,7.05324125289917,178620624.0,4.0
7,prune_99,602,10.708935737609863,714482.4960000006,999.9999999999991
7,quant8,602,6.97713565826416,178620624.0,4.0
7,celo,603,5.518258571624756,715669344.0,1.0
7,prune_50,603,5.562399387359619,357834672.0,2.0
7,prune_75,603,5.605020523071289,178917336.0,4.0
7,prune_99,603,10.82961368560791,715669.3440000006,999.9999999999991
7,quant8,603,5.43313455581665,178917336.0,4.0
7,celo,604,6.007774353027344,716856192.0,1.0
7,prune_50,604,6.025540351867676,358428096.0,2.0
7,prune_75,604,6.196844100952148,179214048.0,4.0
7,prune_99,604,10.685829162597656,716856.1920000006,999.9999999999991
7,quant8,604,6.076958179473877,179214048.0,4.0
7,celo,605,6.531970024108887,718043040.0,1.0
7,prune_50,605,6.699687957763672,359021520.0,2.0
7,prune_75,605,6.529577255249023,179510760.0,4.0
7,prune_99,605,10.611382484436035,718043.0400000006,999.9999999999991
7,quant8,605,6.648351669311523,179510760.0,4.0
7,celo,606,6.137446403503418,719229888.0,1.0
7,prune_50,606,6.130359649658203,359614944.0,2.0
7,prune_75,606,6.068816184997559,179807472.0,4.0
7,prune_99,606,10.760602951049805,719229.8880000006,999.9999999999991
7,quant8,606,6.111626625061035,179807472.0,4.0
7,celo,607,6.78581428527832,720416736.0,1.0
7,prune_50,607,6.850229263305664,360208368.0,2.0
7,prune_75,607,6.838418483734131,180104184.0,4.0
7,prune_99,607,10.653338432312012,720416.7360000006,999.9999999999991
7,quant8,607,6.837981700897217,180104184.0,4.0
7,celo,608,6.7502641677856445,721603584.0,1.0
7,prune_50,608,6.765450477600098,360801792.0,2.0
7,prune_75,608,6.759902000427246,180400896.0,4.0
7,prune_99,608,10.518797874450684,721603.5840000006,999.9999999999991
7,quant8,608,6.723784446716309,180400896.0,4.0
7,celo,609,6.9215874671936035,722790432.0,1.0
7,prune_50,609,7.040462017059326,361395216.0,2.0
7,prune_75,609,6.852707386016846,180697608.0,4.0
7,prune_99,609,10.646260261535645,722790.4320000006,999.9999999999991
7,quant8,609,6.911741256713867,180697608.0,4.0
7,celo,610,6.6949462890625,723977280.0,1.0
7,prune_50,610,6.58204460144043,361988640.0,2.0
7,prune_75,610,6.560115814208984,180994320.0,4.0
7,prune_99,610,10.426740646362305,723977.2800000006,999.9999999999991
7,quant8,610,6.624265193939209,180994320.0,4.0
7,celo,611,7.062918663024902,725164128.0,1.0
7,prune_50,611,6.999742031097412,362582064.0,2.0
7,prune_75,611,6.899166107177734,181291032.0,4.0
7,prune_99,611,10.860588073730469,725164.1280000007,999.9999999999991
7,quant8,611,6.925983428955078,181291032.0,4.0
7,celo,612,6.6928582191467285,726350976.0,1.0
7,prune_50,612,6.7352399826049805,363175488.0,2.0
7,prune_75,612,6.772998809814453,181587744.0,4.0
7,prune_99,612,11.001971244812012,726350.9760000007,999.9999999999991
7,quant8,612,6.855610370635986,181587744.0,4.0
7,celo,613,7.421112060546875,727537824.0,1.0
7,prune_50,613,7.3350677490234375,363768912.0,2.0
7,prune_75,613,7.609617233276367,181884456.0,4.0
7,prune_99,613,11.026269912719727,727537.8240000007,999.9999999999991
7,quant8,613,7.3160576820373535,181884456.0,4.0
7,celo,614,6.408595085144043,728724672.0,1.0
7,prune_50,614,6.545879364013672,364362336.0,2.0
7,prune_75,614,6.488502502441406,182181168.0,4.0
7,prune_99,614,10.583112716674805,728724.6720000007,999.9999999999991
7,quant8,614,6.6107587814331055,182181168.0,4.0
7,celo,615,7.049543380737305,729911520.0,1.0
7,prune_50,615,7.029210090637207,364955760.0,2.0
7,prune_75,615,6.980373382568359,182477880.0,4.0
7,prune_99,615,10.773845672607422,729911.5200000007,999.9999999999991
7,quant8,615,7.060626983642578,182477880.0,4.0
7,celo,616,7.343349456787109,731098368.0,1.0
7,prune_50,616,7.43228006362915,365549184.0,2.0
7,prune_75,616,7.332862377166748,182774592.0,4.0
7,prune_99,616,11.014841079711914,731098.3680000007,999.9999999999991
7,quant8,616,7.287773609161377,182774592.0,4.0
7,celo,617,6.805537223815918,732285216.0,1.0
7,prune_50,617,6.793148040771484,366142608.0,2.0
7,prune_75,617,6.7200775146484375,183071304.0,4.0
7,prune_99,617,10.882441520690918,732285.2160000007,999.9999999999991
7,quant8,617,6.698338508605957,183071304.0,4.0
7,celo,618,6.217314720153809,733472064.0,1.0
7,prune_50,618,6.216712951660156,366736032.0,2.0
7,prune_75,618,6.319232940673828,183368016.0,4.0
7,prune_99,618,10.686447143554688,733472.0640000007,999.9999999999991
7,quant8,618,6.218509674072266,183368016.0,4.0
7,celo,619,6.41817569732666,734658912.0,1.0
7,prune_50,619,6.497897148132324,367329456.0,2.0
7,prune_75,619,6.523404121398926,183664728.0,4.0
7,prune_99,619,10.624159812927246,734658.9120000007,999.9999999999991
7,quant8,619,6.460052967071533,183664728.0,4.0
7,celo,620,7.064761638641357,735845760.0,1.0
7,prune_50,620,6.876376628875732,367922880.0,2.0
7,prune_75,620,7.004294395446777,183961440.0,4.0
7,prune_99,620,10.775004386901855,735845.7600000007,999.9999999999991
7,quant8,620,6.96708869934082,183961440.0,4.0
7,celo,621,7.843231201171875,737032608.0,1.0
7,prune_50,621,7.840767860412598,368516304.0,2.0
7,prune_75,621,7.812525749206543,184258152.0,4.0
7,prune_99,621,10.604024887084961,737032.6080000007,999.9999999999991
7,quant8,621,7.793478965759277,184258152.0,4.0
7,celo,622,7.144085884094238,738219456.0,1.0
7,prune_50,622,7.071891784667969,369109728.0,2.0
7,prune_75,622,7.1737565994262695,184554864.0,4.0
7,prune_99,622,10.671052932739258,738219.4560000007,999.9999999999991
7,quant8,622,7.310516357421875,184554864.0,4.0
7,celo,623,7.3157477378845215,739406304.0,1.0
7,prune_50,623,7.392701625823975,369703152.0,2.0
7,prune_75,623,7.479323387145996,184851576.0,4.0
7,prune_99,623,10.650164604187012,739406.3040000007,999.9999999999991
7,quant8,623,7.290709972381592,184851576.0,4.0
7,celo,624,5.857593536376953,740593152.0,1.0
7,prune_50,624,5.812689781188965,370296576.0,2.0
7,prune_75,624,5.929284572601318,185148288.0,4.0
7,prune_99,624,10.737251281738281,740593.1520000007,999.9999999999991
7,quant8,624,5.835201740264893,185148288.0,4.0
7,celo,625,7.058387756347656,741780000.0,1.0
7,prune_50,625,7.108501434326172,370890000.0,2.0
7,prune_75,625,7.15989351272583,185445000.0,4.0
7,prune_99,625,10.85303020477295,741780.0000000007,999.9999999999991
7,quant8,625,7.1576385498046875,185445000.0,4.0
7,celo,626,6.926076889038086,742966848.0,1.0
7,prune_50,626,6.881967544555664,371483424.0,2.0
7,prune_75,626,6.930054187774658,185741712.0,4.0
7,prune_99,626,10.815945625305176,742966.8480000007,999.9999999999991
7,quant8,626,6.942078590393066,185741712.0,4.0
7,celo,627,6.422818183898926,744153696.0,1.0
7,prune_50,627,6.349148750305176,372076848.0,2.0
7,prune_75,627,6.59911584854126,186038424.0,4.0
7,prune_99,627,11.08905029296875,744153.6960000007,999.9999999999991
7,quant8,627,6.376577854156494,186038424.0,4.0
7,celo,628,6.999831199645996,745340544.0,1.0
7,prune_50,628,6.850516319274902,372670272.0,2.0
7,prune_75,628,7.104737281799316,186335136.0,4.0
7,prune_99,628,10.787433624267578,745340.5440000007,999.9999999999991
7,quant8,628,6.926347732543945,186335136.0,4.0
7,celo,629,5.941916465759277,746527392.0,1.0
7,prune_50,629,6.089958667755127,373263696.0,2.0
7,prune_75,629,6.069983005523682,186631848.0,4.0
7,prune_99,629,10.810393333435059,746527.3920000007,999.9999999999991
7,quant8,629,5.942259788513184,186631848.0,4.0
7,celo,630,5.551875591278076,747714240.0,1.0
7,prune_50,630,5.516882419586182,373857120.0,2.0
7,prune_75,630,5.608528137207031,186928560.0,4.0
7,prune_99,630,10.482198715209961,747714.2400000007,999.9999999999991
7,quant8,630,5.612112045288086,186928560.0,4.0
7,celo,631,6.488457679748535,748901088.0,1.0
7,prune_50,631,6.464626312255859,374450544.0,2.0
7,prune_75,631,6.607299327850342,187225272.0,4.0
7,prune_99,631,10.837108612060547,748901.0880000007,999.9999999999991
7,quant8,631,6.460676670074463,187225272.0,4.0
7,celo,632,7.648914337158203,750087936.0,1.0
7,prune_50,632,7.600528717041016,375043968.0,2.0
7,prune_75,632,7.843738079071045,187521984.0,4.0
7,prune_99,632,10.635299682617188,750087.9360000007,999.9999999999991
7,quant8,632,7.517794132232666,187521984.0,4.0
7,celo,633,6.782520294189453,751274784.0,1.0
7,prune_50,633,7.068292617797852,375637392.0,2.0
7,prune_75,633,6.923450469970703,187818696.0,4.0
7,prune_99,633,10.66498851776123,751274.7840000007,999.9999999999991
7,quant8,633,6.942881107330322,187818696.0,4.0
7,celo,634,6.45623254776001,752461632.0,1.0
7,prune_50,634,6.544675350189209,376230816.0,2.0
7,prune_75,634,6.6545891761779785,188115408.0,4.0
7,prune_99,634,10.882524490356445,752461.6320000007,999.9999999999991
7,quant8,634,6.573531150817871,188115408.0,4.0
7,celo,635,5.096768856048584,753648480.0,1.0
7,prune_50,635,5.119215965270996,376824240.0,2.0
7,prune_75,635,5.347692489624023,188412120.0,4.0
7,prune_99,635,10.497475624084473,753648.4800000007,999.9999999999991
7,quant8,635,5.075582504272461,188412120.0,4.0
7,celo,636,6.0286865234375,754835328.0,1.0
7,prune_50,636,6.1234517097473145,377417664.0,2.0
7,prune_75,636,6.180438041687012,188708832.0,4.0
7,prune_99,636,10.55881118774414,754835.3280000007,999.9999999999991
7,quant8,636,6.192409038543701,188708832.0,4.0
7,celo,637,6.340667724609375,756022176.0,1.0
7,prune_50,637,6.275819301605225,378011088.0,2.0
7,prune_75,637,6.349197864532471,189005544.0,4.0
7,prune_99,637,11.053573608398438,756022.1760000007,999.9999999999991
7,quant8,637,6.109097480773926,189005544.0,4.0
7,celo,638,7.5390777587890625,757209024.0,1.0
7,prune_50,638,7.6765289306640625,378604512.0,2.0
7,prune_75,638,7.660943031311035,189302256.0,4.0
7,prune_99,638,10.68509292602539,757209.0240000007,999.9999999999991
7,quant8,638,7.518042087554932,189302256.0,4.0
7,celo,639,6.590429306030273,758395872.0,1.0
7,prune_50,639,6.696416854858398,379197936.0,2.0
7,prune_75,639,6.789597511291504,189598968.0,4.0
7,prune_99,639,10.849262237548828,758395.8720000007,999.9999999999991
7,quant8,639,6.809738636016846,189598968.0,4.0
7,celo,640,6.693524360656738,759582720.0,1.0
7,prune_50,640,6.67678165435791,379791360.0,2.0
7,prune_75,640,6.769986152648926,189895680.0,4.0
7,prune_99,640,10.841619491577148,759582.7200000007,999.9999999999991
7,quant8,640,6.714447975158691,189895680.0,4.0
7,celo,641,6.4632086753845215,760769568.0,1.0
7,prune_50,641,6.317139625549316,380384784.0,2.0
7,prune_75,641,6.461291313171387,190192392.0,4.0
7,prune_99,641,10.748743057250977,760769.5680000007,999.9999999999991
7,quant8,641,6.348034858703613,190192392.0,4.0
7,celo,642,6.485833644866943,761956416.0,1.0
7,prune_50,642,6.4620771408081055,380978208.0,2.0
7,prune_75,642,6.484668254852295,190489104.0,4.0
7,prune_99,642,10.562478065490723,761956.4160000007,999.9999999999991
7,quant8,642,6.426424026489258,190489104.0,4.0
7,celo,643,5.487612247467041,763143264.0,1.0
7,prune_50,643,5.367326736450195,381571632.0,2.0
7,prune_75,643,5.435859203338623,190785816.0,4.0
7,prune_99,643,10.850753784179688,763143.2640000007,999.9999999999991
7,quant8,643,5.471457004547119,190785816.0,4.0
7,celo,644,6.436988353729248,764330112.0,1.0
7,prune_50,644,6.675029754638672,382165056.0,2.0
7,prune_75,644,6.497560977935791,191082528.0,4.0
7,prune_99,644,10.5692720413208,764330.1120000007,999.9999999999991
7,quant8,644,6.652177810668945,191082528.0,4.0
7,celo,645,7.030705451965332,765516960.0,1.0
7,prune_50,645,7.091629505157471,382758480.0,2.0
7,prune_75,645,7.23714542388916,191379240.0,4.0
7,prune_99,645,10.841455459594727,765516.9600000007,999.9999999999991
7,quant8,645,6.978572845458984,191379240.0,4.0
7,celo,646,6.383588790893555,766703808.0,1.0
7,prune_50,646,6.3016839027404785,383351904.0,2.0
7,prune_75,646,6.266863822937012,191675952.0,4.0
7,prune_99,646,10.453529357910156,766703.8080000007,999.9999999999991
7,quant8,646,6.185164928436279,191675952.0,4.0
7,celo,647,6.48853874206543,767890656.0,1.0
7,prune_50,647,6.585848331451416,383945328.0,2.0
7,prune_75,647,6.56365966796875,191972664.0,4.0
7,prune_99,647,10.74288558959961,767890.6560000007,999.9999999999991
7,quant8,647,6.516330718994141,191972664.0,4.0
7,celo,648,6.746173858642578,769077504.0,1.0
7,prune_50,648,6.934792518615723,384538752.0,2.0
7,prune_75,648,6.92064905166626,192269376.0,4.0
7,prune_99,648,10.575088500976562,769077.5040000007,999.9999999999991
7,quant8,648,6.929245471954346,192269376.0,4.0
7,celo,649,6.850988388061523,770264352.0,1.0
7,prune_50,649,6.685175895690918,385132176.0,2.0
7,prune_75,649,6.794058799743652,192566088.0,4.0
7,prune_99,649,10.582984924316406,770264.3520000007,999.9999999999991
7,quant8,649,6.805680274963379,192566088.0,4.0
7,celo,650,7.026230812072754,771451200.0,1.0
7,prune_50,650,6.999284744262695,385725600.0,2.0
7,prune_75,650,7.0156707763671875,192862800.0,4.0
7,prune_99,650,10.617074966430664,771451.2000000008,999.9999999999991
7,quant8,650,6.992076873779297,192862800.0,4.0
7,celo,651,7.00341272354126,772638048.0,1.0
7,prune_50,651,7.087839126586914,386319024.0,2.0
7,prune_75,651,7.022825241088867,193159512.0,4.0
7,prune_99,651,10.785287857055664,772638.0480000008,999.9999999999991
7,quant8,651,7.106446266174316,193159512.0,4.0
7,celo,652,6.457973480224609,773824896.0,1.0
7,prune_50,652,6.512716293334961,386912448.0,2.0
7,prune_75,652,6.541529178619385,193456224.0,4.0
7,prune_99,652,10.696598052978516,773824.8960000008,999.9999999999991
7,quant8,652,6.723634243011475,193456224.0,4.0
7,celo,653,7.005829811096191,775011744.0,1.0
7,prune_50,653,6.926914215087891,387505872.0,2.0
7,prune_75,653,6.935846328735352,193752936.0,4.0
7,prune_99,653,10.917974472045898,775011.7440000008,999.9999999999991
7,quant8,653,6.940018653869629,193752936.0,4.0
7,celo,654,6.689573287963867,776198592.0,1.0
7,prune_50,654,6.589347839355469,388099296.0,2.0
7,prune_75,654,6.616888046264648,194049648.0,4.0
7,prune_99,654,10.842344284057617,776198.5920000008,999.9999999999991
7,quant8,654,6.672513961791992,194049648.0,4.0
7,celo,655,6.184291362762451,777385440.0,1.0
7,prune_50,655,6.22682523727417,388692720.0,2.0
7,prune_75,655,6.1986799240112305,194346360.0,4.0
7,prune_99,655,10.669405937194824,777385.4400000008,999.9999999999991
7,quant8,655,6.1960225105285645,194346360.0,4.0
7,celo,656,7.14696741104126,778572288.0,1.0
7,prune_50,656,7.115548133850098,389286144.0,2.0
7,prune_75,656,7.097750663757324,194643072.0,4.0
7,prune_99,656,10.796751022338867,778572.2880000008,999.9999999999991
7,quant8,656,7.100129127502441,194643072.0,4.0
7,celo,657,5.296031951904297,779759136.0,1.0
7,prune_50,657,5.22689962387085,389879568.0,2.0
7,prune_75,657,5.263040542602539,194939784.0,4.0
7,prune_99,657,10.79432487487793,779759.1360000008,999.9999999999991
7,quant8,657,5.312183380126953,194939784.0,4.0
7,celo,658,6.751361846923828,780945984.0,1.0
7,prune_50,658,6.778474807739258,390472992.0,2.0
7,prune_75,658,6.828119277954102,195236496.0,4.0
7,prune_99,658,10.786563873291016,780945.9840000008,999.9999999999991
7,quant8,658,6.789773464202881,195236496.0,4.0
7,celo,659,7.326820373535156,782132832.0,1.0
7,prune_50,659,7.471163749694824,391066416.0,2.0
7,prune_75,659,7.48784065246582,195533208.0,4.0
7,prune_99,659,10.584027290344238,782132.8320000008,999.9999999999991
7,quant8,659,7.409440040588379,195533208.0,4.0
7,celo,660,6.830619812011719,783319680.0,1.0
7,prune_50,660,6.768403053283691,391659840.0,2.0
7,prune_75,660,7.0856122970581055,195829920.0,4.0
7,prune_99,660,10.514067649841309,783319.6800000007,999.9999999999991
7,quant8,660,6.916637897491455,195829920.0,4.0
7,celo,661,6.2972564697265625,784506528.0,1.0
7,prune_50,661,6.1708855628967285,392253264.0,2.0
7,prune_75,661,6.323225498199463,196126632.0,4.0
7,prune_99,661,10.601987838745117,784506.5280000007,999.9999999999991
7,quant8,661,6.353845119476318,196126632.0,4.0
7,celo,662,7.837272644042969,785693376.0,1.0
7,prune_50,662,7.731078147888184,392846688.0,2.0
7,prune_75,662,7.776234149932861,196423344.0,4.0
7,prune_99,662,10.697110176086426,785693.3760000007,999.9999999999991
7,quant8,662,7.701301574707031,196423344.0,4.0
7,celo,663,7.145938396453857,786880224.0,1.0
7,prune_50,663,7.396711349487305,393440112.0,2.0
7,prune_75,663,7.023993492126465,196720056.0,4.0
7,prune_99,663,10.639059066772461,786880.2240000007,999.9999999999991
7,quant8,663,7.221266269683838,196720056.0,4.0
7,celo,664,7.063041687011719,788067072.0,1.0
7,prune_50,664,7.162810325622559,394033536.0,2.0
7,prune_75,664,7.085371971130371,197016768.0,4.0
7,prune_99,664,10.701616287231445,788067.0720000007,999.9999999999991
7,quant8,664,7.079349517822266,197016768.0,4.0
7,celo,665,6.332095623016357,789253920.0,1.0
7,prune_50,665,6.283840179443359,394626960.0,2.0
7,prune_75,665,6.536602973937988,197313480.0,4.0
7,prune_99,665,10.53976058959961,789253.9200000007,999.9999999999991
7,quant8,665,6.687737464904785,197313480.0,4.0
7,celo,666,6.068275451660156,790440768.0,1.0
7,prune_50,666,6.111342430114746,395220384.0,2.0
7,prune_75,666,6.22662353515625,197610192.0,4.0
7,prune_99,666,10.8628568649292,790440.7680000007,999.9999999999991
7,quant8,666,6.126216888427734,197610192.0,4.0
7,celo,667,6.318070888519287,791627616.0,1.0
7,prune_50,667,6.504793167114258,395813808.0,2.0
7,prune_75,667,6.332706451416016,197906904.0,4.0
7,prune_99,667,10.781949043273926,791627.6160000007,999.9999999999991
7,quant8,667,6.27192497253418,197906904.0,4.0
7,celo,668,6.442726135253906,792814464.0,1.0
7,prune_50,668,6.351034164428711,396407232.0,2.0
7,prune_75,668,6.494924068450928,198203616.0,4.0
7,prune_99,668,10.763509750366211,792814.4640000007,999.9999999999991
7,quant8,668,6.425747871398926,198203616.0,4.0
7,celo,669,7.3083062171936035,794001312.0,1.0
7,prune_50,669,7.2863874435424805,397000656.0,2.0
7,prune_75,669,7.455357551574707,198500328.0,4.0
7,prune_99,669,10.646625518798828,794001.3120000007,999.9999999999991
7,quant8,669,7.329687118530273,198500328.0,4.0
7,celo,670,6.824213027954102,795188160.0,1.0
7,prune_50,670,6.875495910644531,397594080.0,2.0
7,prune_75,670,6.8472185134887695,198797040.0,4.0
7,prune_99,670,10.757305145263672,795188.1600000007,999.9999999999991
7,quant8,670,6.805327415466309,198797040.0,4.0
7,celo,671,7.372553825378418,796375008.0,1.0
7,prune_50,671,7.444591522216797,398187504.0,2.0
7,prune_75,671,7.59783411026001,199093752.0,4.0
7,prune_99,671,10.616202354431152,796375.0080000007,999.9999999999991
7,quant8,671,7.480630874633789,199093752.0,4.0
7,celo,672,7.881524085998535,797561856.0,1.0
7,prune_50,672,7.908308506011963,398780928.0,2.0
7,prune_75,672,7.841158866882324,199390464.0,4.0
7,prune_99,672,10.76093578338623,797561.8560000007,999.9999999999991
7,quant8,672,7.949321746826172,199390464.0,4.0
7,celo,673,6.665295124053955,798748704.0,1.0
7,prune_50,673,6.803678512573242,399374352.0,2.0
7,prune_75,673,6.660348892211914,199687176.0,4.0
7,prune_99,673,10.805198669433594,798748.7040000007,999.9999999999991
7,quant8,673,6.566288948059082,199687176.0,4.0
7,celo,674,7.0666184425354,799935552.0,1.0
7,prune_50,674,7.068586349487305,399967776.0,2.0
7,prune_75,674,7.15557861328125,199983888.0,4.0
7,prune_99,674,10.777937889099121,799935.5520000007,999.9999999999991
7,quant8,674,7.044758319854736,199983888.0,4.0
7,celo,675,7.016840934753418,801122400.0,1.0
7,prune_50,675,6.911147117614746,400561200.0,2.0
7,prune_75,675,6.992974281311035,200280600.0,4.0
7,prune_99,675,10.658299446105957,801122.4000000007,999.9999999999991
7,quant8,675,6.899347305297852,200280600.0,4.0
7,celo,676,6.4205427169799805,802309248.0,1.0
7,prune_50,676,6.2138519287109375,401154624.0,2.0
7,prune_75,676,6.082072734832764,200577312.0,4.0
7,prune_99,676,10.98768424987793,802309.2480000007,999.9999999999991
7,quant8,676,6.268468856811523,200577312.0,4.0
7,celo,677,6.433476448059082,803496096.0,1.0
7,prune_50,677,6.250251293182373,401748048.0,2.0
7,prune_75,677,6.162973880767822,200874024.0,4.0
7,prune_99,677,10.533073425292969,803496.0960000007,999.9999999999991
7,quant8,677,6.331178665161133,200874024.0,4.0
7,celo,678,7.025884628295898,804682944.0,1.0
7,prune_50,678,7.1387176513671875,402341472.0,2.0
7,prune_75,678,6.8432722091674805,201170736.0,4.0
7,prune_99,678,11.065397262573242,804682.9440000007,999.9999999999991
7,quant8,678,6.983762264251709,201170736.0,4.0
7,celo,679,6.815314292907715,805869792.0,1.0
7,prune_50,679,6.806122779846191,402934896.0,2.0
7,prune_75,679,6.631534576416016,201467448.0,4.0
7,prune_99,679,10.544899940490723,805869.7920000007,999.9999999999991
7,quant8,679,6.745790481567383,201467448.0,4.0
7,celo,680,7.301528453826904,807056640.0,1.0
7,prune_50,680,7.307239532470703,403528320.0,2.0
7,prune_75,680,7.166172981262207,201764160.0,4.0
7,prune_99,680,10.418207168579102,807056.6400000007,999.9999999999991
7,quant8,680,7.2577223777771,201764160.0,4.0
7,celo,681,6.978371620178223,808243488.0,1.0
7,prune_50,681,7.019549369812012,404121744.0,2.0
7,prune_75,681,6.881531238555908,202060872.0,4.0
7,prune_99,681,10.860818862915039,808243.4880000007,999.9999999999991
7,quant8,681,6.981670379638672,202060872.0,4.0
7,celo,682,6.17333984375,809430336.0,1.0
7,prune_50,682,6.255064964294434,404715168.0,2.0
7,prune_75,682,6.013345241546631,202357584.0,4.0
7,prune_99,682,10.912456512451172,809430.3360000007,999.9999999999991
7,quant8,682,6.087524890899658,202357584.0,4.0
7,celo,683,6.6219048500061035,810617184.0,1.0
7,prune_50,683,6.555313587188721,405308592.0,2.0
7,prune_75,683,6.54932975769043,202654296.0,4.0
7,prune_99,683,10.790018081665039,810617.1840000007,999.9999999999991
7,quant8,683,6.419593334197998,202654296.0,4.0
7,celo,684,6.999068260192871,811804032.0,1.0
7,prune_50,684,6.872750282287598,405902016.0,2.0
7,prune_75,684,6.910103797912598,202951008.0,4.0
7,prune_99,684,10.735111236572266,811804.0320000007,999.9999999999991
7,quant8,684,6.926801681518555,202951008.0,4.0
7,celo,685,6.386401653289795,812990880.0,1.0
7,prune_50,685,6.575074195861816,406495440.0,2.0
7,prune_75,685,6.3157548904418945,203247720.0,4.0
7,prune_99,685,10.64019775390625,812990.8800000007,999.9999999999991
7,quant8,685,6.437467098236084,203247720.0,4.0
7,celo,686,7.8580732345581055,814177728.0,1.0
7,prune_50,686,7.831598281860352,407088864.0,2.0
7,prune_75,686,8.035783767700195,203544432.0,4.0
7,prune_99,686,10.71739387512207,814177.7280000007,999.9999999999991
7,quant8,686,7.849887847900391,203544432.0,4.0
7,celo,687,6.921137809753418,815364576.0,1.0
7,prune_50,687,6.657431602478027,407682288.0,2.0
7,prune_75,687,7.0135579109191895,203841144.0,4.0
7,prune_99,687,10.722620964050293,815364.5760000007,999.9999999999991
7,quant8,687,6.864002227783203,203841144.0,4.0
7,celo,688,6.728148460388184,816551424.0,1.0
7,prune_50,688,6.509454727172852,408275712.0,2.0
7,prune_75,688,6.560626029968262,204137856.0,4.0
7,prune_99,688,10.816980361938477,816551.4240000007,999.9999999999991
7,quant8,688,6.677159309387207,204137856.0,4.0
7,celo,689,7.729196548461914,817738272.0,1.0
7,prune_50,689,7.661506175994873,408869136.0,2.0
7,prune_75,689,7.932866096496582,204434568.0,4.0
7,prune_99,689,10.638798713684082,817738.2720000007,999.9999999999991
7,quant8,689,7.633902549743652,204434568.0,4.0
7,celo,690,7.066939353942871,818925120.0,1.0
7,prune_50,690,6.9593505859375,409462560.0,2.0
7,prune_75,690,7.026637077331543,204731280.0,4.0
7,prune_99,690,10.733739852905273,818925.1200000008,999.9999999999991
7,quant8,690,6.964881896972656,204731280.0,4.0
7,celo,691,7.021075248718262,820111968.0,1.0
7,prune_50,691,7.2630228996276855,410055984.0,2.0
7,prune_75,691,7.241298675537109,205027992.0,4.0
7,prune_99,691,10.854894638061523,820111.9680000008,999.9999999999991
7,quant8,691,6.973379135131836,205027992.0,4.0
7,celo,692,7.4698262214660645,821298816.0,1.0
7,prune_50,692,7.464995861053467,410649408.0,2.0
7,prune_75,692,7.516829013824463,205324704.0,4.0
7,prune_99,692,10.716056823730469,821298.8160000008,999.9999999999991
7,quant8,692,7.583614349365234,205324704.0,4.0
7,celo,693,6.679518222808838,822485664.0,1.0
7,prune_50,693,6.55524206161499,411242832.0,2.0
7,prune_75,693,6.636760711669922,205621416.0,4.0
7,prune_99,693,10.667989730834961,822485.6640000008,999.9999999999991
7,quant8,693,6.687546253204346,205621416.0,4.0
7,celo,694,7.46378755569458,823672512.0,1.0
7,prune_50,694,7.403903007507324,411836256.0,2.0
7,prune_75,694,7.313441753387451,205918128.0,4.0
7,prune_99,694,10.803337097167969,823672.5120000008,999.9999999999991
7,quant8,694,7.163608551025391,205918128.0,4.0
7,celo,695,6.890067100524902,824859360.0,1.0
7,prune_50,695,6.987926959991455,412429680.0,2.0
7,prune_75,695,7.018895626068115,206214840.0,4.0
7,prune_99,695,10.503975868225098,824859.3600000008,999.9999999999991
7,quant8,695,6.847513198852539,206214840.0,4.0
7,celo,696,6.798614978790283,826046208.0,1.0
7,prune_50,696,6.783252716064453,413023104.0,2.0
7,prune_75,696,6.824821472167969,206511552.0,4.0
7,prune_99,696,10.811973571777344,826046.2080000008,999.9999999999991
7,quant8,696,6.663121700286865,206511552.0,4.0
7,celo,697,6.895451068878174,827233056.0,1.0
7,prune_50,697,6.8493733406066895,413616528.0,2.0
7,prune_75,697,6.886693477630615,206808264.0,4.0
7,prune_99,697,10.742292404174805,827233.0560000008,999.9999999999991
7,quant8,697,6.843624114990234,206808264.0,4.0
7,celo,698,7.056529998779297,828419904.0,1.0
7,prune_50,698,7.1422905921936035,414209952.0,2.0
7,prune_75,698,7.179813385009766,207104976.0,4.0
7,prune_99,698,10.676846504211426,828419.9040000008,999.9999999999991
7,quant8,698,7.071253299713135,207104976.0,4.0
7,celo,699,5.739436149597168,829606752.0,1.0
7,prune_50,699,5.849863052368164,414803376.0,2.0
7,prune_75,699,5.940881729125977,207401688.0,4.0
7,prune_99,699,10.63563060760498,829606.7520000008,999.9999999999991
7,quant8,699,5.941365718841553,207401688.0,4.0
7,celo,700,5.990468978881836,830793600.0,1.0
7,prune_50,700,5.9959001541137695,415396800.0,2.0
7,prune_75,700,6.029783248901367,207698400.0,4.0
7,prune_99,700,10.565489768981934,830793.6000000008,999.9999999999991
7,quant8,700,6.085855484008789,207698400.0,4.0
7,celo,701,5.799100875854492,831980448.0,1.0
7,prune_50,701,5.661959171295166,415990224.0,2.0
7,prune_75,701,5.834333419799805,207995112.0,4.0
7,prune_99,701,10.750749588012695,831980.4480000008,999.9999999999991
7,quant8,701,5.729360103607178,207995112.0,4.0
7,celo,702,6.50429630279541,833167296.0,1.0
7,prune_50,702,6.375248908996582,416583648.0,2.0
7,prune_75,702,6.684218406677246,208291824.0,4.0
7,prune_99,702,10.667930603027344,833167.2960000008,999.9999999999991
7,quant8,702,6.596089839935303,208291824.0,4.0
7,celo,703,6.382622241973877,834354144.0,1.0
7,prune_50,703,6.397638320922852,417177072.0,2.0
7,prune_75,703,6.587567329406738,208588536.0,4.0
7,prune_99,703,10.6365966796875,834354.1440000008,999.9999999999991
7,quant8,703,6.409079551696777,208588536.0,4.0
7,celo,704,6.598269939422607,835540992.0,1.0
7,prune_50,704,6.538240432739258,417770496.0,2.0
7,prune_75,704,6.758899688720703,208885248.0,4.0
7,prune_99,704,10.852822303771973,835540.9920000008,999.9999999999991
7,quant8,704,6.641921520233154,208885248.0,4.0
7,celo,705,7.54976749420166,836727840.0,1.0
7,prune_50,705,7.546530246734619,418363920.0,2.0
7,prune_75,705,7.662792682647705,209181960.0,4.0
7,prune_99,705,10.643171310424805,836727.8400000008,999.9999999999991
7,quant8,705,7.6768479347229,209181960.0,4.0
7,celo,706,7.495963096618652,837914688.0,1.0
7,prune_50,706,7.4781599044799805,418957344.0,2.0
7,prune_75,706,7.74748420715332,209478672.0,4.0
7,prune_99,706,10.612922668457031,837914.6880000008,999.9999999999991
7,quant8,706,7.5739216804504395,209478672.0,4.0
7,celo,707,7.011634349822998,839101536.0,1.0
7,prune_50,707,6.925751686096191,419550768.0,2.0
7,prune_75,707,7.1743574142456055,209775384.0,4.0
7,prune_99,707,10.752151489257812,839101.5360000008,999.9999999999991
7,quant8,707,6.953409194946289,209775384.0,4.0
7,celo,708,7.18407678604126,840288384.0,1.0
7,prune_50,708,7.229836463928223,420144192.0,2.0
7,prune_75,708,7.224670886993408,210072096.0,4.0
7,prune_99,708,10.765898704528809,840288.3840000008,999.9999999999991
7,quant8,708,7.196778774261475,210072096.0,4.0
7,celo,709,6.119355201721191,841475232.0,1.0
7,prune_50,709,6.047695159912109,420737616.0,2.0
7,prune_75,709,5.949705123901367,210368808.0,4.0
7,prune_99,709,10.667106628417969,841475.2320000008,999.9999999999991
7,quant8,709,6.0475640296936035,210368808.0,4.0
7,celo,710,7.3657002449035645,842662080.0,1.0
7,prune_50,710,7.576664447784424,421331040.0,2.0
7,prune_75,710,7.62395715713501,210665520.0,4.0
7,prune_99,710,10.765216827392578,842662.0800000008,999.9999999999991
7,quant8,710,7.496335506439209,210665520.0,4.0
7,celo,711,7.18802547454834,843848928.0,1.0
7,prune_50,711,7.077908039093018,421924464.0,2.0
7,prune_75,711,7.150149345397949,210962232.0,4.0
7,prune_99,711,10.765801429748535,843848.9280000008,999.9999999999991
7,quant8,711,7.159058570861816,210962232.0,4.0
7,celo,712,7.571000099182129,845035776.0,1.0
7,prune_50,712,7.384321212768555,422517888.0,2.0
7,prune_75,712,7.55682373046875,211258944.0,4.0
7,prune_99,712,10.786333084106445,845035.7760000008,999.9999999999991
7,quant8,712,7.456622123718262,211258944.0,4.0
7,celo,713,5.7974090576171875,846222624.0,1.0
7,prune_50,713,5.920228958129883,423111312.0,2.0
7,prune_75,713,5.9752702713012695,211555656.0,4.0
7,prune_99,713,10.335140228271484,846222.6240000008,999.9999999999991
7,quant8,713,6.064249038696289,211555656.0,4.0
7,celo,714,5.918461799621582,847409472.0,1.0
7,prune_50,714,5.92071008682251,423704736.0,2.0
7,prune_75,714,5.852565288543701,211852368.0,4.0
7,prune_99,714,10.62924861907959,847409.4720000008,999.9999999999991
7,quant8,714,5.862725734710693,211852368.0,4.0
7,celo,715,6.306011199951172,848596320.0,1.0
7,prune_50,715,6.29311466217041,424298160.0,2.0
7,prune_75,715,6.608645915985107,212149080.0,4.0
7,prune_99,715,10.834176063537598,848596.3200000008,999.9999999999991
7,quant8,715,6.484781265258789,212149080.0,4.0
7,celo,716,7.9018144607543945,849783168.0,1.0
7,prune_50,716,7.971584320068359,424891584.0,2.0
7,prune_75,716,7.956832408905029,212445792.0,4.0
7,prune_99,716,10.84669303894043,849783.1680000008,999.9999999999991
7,quant8,716,7.876633167266846,212445792.0,4.0
7,celo,717,6.022805690765381,850970016.0,1.0
7,prune_50,717,6.1377644538879395,425485008.0,2.0
7,prune_75,717,6.200815200805664,212742504.0,4.0
7,prune_99,717,10.594549179077148,850970.0160000008,999.9999999999991
7,quant8,717,6.152378559112549,212742504.0,4.0
7,celo,718,7.383559226989746,852156864.0,1.0
7,prune_50,718,7.471868515014648,426078432.0,2.0
7,prune_75,718,7.506316184997559,213039216.0,4.0
7,prune_99,718,10.734304428100586,852156.8640000008,999.9999999999991
7,quant8,718,7.569405555725098,213039216.0,4.0
7,celo,719,6.813573837280273,853343712.0,1.0
7,prune_50,719,6.697219371795654,426671856.0,2.0
7,prune_75,719,6.82707405090332,213335928.0,4.0
7,prune_99,719,10.736878395080566,853343.7120000008,999.9999999999991
7,quant8,719,6.644087314605713,213335928.0,4.0
7,celo,720,6.426520347595215,854530560.0,1.0
7,prune_50,720,6.125972747802734,427265280.0,2.0
7,prune_75,720,6.413620948791504,213632640.0,4.0
7,prune_99,720,10.755849838256836,854530.5600000008,999.9999999999991
7,quant8,720,6.288000106811523,213632640.0,4.0
7,celo,721,6.982513904571533,855717408.0,1.0
7,prune_50,721,7.183672904968262,427858704.0,2.0
7,prune_75,721,7.374701499938965,213929352.0,4.0
7,prune_99,721,10.907170295715332,855717.4080000008,999.9999999999991
7,quant8,721,7.235337734222412,213929352.0,4.0
7,celo,722,6.252989292144775,856904256.0,1.0
7,prune_50,722,6.200672149658203,428452128.0,2.0
7,prune_75,722,6.050160884857178,214226064.0,4.0
7,prune_99,722,10.631244659423828,856904.2560000008,999.9999999999991
7,quant8,722,6.1412153244018555,214226064.0,4.0
7,celo,723,6.391390800476074,858091104.0,1.0
7,prune_50,723,6.340272903442383,429045552.0,2.0
7,prune_75,723,6.456298828125,214522776.0,4.0
7,prune_99,723,10.910770416259766,858091.1040000007,999.9999999999991
7,quant8,723,6.296734809875488,214522776.0,4.0
7,celo,724,7.038564205169678,859277952.0,1.0
7,prune_50,724,7.081089019775391,429638976.0,2.0
7,prune_75,724,7.032837390899658,214819488.0,4.0
7,prune_99,724,10.57461929321289,859277.9520000007,999.9999999999991
7,quant8,724,6.906154632568359,214819488.0,4.0
7,celo,725,6.875923156738281,860464800.0,1.0
7,prune_50,725,7.068134307861328,430232400.0,2.0
7,prune_75,725,7.105534076690674,215116200.0,4.0
7,prune_99,725,10.593548774719238,860464.8000000007,999.9999999999991
7,quant8,725,7.045099258422852,215116200.0,4.0
7,celo,726,7.239078998565674,861651648.0,1.0
7,prune_50,726,7.367345809936523,430825824.0,2.0
7,prune_75,726,7.426779747009277,215412912.0,4.0
7,prune_99,726,10.543777465820312,861651.6480000007,999.9999999999991
7,quant8,726,7.328824996948242,215412912.0,4.0
7,celo,727,6.35133171081543,862838496.0,1.0
7,prune_50,727,6.323611259460449,431419248.0,2.0
7,prune_75,727,6.401817321777344,215709624.0,4.0
7,prune_99,727,10.542093276977539,862838.4960000007,999.9999999999991
7,quant8,727,6.329968452453613,215709624.0,4.0
7,celo,728,5.7602362632751465,864025344.0,1.0
7,prune_50,728,5.851134777069092,432012672.0,2.0
7,prune_75,728,5.803444862365723,216006336.0,4.0
7,prune_99,728,10.428415298461914,864025.3440000007,999.9999999999991
7,quant8,728,5.830252647399902,216006336.0,4.0
7,celo,729,6.171177864074707,865212192.0,1.0
7,prune_50,729,6.226745128631592,432606096.0,2.0
7,prune_75,729,6.360067844390869,216303048.0,4.0
7,prune_99,729,10.893375396728516,865212.1920000009,999.9999999999991
7,quant8,729,6.128522872924805,216303048.0,4.0
7,celo,730,6.674289703369141,866399040.0,1.0
7,prune_50,730,6.6920905113220215,433199520.0,2.0
7,prune_75,730,6.840460777282715,216599760.0,4.0
7,prune_99,730,10.770071983337402,866399.0400000009,999.9999999999991
7,quant8,730,6.724844932556152,216599760.0,4.0
7,celo,731,7.251743316650391,867585888.0,1.0
7,prune_50,731,7.332162857055664,433792944.0,2.0
7,prune_75,731,7.345940113067627,216896472.0,4.0
7,prune_99,731,10.687820434570312,867585.8880000009,999.9999999999991
7,quant8,731,7.269142150878906,216896472.0,4.0
7,celo,732,6.182217121124268,868772736.0,1.0
7,prune_50,732,6.286820411682129,434386368.0,2.0
7,prune_75,732,6.342463493347168,217193184.0,4.0
7,prune_99,732,10.69866943359375,868772.7360000008,999.9999999999991
7,quant8,732,6.429293155670166,217193184.0,4.0
7,celo,733,5.653985023498535,869959584.0,1.0
7,prune_50,733,5.581517219543457,434979792.0,2.0
7,prune_75,733,5.635128021240234,217489896.0,4.0
7,prune_99,733,10.69119644165039,869959.5840000008,999.9999999999991
7,quant8,733,5.84194803237915,217489896.0,4.0
7,celo,734,6.55279541015625,871146432.0,1.0
7,prune_50,734,6.599343299865723,435573216.0,2.0
7,prune_75,734,6.669797897338867,217786608.0,4.0
7,prune_99,734,10.587230682373047,871146.4320000008,999.9999999999991
7,quant8,734,6.464381217956543,217786608.0,4.0
7,celo,735,6.59335994720459,872333280.0,1.0
7,prune_50,735,6.629119873046875,436166640.0,2.0
7,prune_75,735,6.807257652282715,218083320.0,4.0
7,prune_99,735,10.460908889770508,872333.2800000008,999.9999999999991
7,quant8,735,6.715934753417969,218083320.0,4.0
7,celo,736,6.225678443908691,873520128.0,1.0
7,prune_50,736,6.203764915466309,436760064.0,2.0
7,prune_75,736,6.371450424194336,218380032.0,4.0
7,prune_99,736,10.530115127563477,873520.1280000008,999.9999999999991
7,quant8,736,6.315023422241211,218380032.0,4.0
7,celo,737,6.288569450378418,874706976.0,1.0
7,prune_50,737,6.251473426818848,437353488.0,2.0
7,prune_75,737,6.637417793273926,218676744.0,4.0
7,prune_99,737,10.581056594848633,874706.9760000008,999.9999999999991
7,quant8,737,6.532599449157715,218676744.0,4.0
7,celo,738,7.205506801605225,875893824.0,1.0
7,prune_50,738,7.133708953857422,437946912.0,2.0
7,prune_75,738,7.192088603973389,218973456.0,4.0
7,prune_99,738,10.655298233032227,875893.8240000008,999.9999999999991
7,quant8,738,7.218192100524902,218973456.0,4.0
7,celo,739,7.314425468444824,877080672.0,1.0
7,prune_50,739,7.314640522003174,438540336.0,2.0
7,prune_75,739,7.483007431030273,219270168.0,4.0
7,prune_99,739,10.446131706237793,877080.6720000008,999.9999999999991
7,quant8,739,7.279285430908203,219270168.0,4.0
7,celo,740,6.164410591125488,878267520.0,1.0
7,prune_50,740,6.0875325202941895,439133760.0,2.0
7,prune_75,740,6.1702375411987305,219566880.0,4.0
7,prune_99,740,10.869897842407227,878267.5200000008,999.9999999999991
7,quant8,740,6.205556392669678,219566880.0,4.0
7,celo,741,8.058035850524902,879454368.0,1.0
7,prune_50,741,8.119451522827148,439727184.0,2.0
7,prune_75,741,8.246959686279297,219863592.0,4.0
7,prune_99,741,10.818509101867676,879454.3680000008,999.9999999999991
7,quant8,741,8.0711669921875,219863592.0,4.0
7,celo,742,7.767308712005615,880641216.0,1.0
7,prune_50,742,7.853202819824219,440320608.0,2.0
7,prune_75,742,7.924426078796387,220160304.0,4.0
7,prune_99,742,10.717443466186523,880641.2160000008,999.9999999999991
7,quant8,742,7.743407249450684,220160304.0,4.0
7,celo,743,5.884953498840332,881828064.0,1.0
7,prune_50,743,5.958961486816406,440914032.0,2.0
7,prune_75,743,5.928903579711914,220457016.0,4.0
7,prune_99,743,10.46170425415039,881828.0640000008,999.9999999999991
7,quant8,743,6.134387969970703,220457016.0,4.0
7,celo,744,6.5965681076049805,883014912.0,1.0
7,prune_50,744,6.545124053955078,441507456.0,2.0
7,prune_75,744,6.495421886444092,220753728.0,4.0
7,prune_99,744,10.690336227416992,883014.9120000008,999.9999999999991
7,quant8,744,6.602840900421143,220753728.0,4.0
7,celo,745,7.607940196990967,884201760.0,1.0
7,prune_50,745,7.624364376068115,442100880.0,2.0
7,prune_75,745,7.70475435256958,221050440.0,4.0
7,prune_99,745,10.756492614746094,884201.7600000008,999.9999999999991
7,quant8,745,7.613638877868652,221050440.0,4.0
7,celo,746,7.210296630859375,885388608.0,1.0
7,prune_50,746,7.286749839782715,442694304.0,2.0
7,prune_75,746,7.1276373863220215,221347152.0,4.0
7,prune_99,746,10.628946304321289,885388.6080000008,999.9999999999991
7,quant8,746,7.294815540313721,221347152.0,4.0
7,celo,747,6.585178375244141,886575456.0,1.0
7,prune_50,747,6.2714948654174805,443287728.0,2.0
7,prune_75,747,6.580465316772461,221643864.0,4.0
7,prune_99,747,10.541024208068848,886575.4560000008,999.9999999999991
7,quant8,747,6.506564140319824,221643864.0,4.0
7,celo,748,6.989010810852051,887762304.0,1.0
7,prune_50,748,6.952202320098877,443881152.0,2.0
7,prune_75,748,7.311561107635498,221940576.0,4.0
7,prune_99,748,10.80414867401123,887762.3040000008,999.9999999999991
7,quant8,748,7.136322498321533,221940576.0,4.0
7,celo,749,7.604421138763428,888949152.0,1.0
7,prune_50,749,7.211669921875,444474576.0,2.0
7,prune_75,749,7.440202713012695,222237288.0,4.0
7,prune_99,749,10.723549842834473,888949.1520000008,999.9999999999991
7,quant8,749,7.330364227294922,222237288.0,4.0
7,celo,750,6.6476640701293945,890136000.0,1.0
7,prune_50,750,6.438508987426758,445068000.0,2.0
7,prune_75,750,6.5723042488098145,222534000.0,4.0
7,prune_99,750,10.662225723266602,890136.0000000008,999.9999999999991
7,quant8,750,6.565436840057373,222534000.0,4.0
7,celo,751,6.663144588470459,891322848.0,1.0
7,prune_50,751,6.762449264526367,445661424.0,2.0
7,prune_75,751,6.612919807434082,222830712.0,4.0
7,prune_99,751,10.809782028198242,891322.8480000008,999.9999999999991
7,quant8,751,6.723702430725098,222830712.0,4.0
7,celo,752,7.038058280944824,892509696.0,1.0
7,prune_50,752,7.163173675537109,446254848.0,2.0
7,prune_75,752,7.126428604125977,223127424.0,4.0
7,prune_99,752,10.761774063110352,892509.6960000008,999.9999999999991
7,quant8,752,7.181212425231934,223127424.0,4.0
7,celo,753,6.83698844909668,893696544.0,1.0
7,prune_50,753,6.994956970214844,446848272.0,2.0
7,prune_75,753,7.081074237823486,223424136.0,4.0
7,prune_99,753,10.485274314880371,893696.5440000008,999.9999999999991
7,quant8,753,6.938717842102051,223424136.0,4.0
7,celo,754,6.641684532165527,894883392.0,1.0
7,prune_50,754,6.764773368835449,447441696.0,2.0
7,prune_75,754,6.687199592590332,223720848.0,4.0
7,prune_99,754,10.595113754272461,894883.3920000008,999.9999999999991
7,quant8,754,6.740481376647949,223720848.0,4.0
7,celo,755,7.13290548324585,896070240.0,1.0
7,prune_50,755,7.052216053009033,448035120.0,2.0
7,prune_75,755,7.142024517059326,224017560.0,4.0
7,prune_99,755,10.682212829589844,896070.2400000008,999.9999999999991
7,quant8,755,7.110245704650879,224017560.0,4.0
7,celo,756,6.729362487792969,897257088.0,1.0
7,prune_50,756,6.6946845054626465,448628544.0,2.0
7,prune_75,756,6.764068603515625,224314272.0,4.0
7,prune_99,756,10.494889259338379,897257.0880000008,999.9999999999991
7,quant8,756,6.492373466491699,224314272.0,4.0
7,celo,757,6.211076259613037,898443936.0,1.0
7,prune_50,757,6.350865364074707,449221968.0,2.0
7,prune_75,757,6.453737735748291,224610984.0,4.0
7,prune_99,757,10.637398719787598,898443.9360000008,999.9999999999991
7,quant8,757,6.257668495178223,224610984.0,4.0
7,celo,758,6.802175998687744,899630784.0,1.0
7,prune_50,758,6.821066379547119,449815392.0,2.0
7,prune_75,758,6.910026550292969,224907696.0,4.0
7,prune_99,758,10.61648941040039,899630.7840000008,999.9999999999991
7,quant8,758,6.562925815582275,224907696.0,4.0
7,celo,759,6.295971393585205,900817632.0,1.0
7,prune_50,759,6.462716102600098,450408816.0,2.0
7,prune_75,759,6.535321235656738,225204408.0,4.0
7,prune_99,759,10.658876419067383,900817.6320000008,999.9999999999991
7,quant8,759,6.415089130401611,225204408.0,4.0
7,celo,760,6.1204047203063965,902004480.0,1.0
7,prune_50,760,6.164328575134277,451002240.0,2.0
7,prune_75,760,6.078450679779053,225501120.0,4.0
7,prune_99,760,10.606809616088867,902004.4800000008,999.9999999999991
7,quant8,760,5.9801411628723145,225501120.0,4.0
7,celo,761,6.503056526184082,903191328.0,1.0
7,prune_50,761,6.42515754699707,451595664.0,2.0
7,prune_75,761,6.458715915679932,225797832.0,4.0
7,prune_99,761,10.583963394165039,903191.3280000008,999.9999999999991
7,quant8,761,6.431854724884033,225797832.0,4.0
7,celo,762,6.354818344116211,904378176.0,1.0
7,prune_50,762,6.381946563720703,452189088.0,2.0
7,prune_75,762,6.512868881225586,226094544.0,4.0
7,prune_99,762,10.896745681762695,904378.1760000008,999.9999999999991
7,quant8,762,6.504427433013916,226094544.0,4.0
7,celo,763,6.279295921325684,905565024.0,1.0
7,prune_50,763,6.380575180053711,452782512.0,2.0
7,prune_75,763,6.38279914855957,226391256.0,4.0
7,prune_99,763,10.684999465942383,905565.0240000008,999.9999999999991
7,quant8,763,6.294772148132324,226391256.0,4.0
7,celo,764,6.4242753982543945,906751872.0,1.0
7,prune_50,764,6.414475917816162,453375936.0,2.0
7,prune_75,764,6.438304424285889,226687968.0,4.0
7,prune_99,764,10.703767776489258,906751.8720000008,999.9999999999991
7,quant8,764,6.292823314666748,226687968.0,4.0
7,celo,765,6.6293110847473145,907938720.0,1.0
7,prune_50,765,6.60202693939209,453969360.0,2.0
7,prune_75,765,6.772904396057129,226984680.0,4.0
7,prune_99,765,10.817927360534668,907938.7200000008,999.9999999999991
7,quant8,765,6.65300178527832,226984680.0,4.0
7,celo,766,7.06252908706665,909125568.0,1.0
7,prune_50,766,6.983013153076172,454562784.0,2.0
7,prune_75,766,7.181946754455566,227281392.0,4.0
7,prune_99,766,10.37734603881836,909125.5680000008,999.9999999999991
7,quant8,766,7.0306291580200195,227281392.0,4.0
7,celo,767,7.448838233947754,910312416.0,1.0
7,prune_50,767,7.556927680969238,455156208.0,2.0
7,prune_75,767,7.672549247741699,227578104.0,4.0
7,prune_99,767,10.649765014648438,910312.4160000008,999.9999999999991
7,quant8,767,7.468679428100586,227578104.0,4.0
7,celo,768,7.458652019500732,911499264.0,1.0
7,prune_50,768,7.368845462799072,455749632.0,2.0
7,prune_75,768,7.486721992492676,227874816.0,4.0
7,prune_99,768,10.762245178222656,911499.2640000009,999.9999999999991
7,quant8,768,7.567514896392822,227874816.0,4.0
7,celo,769,7.269583225250244,912686112.0,1.0
7,prune_50,769,7.2922210693359375,456343056.0,2.0
7,prune_75,769,7.417445182800293,228171528.0,4.0
7,prune_99,769,10.358158111572266,912686.1120000009,999.9999999999991
7,quant8,769,7.447638511657715,228171528.0,4.0
7,celo,770,6.593629837036133,913872960.0,1.0
7,prune_50,770,6.60902214050293,456936480.0,2.0
7,prune_75,770,6.5884857177734375,228468240.0,4.0
7,prune_99,770,10.946088790893555,913872.9600000009,999.9999999999991
7,quant8,770,6.664177894592285,228468240.0,4.0
7,celo,771,6.54726505279541,915059808.0,1.0
7,prune_50,771,6.541042804718018,457529904.0,2.0
7,prune_75,771,6.451198577880859,228764952.0,4.0
7,prune_99,771,10.73643684387207,915059.8080000009,999.9999999999991
7,quant8,771,6.526447296142578,228764952.0,4.0
7,celo,772,6.526270866394043,916246656.0,1.0
7,prune_50,772,6.460928916931152,458123328.0,2.0
7,prune_75,772,6.584455966949463,229061664.0,4.0
7,prune_99,772,10.910794258117676,916246.6560000009,999.9999999999991
7,quant8,772,6.572582244873047,229061664.0,4.0
7,celo,773,7.31273078918457,917433504.0,1.0
7,prune_50,773,7.405218601226807,458716752.0,2.0
7,prune_75,773,7.313410758972168,229358376.0,4.0
7,prune_99,773,10.829795837402344,917433.5040000009,999.9999999999991
7,quant8,773,7.277632713317871,229358376.0,4.0
7,celo,774,7.2247209548950195,918620352.0,1.0
7,prune_50,774,7.112377166748047,459310176.0,2.0
7,prune_75,774,7.223308563232422,229655088.0,4.0
7,prune_99,774,10.52298355102539,918620.3520000009,999.9999999999991
7,quant8,774,7.193151473999023,229655088.0,4.0
7,celo,775,6.848138809204102,919807200.0,1.0
7,prune_50,775,6.673126697540283,459903600.0,2.0
7,prune_75,775,7.005001544952393,229951800.0,4.0
7,prune_99,775,10.539021492004395,919807.2000000009,999.9999999999991
7,quant8,775,6.715325355529785,229951800.0,4.0
7,celo,776,5.543850898742676,920994048.0,1.0
7,prune_50,776,5.531287670135498,460497024.0,2.0
7,prune_75,776,5.61909294128418,230248512.0,4.0
7,prune_99,776,10.619630813598633,920994.0480000009,999.9999999999991
7,quant8,776,5.647759437561035,230248512.0,4.0
7,celo,777,8.37969970703125,922180896.0,1.0
7,prune_50,777,8.268394470214844,461090448.0,2.0
7,prune_75,777,8.585498809814453,230545224.0,4.0
7,prune_99,777,10.808341979980469,922180.8960000009,999.9999999999991
7,quant8,777,8.410029411315918,230545224.0,4.0
7,celo,778,6.473631858825684,923367744.0,1.0
7,prune_50,778,6.591676712036133,461683872.0,2.0
7,prune_75,778,6.606780052185059,230841936.0,4.0
7,prune_99,778,10.478975296020508,923367.7440000009,999.9999999999991
7,quant8,778,6.493217468261719,230841936.0,4.0
7,celo,779,6.66118049621582,924554592.0,1.0
7,prune_50,779,6.739223480224609,462277296.0,2.0
7,prune_75,779,6.674474716186523,231138648.0,4.0
7,prune_99,779,10.508832931518555,924554.5920000009,999.9999999999991
7,quant8,779,6.809465408325195,231138648.0,4.0
7,celo,780,7.343310832977295,925741440.0,1.0
7,prune_50,780,7.206691265106201,462870720.0,2.0
7,prune_75,780,7.155943870544434,231435360.0,4.0
7,prune_99,780,10.894327163696289,925741.4400000009,999.9999999999991
7,quant8,780,7.356986045837402,231435360.0,4.0
7,celo,781,6.309037208557129,926928288.0,1.0
7,prune_50,781,6.125860214233398,463464144.0,2.0
7,prune_75,781,6.437778949737549,231732072.0,4.0
7,prune_99,781,10.999018669128418,926928.2880000009,999.9999999999991
7,quant8,781,6.404603958129883,231732072.0,4.0
7,celo,782,7.162919044494629,928115136.0,1.0
7,prune_50,782,7.051056861877441,464057568.0,2.0
7,prune_75,782,7.092259407043457,232028784.0,4.0
7,prune_99,782,10.79124927520752,928115.1360000009,999.9999999999991
7,quant8,782,7.1606903076171875,232028784.0,4.0
7,celo,783,6.076213836669922,929301984.0,1.0
7,prune_50,783,6.120565414428711,464650992.0,2.0
7,prune_75,783,6.424332618713379,232325496.0,4.0
7,prune_99,783,10.57874870300293,929301.9840000009,999.9999999999991
7,quant8,783,6.322941303253174,232325496.0,4.0
7,celo,784,7.707966327667236,930488832.0,1.0
7,prune_50,784,7.7257399559021,465244416.0,2.0
7,prune_75,784,7.823880195617676,232622208.0,4.0
7,prune_99,784,10.783595085144043,930488.8320000009,999.9999999999991
7,quant8,784,7.5769853591918945,232622208.0,4.0
7,celo,785,6.786304473876953,931675680.0,1.0
7,prune_50,785,6.71281099319458,465837840.0,2.0
7,prune_75,785,6.813460826873779,232918920.0,4.0
7,prune_99,785,10.748096466064453,931675.6800000009,999.9999999999991
7,quant8,785,6.632493019104004,232918920.0,4.0
7,celo,786,7.943339824676514,932862528.0,1.0
7,prune_50,786,8.106910705566406,466431264.0,2.0
7,prune_75,786,8.137614250183105,233215632.0,4.0
7,prune_99,786,10.817131042480469,932862.5280000009,999.9999999999991
7,quant8,786,8.143011093139648,233215632.0,4.0
7,celo,787,6.105535507202148,934049376.0,1.0
7,prune_50,787,6.019747734069824,467024688.0,2.0
7,prune_75,787,6.012982368469238,233512344.0,4.0
7,prune_99,787,10.691974639892578,934049.3760000009,999.9999999999991
7,quant8,787,5.944064617156982,233512344.0,4.0
7,celo,788,6.754965782165527,935236224.0,1.0
7,prune_50,788,6.764170169830322,467618112.0,2.0
7,prune_75,788,6.82444429397583,233809056.0,4.0
7,prune_99,788,10.737363815307617,935236.2240000009,999.9999999999991
7,quant8,788,6.797808647155762,233809056.0,4.0
7,celo,789,6.119701385498047,936423072.0,1.0
7,prune_50,789,5.816318035125732,468211536.0,2.0
7,prune_75,789,6.146304130554199,234105768.0,4.0
7,prune_99,789,10.892210960388184,936423.0720000009,999.9999999999991
7,quant8,789,6.076687812805176,234105768.0,4.0
7,celo,790,6.852574348449707,937609920.0,1.0
7,prune_50,790,6.8786702156066895,468804960.0,2.0
7,prune_75,790,6.970876216888428,234402480.0,4.0
7,prune_99,790,10.702832221984863,937609.9200000009,999.9999999999991
7,quant8,790,6.764072418212891,234402480.0,4.0
7,celo,791,7.337759971618652,938796768.0,1.0
7,prune_50,791,7.292536735534668,469398384.0,2.0
7,prune_75,791,7.582300662994385,234699192.0,4.0
7,prune_99,791,10.713071823120117,938796.7680000009,999.9999999999991
7,quant8,791,7.58053731918335,234699192.0,4.0
7,celo,792,6.963747978210449,939983616.0,1.0
7,prune_50,792,6.927689075469971,469991808.0,2.0
7,prune_75,792,7.083156585693359,234995904.0,4.0
7,prune_99,792,10.76140308380127,939983.6160000009,999.9999999999991
7,quant8,792,6.919914245605469,234995904.0,4.0
7,celo,793,6.6914544105529785,941170464.0,1.0
7,prune_50,793,6.808460235595703,470585232.0,2.0
7,prune_75,793,6.961541652679443,235292616.0,4.0
7,prune_99,793,10.842297554016113,941170.4640000009,999.9999999999991
7,quant8,793,6.883072853088379,235292616.0,4.0
7,celo,794,5.724036693572998,942357312.0,1.0
7,prune_50,794,5.699316024780273,471178656.0,2.0
7,prune_75,794,5.749045372009277,235589328.0,4.0
7,prune_99,794,10.523951530456543,942357.3120000008,999.9999999999991
7,quant8,794,5.7021002769470215,235589328.0,4.0
7,celo,795,6.561832427978516,943544160.0,1.0
7,prune_50,795,6.428404808044434,471772080.0,2.0
7,prune_75,795,6.64213752746582,235886040.0,4.0
7,prune_99,795,10.457815170288086,943544.1600000008,999.9999999999991
7,quant8,795,6.356426239013672,235886040.0,4.0
7,celo,796,6.323639869689941,944731008.0,1.0
7,prune_50,796,6.277765274047852,472365504.0,2.0
7,prune_75,796,6.470513343811035,236182752.0,4.0
7,prune_99,796,10.685256958007812,944731.0080000008,999.9999999999991
7,quant8,796,6.299910545349121,236182752.0,4.0
7,celo,797,6.735470771789551,945917856.0,1.0
7,prune_50,797,6.789562702178955,472958928.0,2.0
7,prune_75,797,7.020761489868164,236479464.0,4.0
7,prune_99,797,10.912164688110352,945917.8560000008,999.9999999999991
7,quant8,797,6.621381759643555,236479464.0,4.0
7,celo,798,7.623232841491699,947104704.0,1.0
7,prune_50,798,7.441747665405273,473552352.0,2.0
7,prune_75,798,7.737442970275879,236776176.0,4.0
7,prune_99,798,10.919708251953125,947104.7040000008,999.9999999999991
7,quant8,798,7.511853218078613,236776176.0,4.0
7,celo,799,6.7427263259887695,948291552.0,1.0
7,prune_50,799,6.788641929626465,474145776.0,2.0
7,prune_75,799,6.906204700469971,237072888.0,4.0
7,prune_99,799,10.67714786529541,948291.5520000008,999.9999999999991
7,quant8,799,6.771113872528076,237072888.0,4.0
7,celo,800,6.927321434020996,949478400.0,1.0
7,prune_50,800,6.6665449142456055,474739200.0,2.0
7,prune_75,800,6.788092613220215,237369600.0,4.0
7,prune_99,800,10.423017501831055,949478.4000000008,999.9999999999991
7,quant8,800,6.637887001037598,237369600.0,4.0
7,celo,801,7.058561325073242,950665248.0,1.0
7,prune_50,801,7.248420715332031,475332624.0,2.0
7,prune_75,801,7.260191917419434,237666312.0,4.0
7,prune_99,801,10.66238021850586,950665.2480000008,999.9999999999991
7,quant8,801,7.168399810791016,237666312.0,4.0
7,celo,802,6.078030586242676,951852096.0,1.0
7,prune_50,802,6.089725971221924,475926048.0,2.0
7,prune_75,802,6.155300140380859,237963024.0,4.0
7,prune_99,802,10.863430976867676,951852.0960000008,999.9999999999991
7,quant8,802,6.219103813171387,237963024.0,4.0
7,celo,803,6.144640922546387,953038944.0,1.0
7,prune_50,803,6.3769450187683105,476519472.0,2.0
7,prune_75,803,6.253355503082275,238259736.0,4.0
7,prune_99,803,10.741941452026367,953038.9440000008,999.9999999999991
7,quant8,803,6.265201091766357,238259736.0,4.0
7,celo,804,6.830596923828125,954225792.0,1.0
7,prune_50,804,6.787143707275391,477112896.0,2.0
7,prune_75,804,7.001763343811035,238556448.0,4.0
7,prune_99,804,10.60501480102539,954225.7920000008,999.9999999999991
7,quant8,804,6.93443489074707,238556448.0,4.0
7,celo,805,6.724175453186035,955412640.0,1.0
7,prune_50,805,6.622117042541504,477706320.0,2.0
7,prune_75,805,6.745353698730469,238853160.0,4.0
7,prune_99,805,10.3973388671875,955412.6400000008,999.9999999999991
7,quant8,805,6.873523712158203,238853160.0,4.0
7,celo,806,5.667700290679932,956599488.0,1.0
7,prune_50,806,5.586610794067383,478299744.0,2.0
7,prune_75,806,5.650732040405273,239149872.0,4.0
7,prune_99,806,10.65721321105957,956599.4880000008,999.9999999999991
7,quant8,806,5.7227959632873535,239149872.0,4.0
7,celo,807,6.7909345626831055,957786336.0,1.0
7,prune_50,807,6.847256183624268,478893168.0,2.0
7,prune_75,807,6.8369550704956055,239446584.0,4.0
7,prune_99,807,10.868642807006836,957786.3360000008,999.9999999999991
7,quant8,807,6.780982971191406,239446584.0,4.0
7,celo,808,7.106382369995117,958973184.0,1.0
7,prune_50,808,7.182823181152344,479486592.0,2.0
7,prune_75,808,7.44455623626709,239743296.0,4.0
7,prune_99,808,10.881941795349121,958973.1840000009,999.9999999999991
7,quant8,808,7.324665546417236,239743296.0,4.0
7,celo,809,6.968183994293213,960160032.0,1.0
7,prune_50,809,7.004788875579834,480080016.0,2.0
7,prune_75,809,7.218221664428711,240040008.0,4.0
7,prune_99,809,10.795145034790039,960160.0320000009,999.9999999999991
7,quant8,809,6.950687408447266,240040008.0,4.0
7,celo,810,8.136541366577148,961346880.0,1.0
7,prune_50,810,8.185544967651367,480673440.0,2.0
7,prune_75,810,8.311040878295898,240336720.0,4.0
7,prune_99,810,10.908199310302734,961346.8800000009,999.9999999999991
7,quant8,810,8.215328216552734,240336720.0,4.0
7,celo,811,6.110353469848633,962533728.0,1.0
7,prune_50,811,6.042646408081055,481266864.0,2.0
7,prune_75,811,6.005709171295166,240633432.0,4.0
7,prune_99,811,10.484869003295898,962533.7280000009,999.9999999999991
7,quant8,811,6.112192630767822,240633432.0,4.0
7,celo,812,6.970828533172607,963720576.0,1.0
7,prune_50,812,6.9712677001953125,481860288.0,2.0
7,prune_75,812,7.182706356048584,240930144.0,4.0
7,prune_99,812,10.793438911437988,963720.5760000009,999.9999999999991
7,quant8,812,6.986371040344238,240930144.0,4.0
7,celo,813,6.9445343017578125,964907424.0,1.0
7,prune_50,813,7.062343597412109,482453712.0,2.0
7,prune_75,813,7.129166603088379,241226856.0,4.0
7,prune_99,813,10.713849067687988,964907.4240000009,999.9999999999991
7,quant8,813,7.056829452514648,241226856.0,4.0
7,celo,814,7.350388526916504,966094272.0,1.0
7,prune_50,814,7.525971412658691,483047136.0,2.0
7,prune_75,814,7.608325958251953,241523568.0,4.0
7,prune_99,814,10.662877082824707,966094.2720000009,999.9999999999991
7,quant8,814,7.418396949768066,241523568.0,4.0
7,celo,815,7.778485298156738,967281120.0,1.0
7,prune_50,815,7.897477626800537,483640560.0,2.0
7,prune_75,815,8.166177749633789,241820280.0,4.0
7,prune_99,815,10.672403335571289,967281.1200000009,999.9999999999991
7,quant8,815,7.904450416564941,241820280.0,4.0
7,celo,816,6.738833904266357,968467968.0,1.0
7,prune_50,816,6.6967854499816895,484233984.0,2.0
7,prune_75,816,6.937774658203125,242116992.0,4.0
7,prune_99,816,10.512125015258789,968467.9680000009,999.9999999999991
7,quant8,816,6.775358200073242,242116992.0,4.0
7,celo,817,7.326650619506836,969654816.0,1.0
7,prune_50,817,7.3683671951293945,484827408.0,2.0
7,prune_75,817,7.3634724617004395,242413704.0,4.0
7,prune_99,817,10.693828582763672,969654.8160000009,999.9999999999991
7,quant8,817,7.491489410400391,242413704.0,4.0
7,celo,818,6.538666248321533,970841664.0,1.0
7,prune_50,818,6.488997459411621,485420832.0,2.0
7,prune_75,818,6.655208587646484,242710416.0,4.0
7,prune_99,818,10.656808853149414,970841.6640000009,999.9999999999991
7,quant8,818,6.523672103881836,242710416.0,4.0
7,celo,819,7.185890197753906,972028512.0,1.0
7,prune_50,819,7.05957555770874,486014256.0,2.0
7,prune_75,819,7.3400092124938965,243007128.0,4.0
7,prune_99,819,10.683524131774902,972028.5120000009,999.9999999999991
7,quant8,819,7.270471572875977,243007128.0,4.0
7,celo,820,7.559241771697998,973215360.0,1.0
7,prune_50,820,7.610361099243164,486607680.0,2.0
7,prune_75,820,7.540323257446289,243303840.0,4.0
7,prune_99,820,10.670686721801758,973215.3600000009,999.9999999999991
7,quant8,820,7.554581165313721,243303840.0,4.0
7,celo,821,7.229781150817871,974402208.0,1.0
7,prune_50,821,7.231834888458252,487201104.0,2.0
7,prune_75,821,7.55946159362793,243600552.0,4.0
7,prune_99,821,10.54189682006836,974402.2080000009,999.9999999999991
7,quant8,821,7.412456512451172,243600552.0,4.0
7,celo,822,6.823000907897949,975589056.0,1.0
7,prune_50,822,6.7420573234558105,487794528.0,2.0
7,prune_75,822,6.786372184753418,243897264.0,4.0
7,prune_99,822,10.557043075561523,975589.0560000009,999.9999999999991
7,quant8,822,6.772815704345703,243897264.0,4.0
7,celo,823,7.350816249847412,976775904.0,1.0
7,prune_50,823,7.438479423522949,488387952.0,2.0
7,prune_75,823,7.5804548263549805,244193976.0,4.0
7,prune_99,823,10.507189750671387,976775.9040000009,999.9999999999991
7,quant8,823,7.507447242736816,244193976.0,4.0
7,celo,824,6.848509788513184,977962752.0,1.0
7,prune_50,824,6.882515907287598,488981376.0,2.0
7,prune_75,824,7.030540466308594,244490688.0,4.0
7,prune_99,824,10.841552734375,977962.7520000009,999.9999999999991
7,quant8,824,6.847733974456787,244490688.0,4.0
7,celo,825,6.704345226287842,979149600.0,1.0
7,prune_50,825,6.724372863769531,489574800.0,2.0
7,prune_75,825,6.990607261657715,244787400.0,4.0
7,prune_99,825,10.715107917785645,979149.6000000009,999.9999999999991
7,quant8,825,6.924043655395508,244787400.0,4.0
7,celo,826,6.038243293762207,980336448.0,1.0
7,prune_50,826,6.079373359680176,490168224.0,2.0
7,prune_75,826,6.0467634201049805,245084112.0,4.0
7,prune_99,826,10.744040489196777,980336.4480000009,999.9999999999991
7,quant8,826,6.061476707458496,245084112.0,4.0
7,celo,827,6.503293991088867,981523296.0,1.0
7,prune_50,827,6.546529769897461,490761648.0,2.0
7,prune_75,827,6.664817810058594,245380824.0,4.0
7,prune_99,827,10.73251724243164,981523.2960000009,999.9999999999991
7,quant8,827,6.409297943115234,245380824.0,4.0
7,celo,828,6.282057762145996,982710144.0,1.0
7,prune_50,828,6.266497611999512,491355072.0,2.0
7,prune_75,828,6.468441963195801,245677536.0,4.0
7,prune_99,828,10.803363800048828,982710.1440000009,999.9999999999991
7,quant8,828,6.237322807312012,245677536.0,4.0
7,celo,829,6.673637866973877,983896992.0,1.0
7,prune_50,829,6.66512393951416,491948496.0,2.0
7,prune_75,829,6.920956611633301,245974248.0,4.0
7,prune_99,829,10.715404510498047,983896.9920000009,999.9999999999991
7,quant8,829,6.61807107925415,245974248.0,4.0
7,celo,830,5.146467208862305,985083840.0,1.0
7,prune_50,830,4.984954833984375,492541920.0,2.0
7,prune_75,830,5.299343109130859,246270960.0,4.0
7,prune_99,830,10.701333999633789,985083.8400000009,999.9999999999991
7,quant8,830,5.076423645019531,246270960.0,4.0
7,celo,831,5.050910472869873,986270688.0,1.0
7,prune_50,831,5.1550703048706055,493135344.0,2.0
7,prune_75,831,5.202977657318115,246567672.0,4.0
7,prune_99,831,10.64082145690918,986270.6880000009,999.9999999999991
7,quant8,831,5.045488357543945,246567672.0,4.0
7,celo,832,7.931423664093018,987457536.0,1.0
7,prune_50,832,7.918923377990723,493728768.0,2.0
7,prune_75,832,7.854832649230957,246864384.0,4.0
7,prune_99,832,10.67576789855957,987457.5360000009,999.9999999999991
7,quant8,832,7.7469964027404785,246864384.0,4.0
7,celo,833,7.256464958190918,988644384.0,1.0
7,prune_50,833,7.2919697761535645,494322192.0,2.0
7,prune_75,833,7.33723783493042,247161096.0,4.0
7,prune_99,833,10.942560195922852,988644.3840000009,999.9999999999991
7,quant8,833,7.343572616577148,247161096.0,4.0
7,celo,834,5.495363712310791,989831232.0,1.0
7,prune_50,834,5.520166397094727,494915616.0,2.0
7,prune_75,834,5.80424690246582,247457808.0,4.0
7,prune_99,834,11.000652313232422,989831.2320000009,999.9999999999991
7,quant8,834,5.946706771850586,247457808.0,4.0
7,celo,835,7.783840179443359,991018080.0,1.0
7,prune_50,835,7.737388610839844,495509040.0,2.0
7,prune_75,835,7.93333625793457,247754520.0,4.0
7,prune_99,835,10.707921981811523,991018.0800000009,999.9999999999991
7,quant8,835,7.71923828125,247754520.0,4.0
7,celo,836,7.190243721008301,992204928.0,1.0
7,prune_50,836,7.19101619720459,496102464.0,2.0
7,prune_75,836,7.059612274169922,248051232.0,4.0
7,prune_99,836,10.706877708435059,992204.9280000009,999.9999999999991
7,quant8,836,6.970156669616699,248051232.0,4.0
7,celo,837,6.485785484313965,993391776.0,1.0
7,prune_50,837,6.41261100769043,496695888.0,2.0
7,prune_75,837,6.514416217803955,248347944.0,4.0
7,prune_99,837,10.624273300170898,993391.7760000009,999.9999999999991
7,quant8,837,6.5230302810668945,248347944.0,4.0
7,celo,838,7.942959785461426,994578624.0,1.0
7,prune_50,838,7.886030673980713,497289312.0,2.0
7,prune_75,838,8.051142692565918,248644656.0,4.0
7,prune_99,838,10.797632217407227,994578.6240000009,999.9999999999991
7,quant8,838,7.842512130737305,248644656.0,4.0
7,celo,839,6.103750228881836,995765472.0,1.0
7,prune_50,839,6.299597263336182,497882736.0,2.0
7,prune_75,839,6.121922492980957,248941368.0,4.0
7,prune_99,839,10.444355010986328,995765.4720000009,999.9999999999991
7,quant8,839,6.24558687210083,248941368.0,4.0
7,celo,840,6.545352458953857,996952320.0,1.0
7,prune_50,840,6.722845077514648,498476160.0,2.0
7,prune_75,840,6.67100715637207,249238080.0,4.0
7,prune_99,840,10.656429290771484,996952.3200000009,999.9999999999991
7,quant8,840,6.788042068481445,249238080.0,4.0
7,celo,841,6.412255764007568,998139168.0,1.0
7,prune_50,841,6.29080057144165,499069584.0,2.0
7,prune_75,841,6.460276126861572,249534792.0,4.0
7,prune_99,841,10.597390174865723,998139.1680000009,999.9999999999991
7,quant8,841,6.382915496826172,249534792.0,4.0
7,celo,842,5.207109451293945,999326016.0,1.0
7,prune_50,842,5.291772365570068,499663008.0,2.0
7,prune_75,842,5.363173484802246,249831504.0,4.0
7,prune_99,842,10.86173152923584,999326.0160000009,999.9999999999991
7,quant8,842,5.021747589111328,249831504.0,4.0
7,celo,843,6.870264053344727,1000512864.0,1.0
7,prune_50,843,6.875868797302246,500256432.0,2.0
7,prune_75,843,6.979941368103027,250128216.0,4.0
7,prune_99,843,10.81529426574707,1000512.8640000009,999.9999999999991
7,quant8,843,6.677011489868164,250128216.0,4.0
7,celo,844,5.861879825592041,1001699712.0,1.0
7,prune_50,844,5.889939308166504,500849856.0,2.0
7,prune_75,844,5.840111255645752,250424928.0,4.0
7,prune_99,844,10.811365127563477,1001699.7120000009,999.9999999999991
7,quant8,844,5.817094802856445,250424928.0,4.0
7,celo,845,6.264762878417969,1002886560.0,1.0
7,prune_50,845,6.407826900482178,501443280.0,2.0
7,prune_75,845,6.361645698547363,250721640.0,4.0
7,prune_99,845,10.62085247039795,1002886.5600000009,999.9999999999991
7,quant8,845,6.386085510253906,250721640.0,4.0
7,celo,846,7.064112186431885,1004073408.0,1.0
7,prune_50,846,7.145669460296631,502036704.0,2.0
7,prune_75,846,7.224189758300781,251018352.0,4.0
7,prune_99,846,10.724048614501953,1004073.4080000009,999.9999999999991
7,quant8,846,7.2708659172058105,251018352.0,4.0
7,celo,847,7.149805068969727,1005260256.0,1.0
7,prune_50,847,7.2658820152282715,502630128.0,2.0
7,prune_75,847,7.352261543273926,251315064.0,4.0
7,prune_99,847,10.576557159423828,1005260.256000001,999.9999999999991
7,quant8,847,7.10725212097168,251315064.0,4.0
7,celo,848,6.092564105987549,1006447104.0,1.0
7,prune_50,848,5.903180122375488,503223552.0,2.0
7,prune_75,848,6.028573989868164,251611776.0,4.0
7,prune_99,848,10.555158615112305,1006447.104000001,999.9999999999991
7,quant8,848,5.897443771362305,251611776.0,4.0
7,celo,849,6.284343719482422,1007633952.0,1.0
7,prune_50,849,6.348257064819336,503816976.0,2.0
7,prune_75,849,6.435009002685547,251908488.0,4.0
7,prune_99,849,10.464868545532227,1007633.952000001,999.9999999999991
7,quant8,849,6.260025978088379,251908488.0,4.0
7,celo,850,5.784229278564453,1008820800.0,1.0
7,prune_50,850,5.683609962463379,504410400.0,2.0
7,prune_75,850,5.4716033935546875,252205200.0,4.0
7,prune_99,850,10.903112411499023,1008820.800000001,999.9999999999991
7,quant8,850,5.581430435180664,252205200.0,4.0
7,celo,851,6.949151992797852,1010007648.0,1.0
7,prune_50,851,6.853763580322266,505003824.0,2.0
7,prune_75,851,7.083869934082031,252501912.0,4.0
7,prune_99,851,10.705023765563965,1010007.648000001,999.9999999999991
7,quant8,851,6.92922306060791,252501912.0,4.0
7,celo,852,6.283880710601807,1011194496.0,1.0
7,prune_50,852,6.036016464233398,505597248.0,2.0
7,prune_75,852,6.256138801574707,252798624.0,4.0
7,prune_99,852,10.734720230102539,1011194.496000001,999.9999999999991
7,quant8,852,6.149382591247559,252798624.0,4.0
7,celo,853,6.277934551239014,1012381344.0,1.0
7,prune_50,853,6.374128341674805,506190672.0,2.0
7,prune_75,853,6.1734089851379395,253095336.0,4.0
7,prune_99,853,10.53705883026123,1012381.344000001,999.9999999999991
7,quant8,853,6.3792877197265625,253095336.0,4.0
7,celo,854,6.907651901245117,1013568192.0,1.0
7,prune_50,854,6.782417297363281,506784096.0,2.0
7,prune_75,854,6.896414279937744,253392048.0,4.0
7,prune_99,854,10.619528770446777,1013568.192000001,999.9999999999991
7,quant8,854,6.901840686798096,253392048.0,4.0
7,celo,855,7.913252353668213,1014755040.0,1.0
7,prune_50,855,7.803828239440918,507377520.0,2.0
7,prune_75,855,7.980222702026367,253688760.0,4.0
7,prune_99,855,10.649904251098633,1014755.040000001,999.9999999999991
7,quant8,855,7.888556480407715,253688760.0,4.0
7,celo,856,7.0968475341796875,1015941888.0,1.0
7,prune_50,856,7.211775779724121,507970944.0,2.0
7,prune_75,856,7.303236961364746,253985472.0,4.0
7,prune_99,856,10.643142700195312,1015941.888000001,999.9999999999991
7,quant8,856,7.07365608215332,253985472.0,4.0
7,celo,857,7.409616470336914,1017128736.0,1.0
7,prune_50,857,7.340049743652344,508564368.0,2.0
7,prune_75,857,7.37921142578125,254282184.0,4.0
7,prune_99,857,10.620847702026367,1017128.736000001,999.9999999999991
7,quant8,857,7.341668128967285,254282184.0,4.0
7,celo,858,7.5676960945129395,1018315584.0,1.0
7,prune_50,858,7.464193344116211,509157792.0,2.0
7,prune_75,858,7.689779281616211,254578896.0,4.0
7,prune_99,858,10.596735000610352,1018315.584000001,999.9999999999991
7,quant8,858,7.508500099182129,254578896.0,4.0
7,celo,859,6.447650909423828,1019502432.0,1.0
7,prune_50,859,6.2732439041137695,509751216.0,2.0
7,prune_75,859,6.61025333404541,254875608.0,4.0
7,prune_99,859,10.687016487121582,1019502.432000001,999.9999999999991
7,quant8,859,6.489936828613281,254875608.0,4.0
7,celo,860,6.233523368835449,1020689280.0,1.0
7,prune_50,860,6.245182514190674,510344640.0,2.0
7,prune_75,860,6.367137432098389,255172320.0,4.0
7,prune_99,860,10.62591552734375,1020689.280000001,999.9999999999991
7,quant8,860,6.281979560852051,255172320.0,4.0
7,celo,861,6.529975891113281,1021876128.0,1.0
7,prune_50,861,6.470993995666504,510938064.0,2.0
7,prune_75,861,6.546982765197754,255469032.0,4.0
7,prune_99,861,10.860437393188477,1021876.128000001,999.9999999999991
7,quant8,861,6.505011558532715,255469032.0,4.0
7,celo,862,7.057896614074707,1023062976.0,1.0
7,prune_50,862,7.0582427978515625,511531488.0,2.0
7,prune_75,862,7.3061652183532715,255765744.0,4.0
7,prune_99,862,10.784442901611328,1023062.976000001,999.9999999999991
7,quant8,862,7.176910400390625,255765744.0,4.0
7,celo,863,5.590800762176514,1024249824.0,1.0
7,prune_50,863,5.52699089050293,512124912.0,2.0
7,prune_75,863,5.610165596008301,256062456.0,4.0
7,prune_99,863,10.610034942626953,1024249.824000001,999.9999999999991
7,quant8,863,5.532485008239746,256062456.0,4.0
7,celo,864,7.597066879272461,1025436672.0,1.0
7,prune_50,864,7.541974067687988,512718336.0,2.0
7,prune_75,864,8.024600982666016,256359168.0,4.0
7,prune_99,864,11.054067611694336,1025436.672000001,999.9999999999991
7,quant8,864,7.737600803375244,256359168.0,4.0
7,celo,865,7.432400703430176,1026623520.0,1.0
7,prune_50,865,7.253264427185059,513311760.0,2.0
7,prune_75,865,7.54622745513916,256655880.0,4.0
7,prune_99,865,10.616138458251953,1026623.520000001,999.9999999999991
7,quant8,865,7.444790840148926,256655880.0,4.0
7,celo,866,7.732321739196777,1027810368.0,1.0
7,prune_50,866,7.484552383422852,513905184.0,2.0
7,prune_75,866,7.820729732513428,256952592.0,4.0
7,prune_99,866,10.465283393859863,1027810.368000001,999.9999999999991
7,quant8,866,7.668762683868408,256952592.0,4.0
7,celo,867,7.134900093078613,1028997216.0,1.0
7,prune_50,867,7.160147190093994,514498608.0,2.0
7,prune_75,867,7.285889148712158,257249304.0,4.0
7,prune_99,867,10.666357040405273,1028997.216000001,999.9999999999991
7,quant8,867,7.2459940910339355,257249304.0,4.0
7,celo,868,6.692376136779785,1030184064.0,1.0
7,prune_50,868,6.52908992767334,515092032.0,2.0
7,prune_75,868,6.878249168395996,257546016.0,4.0
7,prune_99,868,10.644781112670898,1030184.064000001,999.9999999999991
7,quant8,868,6.9036865234375,257546016.0,4.0
7,celo,869,6.126008033752441,1031370912.0,1.0
7,prune_50,869,6.119272708892822,515685456.0,2.0
7,prune_75,869,6.1077799797058105,257842728.0,4.0
7,prune_99,869,10.831390380859375,1031370.912000001,999.9999999999991
7,quant8,869,6.143393516540527,257842728.0,4.0
7,celo,870,7.239193916320801,1032557760.0,1.0
7,prune_50,870,6.921438217163086,516278880.0,2.0
7,prune_75,870,7.003467082977295,258139440.0,4.0
7,prune_99,870,10.9801025390625,1032557.7600000009,999.9999999999991
7,quant8,870,7.076642036437988,258139440.0,4.0
7,celo,871,6.43548583984375,1033744608.0,1.0
7,prune_50,871,6.358972549438477,516872304.0,2.0
7,prune_75,871,6.452093601226807,258436152.0,4.0
7,prune_99,871,10.738296508789062,1033744.6080000009,999.9999999999991
7,quant8,871,6.494424343109131,258436152.0,4.0
7,celo,872,6.268892765045166,1034931456.0,1.0
7,prune_50,872,6.176912307739258,517465728.0,2.0
7,prune_75,872,6.263678073883057,258732864.0,4.0
7,prune_99,872,10.686779022216797,1034931.4560000009,999.9999999999991
7,quant8,872,6.293947219848633,258732864.0,4.0
7,celo,873,7.5706071853637695,1036118304.0,1.0
7,prune_50,873,7.6432647705078125,518059152.0,2.0
7,prune_75,873,7.715113639831543,259029576.0,4.0
7,prune_99,873,10.619598388671875,1036118.3040000009,999.9999999999991
7,quant8,873,7.670966625213623,259029576.0,4.0
7,celo,874,8.281013488769531,1037305152.0,1.0
7,prune_50,874,8.215877532958984,518652576.0,2.0
7,prune_75,874,8.297708511352539,259326288.0,4.0
7,prune_99,874,10.766486167907715,1037305.1520000009,999.9999999999991
7,quant8,874,8.295116424560547,259326288.0,4.0
7,celo,875,6.602423667907715,1038492000.0,1.0
7,prune_50,875,6.854978561401367,519246000.0,2.0
7,prune_75,875,6.865720272064209,259623000.0,4.0
7,prune_99,875,10.979211807250977,1038492.0000000009,999.9999999999991
7,quant8,875,6.826425552368164,259623000.0,4.0
7,celo,876,6.731620788574219,1039678848.0,1.0
7,prune_50,876,6.6005353927612305,519839424.0,2.0
7,prune_75,876,6.700555324554443,259919712.0,4.0
7,prune_99,876,10.677041053771973,1039678.8480000009,999.9999999999991
7,quant8,876,6.820310115814209,259919712.0,4.0
7,celo,877,6.912753105163574,1040865696.0,1.0
7,prune_50,877,6.909916400909424,520432848.0,2.0
7,prune_75,877,7.136172294616699,260216424.0,4.0
7,prune_99,877,10.733970642089844,1040865.6960000009,999.9999999999991
7,quant8,877,6.869255065917969,260216424.0,4.0
7,celo,878,7.251402378082275,1042052544.0,1.0
7,prune_50,878,7.1826372146606445,521026272.0,2.0
7,prune_75,878,7.301990509033203,260513136.0,4.0
7,prune_99,878,10.835599899291992,1042052.5440000009,999.9999999999991
7,quant8,878,7.261579990386963,260513136.0,4.0
7,celo,879,6.541192054748535,1043239392.0,1.0
7,prune_50,879,6.51116943359375,521619696.0,2.0
7,prune_75,879,6.717623233795166,260809848.0,4.0
7,prune_99,879,10.82843017578125,1043239.3920000009,999.9999999999991
7,quant8,879,6.645146369934082,260809848.0,4.0
7,celo,880,6.922192096710205,1044426240.0,1.0
7,prune_50,880,6.686635494232178,522213120.0,2.0
7,prune_75,880,6.990070343017578,261106560.0,4.0
7,prune_99,880,10.999032020568848,1044426.2400000009,999.9999999999991
7,quant8,880,6.9393768310546875,261106560.0,4.0
7,celo,881,6.464158535003662,1045613088.0,1.0
7,prune_50,881,6.607497692108154,522806544.0,2.0
7,prune_75,881,6.613417148590088,261403272.0,4.0
7,prune_99,881,10.773496627807617,1045613.0880000009,999.9999999999991
7,quant8,881,6.711765289306641,261403272.0,4.0
7,celo,882,7.321021556854248,1046799936.0,1.0
7,prune_50,882,7.247183799743652,523399968.0,2.0
7,prune_75,882,7.611293792724609,261699984.0,4.0
7,prune_99,882,10.649319648742676,1046799.9360000009,999.9999999999991
7,quant8,882,7.364842414855957,261699984.0,4.0
7,celo,883,6.657265663146973,1047986784.0,1.0
7,prune_50,883,6.735107898712158,523993392.0,2.0
7,prune_75,883,6.965635299682617,261996696.0,4.0
7,prune_99,883,10.834880828857422,1047986.7840000009,999.9999999999991
7,quant8,883,6.755848407745361,261996696.0,4.0
7,celo,884,6.667340278625488,1049173632.0,1.0
7,prune_50,884,6.515836715698242,524586816.0,2.0
7,prune_75,884,6.8537187576293945,262293408.0,4.0
7,prune_99,884,10.508769035339355,1049173.632000001,999.9999999999991
7,quant8,884,6.737314224243164,262293408.0,4.0
7,celo,885,7.3791913986206055,1050360480.0,1.0
7,prune_50,885,7.411449432373047,525180240.0,2.0
7,prune_75,885,7.593270301818848,262590120.0,4.0
7,prune_99,885,10.595361709594727,1050360.480000001,999.9999999999991
7,quant8,885,7.451441764831543,262590120.0,4.0
7,celo,886,6.270075798034668,1051547328.0,1.0
7,prune_50,886,6.113461017608643,525773664.0,2.0
7,prune_75,886,6.267956256866455,262886832.0,4.0
7,prune_99,886,10.667806625366211,1051547.328000001,999.9999999999991
7,quant8,886,6.318861961364746,262886832.0,4.0
7,celo,887,7.3254618644714355,1052734176.0,1.0
7,prune_50,887,7.144135475158691,526367088.0,2.0
7,prune_75,887,7.361719608306885,263183544.0,4.0
7,prune_99,887,10.58753776550293,1052734.176000001,999.9999999999991
7,quant8,887,7.259494304656982,263183544.0,4.0
7,celo,888,5.910408020019531,1053921024.0,1.0
7,prune_50,888,6.100728988647461,526960512.0,2.0
7,prune_75,888,6.205593109130859,263480256.0,4.0
7,prune_99,888,10.491560935974121,1053921.024000001,999.9999999999991
7,quant8,888,6.275434970855713,263480256.0,4.0
7,celo,889,6.49261999130249,1055107872.0,1.0
7,prune_50,889,6.616497039794922,527553936.0,2.0
7,prune_75,889,6.809109687805176,263776968.0,4.0
7,prune_99,889,10.732681274414062,1055107.872000001,999.9999999999991
7,quant8,889,6.760931015014648,263776968.0,4.0
7,celo,890,7.195446968078613,1056294720.0,1.0
7,prune_50,890,6.902116775512695,528147360.0,2.0
7,prune_75,890,7.343386650085449,264073680.0,4.0
7,prune_99,890,10.871302604675293,1056294.720000001,999.9999999999991
7,quant8,890,6.920573711395264,264073680.0,4.0
7,celo,891,7.078488349914551,1057481568.0,1.0
7,prune_50,891,6.940279006958008,528740784.0,2.0
7,prune_75,891,7.012197494506836,264370392.0,4.0
7,prune_99,891,10.466639518737793,1057481.568000001,999.9999999999991
7,quant8,891,6.844125747680664,264370392.0,4.0
7,celo,892,7.16167688369751,1058668416.0,1.0
7,prune_50,892,7.383195400238037,529334208.0,2.0
7,prune_75,892,7.486216068267822,264667104.0,4.0
7,prune_99,892,10.821118354797363,1058668.416000001,999.9999999999991
7,quant8,892,7.205962657928467,264667104.0,4.0
7,celo,893,7.965714454650879,1059855264.0,1.0
7,prune_50,893,7.699793815612793,529927632.0,2.0
7,prune_75,893,7.9752373695373535,264963816.0,4.0
7,prune_99,893,10.726401329040527,1059855.264000001,999.9999999999991
7,quant8,893,7.875938415527344,264963816.0,4.0
7,celo,894,5.943885803222656,1061042112.0,1.0
7,prune_50,894,6.036856174468994,530521056.0,2.0
7,prune_75,894,6.277779579162598,265260528.0,4.0
7,prune_99,894,10.915435791015625,1061042.112000001,999.9999999999991
7,quant8,894,6.062596321105957,265260528.0,4.0
7,celo,895,7.062206745147705,1062228960.0,1.0
7,prune_50,895,6.960057735443115,531114480.0,2.0
7,prune_75,895,6.915258884429932,265557240.0,4.0
7,prune_99,895,10.775402069091797,1062228.960000001,999.9999999999991
7,quant8,895,7.0950703620910645,265557240.0,4.0
7,celo,896,7.034182071685791,1063415808.0,1.0
7,prune_50,896,7.087472915649414,531707904.0,2.0
7,prune_75,896,7.1656694412231445,265853952.0,4.0
7,prune_99,896,10.681970596313477,1063415.808000001,999.9999999999991
7,quant8,896,7.066821098327637,265853952.0,4.0
7,celo,897,6.801610469818115,1064602656.0,1.0
7,prune_50,897,6.898497104644775,532301328.0,2.0
7,prune_75,897,6.697772026062012,266150664.0,4.0
7,prune_99,897,10.350927352905273,1064602.656000001,999.9999999999991
7,quant8,897,6.783135414123535,266150664.0,4.0
7,celo,898,6.844144821166992,1065789504.0,1.0
7,prune_50,898,6.85152006149292,532894752.0,2.0
7,prune_75,898,6.880233287811279,266447376.0,4.0
7,prune_99,898,10.756945610046387,1065789.504000001,999.9999999999991
7,quant8,898,6.836949825286865,266447376.0,4.0
7,celo,899,7.561939239501953,1066976352.0,1.0
7,prune_50,899,7.598881721496582,533488176.0,2.0
7,prune_75,899,7.705578327178955,266744088.0,4.0
7,prune_99,899,10.752607345581055,1066976.352000001,999.9999999999991
7,quant8,899,7.582658767700195,266744088.0,4.0
7,celo,900,7.880615234375,1068163200.0,1.0
7,prune_50,900,8.096960067749023,534081600.0,2.0
7,prune_75,900,8.112756729125977,267040800.0,4.0
7,prune_99,900,10.805864334106445,1068163.200000001,999.9999999999991
7,quant8,900,7.849010467529297,267040800.0,4.0
7,celo,901,6.258679389953613,1069350048.0,1.0
7,prune_50,901,6.3015031814575195,534675024.0,2.0
7,prune_75,901,6.2778825759887695,267337512.0,4.0
7,prune_99,901,10.875670433044434,1069350.0480000009,999.9999999999991
7,quant8,901,6.196512699127197,267337512.0,4.0
7,celo,902,8.708213806152344,1070536896.0,1.0
7,prune_50,902,8.789837837219238,535268448.0,2.0
7,prune_75,902,8.79714298248291,267634224.0,4.0
7,prune_99,902,10.747276306152344,1070536.8960000009,999.9999999999991
7,quant8,902,8.603240966796875,267634224.0,4.0
7,celo,903,6.896536827087402,1071723744.0,1.0
7,prune_50,903,7.167014122009277,535861872.0,2.0
7,prune_75,903,7.083890914916992,267930936.0,4.0
7,prune_99,903,10.904170989990234,1071723.7440000009,999.9999999999991
7,quant8,903,7.116313934326172,267930936.0,4.0
7,celo,904,6.96323299407959,1072910592.0,1.0
7,prune_50,904,7.009082794189453,536455296.0,2.0
7,prune_75,904,7.194403171539307,268227648.0,4.0
7,prune_99,904,10.625326156616211,1072910.5920000009,999.9999999999991
7,quant8,904,7.02280855178833,268227648.0,4.0
7,celo,905,7.518904209136963,1074097440.0,1.0
7,prune_50,905,7.675637722015381,537048720.0,2.0
7,prune_75,905,7.526939392089844,268524360.0,4.0
7,prune_99,905,10.606551170349121,1074097.4400000009,999.9999999999991
7,quant8,905,7.400075912475586,268524360.0,4.0
7,celo,906,6.482975959777832,1075284288.0,1.0
7,prune_50,906,6.510602951049805,537642144.0,2.0
7,prune_75,906,6.7624406814575195,268821072.0,4.0
7,prune_99,906,10.6385498046875,1075284.288000001,999.9999999999991
7,quant8,906,6.602324962615967,268821072.0,4.0
7,celo,907,7.328981399536133,1076471136.0,1.0
7,prune_50,907,7.408206462860107,538235568.0,2.0
7,prune_75,907,7.559735298156738,269117784.0,4.0
7,prune_99,907,10.86758804321289,1076471.136000001,999.9999999999991
7,quant8,907,7.532651901245117,269117784.0,4.0
7,celo,908,6.027327537536621,1077657984.0,1.0
7,prune_50,908,6.245068550109863,538828992.0,2.0
7,prune_75,908,6.307337284088135,269414496.0,4.0
7,prune_99,908,10.825125694274902,1077657.984000001,999.9999999999991
7,quant8,908,6.273650169372559,269414496.0,4.0
7,celo,909,6.75661563873291,1078844832.0,1.0
7,prune_50,909,6.831315994262695,539422416.0,2.0
7,prune_75,909,6.945042610168457,269711208.0,4.0
7,prune_99,909,10.561606407165527,1078844.832000001,999.9999999999991
7,quant8,909,6.899291038513184,269711208.0,4.0
7,celo,910,7.8871965408325195,1080031680.0,1.0
7,prune_50,910,7.808109283447266,540015840.0,2.0
7,prune_75,910,8.133498191833496,270007920.0,4.0
7,prune_99,910,10.67640495300293,1080031.680000001,999.9999999999991
7,quant8,910,7.992654800415039,270007920.0,4.0
7,celo,911,7.305717468261719,1081218528.0,1.0
7,prune_50,911,7.2596211433410645,540609264.0,2.0
7,prune_75,911,7.38371467590332,270304632.0,4.0
7,prune_99,911,10.894302368164062,1081218.528000001,999.9999999999991
7,quant8,911,7.250565528869629,270304632.0,4.0
7,celo,912,7.595465183258057,1082405376.0,1.0
7,prune_50,912,7.578884124755859,541202688.0,2.0
7,prune_75,912,7.731450080871582,270601344.0,4.0
7,prune_99,912,10.917608261108398,1082405.376000001,999.9999999999991
7,quant8,912,7.525757789611816,270601344.0,4.0
7,celo,913,5.572315692901611,1083592224.0,1.0
7,prune_50,913,5.552924156188965,541796112.0,2.0
7,prune_75,913,5.591784954071045,270898056.0,4.0
7,prune_99,913,10.774946212768555,1083592.224000001,999.9999999999991
7,quant8,913,5.5303449630737305,270898056.0,4.0
7,celo,914,6.8424811363220215,1084779072.0,1.0
7,prune_50,914,7.047938346862793,542389536.0,2.0
7,prune_75,914,6.973419666290283,271194768.0,4.0
7,prune_99,914,10.62763500213623,1084779.072000001,999.9999999999991
7,quant8,914,7.0013427734375,271194768.0,4.0
7,celo,915,6.372612953186035,1085965920.0,1.0
7,prune_50,915,6.520458698272705,542982960.0,2.0
7,prune_75,915,6.4532670974731445,271491480.0,4.0
7,prune_99,915,10.781694412231445,1085965.920000001,999.9999999999991
7,quant8,915,6.429040431976318,271491480.0,4.0
7,celo,916,6.641940116882324,1087152768.0,1.0
7,prune_50,916,6.7902445793151855,543576384.0,2.0
7,prune_75,916,6.967226028442383,271788192.0,4.0
7,prune_99,916,10.680009841918945,1087152.768000001,999.9999999999991
7,quant8,916,6.8304901123046875,271788192.0,4.0
7,celo,917,7.029215335845947,1088339616.0,1.0
7,prune_50,917,7.26509952545166,544169808.0,2.0
7,prune_75,917,7.199649810791016,272084904.0,4.0
7,prune_99,917,10.63975715637207,1088339.616000001,999.9999999999991
7,quant8,917,7.118926048278809,272084904.0,4.0
7,celo,918,7.058300495147705,1089526464.0,1.0
7,prune_50,918,7.06640625,544763232.0,2.0
7,prune_75,918,7.0589213371276855,272381616.0,4.0
7,prune_99,918,10.606119155883789,1089526.464000001,999.9999999999991
7,quant8,918,7.051914215087891,272381616.0,4.0
7,celo,919,6.578072547912598,1090713312.0,1.0
7,prune_50,919,6.435713768005371,545356656.0,2.0
7,prune_75,919,6.535135269165039,272678328.0,4.0
7,prune_99,919,10.636795043945312,1090713.312000001,999.9999999999991
7,quant8,919,6.488381862640381,272678328.0,4.0
7,celo,920,6.696491241455078,1091900160.0,1.0
7,prune_50,920,6.9022216796875,545950080.0,2.0
7,prune_75,920,6.942216873168945,272975040.0,4.0
7,prune_99,920,10.58234691619873,1091900.160000001,999.9999999999991
7,quant8,920,6.770516395568848,272975040.0,4.0
7,celo,921,6.063241481781006,1093087008.0,1.0
7,prune_50,921,5.905657768249512,546543504.0,2.0
7,prune_75,921,6.093674182891846,273271752.0,4.0
7,prune_99,921,10.645811080932617,1093087.008000001,999.9999999999991
7,quant8,921,5.972348213195801,273271752.0,4.0
7,celo,922,6.706537246704102,1094273856.0,1.0
7,prune_50,922,6.834860801696777,547136928.0,2.0
7,prune_75,922,6.6539812088012695,273568464.0,4.0
7,prune_99,922,10.78221607208252,1094273.856000001,999.9999999999991
7,quant8,922,6.814920425415039,273568464.0,4.0
7,celo,923,6.945715427398682,1095460704.0,1.0
7,prune_50,923,6.829501628875732,547730352.0,2.0
7,prune_75,923,6.995192527770996,273865176.0,4.0
7,prune_99,923,10.544105529785156,1095460.704000001,999.9999999999991
7,quant8,923,6.938501358032227,273865176.0,4.0
7,celo,924,6.942915439605713,1096647552.0,1.0
7,prune_50,924,6.885091304779053,548323776.0,2.0
7,prune_75,924,7.232556343078613,274161888.0,4.0
7,prune_99,924,10.64272689819336,1096647.552000001,999.9999999999991
7,quant8,924,6.856510162353516,274161888.0,4.0
7,celo,925,6.673457622528076,1097834400.0,1.0
7,prune_50,925,6.4616804122924805,548917200.0,2.0
7,prune_75,925,6.811803817749023,274458600.0,4.0
7,prune_99,925,10.63049030303955,1097834.400000001,999.9999999999991
7,quant8,925,6.618958473205566,274458600.0,4.0
7,celo,926,7.832144737243652,1099021248.0,1.0
7,prune_50,926,7.715986251831055,549510624.0,2.0
7,prune_75,926,8.121187210083008,274755312.0,4.0
7,prune_99,926,10.620355606079102,1099021.248000001,999.9999999999991
7,quant8,926,7.944522380828857,274755312.0,4.0
7,celo,927,6.301764488220215,1100208096.0,1.0
7,prune_50,927,6.063371658325195,550104048.0,2.0
7,prune_75,927,6.0658698081970215,275052024.0,4.0
7,prune_99,927,10.691776275634766,1100208.096000001,999.9999999999991
7,quant8,927,6.031271934509277,275052024.0,4.0
7,celo,928,7.366942882537842,1101394944.0,1.0
7,prune_50,928,7.215682506561279,550697472.0,2.0
7,prune_75,928,7.3629865646362305,275348736.0,4.0
7,prune_99,928,10.34414291381836,1101394.944000001,999.9999999999991
7,quant8,928,7.213206768035889,275348736.0,4.0
7,celo,929,6.527909755706787,1102581792.0,1.0
7,prune_50,929,6.621257781982422,551290896.0,2.0
7,prune_75,929,6.671894073486328,275645448.0,4.0
7,prune_99,929,10.769326210021973,1102581.792000001,999.9999999999991
7,quant8,929,6.502608776092529,275645448.0,4.0
7,celo,930,6.895233154296875,1103768640.0,1.0
7,prune_50,930,6.820157051086426,551884320.0,2.0
7,prune_75,930,6.989143371582031,275942160.0,4.0
7,prune_99,930,10.406670570373535,1103768.640000001,999.9999999999991
7,quant8,930,6.761861801147461,275942160.0,4.0
7,celo,931,6.7335100173950195,1104955488.0,1.0
7,prune_50,931,7.101935386657715,552477744.0,2.0
7,prune_75,931,6.984381675720215,276238872.0,4.0
7,prune_99,931,10.714354515075684,1104955.488000001,999.9999999999991
7,quant8,931,7.05738639831543,276238872.0,4.0
7,celo,932,6.094549179077148,1106142336.0,1.0
7,prune_50,932,6.144660949707031,553071168.0,2.0
7,prune_75,932,6.2524495124816895,276535584.0,4.0
7,prune_99,932,10.713083267211914,1106142.336000001,999.9999999999991
7,quant8,932,6.1952056884765625,276535584.0,4.0
7,celo,933,6.960351943969727,1107329184.0,1.0
7,prune_50,933,6.93939208984375,553664592.0,2.0
7,prune_75,933,6.820760726928711,276832296.0,4.0
7,prune_99,933,10.781699180603027,1107329.184000001,999.9999999999991
7,quant8,933,6.86624813079834,276832296.0,4.0
7,celo,934,6.412583351135254,1108516032.0,1.0
7,prune_50,934,6.2730278968811035,554258016.0,2.0
7,prune_75,934,6.536317825317383,277129008.0,4.0
7,prune_99,934,10.655200958251953,1108516.032000001,999.9999999999991
7,quant8,934,6.521913051605225,277129008.0,4.0
7,celo,935,7.120731353759766,1109702880.0,1.0
7,prune_50,935,7.29799747467041,554851440.0,2.0
7,prune_75,935,7.426833152770996,277425720.0,4.0
7,prune_99,935,10.69090461730957,1109702.880000001,999.9999999999991
7,quant8,935,7.3239288330078125,277425720.0,4.0
7,celo,936,6.251646995544434,1110889728.0,1.0
7,prune_50,936,6.434960842132568,555444864.0,2.0
7,prune_75,936,6.2610392570495605,277722432.0,4.0
7,prune_99,936,10.506985664367676,1110889.728000001,999.9999999999991
7,quant8,936,6.318110942840576,277722432.0,4.0
7,celo,937,7.731927871704102,1112076576.0,1.0
7,prune_50,937,7.809061050415039,556038288.0,2.0
7,prune_75,937,7.848753929138184,278019144.0,4.0
7,prune_99,937,10.813314437866211,1112076.576000001,999.9999999999991
7,quant8,937,7.840597152709961,278019144.0,4.0
7,celo,938,6.986686706542969,1113263424.0,1.0
7,prune_50,938,7.047950744628906,556631712.0,2.0
7,prune_75,938,7.183387279510498,278315856.0,4.0
7,prune_99,938,10.564119338989258,1113263.424000001,999.9999999999991
7,quant8,938,7.185649871826172,278315856.0,4.0
7,celo,939,6.002246379852295,1114450272.0,1.0
7,prune_50,939,6.1930108070373535,557225136.0,2.0
7,prune_75,939,6.264411449432373,278612568.0,4.0
7,prune_99,939,10.728597640991211,1114450.272000001,999.9999999999991
7,quant8,939,6.108884334564209,278612568.0,4.0
7,celo,940,6.580829620361328,1115637120.0,1.0
7,prune_50,940,6.649115562438965,557818560.0,2.0
7,prune_75,940,6.778329849243164,278909280.0,4.0
7,prune_99,940,10.617919921875,1115637.120000001,999.9999999999991
7,quant8,940,6.446828842163086,278909280.0,4.0
7,celo,941,6.974119663238525,1116823968.0,1.0
7,prune_50,941,6.819673538208008,558411984.0,2.0
7,prune_75,941,7.165884971618652,279205992.0,4.0
7,prune_99,941,10.832622528076172,1116823.968000001,999.9999999999991
7,quant8,941,6.860470294952393,279205992.0,4.0
7,celo,942,7.1841936111450195,1118010816.0,1.0
7,prune_50,942,7.259782791137695,559005408.0,2.0
7,prune_75,942,7.325599670410156,279502704.0,4.0
7,prune_99,942,10.819221496582031,1118010.816000001,999.9999999999991
7,quant8,942,7.27170991897583,279502704.0,4.0
7,celo,943,7.167540550231934,1119197664.0,1.0
7,prune_50,943,7.385098457336426,559598832.0,2.0
7,prune_75,943,7.337117671966553,279799416.0,4.0
7,prune_99,943,10.84825325012207,1119197.664000001,999.9999999999991
7,quant8,943,7.27248477935791,279799416.0,4.0
7,celo,944,7.5647478103637695,1120384512.0,1.0
7,prune_50,944,7.540799140930176,560192256.0,2.0
7,prune_75,944,7.52615213394165,280096128.0,4.0
7,prune_99,944,10.498546600341797,1120384.512000001,999.9999999999991
7,quant8,944,7.497230529785156,280096128.0,4.0
7,celo,945,6.103493690490723,1121571360.0,1.0
7,prune_50,945,6.1595354080200195,560785680.0,2.0
7,prune_75,945,6.335217475891113,280392840.0,4.0
7,prune_99,945,10.442858695983887,1121571.360000001,999.9999999999991
7,quant8,945,6.209150314331055,280392840.0,4.0
7,celo,946,5.983401298522949,1122758208.0,1.0
7,prune_50,946,6.362468719482422,561379104.0,2.0
7,prune_75,946,6.123538017272949,280689552.0,4.0
7,prune_99,946,10.6055326461792,1122758.208000001,999.9999999999991
7,quant8,946,6.102797508239746,280689552.0,4.0
7,celo,947,6.131257057189941,1123945056.0,1.0
7,prune_50,947,6.184327125549316,561972528.0,2.0
7,prune_75,947,6.442461967468262,280986264.0,4.0
7,prune_99,947,10.639458656311035,1123945.056000001,999.9999999999991
7,quant8,947,6.124298095703125,280986264.0,4.0
7,celo,948,6.932147979736328,1125131904.0,1.0
7,prune_50,948,7.10058069229126,562565952.0,2.0
7,prune_75,948,7.2231550216674805,281282976.0,4.0
7,prune_99,948,10.513517379760742,1125131.904000001,999.9999999999991
7,quant8,948,7.013150691986084,281282976.0,4.0
7,celo,949,7.383756637573242,1126318752.0,1.0
7,prune_50,949,7.549962997436523,563159376.0,2.0
7,prune_75,949,7.73826789855957,281579688.0,4.0
7,prune_99,949,10.708013534545898,1126318.752000001,999.9999999999991
7,quant8,949,7.395620346069336,281579688.0,4.0
7,celo,950,7.70547342300415,1127505600.0,1.0
7,prune_50,950,7.7527756690979,563752800.0,2.0
7,prune_75,950,7.669541835784912,281876400.0,4.0
7,prune_99,950,10.740013122558594,1127505.600000001,999.9999999999991
7,quant8,950,7.615403652191162,281876400.0,4.0
7,celo,951,6.404735565185547,1128692448.0,1.0
7,prune_50,951,6.498749732971191,564346224.0,2.0
7,prune_75,951,6.640258312225342,282173112.0,4.0
7,prune_99,951,10.598470687866211,1128692.448000001,999.9999999999991
7,quant8,951,6.53571891784668,282173112.0,4.0
7,celo,952,6.777626991271973,1129879296.0,1.0
7,prune_50,952,6.788966655731201,564939648.0,2.0
7,prune_75,952,7.006139755249023,282469824.0,4.0
7,prune_99,952,10.3902006149292,1129879.296000001,999.9999999999991
7,quant8,952,6.993104934692383,282469824.0,4.0
7,celo,953,8.265125274658203,1131066144.0,1.0
7,prune_50,953,8.179359436035156,565533072.0,2.0
7,prune_75,953,8.375005722045898,282766536.0,4.0
7,prune_99,953,10.704570770263672,1131066.144000001,999.9999999999991
7,quant8,953,8.339254379272461,282766536.0,4.0
7,celo,954,6.871793746948242,1132252992.0,1.0
7,prune_50,954,6.97598934173584,566126496.0,2.0
7,prune_75,954,6.796846389770508,283063248.0,4.0
7,prune_99,954,10.9610595703125,1132252.992000001,999.9999999999991
7,quant8,954,6.971807479858398,283063248.0,4.0
7,celo,955,7.296822547912598,1133439840.0,1.0
7,prune_50,955,7.340627670288086,566719920.0,2.0
7,prune_75,955,7.216734886169434,283359960.0,4.0
7,prune_99,955,10.635684967041016,1133439.840000001,999.9999999999991
7,quant8,955,7.161123752593994,283359960.0,4.0
7,celo,956,6.872929573059082,1134626688.0,1.0
7,prune_50,956,7.050187110900879,567313344.0,2.0
7,prune_75,956,6.897823333740234,283656672.0,4.0
7,prune_99,956,10.671249389648438,1134626.688000001,999.9999999999991
7,quant8,956,6.985684394836426,283656672.0,4.0
7,celo,957,7.172168731689453,1135813536.0,1.0
7,prune_50,957,7.368488311767578,567906768.0,2.0
7,prune_75,957,7.103614807128906,283953384.0,4.0
7,prune_99,957,10.833005905151367,1135813.536000001,999.9999999999991
7,quant8,957,7.103933334350586,283953384.0,4.0
7,celo,958,6.578961372375488,1137000384.0,1.0
7,prune_50,958,6.721639156341553,568500192.0,2.0
7,prune_75,958,6.71759033203125,284250096.0,4.0
7,prune_99,958,10.858867645263672,1137000.384000001,999.9999999999991
7,quant8,958,6.559096336364746,284250096.0,4.0
7,celo,959,8.210121154785156,1138187232.0,1.0
7,prune_50,959,8.442302703857422,569093616.0,2.0
7,prune_75,959,8.544171333312988,284546808.0,4.0
7,prune_99,959,10.536893844604492,1138187.232000001,999.9999999999991
7,quant8,959,8.351539611816406,284546808.0,4.0
7,celo,960,7.678699493408203,1139374080.0,1.0
7,prune_50,960,7.686215877532959,569687040.0,2.0
7,prune_75,960,7.678289413452148,284843520.0,4.0
7,prune_99,960,10.799057006835938,1139374.080000001,999.9999999999991
7,quant8,960,7.7021379470825195,284843520.0,4.0
7,celo,961,6.518127918243408,1140560928.0,1.0
7,prune_50,961,6.429503917694092,570280464.0,2.0
7,prune_75,961,6.73388671875,285140232.0,4.0
7,prune_99,961,10.915842056274414,1140560.928000001,999.9999999999991
7,quant8,961,6.594820976257324,285140232.0,4.0
7,celo,962,8.33708667755127,1141747776.0,1.0
7,prune_50,962,8.570655822753906,570873888.0,2.0
7,prune_75,962,8.604459762573242,285436944.0,4.0
7,prune_99,962,10.497482299804688,1141747.776000001,999.9999999999991
7,quant8,962,8.27830696105957,285436944.0,4.0
7,celo,963,6.433678150177002,1142934624.0,1.0
7,prune_50,963,6.5012125968933105,571467312.0,2.0
7,prune_75,963,6.4681243896484375,285733656.0,4.0
7,prune_99,963,10.657556533813477,1142934.624000001,999.9999999999991
7,quant8,963,6.526981353759766,285733656.0,4.0
7,celo,964,6.650396823883057,1144121472.0,1.0
7,prune_50,964,6.696224212646484,572060736.0,2.0
7,prune_75,964,6.91650915145874,286030368.0,4.0
7,prune_99,964,10.52804946899414,1144121.472000001,999.9999999999991
7,quant8,964,6.781071662902832,286030368.0,4.0
7,celo,965,6.970391273498535,1145308320.0,1.0
7,prune_50,965,6.867301940917969,572654160.0,2.0
7,prune_75,965,6.894608020782471,286327080.0,4.0
7,prune_99,965,10.721689224243164,1145308.320000001,999.9999999999991
7,quant8,965,6.888463497161865,286327080.0,4.0
7,celo,966,6.102980613708496,1146495168.0,1.0
7,prune_50,966,6.243895530700684,573247584.0,2.0
7,prune_75,966,6.1806745529174805,286623792.0,4.0
7,prune_99,966,10.38032341003418,1146495.168000001,999.9999999999991
7,quant8,966,6.073294639587402,286623792.0,4.0
7,celo,967,7.1451334953308105,1147682016.0,1.0
7,prune_50,967,7.4797468185424805,573841008.0,2.0
7,prune_75,967,7.375560760498047,286920504.0,4.0
7,prune_99,967,10.71312427520752,1147682.016000001,999.9999999999991
7,quant8,967,7.265884876251221,286920504.0,4.0
7,celo,968,5.919766902923584,1148868864.0,1.0
7,prune_50,968,5.9666829109191895,574434432.0,2.0
7,prune_75,968,5.938769340515137,287217216.0,4.0
7,prune_99,968,10.824945449829102,1148868.864000001,999.9999999999991
7,quant8,968,5.905485153198242,287217216.0,4.0
7,celo,969,6.194731712341309,1150055712.0,1.0
7,prune_50,969,6.491519451141357,575027856.0,2.0
7,prune_75,969,6.5358381271362305,287513928.0,4.0
7,prune_99,969,10.567705154418945,1150055.712000001,999.9999999999991
7,quant8,969,6.428963661193848,287513928.0,4.0
7,celo,970,6.479531288146973,1151242560.0,1.0
7,prune_50,970,6.779353618621826,575621280.0,2.0
7,prune_75,970,6.524380207061768,287810640.0,4.0
7,prune_99,970,10.843056678771973,1151242.560000001,999.9999999999991
7,quant8,970,6.48788595199585,287810640.0,4.0
7,celo,971,6.073309898376465,1152429408.0,1.0
7,prune_50,971,6.089416980743408,576214704.0,2.0
7,prune_75,971,6.190335273742676,288107352.0,4.0
7,prune_99,971,10.394332885742188,1152429.408000001,999.9999999999991
7,quant8,971,6.08685302734375,288107352.0,4.0
7,celo,972,5.469907283782959,1153616256.0,1.0
7,prune_50,972,5.411372184753418,576808128.0,2.0
7,prune_75,972,5.58366060256958,288404064.0,4.0
7,prune_99,972,10.934465408325195,1153616.256000001,999.9999999999991
7,quant8,972,5.45609188079834,288404064.0,4.0
7,celo,973,6.786098480224609,1154803104.0,1.0
7,prune_50,973,7.077698230743408,577401552.0,2.0
7,prune_75,973,7.031297206878662,288700776.0,4.0
7,prune_99,973,10.638033866882324,1154803.104000001,999.9999999999991
7,quant8,973,6.909005165100098,288700776.0,4.0
7,celo,974,7.300212860107422,1155989952.0,1.0
7,prune_50,974,7.354275226593018,577994976.0,2.0
7,prune_75,974,7.353118896484375,288997488.0,4.0
7,prune_99,974,10.430273056030273,1155989.952000001,999.9999999999991
7,quant8,974,7.171034812927246,288997488.0,4.0
7,celo,975,7.563871383666992,1157176800.0,1.0
7,prune_50,975,7.6795549392700195,578588400.0,2.0
7,prune_75,975,7.7451653480529785,289294200.0,4.0
7,prune_99,975,10.991350173950195,1157176.800000001,999.9999999999991
7,quant8,975,7.695368766784668,289294200.0,4.0
7,celo,976,6.539121627807617,1158363648.0,1.0
7,prune_50,976,6.667131423950195,579181824.0,2.0
7,prune_75,976,6.607107639312744,289590912.0,4.0
7,prune_99,976,10.556339263916016,1158363.648000001,999.9999999999991
7,quant8,976,6.405959129333496,289590912.0,4.0
7,celo,977,7.270881175994873,1159550496.0,1.0
7,prune_50,977,7.419407844543457,579775248.0,2.0
7,prune_75,977,7.47675895690918,289887624.0,4.0
7,prune_99,977,10.68930435180664,1159550.496000001,999.9999999999991
7,quant8,977,7.29693078994751,289887624.0,4.0
7,celo,978,6.83041524887085,1160737344.0,1.0
7,prune_50,978,7.134124279022217,580368672.0,2.0
7,prune_75,978,6.920337200164795,290184336.0,4.0
7,prune_99,978,10.948846817016602,1160737.344000001,999.9999999999991
7,quant8,978,6.863870620727539,290184336.0,4.0
7,celo,979,7.868897914886475,1161924192.0,1.0
7,prune_50,979,7.937154769897461,580962096.0,2.0
7,prune_75,979,8.133456230163574,290481048.0,4.0
7,prune_99,979,10.814945220947266,1161924.192000001,999.9999999999991
7,quant8,979,7.784875392913818,290481048.0,4.0
7,celo,980,5.453588962554932,1163111040.0,1.0
7,prune_50,980,5.415301322937012,581555520.0,2.0
7,prune_75,980,5.3468170166015625,290777760.0,4.0
7,prune_99,980,10.511846542358398,1163111.040000001,999.9999999999991
7,quant8,980,5.247759819030762,290777760.0,4.0
7,celo,981,5.376259803771973,1164297888.0,1.0
7,prune_50,981,5.887210369110107,582148944.0,2.0
7,prune_75,981,5.629632472991943,291074472.0,4.0
7,prune_99,981,10.662870407104492,1164297.888000001,999.9999999999991
7,quant8,981,5.669197082519531,291074472.0,4.0
7,celo,982,5.408465385437012,1165484736.0,1.0
7,prune_50,982,5.540903568267822,582742368.0,2.0
7,prune_75,982,5.548694610595703,291371184.0,4.0
7,prune_99,982,10.572822570800781,1165484.736000001,999.9999999999991
7,quant8,982,5.424376964569092,291371184.0,4.0
7,celo,983,6.798144817352295,1166671584.0,1.0
7,prune_50,983,7.110177993774414,583335792.0,2.0
7,prune_75,983,6.9419708251953125,291667896.0,4.0
7,prune_99,983,10.684398651123047,1166671.584000001,999.9999999999991
7,quant8,983,6.859403610229492,291667896.0,4.0
7,celo,984,7.559606552124023,1167858432.0,1.0
7,prune_50,984,7.620865821838379,583929216.0,2.0
7,prune_75,984,7.6409912109375,291964608.0,4.0
7,prune_99,984,10.809937477111816,1167858.432000001,999.9999999999991
7,quant8,984,7.462111949920654,291964608.0,4.0
7,celo,985,8.01284408569336,1169045280.0,1.0
7,prune_50,985,8.121565818786621,584522640.0,2.0
7,prune_75,985,8.357216835021973,292261320.0,4.0
7,prune_99,985,10.761390686035156,1169045.2800000012,999.9999999999991
7,quant8,985,8.020200729370117,292261320.0,4.0
7,celo,986,5.92098331451416,1170232128.0,1.0
7,prune_50,986,6.0509443283081055,585116064.0,2.0
7,prune_75,986,6.1023664474487305,292558032.0,4.0
7,prune_99,986,10.567461013793945,1170232.1280000012,999.9999999999991
7,quant8,986,5.840165138244629,292558032.0,4.0
7,celo,987,6.86104679107666,1171418976.0,1.0
7,prune_50,987,6.680850028991699,585709488.0,2.0
7,prune_75,987,6.9248504638671875,292854744.0,4.0
7,prune_99,987,10.640214920043945,1171418.9760000012,999.9999999999991
7,quant8,987,6.717920303344727,292854744.0,4.0
7,celo,988,6.57720422744751,1172605824.0,1.0
7,prune_50,988,6.488572120666504,586302912.0,2.0
7,prune_75,988,6.38942813873291,293151456.0,4.0
7,prune_99,988,10.74794864654541,1172605.8240000012,999.9999999999991
7,quant8,988,6.335536956787109,293151456.0,4.0
7,celo,989,6.605987071990967,1173792672.0,1.0
7,prune_50,989,6.56800651550293,586896336.0,2.0
7,prune_75,989,6.939098358154297,293448168.0,4.0
7,prune_99,989,10.715097427368164,1173792.6720000012,999.9999999999991
7,quant8,989,6.47976541519165,293448168.0,4.0
7,celo,990,7.4139790534973145,1174979520.0,1.0
7,prune_50,990,7.638070106506348,587489760.0,2.0
7,prune_75,990,7.541491508483887,293744880.0,4.0
7,prune_99,990,10.487963676452637,1174979.5200000012,999.9999999999991
7,quant8,990,7.349012851715088,293744880.0,4.0
7,celo,991,6.448080062866211,1176166368.0,1.0
7,prune_50,991,6.917654037475586,588083184.0,2.0
7,prune_75,991,7.034614562988281,294041592.0,4.0
7,prune_99,991,10.739882469177246,1176166.3680000012,999.9999999999991
7,quant8,991,6.5847625732421875,294041592.0,4.0
7,celo,992,6.573025703430176,1177353216.0,1.0
7,prune_50,992,6.6156005859375,588676608.0,2.0
7,prune_75,992,6.708343029022217,294338304.0,4.0
7,prune_99,992,10.75153636932373,1177353.2160000012,999.9999999999991
7,quant8,992,6.7600998878479,294338304.0,4.0
7,celo,993,6.6109466552734375,1178540064.0,1.0
7,prune_50,993,6.847425937652588,589270032.0,2.0
7,prune_75,993,6.673854827880859,294635016.0,4.0
7,prune_99,993,10.579172134399414,1178540.0640000012,999.9999999999991
7,quant8,993,6.3792009353637695,294635016.0,4.0
7,celo,994,6.0704216957092285,1179726912.0,1.0
7,prune_50,994,6.189468860626221,589863456.0,2.0
7,prune_75,994,6.263680458068848,294931728.0,4.0
7,prune_99,994,10.423971176147461,1179726.9120000012,999.9999999999991
7,quant8,994,5.9049859046936035,294931728.0,4.0
7,celo,995,6.976156234741211,1180913760.0,1.0
7,prune_50,995,7.010605812072754,590456880.0,2.0
7,prune_75,995,6.850663185119629,295228440.0,4.0
7,prune_99,995,10.657838821411133,1180913.7600000012,999.9999999999991
7,quant8,995,6.84536600112915,295228440.0,4.0
7,celo,996,6.000961780548096,1182100608.0,1.0
7,prune_50,996,6.268817901611328,591050304.0,2.0
7,prune_75,996,6.209307670593262,295525152.0,4.0
7,prune_99,996,10.702181816101074,1182100.6080000012,999.9999999999991
7,quant8,996,6.187827110290527,295525152.0,4.0
7,celo,997,7.555316925048828,1183287456.0,1.0
7,prune_50,997,7.50958776473999,591643728.0,2.0
7,prune_75,997,7.57206916809082,295821864.0,4.0
7,prune_99,997,10.72226333618164,1183287.4560000012,999.9999999999991
7,quant8,997,7.30146598815918,295821864.0,4.0
7,celo,998,7.054656028747559,1184474304.0,1.0
7,prune_50,998,7.098413467407227,592237152.0,2.0
7,prune_75,998,7.106675624847412,296118576.0,4.0
7,prune_99,998,10.894837379455566,1184474.3040000012,999.9999999999991
7,quant8,998,6.918371677398682,296118576.0,4.0
7,celo,999,7.142750263214111,1185661152.0,1.0
7,prune_50,999,7.1061177253723145,592830576.0,2.0
7,prune_75,999,7.372560501098633,296415288.0,4.0
7,prune_99,999,10.65399169921875,1185661.1520000012,999.9999999999991
7,quant8,999,7.0649261474609375,296415288.0,4.0
7,celo,1000,7.432013511657715,1186848000.0,1.0
7,prune_50,1000,7.457649230957031,593424000.0,2.0
7,prune_75,1000,7.421965599060059,296712000.0,4.0
7,prune_99,1000,10.621821403503418,1186848.0000000012,999.9999999999991
7,quant8,1000,7.225982666015625,296712000.0,4.0
7,celo,1001,6.301486015319824,1188034848.0,1.0
7,prune_50,1001,6.177150726318359,594017424.0,2.0
7,prune_75,1001,6.142281532287598,297008712.0,4.0
7,prune_99,1001,10.358745574951172,1188034.8480000012,999.9999999999991
7,quant8,1001,5.826045513153076,297008712.0,4.0
7,celo,1002,6.737183570861816,1189221696.0,1.0
7,prune_50,1002,6.757232189178467,594610848.0,2.0
7,prune_75,1002,6.9240546226501465,297305424.0,4.0
7,prune_99,1002,10.636955261230469,1189221.6960000012,999.9999999999991
7,quant8,1002,6.537026882171631,297305424.0,4.0
7,celo,1003,6.908939838409424,1190408544.0,1.0
7,prune_50,1003,6.939253807067871,595204272.0,2.0
7,prune_75,1003,7.020727157592773,297602136.0,4.0
7,prune_99,1003,10.693681716918945,1190408.5440000012,999.9999999999991
7,quant8,1003,6.829189300537109,297602136.0,4.0
7,celo,1004,8.036340713500977,1191595392.0,1.0
7,prune_50,1004,8.094552993774414,595797696.0,2.0
7,prune_75,1004,8.212456703186035,297898848.0,4.0
7,prune_99,1004,10.918715476989746,1191595.3920000012,999.9999999999991
7,quant8,1004,8.252351760864258,297898848.0,4.0
7,celo,1005,7.466272354125977,1192782240.0,1.0
7,prune_50,1005,7.2302680015563965,596391120.0,2.0
7,prune_75,1005,7.28876256942749,298195560.0,4.0
7,prune_99,1005,10.898581504821777,1192782.2400000012,999.9999999999991
7,quant8,1005,7.1663970947265625,298195560.0,4.0
7,celo,1006,6.428459167480469,1193969088.0,1.0
7,prune_50,1006,6.394346237182617,596984544.0,2.0
7,prune_75,1006,6.240859031677246,298492272.0,4.0
7,prune_99,1006,10.811019897460938,1193969.0880000012,999.9999999999991
7,quant8,1006,6.101450443267822,298492272.0,4.0
7,celo,1007,6.957066059112549,1195155936.0,1.0
7,prune_50,1007,6.946329116821289,597577968.0,2.0
7,prune_75,1007,7.015222549438477,298788984.0,4.0
7,prune_99,1007,10.827335357666016,1195155.9360000012,999.9999999999991
7,quant8,1007,6.917674541473389,298788984.0,4.0
7,celo,1008,6.761618614196777,1196342784.0,1.0
7,prune_50,1008,6.757228851318359,598171392.0,2.0
7,prune_75,1008,6.759318828582764,299085696.0,4.0
7,prune_99,1008,10.595003128051758,1196342.7840000011,999.9999999999991
7,quant8,1008,6.48907470703125,299085696.0,4.0
7,celo,1009,7.084921836853027,1197529632.0,1.0
7,prune_50,1009,7.113124847412109,598764816.0,2.0
7,prune_75,1009,7.164973735809326,299382408.0,4.0
7,prune_99,1009,10.610176086425781,1197529.6320000011,999.9999999999991
7,quant8,1009,7.1076340675354,299382408.0,4.0
7,celo,1010,6.966887474060059,1198716480.0,1.0
7,prune_50,1010,7.103212356567383,599358240.0,2.0
7,prune_75,1010,7.029500484466553,299679120.0,4.0
7,prune_99,1010,10.745965003967285,1198716.4800000011,999.9999999999991
7,quant8,1010,6.75972318649292,299679120.0,4.0
7,celo,1011,8.461593627929688,1199903328.0,1.0
7,prune_50,1011,8.244016647338867,599951664.0,2.0
7,prune_75,1011,8.49266242980957,299975832.0,4.0
7,prune_99,1011,10.839176177978516,1199903.3280000011,999.9999999999991
7,quant8,1011,8.263973236083984,299975832.0,4.0
7,celo,1012,7.439356327056885,1201090176.0,1.0
7,prune_50,1012,7.483698844909668,600545088.0,2.0
7,prune_75,1012,7.5315046310424805,300272544.0,4.0
7,prune_99,1012,10.833135604858398,1201090.1760000011,999.9999999999991
7,quant8,1012,7.162895202636719,300272544.0,4.0
7,celo,1013,7.382556438446045,1202277024.0,1.0
7,prune_50,1013,7.057676315307617,601138512.0,2.0
7,prune_75,1013,7.091561317443848,300569256.0,4.0
7,prune_99,1013,10.69442367553711,1202277.0240000011,999.9999999999991
7,quant8,1013,7.181072235107422,300569256.0,4.0
7,celo,1014,6.017539024353027,1203463872.0,1.0
7,prune_50,1014,5.717658042907715,601731936.0,2.0
7,prune_75,1014,5.527103424072266,300865968.0,4.0
7,prune_99,1014,10.751070022583008,1203463.8720000011,999.9999999999991
7,quant8,1014,5.594046592712402,300865968.0,4.0
7,celo,1015,6.471058368682861,1204650720.0,1.0
7,prune_50,1015,6.434678077697754,602325360.0,2.0
7,prune_75,1015,6.507487773895264,301162680.0,4.0
7,prune_99,1015,10.520668983459473,1204650.7200000011,999.9999999999991
7,quant8,1015,6.4160614013671875,301162680.0,4.0
7,celo,1016,6.72809362411499,1205837568.0,1.0
7,prune_50,1016,6.626899242401123,602918784.0,2.0
7,prune_75,1016,6.586956024169922,301459392.0,4.0
7,prune_99,1016,10.78904914855957,1205837.5680000011,999.9999999999991
7,quant8,1016,6.440187454223633,301459392.0,4.0
7,celo,1017,7.652132987976074,1207024416.0,1.0
7,prune_50,1017,7.608551025390625,603512208.0,2.0
7,prune_75,1017,7.504128456115723,301756104.0,4.0
7,prune_99,1017,10.696674346923828,1207024.4160000011,999.9999999999991
7,quant8,1017,7.353852272033691,301756104.0,4.0
7,celo,1018,6.03630256652832,1208211264.0,1.0
7,prune_50,1018,5.902068614959717,604105632.0,2.0
7,prune_75,1018,5.908939361572266,302052816.0,4.0
7,prune_99,1018,10.775898933410645,1208211.2640000011,999.9999999999991
7,quant8,1018,5.972334861755371,302052816.0,4.0
7,celo,1019,6.816181182861328,1209398112.0,1.0
7,prune_50,1019,7.020760536193848,604699056.0,2.0
7,prune_75,1019,6.749456405639648,302349528.0,4.0
7,prune_99,1019,10.584091186523438,1209398.1120000011,999.9999999999991
7,quant8,1019,6.7590837478637695,302349528.0,4.0
7,celo,1020,7.799273490905762,1210584960.0,1.0
7,prune_50,1020,7.734842300415039,605292480.0,2.0
7,prune_75,1020,7.766410827636719,302646240.0,4.0
7,prune_99,1020,10.37551498413086,1210584.9600000011,999.9999999999991
7,quant8,1020,7.63187313079834,302646240.0,4.0
7,celo,1021,6.871730804443359,1211771808.0,1.0
7,prune_50,1021,6.835416793823242,605885904.0,2.0
7,prune_75,1021,7.059277534484863,302942952.0,4.0
7,prune_99,1021,10.79548454284668,1211771.8080000011,999.9999999999991
7,quant8,1021,6.855228900909424,302942952.0,4.0
7,celo,1022,7.2028608322143555,1212958656.0,1.0
7,prune_50,1022,7.138154983520508,606479328.0,2.0
7,prune_75,1022,7.125521659851074,303239664.0,4.0
7,prune_99,1022,10.75428581237793,1212958.6560000011,999.9999999999991
7,quant8,1022,7.208333969116211,303239664.0,4.0
7,celo,1023,7.505999565124512,1214145504.0,1.0
7,prune_50,1023,7.426857948303223,607072752.0,2.0
7,prune_75,1023,7.48832893371582,303536376.0,4.0
7,prune_99,1023,10.504030227661133,1214145.5040000011,999.9999999999991
7,quant8,1023,7.344620704650879,303536376.0,4.0
7,celo,1024,6.995419502258301,1215332352.0,1.0
7,prune_50,1024,6.956243515014648,607666176.0,2.0
7,prune_75,1024,6.938457489013672,303833088.0,4.0
7,prune_99,1024,10.70156478881836,1215332.3520000011,999.9999999999991
7,quant8,1024,6.7396368980407715,303833088.0,4.0
7,celo,1025,7.40421199798584,1216519200.0,1.0
7,prune_50,1025,7.570074081420898,608259600.0,2.0
7,prune_75,1025,7.412286758422852,304129800.0,4.0
7,prune_99,1025,10.664312362670898,1216519.2000000011,999.9999999999991
7,quant8,1025,7.322597503662109,304129800.0,4.0
7,celo,1026,5.792477607727051,1217706048.0,1.0
7,prune_50,1026,5.975673675537109,608853024.0,2.0
7,prune_75,1026,5.995808124542236,304426512.0,4.0
7,prune_99,1026,10.638387680053711,1217706.048000001,999.9999999999991
7,quant8,1026,5.935818195343018,304426512.0,4.0
7,celo,1027,7.627679824829102,1218892896.0,1.0
7,prune_50,1027,7.533405303955078,609446448.0,2.0
7,prune_75,1027,7.595890522003174,304723224.0,4.0
7,prune_99,1027,10.746994972229004,1218892.896000001,999.9999999999991
7,quant8,1027,7.535283088684082,304723224.0,4.0
7,celo,1028,6.309350967407227,1220079744.0,1.0
7,prune_50,1028,6.278451919555664,610039872.0,2.0
7,prune_75,1028,6.123803615570068,305019936.0,4.0
7,prune_99,1028,10.495065689086914,1220079.744000001,999.9999999999991
7,quant8,1028,6.222072124481201,305019936.0,4.0
7,celo,1029,7.232026100158691,1221266592.0,1.0
7,prune_50,1029,7.1491875648498535,610633296.0,2.0
7,prune_75,1029,7.153170585632324,305316648.0,4.0
7,prune_99,1029,10.59969711303711,1221266.592000001,999.9999999999991
7,quant8,1029,7.317719459533691,305316648.0,4.0
7,celo,1030,7.193860054016113,1222453440.0,1.0
7,prune_50,1030,7.287737846374512,611226720.0,2.0
7,prune_75,1030,7.202719688415527,305613360.0,4.0
7,prune_99,1030,10.616129875183105,1222453.440000001,999.9999999999991
7,quant8,1030,7.501911640167236,305613360.0,4.0
7,celo,1031,8.362863540649414,1223640288.0,1.0
7,prune_50,1031,8.390995025634766,611820144.0,2.0
7,prune_75,1031,8.407915115356445,305910072.0,4.0
7,prune_99,1031,10.57510757446289,1223640.288000001,999.9999999999991
7,quant8,1031,8.333873748779297,305910072.0,4.0
7,celo,1032,6.94389533996582,1224827136.0,1.0
7,prune_50,1032,7.08433723449707,612413568.0,2.0
7,prune_75,1032,6.959535598754883,306206784.0,4.0
7,prune_99,1032,10.923362731933594,1224827.136000001,999.9999999999991
7,quant8,1032,7.00806999206543,306206784.0,4.0
7,celo,1033,7.343138694763184,1226013984.0,1.0
7,prune_50,1033,7.501587867736816,613006992.0,2.0
7,prune_75,1033,7.4172868728637695,306503496.0,4.0
7,prune_99,1033,10.793289184570312,1226013.984000001,999.9999999999991
7,quant8,1033,7.379827499389648,306503496.0,4.0
7,celo,1034,7.164979934692383,1227200832.0,1.0
7,prune_50,1034,7.231662273406982,613600416.0,2.0
7,prune_75,1034,7.16557502746582,306800208.0,4.0
7,prune_99,1034,10.702680587768555,1227200.832000001,999.9999999999991
7,quant8,1034,7.163405418395996,306800208.0,4.0
7,celo,1035,7.451026916503906,1228387680.0,1.0
7,prune_50,1035,7.311969757080078,614193840.0,2.0
7,prune_75,1035,7.310478210449219,307096920.0,4.0
7,prune_99,1035,10.793206214904785,1228387.680000001,999.9999999999991
7,quant8,1035,7.234297275543213,307096920.0,4.0
7,celo,1036,8.067841529846191,1229574528.0,1.0
7,prune_50,1036,7.956320762634277,614787264.0,2.0
7,prune_75,1036,8.005989074707031,307393632.0,4.0
7,prune_99,1036,10.589153289794922,1229574.528000001,999.9999999999991
7,quant8,1036,7.8179473876953125,307393632.0,4.0
7,celo,1037,7.054009437561035,1230761376.0,1.0
7,prune_50,1037,7.111192226409912,615380688.0,2.0
7,prune_75,1037,7.231651782989502,307690344.0,4.0
7,prune_99,1037,10.72671127319336,1230761.376000001,999.9999999999991
7,quant8,1037,7.18160343170166,307690344.0,4.0
7,celo,1038,5.583291530609131,1231948224.0,1.0
7,prune_50,1038,5.731235980987549,615974112.0,2.0
7,prune_75,1038,5.8747968673706055,307987056.0,4.0
7,prune_99,1038,10.627801895141602,1231948.224000001,999.9999999999991
7,quant8,1038,5.694676399230957,307987056.0,4.0
7,celo,1039,7.503640174865723,1233135072.0,1.0
7,prune_50,1039,7.344090461730957,616567536.0,2.0
7,prune_75,1039,7.482041358947754,308283768.0,4.0
7,prune_99,1039,10.633417129516602,1233135.072000001,999.9999999999991
7,quant8,1039,7.610934257507324,308283768.0,4.0
7,celo,1040,6.5996551513671875,1234321920.0,1.0
7,prune_50,1040,6.421031951904297,617160960.0,2.0
7,prune_75,1040,6.652625560760498,308580480.0,4.0
7,prune_99,1040,10.695250511169434,1234321.920000001,999.9999999999991
7,quant8,1040,6.612560749053955,308580480.0,4.0
7,celo,1041,8.218597412109375,1235508768.0,1.0
7,prune_50,1041,8.149726867675781,617754384.0,2.0
7,prune_75,1041,8.114286422729492,308877192.0,4.0
7,prune_99,1041,10.720460891723633,1235508.768000001,999.9999999999991
7,quant8,1041,8.214635848999023,308877192.0,4.0
7,celo,1042,6.552384853363037,1236695616.0,1.0
7,prune_50,1042,6.548573017120361,618347808.0,2.0
7,prune_75,1042,6.245628356933594,309173904.0,4.0
7,prune_99,1042,10.796452522277832,1236695.616000001,999.9999999999991
7,quant8,1042,6.502521991729736,309173904.0,4.0
7,celo,1043,7.440087795257568,1237882464.0,1.0
7,prune_50,1043,7.338124752044678,618941232.0,2.0
7,prune_75,1043,7.699852466583252,309470616.0,4.0
7,prune_99,1043,10.94486141204834,1237882.464000001,999.9999999999991
7,quant8,1043,7.2518839836120605,309470616.0,4.0
7,celo,1044,6.045804023742676,1239069312.0,1.0
7,prune_50,1044,6.397850036621094,619534656.0,2.0
7,prune_75,1044,6.314086437225342,309767328.0,4.0
7,prune_99,1044,10.778888702392578,1239069.312000001,999.9999999999991
7,quant8,1044,6.266057968139648,309767328.0,4.0
7,celo,1045,7.953548431396484,1240256160.0,1.0
7,prune_50,1045,7.815464019775391,620128080.0,2.0
7,prune_75,1045,7.828710556030273,310064040.0,4.0
7,prune_99,1045,10.708234786987305,1240256.160000001,999.9999999999991
7,quant8,1045,7.974191665649414,310064040.0,4.0
7,celo,1046,6.688521385192871,1241443008.0,1.0
7,prune_50,1046,6.525192737579346,620721504.0,2.0
7,prune_75,1046,6.383957862854004,310360752.0,4.0
7,prune_99,1046,10.914825439453125,1241443.008000001,999.9999999999991
7,quant8,1046,6.581419944763184,310360752.0,4.0
7,celo,1047,6.232522487640381,1242629856.0,1.0
7,prune_50,1047,6.312583923339844,621314928.0,2.0
7,prune_75,1047,6.2990922927856445,310657464.0,4.0
7,prune_99,1047,10.809464454650879,1242629.856000001,999.9999999999991
7,quant8,1047,6.239961624145508,310657464.0,4.0
7,celo,1048,6.851275444030762,1243816704.0,1.0
7,prune_50,1048,7.075006484985352,621908352.0,2.0
7,prune_75,1048,6.987349510192871,310954176.0,4.0
7,prune_99,1048,10.877445220947266,1243816.704000001,999.9999999999991
7,quant8,1048,6.992045879364014,310954176.0,4.0
7,celo,1049,7.334160804748535,1245003552.0,1.0
7,prune_50,1049,7.502903938293457,622501776.0,2.0
7,prune_75,1049,7.313974380493164,311250888.0,4.0
7,prune_99,1049,10.495620727539062,1245003.552000001,999.9999999999991
7,quant8,1049,7.26983118057251,311250888.0,4.0
7,celo,1050,6.238401412963867,1246190400.0,1.0
7,prune_50,1050,6.24971866607666,623095200.0,2.0
7,prune_75,1050,6.133254051208496,311547600.0,4.0
7,prune_99,1050,10.793970108032227,1246190.400000001,999.9999999999991
7,quant8,1050,6.405821323394775,311547600.0,4.0
7,celo,1051,8.29404067993164,1247377248.0,1.0
7,prune_50,1051,8.23937702178955,623688624.0,2.0
7,prune_75,1051,8.384538650512695,311844312.0,4.0
7,prune_99,1051,10.672189712524414,1247377.248000001,999.9999999999991
7,quant8,1051,8.129793167114258,311844312.0,4.0
7,celo,1052,7.290685653686523,1248564096.0,1.0
7,prune_50,1052,7.227442264556885,624282048.0,2.0
7,prune_75,1052,7.1689252853393555,312141024.0,4.0
7,prune_99,1052,10.74659538269043,1248564.096000001,999.9999999999991
7,quant8,1052,7.122621536254883,312141024.0,4.0
7,celo,1053,7.763136863708496,1249750944.0,1.0
7,prune_50,1053,7.337399482727051,624875472.0,2.0
7,prune_75,1053,7.634994983673096,312437736.0,4.0
7,prune_99,1053,11.006051063537598,1249750.944000001,999.9999999999991
7,quant8,1053,7.372384548187256,312437736.0,4.0
7,celo,1054,7.920343399047852,1250937792.0,1.0
7,prune_50,1054,8.042844772338867,625468896.0,2.0
7,prune_75,1054,7.924632549285889,312734448.0,4.0
7,prune_99,1054,10.78231430053711,1250937.792000001,999.9999999999991
7,quant8,1054,7.895688056945801,312734448.0,4.0
7,celo,1055,6.702556133270264,1252124640.0,1.0
7,prune_50,1055,6.304078102111816,626062320.0,2.0
7,prune_75,1055,6.186517715454102,313031160.0,4.0
7,prune_99,1055,10.754685401916504,1252124.640000001,999.9999999999991
7,quant8,1055,6.568763732910156,313031160.0,4.0
7,celo,1056,6.747425556182861,1253311488.0,1.0
7,prune_50,1056,6.889275550842285,626655744.0,2.0
7,prune_75,1056,6.615049839019775,313327872.0,4.0
7,prune_99,1056,10.38840103149414,1253311.488000001,999.9999999999991
7,quant8,1056,6.6855149269104,313327872.0,4.0
7,celo,1057,7.238010406494141,1254498336.0,1.0
7,prune_50,1057,7.319869041442871,627249168.0,2.0
7,prune_75,1057,7.014346599578857,313624584.0,4.0
7,prune_99,1057,10.673626899719238,1254498.336000001,999.9999999999991
7,quant8,1057,7.234936714172363,313624584.0,4.0
7,celo,1058,7.6474809646606445,1255685184.0,1.0
7,prune_50,1058,7.7554931640625,627842592.0,2.0
7,prune_75,1058,7.640106678009033,313921296.0,4.0
7,prune_99,1058,10.693872451782227,1255685.184000001,999.9999999999991
7,quant8,1058,7.7554426193237305,313921296.0,4.0
7,celo,1059,7.655639171600342,1256872032.0,1.0
7,prune_50,1059,7.759698867797852,628436016.0,2.0
7,prune_75,1059,7.849847793579102,314218008.0,4.0
7,prune_99,1059,10.68154525756836,1256872.032000001,999.9999999999991
7,quant8,1059,7.858606338500977,314218008.0,4.0
7,celo,1060,6.788178443908691,1258058880.0,1.0
7,prune_50,1060,6.895116329193115,629029440.0,2.0
7,prune_75,1060,6.834741592407227,314514720.0,4.0
7,prune_99,1060,10.957683563232422,1258058.880000001,999.9999999999991
7,quant8,1060,6.811459064483643,314514720.0,4.0
7,celo,1061,7.371787071228027,1259245728.0,1.0
7,prune_50,1061,7.339583396911621,629622864.0,2.0
7,prune_75,1061,7.250521659851074,314811432.0,4.0
7,prune_99,1061,10.768583297729492,1259245.728000001,999.9999999999991
7,quant8,1061,7.110592842102051,314811432.0,4.0
7,celo,1062,5.526934623718262,1260432576.0,1.0
7,prune_50,1062,5.934426784515381,630216288.0,2.0
7,prune_75,1062,5.894220352172852,315108144.0,4.0
7,prune_99,1062,10.604268074035645,1260432.576000001,999.9999999999991
7,quant8,1062,5.462585926055908,315108144.0,4.0
7,celo,1063,7.6252288818359375,1261619424.0,1.0
7,prune_50,1063,7.50688362121582,630809712.0,2.0
7,prune_75,1063,7.544241905212402,315404856.0,4.0
7,prune_99,1063,10.386026382446289,1261619.424000001,999.9999999999991
7,quant8,1063,7.806248188018799,315404856.0,4.0
7,celo,1064,7.314730167388916,1262806272.0,1.0
7,prune_50,1064,7.718701362609863,631403136.0,2.0
7,prune_75,1064,7.466814994812012,315701568.0,4.0
7,prune_99,1064,10.452088356018066,1262806.2720000013,999.9999999999991
7,quant8,1064,7.4546613693237305,315701568.0,4.0
7,celo,1065,6.9887285232543945,1263993120.0,1.0
7,prune_50,1065,7.1533355712890625,631996560.0,2.0
7,prune_75,1065,7.030404090881348,315998280.0,4.0
7,prune_99,1065,10.565414428710938,1263993.1200000013,999.9999999999991
7,quant8,1065,6.927167892456055,315998280.0,4.0
7,celo,1066,7.6103620529174805,1265179968.0,1.0
7,prune_50,1066,7.35877799987793,632589984.0,2.0
7,prune_75,1066,7.557573318481445,316294992.0,4.0
7,prune_99,1066,10.932388305664062,1265179.9680000013,999.9999999999991
7,quant8,1066,7.472362995147705,316294992.0,4.0
7,celo,1067,6.632328033447266,1266366816.0,1.0
7,prune_50,1067,6.975030899047852,633183408.0,2.0
7,prune_75,1067,6.848543167114258,316591704.0,4.0
7,prune_99,1067,10.82181167602539,1266366.8160000013,999.9999999999991
7,quant8,1067,6.7091264724731445,316591704.0,4.0
7,celo,1068,6.130965232849121,1267553664.0,1.0
7,prune_50,1068,6.297032356262207,633776832.0,2.0
7,prune_75,1068,6.328566551208496,316888416.0,4.0
7,prune_99,1068,10.742744445800781,1267553.6640000013,999.9999999999991
7,quant8,1068,6.354117393493652,316888416.0,4.0
7,celo,1069,5.9623260498046875,1268740512.0,1.0
7,prune_50,1069,5.875350475311279,634370256.0,2.0
7,prune_75,1069,5.907137870788574,317185128.0,4.0
7,prune_99,1069,10.823431015014648,1268740.5120000013,999.9999999999991
7,quant8,1069,5.776357650756836,317185128.0,4.0
7,celo,1070,6.3196258544921875,1269927360.0,1.0
7,prune_50,1070,6.652081489562988,634963680.0,2.0
7,prune_75,1070,6.107166290283203,317481840.0,4.0
7,prune_99,1070,10.702346801757812,1269927.3600000013,999.9999999999991
7,quant8,1070,6.124168395996094,317481840.0,4.0
7,celo,1071,7.2308807373046875,1271114208.0,1.0
7,prune_50,1071,7.401735305786133,635557104.0,2.0
7,prune_75,1071,7.384256362915039,317778552.0,4.0
7,prune_99,1071,10.863945007324219,1271114.2080000013,999.9999999999991
7,quant8,1071,7.246480464935303,317778552.0,4.0
7,celo,1072,6.455322265625,1272301056.0,1.0
7,prune_50,1072,6.194185256958008,636150528.0,2.0
7,prune_75,1072,6.422580718994141,318075264.0,4.0
7,prune_99,1072,10.72427749633789,1272301.0560000013,999.9999999999991
7,quant8,1072,6.643325328826904,318075264.0,4.0
7,celo,1073,5.942256927490234,1273487904.0,1.0
7,prune_50,1073,5.553252220153809,636743952.0,2.0
7,prune_75,1073,5.439810752868652,318371976.0,4.0
7,prune_99,1073,10.76909351348877,1273487.9040000013,999.9999999999991
7,quant8,1073,5.52850341796875,318371976.0,4.0
7,celo,1074,7.353752613067627,1274674752.0,1.0
7,prune_50,1074,7.470850467681885,637337376.0,2.0
7,prune_75,1074,7.589894771575928,318668688.0,4.0
7,prune_99,1074,10.761886596679688,1274674.7520000013,999.9999999999991
7,quant8,1074,7.217123508453369,318668688.0,4.0
7,celo,1075,5.882474899291992,1275861600.0,1.0
7,prune_50,1075,5.908388614654541,637930800.0,2.0
7,prune_75,1075,5.740660190582275,318965400.0,4.0
7,prune_99,1075,10.540653228759766,1275861.6000000013,999.9999999999991
7,quant8,1075,5.738848686218262,318965400.0,4.0
7,celo,1076,7.26201057434082,1277048448.0,1.0
7,prune_50,1076,7.583706855773926,638524224.0,2.0
7,prune_75,1076,7.313824653625488,319262112.0,4.0
7,prune_99,1076,10.664690971374512,1277048.4480000013,999.9999999999991
7,quant8,1076,7.373661994934082,319262112.0,4.0
7,celo,1077,6.844103813171387,1278235296.0,1.0
7,prune_50,1077,6.857020854949951,639117648.0,2.0
7,prune_75,1077,6.856358051300049,319558824.0,4.0
7,prune_99,1077,10.659329414367676,1278235.2960000013,999.9999999999991
7,quant8,1077,6.740381717681885,319558824.0,4.0
7,celo,1078,6.405694007873535,1279422144.0,1.0
7,prune_50,1078,6.540915489196777,639711072.0,2.0
7,prune_75,1078,6.4832987785339355,319855536.0,4.0
7,prune_99,1078,10.866975784301758,1279422.1440000013,999.9999999999991
7,quant8,1078,6.522960662841797,319855536.0,4.0
7,celo,1079,6.727400302886963,1280608992.0,1.0
7,prune_50,1079,6.654245853424072,640304496.0,2.0
7,prune_75,1079,6.636669158935547,320152248.0,4.0
7,prune_99,1079,10.701990127563477,1280608.9920000012,999.9999999999991
7,quant8,1079,6.73759126663208,320152248.0,4.0
7,celo,1080,6.942517280578613,1281795840.0,1.0
7,prune_50,1080,6.930160045623779,640897920.0,2.0
7,prune_75,1080,7.025476932525635,320448960.0,4.0
7,prune_99,1080,10.464818000793457,1281795.8400000012,999.9999999999991
7,quant8,1080,7.004879474639893,320448960.0,4.0
7,celo,1081,7.650299072265625,1282982688.0,1.0
7,prune_50,1081,7.832363605499268,641491344.0,2.0
7,prune_75,1081,7.748355865478516,320745672.0,4.0
7,prune_99,1081,10.475561141967773,1282982.6880000012,999.9999999999991
7,quant8,1081,7.781975746154785,320745672.0,4.0
7,celo,1082,7.947679042816162,1284169536.0,1.0
7,prune_50,1082,8.206607818603516,642084768.0,2.0
7,prune_75,1082,8.218628883361816,321042384.0,4.0
7,prune_99,1082,10.65774154663086,1284169.5360000012,999.9999999999991
7,quant8,1082,8.054472923278809,321042384.0,4.0
7,celo,1083,6.848424911499023,1285356384.0,1.0
7,prune_50,1083,7.0078325271606445,642678192.0,2.0
7,prune_75,1083,7.063419342041016,321339096.0,4.0
7,prune_99,1083,10.40001106262207,1285356.3840000012,999.9999999999991
7,quant8,1083,6.939139366149902,321339096.0,4.0
7,celo,1084,7.600696563720703,1286543232.0,1.0
7,prune_50,1084,7.792067050933838,643271616.0,2.0
7,prune_75,1084,7.828754425048828,321635808.0,4.0
7,prune_99,1084,10.719037055969238,1286543.2320000012,999.9999999999991
7,quant8,1084,7.50947380065918,321635808.0,4.0
7,celo,1085,6.84482479095459,1287730080.0,1.0
7,prune_50,1085,6.959863662719727,643865040.0,2.0
7,prune_75,1085,6.898665428161621,321932520.0,4.0
7,prune_99,1085,10.689626693725586,1287730.0800000012,999.9999999999991
7,quant8,1085,6.6502790451049805,321932520.0,4.0
7,celo,1086,5.955251216888428,1288916928.0,1.0
7,prune_50,1086,6.276440620422363,644458464.0,2.0
7,prune_75,1086,6.191814422607422,322229232.0,4.0
7,prune_99,1086,10.535266876220703,1288916.9280000012,999.9999999999991
7,quant8,1086,6.018631458282471,322229232.0,4.0
7,celo,1087,6.549247741699219,1290103776.0,1.0
7,prune_50,1087,6.569492340087891,645051888.0,2.0
7,prune_75,1087,6.5566630363464355,322525944.0,4.0
7,prune_99,1087,10.816997528076172,1290103.7760000012,999.9999999999991
7,quant8,1087,6.489375591278076,322525944.0,4.0
7,celo,1088,7.543506622314453,1291290624.0,1.0
7,prune_50,1088,7.558571815490723,645645312.0,2.0
7,prune_75,1088,7.4726972579956055,322822656.0,4.0
7,prune_99,1088,10.76606559753418,1291290.6240000012,999.9999999999991
7,quant8,1088,7.3983941078186035,322822656.0,4.0
7,celo,1089,7.103086471557617,1292477472.0,1.0
7,prune_50,1089,7.112119674682617,646238736.0,2.0
7,prune_75,1089,7.154580116271973,323119368.0,4.0
7,prune_99,1089,10.704351425170898,1292477.4720000012,999.9999999999991
7,quant8,1089,7.160816192626953,323119368.0,4.0
7,celo,1090,7.013876914978027,1293664320.0,1.0
7,prune_50,1090,7.336634635925293,646832160.0,2.0
7,prune_75,1090,6.866309642791748,323416080.0,4.0
7,prune_99,1090,10.605384826660156,1293664.3200000012,999.9999999999991
7,quant8,1090,7.260788917541504,323416080.0,4.0
7,celo,1091,6.946349620819092,1294851168.0,1.0
7,prune_50,1091,6.971780776977539,647425584.0,2.0
7,prune_75,1091,6.770057678222656,323712792.0,4.0
7,prune_99,1091,10.587786674499512,1294851.1680000012,999.9999999999991
7,quant8,1091,6.820614814758301,323712792.0,4.0
7,celo,1092,7.66895866394043,1296038016.0,1.0
7,prune_50,1092,7.844819068908691,648019008.0,2.0
7,prune_75,1092,7.821671485900879,324009504.0,4.0
7,prune_99,1092,10.76121997833252,1296038.0160000012,999.9999999999991
7,quant8,1092,7.855134010314941,324009504.0,4.0
7,celo,1093,6.340839385986328,1297224864.0,1.0
7,prune_50,1093,6.460077285766602,648612432.0,2.0
7,prune_75,1093,6.56919527053833,324306216.0,4.0
7,prune_99,1093,10.5223388671875,1297224.8640000012,999.9999999999991
7,quant8,1093,6.602123737335205,324306216.0,4.0
7,celo,1094,6.350655555725098,1298411712.0,1.0
7,prune_50,1094,6.403447151184082,649205856.0,2.0
7,prune_75,1094,6.134215831756592,324602928.0,4.0
7,prune_99,1094,10.743406295776367,1298411.7120000012,999.9999999999991
7,quant8,1094,6.128297805786133,324602928.0,4.0
7,celo,1095,7.498788833618164,1299598560.0,1.0
7,prune_50,1095,7.7042388916015625,649799280.0,2.0
7,prune_75,1095,7.423544883728027,324899640.0,4.0
7,prune_99,1095,10.693668365478516,1299598.5600000012,999.9999999999991
7,quant8,1095,7.862871170043945,324899640.0,4.0
7,celo,1096,7.790895938873291,1300785408.0,1.0
7,prune_50,1096,7.745983600616455,650392704.0,2.0
7,prune_75,1096,7.884815216064453,325196352.0,4.0
7,prune_99,1096,10.72677230834961,1300785.4080000012,999.9999999999991
7,quant8,1096,7.565831184387207,325196352.0,4.0
7,celo,1097,7.274394512176514,1301972256.0,1.0
7,prune_50,1097,7.260695457458496,650986128.0,2.0
7,prune_75,1097,7.114459037780762,325493064.0,4.0
7,prune_99,1097,10.670806884765625,1301972.2560000012,999.9999999999991
7,quant8,1097,7.0793538093566895,325493064.0,4.0
7,celo,1098,7.180331230163574,1303159104.0,1.0
7,prune_50,1098,7.232093334197998,651579552.0,2.0
7,prune_75,1098,7.176531791687012,325789776.0,4.0
7,prune_99,1098,10.644065856933594,1303159.1040000012,999.9999999999991
7,quant8,1098,7.44432258605957,325789776.0,4.0
7,celo,1099,7.127979278564453,1304345952.0,1.0
7,prune_50,1099,7.244630813598633,652172976.0,2.0
7,prune_75,1099,7.009524345397949,326086488.0,4.0
7,prune_99,1099,10.662996292114258,1304345.9520000012,999.9999999999991
7,quant8,1099,7.277846336364746,326086488.0,4.0
7,celo,1100,6.7481794357299805,1305532800.0,1.0
7,prune_50,1100,6.74350643157959,652766400.0,2.0
7,prune_75,1100,6.726950645446777,326383200.0,4.0
7,prune_99,1100,10.567146301269531,1305532.8000000012,999.9999999999991
7,quant8,1100,6.630677223205566,326383200.0,4.0
7,celo,1101,7.328029632568359,1306719648.0,1.0
7,prune_50,1101,7.119472503662109,653359824.0,2.0
7,prune_75,1101,7.0133562088012695,326679912.0,4.0
7,prune_99,1101,10.447705268859863,1306719.6480000012,999.9999999999991
7,quant8,1101,7.055777072906494,326679912.0,4.0
7,celo,1102,6.084712982177734,1307906496.0,1.0
7,prune_50,1102,6.242233753204346,653953248.0,2.0
7,prune_75,1102,6.105844497680664,326976624.0,4.0
7,prune_99,1102,10.927873611450195,1307906.4960000012,999.9999999999991
7,quant8,1102,6.115724563598633,326976624.0,4.0
7,celo,1103,6.886383056640625,1309093344.0,1.0
7,prune_50,1103,6.965292453765869,654546672.0,2.0
7,prune_75,1103,6.716691493988037,327273336.0,4.0
7,prune_99,1103,10.778043746948242,1309093.3440000012,999.9999999999991
7,quant8,1103,6.981266021728516,327273336.0,4.0
7,celo,1104,6.758068084716797,1310280192.0,1.0
7,prune_50,1104,6.957859992980957,655140096.0,2.0
7,prune_75,1104,6.660367012023926,327570048.0,4.0
7,prune_99,1104,10.700704574584961,1310280.1920000012,999.9999999999991
7,quant8,1104,6.879449844360352,327570048.0,4.0
7,celo,1105,7.332943916320801,1311467040.0,1.0
7,prune_50,1105,7.409611701965332,655733520.0,2.0
7,prune_75,1105,7.47230339050293,327866760.0,4.0
7,prune_99,1105,10.606412887573242,1311467.0400000012,999.9999999999991
7,quant8,1105,7.478954792022705,327866760.0,4.0
7,celo,1106,6.675164699554443,1312653888.0,1.0
7,prune_50,1106,6.71024227142334,656326944.0,2.0
7,prune_75,1106,6.638852119445801,328163472.0,4.0
7,prune_99,1106,10.650860786437988,1312653.8880000012,999.9999999999991
7,quant8,1106,6.679926872253418,328163472.0,4.0
7,celo,1107,6.406783103942871,1313840736.0,1.0
7,prune_50,1107,6.421685218811035,656920368.0,2.0
7,prune_75,1107,6.424818992614746,328460184.0,4.0
7,prune_99,1107,10.647724151611328,1313840.7360000012,999.9999999999991
7,quant8,1107,6.3889851570129395,328460184.0,4.0
7,celo,1108,6.963383674621582,1315027584.0,1.0
7,prune_50,1108,6.944262504577637,657513792.0,2.0
7,prune_75,1108,7.018169403076172,328756896.0,4.0
7,prune_99,1108,10.544906616210938,1315027.5840000012,999.9999999999991
7,quant8,1108,7.094925880432129,328756896.0,4.0
7,celo,1109,6.640059471130371,1316214432.0,1.0
7,prune_50,1109,6.751528739929199,658107216.0,2.0
7,prune_75,1109,6.455059051513672,329053608.0,4.0
7,prune_99,1109,10.669483184814453,1316214.4320000012,999.9999999999991
7,quant8,1109,6.60461950302124,329053608.0,4.0
7,celo,1110,5.904118537902832,1317401280.0,1.0
7,prune_50,1110,6.141390800476074,658700640.0,2.0
7,prune_75,1110,5.780691146850586,329350320.0,4.0
7,prune_99,1110,10.568220138549805,1317401.2800000012,999.9999999999991
7,quant8,1110,6.0472025871276855,329350320.0,4.0
7,celo,1111,5.530977249145508,1318588128.0,1.0
7,prune_50,1111,5.655733108520508,659294064.0,2.0
7,prune_75,1111,5.884792327880859,329647032.0,4.0
7,prune_99,1111,10.592191696166992,1318588.1280000012,999.9999999999991
7,quant8,1111,5.833461761474609,329647032.0,4.0
7,celo,1112,6.323361873626709,1319774976.0,1.0
7,prune_50,1112,6.531495571136475,659887488.0,2.0
7,prune_75,1112,6.528500080108643,329943744.0,4.0
7,prune_99,1112,10.521897315979004,1319774.9760000012,999.9999999999991
7,quant8,1112,6.65751314163208,329943744.0,4.0
7,celo,1113,7.798484802246094,1320961824.0,1.0
7,prune_50,1113,7.872910499572754,660480912.0,2.0
7,prune_75,1113,7.958804130554199,330240456.0,4.0
7,prune_99,1113,10.56574821472168,1320961.8240000012,999.9999999999991
7,quant8,1113,8.013259887695312,330240456.0,4.0
7,celo,1114,6.8630900382995605,1322148672.0,1.0
7,prune_50,1114,7.108224391937256,661074336.0,2.0
7,prune_75,1114,7.036386489868164,330537168.0,4.0
7,prune_99,1114,10.513242721557617,1322148.6720000012,999.9999999999991
7,quant8,1114,7.104648113250732,330537168.0,4.0
7,celo,1115,7.304685115814209,1323335520.0,1.0
7,prune_50,1115,7.467599868774414,661667760.0,2.0
7,prune_75,1115,7.342278003692627,330833880.0,4.0
7,prune_99,1115,10.77078914642334,1323335.5200000012,999.9999999999991
7,quant8,1115,7.375864028930664,330833880.0,4.0
7,celo,1116,6.374573707580566,1324522368.0,1.0
7,prune_50,1116,6.48424768447876,662261184.0,2.0
7,prune_75,1116,6.478390693664551,331130592.0,4.0
7,prune_99,1116,10.546815872192383,1324522.3680000012,999.9999999999991
7,quant8,1116,6.647708892822266,331130592.0,4.0
7,celo,1117,6.964441299438477,1325709216.0,1.0
7,prune_50,1117,7.229188442230225,662854608.0,2.0
7,prune_75,1117,7.249932765960693,331427304.0,4.0
7,prune_99,1117,10.523744583129883,1325709.2160000012,999.9999999999991
7,quant8,1117,7.347482681274414,331427304.0,4.0
7,celo,1118,7.214786052703857,1326896064.0,1.0
7,prune_50,1118,7.435600280761719,663448032.0,2.0
7,prune_75,1118,7.587332248687744,331724016.0,4.0
7,prune_99,1118,10.80949592590332,1326896.0640000012,999.9999999999991
7,quant8,1118,7.419806480407715,331724016.0,4.0
7,celo,1119,7.4660444259643555,1328082912.0,1.0
7,prune_50,1119,7.480339050292969,664041456.0,2.0
7,prune_75,1119,7.685360431671143,332020728.0,4.0
7,prune_99,1119,10.832925796508789,1328082.9120000012,999.9999999999991
7,quant8,1119,7.585163593292236,332020728.0,4.0
7,celo,1120,6.420097351074219,1329269760.0,1.0
7,prune_50,1120,6.505490779876709,664634880.0,2.0
7,prune_75,1120,6.3755784034729,332317440.0,4.0
7,prune_99,1120,10.73753547668457,1329269.7600000012,999.9999999999991
7,quant8,1120,6.6091790199279785,332317440.0,4.0
7,celo,1121,6.5026750564575195,1330456608.0,1.0
7,prune_50,1121,6.727397918701172,665228304.0,2.0
7,prune_75,1121,6.529505729675293,332614152.0,4.0
7,prune_99,1121,10.801872253417969,1330456.6080000012,999.9999999999991
7,quant8,1121,7.112832546234131,332614152.0,4.0
7,celo,1122,7.366839408874512,1331643456.0,1.0
7,prune_50,1122,7.282375335693359,665821728.0,2.0
7,prune_75,1122,7.397847652435303,332910864.0,4.0
7,prune_99,1122,10.889556884765625,1331643.4560000012,999.9999999999991
7,quant8,1122,7.372045516967773,332910864.0,4.0
7,celo,1123,7.295553207397461,1332830304.0,1.0
7,prune_50,1123,7.2026567459106445,666415152.0,2.0
7,prune_75,1123,7.1460418701171875,333207576.0,4.0
7,prune_99,1123,10.55051040649414,1332830.3040000012,999.9999999999991
7,quant8,1123,7.441758155822754,333207576.0,4.0
7,celo,1124,6.75386905670166,1334017152.0,1.0
7,prune_50,1124,6.6993632316589355,667008576.0,2.0
7,prune_75,1124,6.808035850524902,333504288.0,4.0
7,prune_99,1124,10.498453140258789,1334017.1520000012,999.9999999999991
7,quant8,1124,6.8039960861206055,333504288.0,4.0
7,celo,1125,7.654808521270752,1335204000.0,1.0
7,prune_50,1125,7.7468719482421875,667602000.0,2.0
7,prune_75,1125,7.588189601898193,333801000.0,4.0
7,prune_99,1125,10.525657653808594,1335204.0000000012,999.9999999999991
7,quant8,1125,7.78849983215332,333801000.0,4.0
7,celo,1126,7.142866134643555,1336390848.0,1.0
7,prune_50,1126,7.207842826843262,668195424.0,2.0
7,prune_75,1126,7.2954511642456055,334097712.0,4.0
7,prune_99,1126,10.54351806640625,1336390.8480000012,999.9999999999991
7,quant8,1126,7.6928391456604,334097712.0,4.0
7,celo,1127,6.987918853759766,1337577696.0,1.0
7,prune_50,1127,7.413837432861328,668788848.0,2.0
7,prune_75,1127,7.347150802612305,334394424.0,4.0
7,prune_99,1127,10.702913284301758,1337577.6960000012,999.9999999999991
7,quant8,1127,7.330545425415039,334394424.0,4.0
7,celo,1128,6.362874984741211,1338764544.0,1.0
7,prune_50,1128,6.163909912109375,669382272.0,2.0
7,prune_75,1128,6.365537643432617,334691136.0,4.0
7,prune_99,1128,10.430939674377441,1338764.5440000012,999.9999999999991
7,quant8,1128,6.326299667358398,334691136.0,4.0
7,celo,1129,7.50103759765625,1339951392.0,1.0
7,prune_50,1129,7.577207088470459,669975696.0,2.0
7,prune_75,1129,7.459822654724121,334987848.0,4.0
7,prune_99,1129,10.814839363098145,1339951.3920000012,999.9999999999991
7,quant8,1129,7.430108070373535,334987848.0,4.0
7,celo,1130,5.808318614959717,1341138240.0,1.0
7,prune_50,1130,5.701934814453125,670569120.0,2.0
7,prune_75,1130,5.930580139160156,335284560.0,4.0
7,prune_99,1130,10.459220886230469,1341138.2400000012,999.9999999999991
7,quant8,1130,6.075833320617676,335284560.0,4.0
7,celo,1131,6.582725524902344,1342325088.0,1.0
7,prune_50,1131,6.913883209228516,671162544.0,2.0
7,prune_75,1131,6.98948335647583,335581272.0,4.0
7,prune_99,1131,10.762039184570312,1342325.0880000012,999.9999999999991
7,quant8,1131,6.760098934173584,335581272.0,4.0
7,celo,1132,5.748882293701172,1343511936.0,1.0
7,prune_50,1132,5.689633369445801,671755968.0,2.0
7,prune_75,1132,5.892186641693115,335877984.0,4.0
7,prune_99,1132,10.546287536621094,1343511.9360000012,999.9999999999991
7,quant8,1132,5.734289169311523,335877984.0,4.0
7,celo,1133,8.399377822875977,1344698784.0,1.0
7,prune_50,1133,8.729940414428711,672349392.0,2.0
7,prune_75,1133,8.34908390045166,336174696.0,4.0
7,prune_99,1133,10.659331321716309,1344698.7840000011,999.9999999999991
7,quant8,1133,8.540111541748047,336174696.0,4.0
7,celo,1134,7.384746551513672,1345885632.0,1.0
7,prune_50,1134,7.65606689453125,672942816.0,2.0
7,prune_75,1134,7.676383018493652,336471408.0,4.0
7,prune_99,1134,10.886655807495117,1345885.6320000011,999.9999999999991
7,quant8,1134,7.633965492248535,336471408.0,4.0
7,celo,1135,8.067115783691406,1347072480.0,1.0
7,prune_50,1135,8.183016777038574,673536240.0,2.0
7,prune_75,1135,8.323259353637695,336768120.0,4.0
7,prune_99,1135,10.6826753616333,1347072.4800000011,999.9999999999991
7,quant8,1135,8.316082000732422,336768120.0,4.0
7,celo,1136,6.141337871551514,1348259328.0,1.0
7,prune_50,1136,6.403203010559082,674129664.0,2.0
7,prune_75,1136,6.172198295593262,337064832.0,4.0
7,prune_99,1136,10.409605979919434,1348259.3280000011,999.9999999999991
7,quant8,1136,6.199883460998535,337064832.0,4.0
7,celo,1137,5.943538665771484,1349446176.0,1.0
7,prune_50,1137,6.190596103668213,674723088.0,2.0
7,prune_75,1137,6.2723798751831055,337361544.0,4.0
7,prune_99,1137,10.739124298095703,1349446.1760000011,999.9999999999991
7,quant8,1137,6.179993629455566,337361544.0,4.0
7,celo,1138,6.941852569580078,1350633024.0,1.0
7,prune_50,1138,7.325257778167725,675316512.0,2.0
7,prune_75,1138,7.297438621520996,337658256.0,4.0
7,prune_99,1138,10.656047821044922,1350633.0240000011,999.9999999999991
7,quant8,1138,7.010817527770996,337658256.0,4.0
7,celo,1139,6.739970684051514,1351819872.0,1.0
7,prune_50,1139,6.933566570281982,675909936.0,2.0
7,prune_75,1139,7.003147125244141,337954968.0,4.0
7,prune_99,1139,10.649560928344727,1351819.8720000011,999.9999999999991
7,quant8,1139,7.175130844116211,337954968.0,4.0
7,celo,1140,5.834851264953613,1353006720.0,1.0
7,prune_50,1140,6.018222808837891,676503360.0,2.0
7,prune_75,1140,5.949740409851074,338251680.0,4.0
7,prune_99,1140,10.632362365722656,1353006.7200000011,999.9999999999991
7,quant8,1140,5.993276596069336,338251680.0,4.0
7,celo,1141,7.484488010406494,1354193568.0,1.0
7,prune_50,1141,7.8377766609191895,677096784.0,2.0
7,prune_75,1141,7.7050933837890625,338548392.0,4.0
7,prune_99,1141,10.645732879638672,1354193.5680000011,999.9999999999991
7,quant8,1141,7.875782489776611,338548392.0,4.0
7,celo,1142,6.593141078948975,1355380416.0,1.0
7,prune_50,1142,6.714341640472412,677690208.0,2.0
7,prune_75,1142,6.780645370483398,338845104.0,4.0
7,prune_99,1142,10.778203964233398,1355380.4160000011,999.9999999999991
7,quant8,1142,6.6104278564453125,338845104.0,4.0
7,celo,1143,6.187080383300781,1356567264.0,1.0
7,prune_50,1143,6.263169288635254,678283632.0,2.0
7,prune_75,1143,6.379636287689209,339141816.0,4.0
7,prune_99,1143,10.645825386047363,1356567.2640000014,999.9999999999991
7,quant8,1143,6.385529041290283,339141816.0,4.0
7,celo,1144,6.849298477172852,1357754112.0,1.0
7,prune_50,1144,7.015738487243652,678877056.0,2.0
7,prune_75,1144,7.152545928955078,339438528.0,4.0
7,prune_99,1144,10.552959442138672,1357754.1120000014,999.9999999999991
7,quant8,1144,7.090697288513184,339438528.0,4.0
7,celo,1145,7.4369916915893555,1358940960.0,1.0
7,prune_50,1145,7.578464984893799,679470480.0,2.0
7,prune_75,1145,7.554815292358398,339735240.0,4.0
7,prune_99,1145,10.547345161437988,1358940.9600000014,999.9999999999991
7,quant8,1145,7.408540725708008,339735240.0,4.0
7,celo,1146,7.01470947265625,1360127808.0,1.0
7,prune_50,1146,7.249459266662598,680063904.0,2.0
7,prune_75,1146,7.159999370574951,340031952.0,4.0
7,prune_99,1146,10.504173278808594,1360127.8080000014,999.9999999999991
7,quant8,1146,7.250240325927734,340031952.0,4.0
7,celo,1147,6.2791547775268555,1361314656.0,1.0
7,prune_50,1147,6.340842247009277,680657328.0,2.0
7,prune_75,1147,6.390020847320557,340328664.0,4.0
7,prune_99,1147,10.465559005737305,1361314.6560000014,999.9999999999991
7,quant8,1147,6.401310443878174,340328664.0,4.0
7,celo,1148,7.021838188171387,1362501504.0,1.0
7,prune_50,1148,7.202650547027588,681250752.0,2.0
7,prune_75,1148,7.286237716674805,340625376.0,4.0
7,prune_99,1148,10.661905288696289,1362501.5040000014,999.9999999999991
7,quant8,1148,7.264687538146973,340625376.0,4.0
7,celo,1149,6.69321346282959,1363688352.0,1.0
7,prune_50,1149,6.939929962158203,681844176.0,2.0
7,prune_75,1149,6.836329460144043,340922088.0,4.0
7,prune_99,1149,10.733565330505371,1363688.3520000014,999.9999999999991
7,quant8,1149,7.033294677734375,340922088.0,4.0
7,celo,1150,6.806085109710693,1364875200.0,1.0
7,prune_50,1150,7.229095935821533,682437600.0,2.0
7,prune_75,1150,7.1923508644104,341218800.0,4.0
7,prune_99,1150,10.774839401245117,1364875.2000000014,999.9999999999991
7,quant8,1150,7.0772504806518555,341218800.0,4.0
7,celo,1151,6.133697986602783,1366062048.0,1.0
7,prune_50,1151,6.3275957107543945,683031024.0,2.0
7,prune_75,1151,6.136540412902832,341515512.0,4.0
7,prune_99,1151,10.679451942443848,1366062.0480000013,999.9999999999991
7,quant8,1151,6.257559776306152,341515512.0,4.0
7,celo,1152,7.384125709533691,1367248896.0,1.0
7,prune_50,1152,7.351944446563721,683624448.0,2.0
7,prune_75,1152,7.489158630371094,341812224.0,4.0
7,prune_99,1152,10.592294692993164,1367248.8960000013,999.9999999999991
7,quant8,1152,7.533888339996338,341812224.0,4.0
7,celo,1153,7.146524906158447,1368435744.0,1.0
7,prune_50,1153,7.320634365081787,684217872.0,2.0
7,prune_75,1153,7.285050392150879,342108936.0,4.0
7,prune_99,1153,10.724915504455566,1368435.7440000013,999.9999999999991
7,quant8,1153,7.163834571838379,342108936.0,4.0
7,celo,1154,8.313283920288086,1369622592.0,1.0
7,prune_50,1154,8.293855667114258,684811296.0,2.0
7,prune_75,1154,8.167943954467773,342405648.0,4.0
7,prune_99,1154,10.693910598754883,1369622.5920000013,999.9999999999991
7,quant8,1154,8.323326110839844,342405648.0,4.0
7,celo,1155,5.803545951843262,1370809440.0,1.0
7,prune_50,1155,5.87611198425293,685404720.0,2.0
7,prune_75,1155,5.751188278198242,342702360.0,4.0
7,prune_99,1155,10.58482837677002,1370809.4400000013,999.9999999999991
7,quant8,1155,5.760238170623779,342702360.0,4.0
7,celo,1156,7.207602500915527,1371996288.0,1.0
7,prune_50,1156,7.245428085327148,685998144.0,2.0
7,prune_75,1156,7.356227874755859,342999072.0,4.0
7,prune_99,1156,10.753089904785156,1371996.2880000013,999.9999999999991
7,quant8,1156,7.537458419799805,342999072.0,4.0
7,celo,1157,6.952335834503174,1373183136.0,1.0
7,prune_50,1157,7.207696437835693,686591568.0,2.0
7,prune_75,1157,7.24588680267334,343295784.0,4.0
7,prune_99,1157,10.719087600708008,1373183.1360000013,999.9999999999991
7,quant8,1157,7.045385360717773,343295784.0,4.0
7,celo,1158,7.238310813903809,1374369984.0,1.0
7,prune_50,1158,7.3703694343566895,687184992.0,2.0
7,prune_75,1158,7.528192520141602,343592496.0,4.0
7,prune_99,1158,10.891172409057617,1374369.9840000013,999.9999999999991
7,quant8,1158,7.30739688873291,343592496.0,4.0
7,celo,1159,6.147181510925293,1375556832.0,1.0
7,prune_50,1159,6.420309066772461,687778416.0,2.0
7,prune_75,1159,6.449947357177734,343889208.0,4.0
7,prune_99,1159,10.569847106933594,1375556.8320000013,999.9999999999991
7,quant8,1159,6.3466596603393555,343889208.0,4.0
7,celo,1160,5.567928314208984,1376743680.0,1.0
7,prune_50,1160,5.502434730529785,688371840.0,2.0
7,prune_75,1160,5.7278642654418945,344185920.0,4.0
7,prune_99,1160,10.592641830444336,1376743.6800000013,999.9999999999991
7,quant8,1160,5.777346611022949,344185920.0,4.0
7,celo,1161,6.779951572418213,1377930528.0,1.0
7,prune_50,1161,6.674838066101074,688965264.0,2.0
7,prune_75,1161,6.905908584594727,344482632.0,4.0
7,prune_99,1161,10.559990882873535,1377930.5280000013,999.9999999999991
7,quant8,1161,6.9661359786987305,344482632.0,4.0
7,celo,1162,6.872678756713867,1379117376.0,1.0
7,prune_50,1162,6.97703742980957,689558688.0,2.0
7,prune_75,1162,6.934907913208008,344779344.0,4.0
7,prune_99,1162,10.648761749267578,1379117.3760000013,999.9999999999991
7,quant8,1162,6.758670806884766,344779344.0,4.0
7,celo,1163,6.363495826721191,1380304224.0,1.0
7,prune_50,1163,6.571238994598389,690152112.0,2.0
7,prune_75,1163,6.523357391357422,345076056.0,4.0
7,prune_99,1163,10.71858024597168,1380304.2240000013,999.9999999999991
7,quant8,1163,6.621761798858643,345076056.0,4.0
7,celo,1164,7.661241054534912,1381491072.0,1.0
7,prune_50,1164,7.726079940795898,690745536.0,2.0
7,prune_75,1164,8.005979537963867,345372768.0,4.0
7,prune_99,1164,10.518657684326172,1381491.0720000013,999.9999999999991
7,quant8,1164,7.981605529785156,345372768.0,4.0
7,celo,1165,6.18979024887085,1382677920.0,1.0
7,prune_50,1165,6.53117561340332,691338960.0,2.0
7,prune_75,1165,6.2975921630859375,345669480.0,4.0
7,prune_99,1165,10.573357582092285,1382677.9200000013,999.9999999999991
7,quant8,1165,6.42698860168457,345669480.0,4.0
7,celo,1166,7.691308975219727,1383864768.0,1.0
7,prune_50,1166,7.851205825805664,691932384.0,2.0
7,prune_75,1166,7.690939903259277,345966192.0,4.0
7,prune_99,1166,10.55516242980957,1383864.7680000013,999.9999999999991
7,quant8,1166,7.820199489593506,345966192.0,4.0
7,celo,1167,6.751835823059082,1385051616.0,1.0
7,prune_50,1167,6.713418960571289,692525808.0,2.0
7,prune_75,1167,6.788616180419922,346262904.0,4.0
7,prune_99,1167,10.71981430053711,1385051.6160000013,999.9999999999991
7,quant8,1167,6.986909866333008,346262904.0,4.0
7,celo,1168,6.1260457038879395,1386238464.0,1.0
7,prune_50,1168,6.184539794921875,693119232.0,2.0
7,prune_75,1168,6.41898250579834,346559616.0,4.0
7,prune_99,1168,10.57056713104248,1386238.4640000013,999.9999999999991
7,quant8,1168,6.318818092346191,346559616.0,4.0
7,celo,1169,6.926395416259766,1387425312.0,1.0
7,prune_50,1169,6.927377700805664,693712656.0,2.0
7,prune_75,1169,6.900326728820801,346856328.0,4.0
7,prune_99,1169,10.639677047729492,1387425.3120000013,999.9999999999991
7,quant8,1169,7.047314643859863,346856328.0,4.0
7,celo,1170,6.67129373550415,1388612160.0,1.0
7,prune_50,1170,6.78563117980957,694306080.0,2.0
7,prune_75,1170,6.669817924499512,347153040.0,4.0
7,prune_99,1170,10.38316535949707,1388612.1600000013,999.9999999999991
7,quant8,1170,6.749599933624268,347153040.0,4.0
7,celo,1171,6.826948165893555,1389799008.0,1.0
7,prune_50,1171,6.783224105834961,694899504.0,2.0
7,prune_75,1171,6.581489562988281,347449752.0,4.0
7,prune_99,1171,10.760014533996582,1389799.0080000013,999.9999999999991
7,quant8,1171,6.506211280822754,347449752.0,4.0
7,celo,1172,6.742566108703613,1390985856.0,1.0
7,prune_50,1172,6.774954795837402,695492928.0,2.0
7,prune_75,1172,7.010348320007324,347746464.0,4.0
7,prune_99,1172,10.552910804748535,1390985.8560000013,999.9999999999991
7,quant8,1172,6.862471580505371,347746464.0,4.0
7,celo,1173,7.675264835357666,1392172704.0,1.0
7,prune_50,1173,7.960081577301025,696086352.0,2.0
7,prune_75,1173,8.07398796081543,348043176.0,4.0
7,prune_99,1173,10.824422836303711,1392172.7040000013,999.9999999999991
7,quant8,1173,8.173453330993652,348043176.0,4.0
7,celo,1174,6.995034694671631,1393359552.0,1.0
7,prune_50,1174,7.088747978210449,696679776.0,2.0
7,prune_75,1174,7.129335403442383,348339888.0,4.0
7,prune_99,1174,10.473017692565918,1393359.5520000013,999.9999999999991
7,quant8,1174,7.46213960647583,348339888.0,4.0
7,celo,1175,6.6121063232421875,1394546400.0,1.0
7,prune_50,1175,6.729498863220215,697273200.0,2.0
7,prune_75,1175,6.882307052612305,348636600.0,4.0
7,prune_99,1175,10.706565856933594,1394546.4000000013,999.9999999999991
7,quant8,1175,6.613065719604492,348636600.0,4.0
7,celo,1176,7.646541118621826,1395733248.0,1.0
7,prune_50,1176,7.56118106842041,697866624.0,2.0
7,prune_75,1176,7.436609268188477,348933312.0,4.0
7,prune_99,1176,10.953987121582031,1395733.2480000013,999.9999999999991
7,quant8,1176,7.713569164276123,348933312.0,4.0
7,celo,1177,7.456167697906494,1396920096.0,1.0
7,prune_50,1177,7.17339563369751,698460048.0,2.0
7,prune_75,1177,7.409178256988525,349230024.0,4.0
7,prune_99,1177,10.69363784790039,1396920.0960000013,999.9999999999991
7,quant8,1177,7.48490571975708,349230024.0,4.0
7,celo,1178,6.553775310516357,1398106944.0,1.0
7,prune_50,1178,6.65814208984375,699053472.0,2.0
7,prune_75,1178,6.591483116149902,349526736.0,4.0
7,prune_99,1178,10.727616310119629,1398106.9440000013,999.9999999999991
7,quant8,1178,6.900134563446045,349526736.0,4.0
7,celo,1179,6.298840522766113,1399293792.0,1.0
7,prune_50,1179,6.416546821594238,699646896.0,2.0
7,prune_75,1179,6.401906967163086,349823448.0,4.0
7,prune_99,1179,10.526836395263672,1399293.7920000013,999.9999999999991
7,quant8,1179,6.387990951538086,349823448.0,4.0
7,celo,1180,6.522368431091309,1400480640.0,1.0
7,prune_50,1180,6.636762619018555,700240320.0,2.0
7,prune_75,1180,6.617286682128906,350120160.0,4.0
7,prune_99,1180,10.699954986572266,1400480.6400000013,999.9999999999991
7,quant8,1180,6.750256061553955,350120160.0,4.0
7,celo,1181,7.479461669921875,1401667488.0,1.0
7,prune_50,1181,7.37773323059082,700833744.0,2.0
7,prune_75,1181,7.596897125244141,350416872.0,4.0
7,prune_99,1181,10.897031784057617,1401667.4880000013,999.9999999999991
7,quant8,1181,7.5781636238098145,350416872.0,4.0
7,celo,1182,6.532894611358643,1402854336.0,1.0
7,prune_50,1182,6.701206684112549,701427168.0,2.0
7,prune_75,1182,6.639512062072754,350713584.0,4.0
7,prune_99,1182,10.499224662780762,1402854.3360000013,999.9999999999991
7,quant8,1182,6.689642906188965,350713584.0,4.0
7,celo,1183,7.092219352722168,1404041184.0,1.0
7,prune_50,1183,6.96676778793335,702020592.0,2.0
7,prune_75,1183,6.924166679382324,351010296.0,4.0
7,prune_99,1183,10.659526824951172,1404041.1840000013,999.9999999999991
7,quant8,1183,7.2498250007629395,351010296.0,4.0
7,celo,1184,5.9724626541137695,1405228032.0,1.0
7,prune_50,1184,6.042426586151123,702614016.0,2.0
7,prune_75,1184,6.106938362121582,351307008.0,4.0
7,prune_99,1184,10.574861526489258,1405228.0320000013,999.9999999999991
7,quant8,1184,6.224590301513672,351307008.0,4.0
7,celo,1185,5.945100784301758,1406414880.0,1.0
7,prune_50,1185,5.85884952545166,703207440.0,2.0
7,prune_75,1185,5.924460411071777,351603720.0,4.0
7,prune_99,1185,10.65204906463623,1406414.8800000013,999.9999999999991
7,quant8,1185,5.96372652053833,351603720.0,4.0
7,celo,1186,7.772314071655273,1407601728.0,1.0
7,prune_50,1186,7.817195892333984,703800864.0,2.0
7,prune_75,1186,7.775608062744141,351900432.0,4.0
7,prune_99,1186,10.834859848022461,1407601.7280000013,999.9999999999991
7,quant8,1186,7.831439971923828,351900432.0,4.0
7,celo,1187,6.278071403503418,1408788576.0,1.0
7,prune_50,1187,6.370816230773926,704394288.0,2.0
7,prune_75,1187,6.587977409362793,352197144.0,4.0
7,prune_99,1187,10.628499031066895,1408788.5760000013,999.9999999999991
7,quant8,1187,6.3651862144470215,352197144.0,4.0
7,celo,1188,6.687784671783447,1409975424.0,1.0
7,prune_50,1188,6.742763996124268,704987712.0,2.0
7,prune_75,1188,7.008702278137207,352493856.0,4.0
7,prune_99,1188,10.700394630432129,1409975.4240000013,999.9999999999991
7,quant8,1188,6.813785552978516,352493856.0,4.0
7,celo,1189,7.257519245147705,1411162272.0,1.0
7,prune_50,1189,7.08939790725708,705581136.0,2.0
7,prune_75,1189,7.201404571533203,352790568.0,4.0
7,prune_99,1189,10.693785667419434,1411162.2720000013,999.9999999999991
7,quant8,1189,7.294496536254883,352790568.0,4.0
7,celo,1190,9.042519569396973,1412349120.0,1.0
7,prune_50,1190,9.088569641113281,706174560.0,2.0
7,prune_75,1190,9.31814956665039,353087280.0,4.0
7,prune_99,1190,10.770838737487793,1412349.1200000013,999.9999999999991
7,quant8,1190,9.196554183959961,353087280.0,4.0
7,celo,1191,7.289873123168945,1413535968.0,1.0
7,prune_50,1191,7.301326751708984,706767984.0,2.0
7,prune_75,1191,7.394404411315918,353383992.0,4.0
7,prune_99,1191,10.883781433105469,1413535.9680000013,999.9999999999991
7,quant8,1191,7.367358207702637,353383992.0,4.0
7,celo,1192,7.536153316497803,1414722816.0,1.0
7,prune_50,1192,7.560294151306152,707361408.0,2.0
7,prune_75,1192,7.544631004333496,353680704.0,4.0
7,prune_99,1192,10.66635513305664,1414722.8160000013,999.9999999999991
7,quant8,1192,7.734952926635742,353680704.0,4.0
7,celo,1193,6.17954683303833,1415909664.0,1.0
7,prune_50,1193,6.407853126525879,707954832.0,2.0
7,prune_75,1193,6.4927754402160645,353977416.0,4.0
7,prune_99,1193,10.629804611206055,1415909.6640000013,999.9999999999991
7,quant8,1193,6.316708564758301,353977416.0,4.0
7,celo,1194,6.833553314208984,1417096512.0,1.0
7,prune_50,1194,6.921374797821045,708548256.0,2.0
7,prune_75,1194,7.088652610778809,354274128.0,4.0
7,prune_99,1194,10.782966613769531,1417096.5120000013,999.9999999999991
7,quant8,1194,7.188138484954834,354274128.0,4.0
7,celo,1195,5.560486793518066,1418283360.0,1.0
7,prune_50,1195,5.188763618469238,709141680.0,2.0
7,prune_75,1195,5.44843864440918,354570840.0,4.0
7,prune_99,1195,10.753689765930176,1418283.3600000013,999.9999999999991
7,quant8,1195,5.435187339782715,354570840.0,4.0
7,celo,1196,6.955828666687012,1419470208.0,1.0
7,prune_50,1196,6.928155422210693,709735104.0,2.0
7,prune_75,1196,6.891017436981201,354867552.0,4.0
7,prune_99,1196,10.788389205932617,1419470.2080000013,999.9999999999991
7,quant8,1196,7.0897908210754395,354867552.0,4.0
7,celo,1197,5.415754795074463,1420657056.0,1.0
7,prune_50,1197,5.470279216766357,710328528.0,2.0
7,prune_75,1197,5.334596157073975,355164264.0,4.0
7,prune_99,1197,10.598278045654297,1420657.0560000013,999.9999999999991
7,quant8,1197,5.4810309410095215,355164264.0,4.0
7,celo,1198,7.005626678466797,1421843904.0,1.0
7,prune_50,1198,7.119354248046875,710921952.0,2.0
7,prune_75,1198,7.0124897956848145,355460976.0,4.0
7,prune_99,1198,10.716256141662598,1421843.9040000013,999.9999999999991
7,quant8,1198,7.128460884094238,355460976.0,4.0
7,celo,1199,6.993367671966553,1423030752.0,1.0
7,prune_50,1199,6.9219536781311035,711515376.0,2.0
7,prune_75,1199,7.1158766746521,355757688.0,4.0
7,prune_99,1199,10.603208541870117,1423030.7520000013,999.9999999999991
7,quant8,1199,7.122254371643066,355757688.0,4.0
7,celo,1200,6.495746612548828,1424217600.0,1.0
7,prune_50,1200,6.507214546203613,712108800.0,2.0
7,prune_75,1200,6.677853584289551,356054400.0,4.0
7,prune_99,1200,10.66696548461914,1424217.6000000013,999.9999999999991
7,quant8,1200,6.705589294433594,356054400.0,4.0
7,celo,1201,7.509809494018555,1425404448.0,1.0
7,prune_50,1201,7.340072154998779,712702224.0,2.0
7,prune_75,1201,7.544586658477783,356351112.0,4.0
7,prune_99,1201,10.717666625976562,1425404.4480000013,999.9999999999991
7,quant8,1201,7.464619159698486,356351112.0,4.0
7,celo,1202,7.481857776641846,1426591296.0,1.0
7,prune_50,1202,7.531826972961426,713295648.0,2.0
7,prune_75,1202,7.473639488220215,356647824.0,4.0
7,prune_99,1202,10.643593788146973,1426591.2960000013,999.9999999999991
7,quant8,1202,7.728031158447266,356647824.0,4.0
7,celo,1203,7.140754222869873,1427778144.0,1.0
7,prune_50,1203,6.910578727722168,713889072.0,2.0
7,prune_75,1203,7.286829948425293,356944536.0,4.0
7,prune_99,1203,10.862010955810547,1427778.1440000013,999.9999999999991
7,quant8,1203,7.355071067810059,356944536.0,4.0
7,celo,1204,7.526052474975586,1428964992.0,1.0
7,prune_50,1204,7.5120744705200195,714482496.0,2.0
7,prune_75,1204,7.428211212158203,357241248.0,4.0
7,prune_99,1204,10.488030433654785,1428964.9920000012,999.9999999999991
7,quant8,1204,7.6365790367126465,357241248.0,4.0
7,celo,1205,7.484100341796875,1430151840.0,1.0
7,prune_50,1205,7.388560771942139,715075920.0,2.0
7,prune_75,1205,7.244951248168945,357537960.0,4.0
7,prune_99,1205,10.693163871765137,1430151.8400000012,999.9999999999991
7,quant8,1205,7.326817989349365,357537960.0,4.0
7,celo,1206,6.806936264038086,1431338688.0,1.0
7,prune_50,1206,6.743198394775391,715669344.0,2.0
7,prune_75,1206,6.9019694328308105,357834672.0,4.0
7,prune_99,1206,10.693924903869629,1431338.6880000012,999.9999999999991
7,quant8,1206,6.713526725769043,357834672.0,4.0
7,celo,1207,6.176403045654297,1432525536.0,1.0
7,prune_50,1207,6.242208957672119,716262768.0,2.0
7,prune_75,1207,6.063690185546875,358131384.0,4.0
7,prune_99,1207,10.834785461425781,1432525.5360000012,999.9999999999991
7,quant8,1207,6.278658866882324,358131384.0,4.0
7,celo,1208,6.38422966003418,1433712384.0,1.0
7,prune_50,1208,6.354018211364746,716856192.0,2.0
7,prune_75,1208,6.407047271728516,358428096.0,4.0
7,prune_99,1208,10.763526916503906,1433712.3840000012,999.9999999999991
7,quant8,1208,6.25178337097168,358428096.0,4.0
7,celo,1209,6.322086334228516,1434899232.0,1.0
7,prune_50,1209,6.284203052520752,717449616.0,2.0
7,prune_75,1209,6.322969436645508,358724808.0,4.0
7,prune_99,1209,10.56831169128418,1434899.2320000012,999.9999999999991
7,quant8,1209,6.566563129425049,358724808.0,4.0
7,celo,1210,7.120419025421143,1436086080.0,1.0
7,prune_50,1210,7.181257247924805,718043040.0,2.0
7,prune_75,1210,7.435329437255859,359021520.0,4.0
7,prune_99,1210,10.709095001220703,1436086.0800000012,999.9999999999991
7,quant8,1210,7.330075740814209,359021520.0,4.0
7,celo,1211,6.015426158905029,1437272928.0,1.0
7,prune_50,1211,5.928304672241211,718636464.0,2.0
7,prune_75,1211,6.161897659301758,359318232.0,4.0
7,prune_99,1211,10.953083992004395,1437272.9280000012,999.9999999999991
7,quant8,1211,6.008831977844238,359318232.0,4.0
7,celo,1212,6.599211692810059,1438459776.0,1.0
7,prune_50,1212,6.473227500915527,719229888.0,2.0
7,prune_75,1212,6.7533650398254395,359614944.0,4.0
7,prune_99,1212,10.762287139892578,1438459.7760000012,999.9999999999991
7,quant8,1212,6.643319129943848,359614944.0,4.0
7,celo,1213,5.58223819732666,1439646624.0,1.0
7,prune_50,1213,5.810466289520264,719823312.0,2.0
7,prune_75,1213,5.7494425773620605,359911656.0,4.0
7,prune_99,1213,10.748388290405273,1439646.6240000012,999.9999999999991
7,quant8,1213,5.67974853515625,359911656.0,4.0
7,celo,1214,5.642090320587158,1440833472.0,1.0
7,prune_50,1214,5.783626556396484,720416736.0,2.0
7,prune_75,1214,5.984028339385986,360208368.0,4.0
7,prune_99,1214,10.616507530212402,1440833.4720000012,999.9999999999991
7,quant8,1214,5.796150207519531,360208368.0,4.0
7,celo,1215,6.930846214294434,1442020320.0,1.0
7,prune_50,1215,6.8233561515808105,721010160.0,2.0
7,prune_75,1215,7.076254844665527,360505080.0,4.0
7,prune_99,1215,10.52598762512207,1442020.3200000012,999.9999999999991
7,quant8,1215,7.102240085601807,360505080.0,4.0
7,celo,1216,5.6242265701293945,1443207168.0,1.0
7,prune_50,1216,5.5596418380737305,721603584.0,2.0
7,prune_75,1216,5.675917625427246,360801792.0,4.0
7,prune_99,1216,10.85128402709961,1443207.1680000012,999.9999999999991
7,quant8,1216,5.689022064208984,360801792.0,4.0
7,celo,1217,7.898926734924316,1444394016.0,1.0
7,prune_50,1217,7.954899311065674,722197008.0,2.0
7,prune_75,1217,8.288839340209961,361098504.0,4.0
7,prune_99,1217,10.724474906921387,1444394.0160000012,999.9999999999991
7,quant8,1217,8.035118103027344,361098504.0,4.0
7,celo,1218,6.451776027679443,1445580864.0,1.0
7,prune_50,1218,6.10847282409668,722790432.0,2.0
7,prune_75,1218,6.56657600402832,361395216.0,4.0
7,prune_99,1218,10.776504516601562,1445580.8640000012,999.9999999999991
7,quant8,1218,6.628199577331543,361395216.0,4.0
7,celo,1219,7.810932159423828,1446767712.0,1.0
7,prune_50,1219,8.072898864746094,723383856.0,2.0
7,prune_75,1219,8.011846542358398,361691928.0,4.0
7,prune_99,1219,10.752760887145996,1446767.7120000012,999.9999999999991
7,quant8,1219,8.024495124816895,361691928.0,4.0
7,celo,1220,5.534533500671387,1447954560.0,1.0
7,prune_50,1220,5.80179500579834,723977280.0,2.0
7,prune_75,1220,5.489335060119629,361988640.0,4.0
7,prune_99,1220,10.726516723632812,1447954.5600000012,999.9999999999991
7,quant8,1220,5.752721309661865,361988640.0,4.0
7,celo,1221,6.923822402954102,1449141408.0,1.0
7,prune_50,1221,6.931207180023193,724570704.0,2.0
7,prune_75,1221,7.118243217468262,362285352.0,4.0
7,prune_99,1221,10.70932674407959,1449141.4080000015,999.9999999999991
7,quant8,1221,6.914848327636719,362285352.0,4.0
7,celo,1222,6.386783599853516,1450328256.0,1.0
7,prune_50,1222,6.273208141326904,725164128.0,2.0
7,prune_75,1222,6.451494216918945,362582064.0,4.0
7,prune_99,1222,10.667688369750977,1450328.2560000014,999.9999999999991
7,quant8,1222,6.4403395652771,362582064.0,4.0
7,celo,1223,7.59440279006958,1451515104.0,1.0
7,prune_50,1223,7.590775489807129,725757552.0,2.0
7,prune_75,1223,7.833030700683594,362878776.0,4.0
7,prune_99,1223,10.715509414672852,1451515.1040000014,999.9999999999991
7,quant8,1223,7.722536087036133,362878776.0,4.0
7,celo,1224,7.312792778015137,1452701952.0,1.0
7,prune_50,1224,7.192404747009277,726350976.0,2.0
7,prune_75,1224,7.454726219177246,363175488.0,4.0
7,prune_99,1224,10.725881576538086,1452701.9520000014,999.9999999999991
7,quant8,1224,7.238576889038086,363175488.0,4.0
7,celo,1225,7.538212299346924,1453888800.0,1.0
7,prune_50,1225,7.619339942932129,726944400.0,2.0
7,prune_75,1225,7.777957916259766,363472200.0,4.0
7,prune_99,1225,10.679740905761719,1453888.8000000014,999.9999999999991
7,quant8,1225,7.873995304107666,363472200.0,4.0
7,celo,1226,6.7494916915893555,1455075648.0,1.0
7,prune_50,1226,6.688257217407227,727537824.0,2.0
7,prune_75,1226,6.949473857879639,363768912.0,4.0
7,prune_99,1226,10.701704025268555,1455075.6480000014,999.9999999999991
7,quant8,1226,6.7335710525512695,363768912.0,4.0
7,celo,1227,6.916597366333008,1456262496.0,1.0
7,prune_50,1227,7.082342624664307,728131248.0,2.0
7,prune_75,1227,7.2706427574157715,364065624.0,4.0
7,prune_99,1227,10.57723331451416,1456262.4960000014,999.9999999999991
7,quant8,1227,7.113902568817139,364065624.0,4.0
7,celo,1228,6.475191593170166,1457449344.0,1.0
7,prune_50,1228,6.393923759460449,728724672.0,2.0
7,prune_75,1228,6.502372741699219,364362336.0,4.0
7,prune_99,1228,10.446355819702148,1457449.3440000014,999.9999999999991
7,quant8,1228,6.532439708709717,364362336.0,4.0
7,celo,1229,7.0123820304870605,1458636192.0,1.0
7,prune_50,1229,7.019331932067871,729318096.0,2.0
7,prune_75,1229,6.928116321563721,364659048.0,4.0
7,prune_99,1229,10.445846557617188,1458636.1920000014,999.9999999999991
7,quant8,1229,7.058304309844971,364659048.0,4.0
7,celo,1230,6.350646495819092,1459823040.0,1.0
7,prune_50,1230,6.211663246154785,729911520.0,2.0
7,prune_75,1230,6.408146381378174,364955760.0,4.0
7,prune_99,1230,10.605534553527832,1459823.0400000014,999.9999999999991
7,quant8,1230,6.390378952026367,364955760.0,4.0
7,celo,1231,7.102079391479492,1461009888.0,1.0
7,prune_50,1231,7.1650390625,730504944.0,2.0
7,prune_75,1231,7.241805076599121,365252472.0,4.0
7,prune_99,1231,10.568798065185547,1461009.8880000014,999.9999999999991
7,quant8,1231,7.191764831542969,365252472.0,4.0
7,celo,1232,5.943848609924316,1462196736.0,1.0
7,prune_50,1232,6.126023292541504,731098368.0,2.0
7,prune_75,1232,6.104462623596191,365549184.0,4.0
7,prune_99,1232,10.434489250183105,1462196.7360000014,999.9999999999991
7,quant8,1232,6.54808235168457,365549184.0,4.0
7,celo,1233,6.843658924102783,1463383584.0,1.0
7,prune_50,1233,6.964481353759766,731691792.0,2.0
7,prune_75,1233,7.152324676513672,365845896.0,4.0
7,prune_99,1233,10.83329963684082,1463383.5840000014,999.9999999999991
7,quant8,1233,7.2618727684021,365845896.0,4.0
7,celo,1234,7.208443641662598,1464570432.0,1.0
7,prune_50,1234,7.040101528167725,732285216.0,2.0
7,prune_75,1234,7.538783073425293,366142608.0,4.0
7,prune_99,1234,10.646123886108398,1464570.4320000014,999.9999999999991
7,quant8,1234,7.264142036437988,366142608.0,4.0
7,celo,1235,6.060614585876465,1465757280.0,1.0
7,prune_50,1235,6.2538862228393555,732878640.0,2.0
7,prune_75,1235,6.375117301940918,366439320.0,4.0
7,prune_99,1235,10.667964935302734,1465757.2800000014,999.9999999999991
7,quant8,1235,6.553618907928467,366439320.0,4.0
7,celo,1236,6.008847236633301,1466944128.0,1.0
7,prune_50,1236,5.834111213684082,733472064.0,2.0
7,prune_75,1236,6.191372394561768,366736032.0,4.0
7,prune_99,1236,10.846078872680664,1466944.1280000014,999.9999999999991
7,quant8,1236,6.251473903656006,366736032.0,4.0
7,celo,1237,6.734546184539795,1468130976.0,1.0
7,prune_50,1237,6.820690155029297,734065488.0,2.0
7,prune_75,1237,7.0222039222717285,367032744.0,4.0
7,prune_99,1237,10.572383880615234,1468130.9760000014,999.9999999999991
7,quant8,1237,6.927651882171631,367032744.0,4.0
7,celo,1238,6.778873443603516,1469317824.0,1.0
7,prune_50,1238,6.925626277923584,734658912.0,2.0
7,prune_75,1238,7.12346076965332,367329456.0,4.0
7,prune_99,1238,10.702781677246094,1469317.8240000014,999.9999999999991
7,quant8,1238,6.900965690612793,367329456.0,4.0
7,celo,1239,7.371176719665527,1470504672.0,1.0
7,prune_50,1239,7.494291305541992,735252336.0,2.0
7,prune_75,1239,7.564306259155273,367626168.0,4.0
7,prune_99,1239,10.6856689453125,1470504.6720000014,999.9999999999991
7,quant8,1239,7.410806655883789,367626168.0,4.0
7,celo,1240,6.27947473526001,1471691520.0,1.0
7,prune_50,1240,6.383083820343018,735845760.0,2.0
7,prune_75,1240,6.558470726013184,367922880.0,4.0
7,prune_99,1240,10.487312316894531,1471691.5200000014,999.9999999999991
7,quant8,1240,6.400837421417236,367922880.0,4.0
7,celo,1241,7.1228179931640625,1472878368.0,1.0
7,prune_50,1241,7.041902542114258,736439184.0,2.0
7,prune_75,1241,7.335991859436035,368219592.0,4.0
7,prune_99,1241,10.829158782958984,1472878.3680000014,999.9999999999991
7,quant8,1241,6.995578289031982,368219592.0,4.0
7,celo,1242,6.482094764709473,1474065216.0,1.0
7,prune_50,1242,6.555812835693359,737032608.0,2.0
7,prune_75,1242,6.579461097717285,368516304.0,4.0
7,prune_99,1242,10.881464004516602,1474065.2160000014,999.9999999999991
7,quant8,1242,6.480754375457764,368516304.0,4.0
7,celo,1243,7.457009792327881,1475252064.0,1.0
7,prune_50,1243,7.537372589111328,737626032.0,2.0
7,prune_75,1243,7.523326396942139,368813016.0,4.0
7,prune_99,1243,10.723875999450684,1475252.0640000014,999.9999999999991
7,quant8,1243,7.503619194030762,368813016.0,4.0
7,celo,1244,7.319257736206055,1476438912.0,1.0
7,prune_50,1244,7.24772310256958,738219456.0,2.0
7,prune_75,1244,7.55068826675415,369109728.0,4.0
7,prune_99,1244,10.635520935058594,1476438.9120000014,999.9999999999991
7,quant8,1244,7.593585014343262,369109728.0,4.0
7,celo,1245,7.308601379394531,1477625760.0,1.0
7,prune_50,1245,7.216208457946777,738812880.0,2.0
7,prune_75,1245,7.665788650512695,369406440.0,4.0
7,prune_99,1245,10.659810066223145,1477625.7600000014,999.9999999999991
7,quant8,1245,7.4105329513549805,369406440.0,4.0
7,celo,1246,6.248663902282715,1478812608.0,1.0
7,prune_50,1246,6.184391021728516,739406304.0,2.0
7,prune_75,1246,6.309510231018066,369703152.0,4.0
7,prune_99,1246,10.79602336883545,1478812.6080000014,999.9999999999991
7,quant8,1246,6.294745445251465,369703152.0,4.0
7,celo,1247,6.631640434265137,1479999456.0,1.0
7,prune_50,1247,6.482088565826416,739999728.0,2.0
7,prune_75,1247,6.693938255310059,369999864.0,4.0
7,prune_99,1247,10.80402660369873,1479999.4560000014,999.9999999999991
7,quant8,1247,6.524778842926025,369999864.0,4.0
7,celo,1248,5.583889007568359,1481186304.0,1.0
7,prune_50,1248,5.774017333984375,740593152.0,2.0
7,prune_75,1248,5.685361385345459,370296576.0,4.0
7,prune_99,1248,10.712905883789062,1481186.3040000014,999.9999999999991
7,quant8,1248,5.681357383728027,370296576.0,4.0
7,celo,1249,6.776154041290283,1482373152.0,1.0
7,prune_50,1249,6.745660781860352,741186576.0,2.0
7,prune_75,1249,7.036823272705078,370593288.0,4.0
7,prune_99,1249,10.650320053100586,1482373.1520000014,999.9999999999991
7,quant8,1249,6.782788276672363,370593288.0,4.0
7,celo,1250,5.783632755279541,1483560000.0,1.0
7,prune_50,1250,5.624693870544434,741780000.0,2.0
7,prune_75,1250,5.774454593658447,370890000.0,4.0
7,prune_99,1250,10.54220199584961,1483560.0000000014,999.9999999999991
7,quant8,1250,5.7780938148498535,370890000.0,4.0
7,celo,1251,5.892496109008789,1484746848.0,1.0
7,prune_50,1251,5.685983657836914,742373424.0,2.0
7,prune_75,1251,6.505289554595947,371186712.0,4.0
7,prune_99,1251,10.682605743408203,1484746.8480000014,999.9999999999991
7,quant8,1251,6.202480792999268,371186712.0,4.0
7,celo,1252,7.154837608337402,1485933696.0,1.0
7,prune_50,1252,7.096144199371338,742966848.0,2.0
7,prune_75,1252,7.295109748840332,371483424.0,4.0
7,prune_99,1252,10.867193222045898,1485933.6960000014,999.9999999999991
7,quant8,1252,7.074915409088135,371483424.0,4.0
7,celo,1253,7.159015655517578,1487120544.0,1.0
7,prune_50,1253,7.016554355621338,743560272.0,2.0
7,prune_75,1253,7.542731285095215,371780136.0,4.0
7,prune_99,1253,10.589286804199219,1487120.5440000014,999.9999999999991
7,quant8,1253,7.265533924102783,371780136.0,4.0
7,celo,1254,6.382585525512695,1488307392.0,1.0
7,prune_50,1254,6.1977691650390625,744153696.0,2.0
7,prune_75,1254,6.419739246368408,372076848.0,4.0
7,prune_99,1254,10.7356538772583,1488307.3920000014,999.9999999999991
7,quant8,1254,6.402982234954834,372076848.0,4.0
7,celo,1255,8.55643367767334,1489494240.0,1.0
7,prune_50,1255,8.708953857421875,744747120.0,2.0
7,prune_75,1255,8.851865768432617,372373560.0,4.0
7,prune_99,1255,10.746973991394043,1489494.2400000014,999.9999999999991
7,quant8,1255,8.440811157226562,372373560.0,4.0
7,celo,1256,8.142925262451172,1490681088.0,1.0
7,prune_50,1256,8.145574569702148,745340544.0,2.0
7,prune_75,1256,8.165250778198242,372670272.0,4.0
7,prune_99,1256,10.793424606323242,1490681.0880000014,999.9999999999991
7,quant8,1256,8.061677932739258,372670272.0,4.0
7,celo,1257,6.4539899826049805,1491867936.0,1.0
7,prune_50,1257,6.485785961151123,745933968.0,2.0
7,prune_75,1257,6.547759056091309,372966984.0,4.0
7,prune_99,1257,10.377314567565918,1491867.9360000014,999.9999999999991
7,quant8,1257,6.432293891906738,372966984.0,4.0
7,celo,1258,6.421398162841797,1493054784.0,1.0
7,prune_50,1258,6.72183084487915,746527392.0,2.0
7,prune_75,1258,6.784093856811523,373263696.0,4.0
7,prune_99,1258,10.547975540161133,1493054.7840000014,999.9999999999991
7,quant8,1258,6.569446563720703,373263696.0,4.0
7,celo,1259,6.86301851272583,1494241632.0,1.0
7,prune_50,1259,6.966292381286621,747120816.0,2.0
7,prune_75,1259,6.934815406799316,373560408.0,4.0
7,prune_99,1259,10.595293045043945,1494241.6320000014,999.9999999999991
7,quant8,1259,7.054309844970703,373560408.0,4.0
7,celo,1260,6.9985175132751465,1495428480.0,1.0
7,prune_50,1260,6.883591175079346,747714240.0,2.0
7,prune_75,1260,7.179439544677734,373857120.0,4.0
7,prune_99,1260,10.597402572631836,1495428.4800000014,999.9999999999991
7,quant8,1260,7.0558762550354,373857120.0,4.0
7,celo,1261,5.67158317565918,1496615328.0,1.0
7,prune_50,1261,5.702581405639648,748307664.0,2.0
7,prune_75,1261,5.910656929016113,374153832.0,4.0
7,prune_99,1261,10.666685104370117,1496615.3280000014,999.9999999999991
7,quant8,1261,5.855477333068848,374153832.0,4.0
7,celo,1262,6.863303184509277,1497802176.0,1.0
7,prune_50,1262,6.885164737701416,748901088.0,2.0
7,prune_75,1262,7.209516525268555,374450544.0,4.0
7,prune_99,1262,10.652315139770508,1497802.1760000014,999.9999999999991
7,quant8,1262,7.07855224609375,374450544.0,4.0
7,celo,1263,7.099420547485352,1498989024.0,1.0
7,prune_50,1263,7.014745712280273,749494512.0,2.0
7,prune_75,1263,7.118358612060547,374747256.0,4.0
7,prune_99,1263,10.786489486694336,1498989.0240000014,999.9999999999991
7,quant8,1263,7.162674903869629,374747256.0,4.0
7,celo,1264,5.809199810028076,1500175872.0,1.0
7,prune_50,1264,5.919583320617676,750087936.0,2.0
7,prune_75,1264,6.091038227081299,375043968.0,4.0
7,prune_99,1264,10.753478050231934,1500175.8720000014,999.9999999999991
7,quant8,1264,6.02868127822876,375043968.0,4.0
7,celo,1265,6.816562652587891,1501362720.0,1.0
7,prune_50,1265,7.066751480102539,750681360.0,2.0
7,prune_75,1265,7.31949520111084,375340680.0,4.0
7,prune_99,1265,10.524734497070312,1501362.7200000014,999.9999999999991
7,quant8,1265,6.814269065856934,375340680.0,4.0
7,celo,1266,7.521129131317139,1502549568.0,1.0
7,prune_50,1266,7.701025009155273,751274784.0,2.0
7,prune_75,1266,7.521884918212891,375637392.0,4.0
7,prune_99,1266,10.52229118347168,1502549.5680000014,999.9999999999991
7,quant8,1266,7.549091339111328,375637392.0,4.0
7,celo,1267,7.148322105407715,1503736416.0,1.0
7,prune_50,1267,7.095298767089844,751868208.0,2.0
7,prune_75,1267,7.15858793258667,375934104.0,4.0
7,prune_99,1267,10.718465805053711,1503736.4160000014,999.9999999999991
7,quant8,1267,7.178415298461914,375934104.0,4.0
7,celo,1268,5.753771781921387,1504923264.0,1.0
7,prune_50,1268,5.818819046020508,752461632.0,2.0
7,prune_75,1268,6.191079139709473,376230816.0,4.0
7,prune_99,1268,10.657915115356445,1504923.2640000014,999.9999999999991
7,quant8,1268,5.834873676300049,376230816.0,4.0
7,celo,1269,7.757076263427734,1506110112.0,1.0
7,prune_50,1269,7.867521286010742,753055056.0,2.0
7,prune_75,1269,7.90094518661499,376527528.0,4.0
7,prune_99,1269,10.75818157196045,1506110.1120000014,999.9999999999991
7,quant8,1269,7.973008632659912,376527528.0,4.0
7,celo,1270,7.0323333740234375,1507296960.0,1.0
7,prune_50,1270,7.139318943023682,753648480.0,2.0
7,prune_75,1270,7.387627601623535,376824240.0,4.0
7,prune_99,1270,10.56359577178955,1507296.9600000014,999.9999999999991
7,quant8,1270,7.013663291931152,376824240.0,4.0
7,celo,1271,8.106363296508789,1508483808.0,1.0
7,prune_50,1271,8.094974517822266,754241904.0,2.0
7,prune_75,1271,8.156708717346191,377120952.0,4.0
7,prune_99,1271,10.76048755645752,1508483.8080000014,999.9999999999991
7,quant8,1271,7.9300642013549805,377120952.0,4.0
7,celo,1272,6.381789207458496,1509670656.0,1.0
7,prune_50,1272,6.51298713684082,754835328.0,2.0
7,prune_75,1272,6.640995979309082,377417664.0,4.0
7,prune_99,1272,10.424195289611816,1509670.6560000014,999.9999999999991
7,quant8,1272,6.721928596496582,377417664.0,4.0
7,celo,1273,7.1158447265625,1510857504.0,1.0
7,prune_50,1273,7.115373134613037,755428752.0,2.0
7,prune_75,1273,7.109891891479492,377714376.0,4.0
7,prune_99,1273,10.690688133239746,1510857.5040000014,999.9999999999991
7,quant8,1273,7.306452751159668,377714376.0,4.0
7,celo,1274,5.974930763244629,1512044352.0,1.0
7,prune_50,1274,6.20316219329834,756022176.0,2.0
7,prune_75,1274,6.054568290710449,378011088.0,4.0
7,prune_99,1274,10.755899429321289,1512044.3520000014,999.9999999999991
7,quant8,1274,6.142147541046143,378011088.0,4.0
7,celo,1275,7.753530979156494,1513231200.0,1.0
7,prune_50,1275,7.782217979431152,756615600.0,2.0
7,prune_75,1275,8.102384567260742,378307800.0,4.0
7,prune_99,1275,10.732248306274414,1513231.2000000014,999.9999999999991
7,quant8,1275,7.8556084632873535,378307800.0,4.0
7,celo,1276,6.732936382293701,1514418048.0,1.0
7,prune_50,1276,6.492887020111084,757209024.0,2.0
7,prune_75,1276,6.605990409851074,378604512.0,4.0
7,prune_99,1276,10.494215965270996,1514418.0480000013,999.9999999999991
7,quant8,1276,6.65211820602417,378604512.0,4.0
7,celo,1277,6.184171199798584,1515604896.0,1.0
7,prune_50,1277,6.071743965148926,757802448.0,2.0
7,prune_75,1277,6.110269069671631,378901224.0,4.0
7,prune_99,1277,10.376995086669922,1515604.8960000013,999.9999999999991
7,quant8,1277,5.997387886047363,378901224.0,4.0
7,celo,1278,7.990816593170166,1516791744.0,1.0
7,prune_50,1278,8.100419998168945,758395872.0,2.0
7,prune_75,1278,8.18797492980957,379197936.0,4.0
7,prune_99,1278,10.561792373657227,1516791.7440000013,999.9999999999991
7,quant8,1278,7.901603698730469,379197936.0,4.0
7,celo,1279,6.347517013549805,1517978592.0,1.0
7,prune_50,1279,6.369998931884766,758989296.0,2.0
7,prune_75,1279,6.491831302642822,379494648.0,4.0
7,prune_99,1279,10.795352935791016,1517978.5920000013,999.9999999999991
7,quant8,1279,6.4722490310668945,379494648.0,4.0
7,celo,1280,7.454761028289795,1519165440.0,1.0
7,prune_50,1280,7.43560266494751,759582720.0,2.0
7,prune_75,1280,7.606194019317627,379791360.0,4.0
7,prune_99,1280,10.427850723266602,1519165.4400000013,999.9999999999991
7,quant8,1280,7.430164813995361,379791360.0,4.0
7,celo,1281,7.187526226043701,1520352288.0,1.0
7,prune_50,1281,7.337615013122559,760176144.0,2.0
7,prune_75,1281,7.137608051300049,380088072.0,4.0
7,prune_99,1281,10.71676254272461,1520352.2880000013,999.9999999999991
7,quant8,1281,7.1708221435546875,380088072.0,4.0
7,celo,1282,6.0174479484558105,1521539136.0,1.0
7,prune_50,1282,6.08914852142334,760769568.0,2.0
7,prune_75,1282,6.146496772766113,380384784.0,4.0
7,prune_99,1282,10.7013521194458,1521539.1360000013,999.9999999999991
7,quant8,1282,6.194500923156738,380384784.0,4.0
7,celo,1283,7.9004411697387695,1522725984.0,1.0
7,prune_50,1283,8.105731010437012,761362992.0,2.0
7,prune_75,1283,7.978552341461182,380681496.0,4.0
7,prune_99,1283,10.936505317687988,1522725.9840000013,999.9999999999991
7,quant8,1283,8.054133415222168,380681496.0,4.0
7,celo,1284,7.59196662902832,1523912832.0,1.0
7,prune_50,1284,7.519255638122559,761956416.0,2.0
7,prune_75,1284,7.851685523986816,380978208.0,4.0
7,prune_99,1284,10.57773494720459,1523912.8320000013,999.9999999999991
7,quant8,1284,7.6091814041137695,380978208.0,4.0
7,celo,1285,6.61948823928833,1525099680.0,1.0
7,prune_50,1285,6.602145195007324,762549840.0,2.0
7,prune_75,1285,6.717350959777832,381274920.0,4.0
7,prune_99,1285,10.819948196411133,1525099.6800000013,999.9999999999991
7,quant8,1285,6.6695685386657715,381274920.0,4.0
7,celo,1286,5.962762355804443,1526286528.0,1.0
7,prune_50,1286,6.0395283699035645,763143264.0,2.0
7,prune_75,1286,6.164582252502441,381571632.0,4.0
7,prune_99,1286,10.786233901977539,1526286.5280000013,999.9999999999991
7,quant8,1286,5.987708568572998,381571632.0,4.0
7,celo,1287,6.669024467468262,1527473376.0,1.0
7,prune_50,1287,6.721858024597168,763736688.0,2.0
7,prune_75,1287,6.5933685302734375,381868344.0,4.0
7,prune_99,1287,10.75096321105957,1527473.3760000013,999.9999999999991
7,quant8,1287,6.853653907775879,381868344.0,4.0
7,celo,1288,6.602392196655273,1528660224.0,1.0
7,prune_50,1288,6.790863513946533,764330112.0,2.0
7,prune_75,1288,6.958755016326904,382165056.0,4.0
7,prune_99,1288,10.476164817810059,1528660.2240000013,999.9999999999991
7,quant8,1288,6.897614002227783,382165056.0,4.0
7,celo,1289,6.927539825439453,1529847072.0,1.0
7,prune_50,1289,6.951486587524414,764923536.0,2.0
7,prune_75,1289,7.178862571716309,382461768.0,4.0
7,prune_99,1289,10.465463638305664,1529847.0720000013,999.9999999999991
7,quant8,1289,7.058788299560547,382461768.0,4.0
7,celo,1290,7.195902347564697,1531033920.0,1.0
7,prune_50,1290,7.273874282836914,765516960.0,2.0
7,prune_75,1290,7.374008655548096,382758480.0,4.0
7,prune_99,1290,10.853201866149902,1531033.9200000013,999.9999999999991
7,quant8,1290,7.5177226066589355,382758480.0,4.0
7,celo,1291,6.527437686920166,1532220768.0,1.0
7,prune_50,1291,6.674830436706543,766110384.0,2.0
7,prune_75,1291,6.602448463439941,383055192.0,4.0
7,prune_99,1291,10.84718132019043,1532220.7680000013,999.9999999999991
7,quant8,1291,6.643898963928223,383055192.0,4.0
7,celo,1292,8.363533020019531,1533407616.0,1.0
7,prune_50,1292,8.329216957092285,766703808.0,2.0
7,prune_75,1292,8.216287612915039,383351904.0,4.0
7,prune_99,1292,10.435511589050293,1533407.6160000013,999.9999999999991
7,quant8,1292,8.249885559082031,383351904.0,4.0
7,celo,1293,7.676939964294434,1534594464.0,1.0
7,prune_50,1293,7.507961273193359,767297232.0,2.0
7,prune_75,1293,7.647666931152344,383648616.0,4.0
7,prune_99,1293,10.713830947875977,1534594.4640000013,999.9999999999991
7,quant8,1293,7.682331085205078,383648616.0,4.0
7,celo,1294,6.105108261108398,1535781312.0,1.0
7,prune_50,1294,6.138335227966309,767890656.0,2.0
7,prune_75,1294,6.267318248748779,383945328.0,4.0
7,prune_99,1294,10.650394439697266,1535781.3120000013,999.9999999999991
7,quant8,1294,6.416988372802734,383945328.0,4.0
7,celo,1295,6.642741680145264,1536968160.0,1.0
7,prune_50,1295,6.861576557159424,768484080.0,2.0
7,prune_75,1295,6.82923698425293,384242040.0,4.0
7,prune_99,1295,10.582462310791016,1536968.1600000013,999.9999999999991
7,quant8,1295,6.740352630615234,384242040.0,4.0
7,celo,1296,6.360939979553223,1538155008.0,1.0
7,prune_50,1296,6.437191963195801,769077504.0,2.0
7,prune_75,1296,6.442281723022461,384538752.0,4.0
7,prune_99,1296,10.769390106201172,1538155.0080000013,999.9999999999991
7,quant8,1296,6.3158087730407715,384538752.0,4.0
7,celo,1297,6.507856845855713,1539341856.0,1.0
7,prune_50,1297,6.474745273590088,769670928.0,2.0
7,prune_75,1297,6.548161029815674,384835464.0,4.0
7,prune_99,1297,10.546914100646973,1539341.8560000013,999.9999999999991
7,quant8,1297,6.609407901763916,384835464.0,4.0
7,celo,1298,7.417370796203613,1540528704.0,1.0
7,prune_50,1298,7.3945746421813965,770264352.0,2.0
7,prune_75,1298,7.378762245178223,385132176.0,4.0
7,prune_99,1298,10.7682523727417,1540528.7040000013,999.9999999999991
7,quant8,1298,6.995220184326172,385132176.0,4.0
7,celo,1299,6.856563091278076,1541715552.0,1.0
7,prune_50,1299,6.931521415710449,770857776.0,2.0
7,prune_75,1299,7.10613489151001,385428888.0,4.0
7,prune_99,1299,10.464426040649414,1541715.5520000013,999.9999999999991
7,quant8,1299,6.903573989868164,385428888.0,4.0
7,celo,1300,6.958642482757568,1542902400.0,1.0
7,prune_50,1300,7.08393669128418,771451200.0,2.0
7,prune_75,1300,7.200906276702881,385725600.0,4.0
7,prune_99,1300,10.504304885864258,1542902.4000000015,999.9999999999991
7,quant8,1300,7.138000011444092,385725600.0,4.0
7,celo,1301,6.923548698425293,1544089248.0,1.0
7,prune_50,1301,6.846611976623535,772044624.0,2.0
7,prune_75,1301,7.011116027832031,386022312.0,4.0
7,prune_99,1301,10.427459716796875,1544089.2480000015,999.9999999999991
7,quant8,1301,7.071043014526367,386022312.0,4.0
7,celo,1302,8.391698837280273,1545276096.0,1.0
7,prune_50,1302,8.35281753540039,772638048.0,2.0
7,prune_75,1302,8.328213691711426,386319024.0,4.0
7,prune_99,1302,10.508406639099121,1545276.0960000015,999.9999999999991
7,quant8,1302,8.361379623413086,386319024.0,4.0
7,celo,1303,5.729054927825928,1546462944.0,1.0
7,prune_50,1303,5.681335926055908,773231472.0,2.0
7,prune_75,1303,5.504608154296875,386615736.0,4.0
7,prune_99,1303,10.59614372253418,1546462.9440000015,999.9999999999991
7,quant8,1303,5.726353645324707,386615736.0,4.0
7,celo,1304,7.238366603851318,1547649792.0,1.0
7,prune_50,1304,7.4036335945129395,773824896.0,2.0
7,prune_75,1304,7.650959014892578,386912448.0,4.0
7,prune_99,1304,10.620582580566406,1547649.7920000015,999.9999999999991
7,quant8,1304,7.2963080406188965,386912448.0,4.0
7,celo,1305,6.715282440185547,1548836640.0,1.0
7,prune_50,1305,6.88577938079834,774418320.0,2.0
7,prune_75,1305,6.812331199645996,387209160.0,4.0
7,prune_99,1305,10.654375076293945,1548836.6400000015,999.9999999999991
7,quant8,1305,6.499088764190674,387209160.0,4.0
7,celo,1306,6.553524017333984,1550023488.0,1.0
7,prune_50,1306,6.686531066894531,775011744.0,2.0
7,prune_75,1306,6.939887046813965,387505872.0,4.0
7,prune_99,1306,10.700611114501953,1550023.4880000015,999.9999999999991
7,quant8,1306,6.7709197998046875,387505872.0,4.0
7,celo,1307,6.4565958976745605,1551210336.0,1.0
7,prune_50,1307,6.4037251472473145,775605168.0,2.0
7,prune_75,1307,6.440526008605957,387802584.0,4.0
7,prune_99,1307,10.821070671081543,1551210.3360000015,999.9999999999991
7,quant8,1307,6.240739345550537,387802584.0,4.0
7,celo,1308,6.899547100067139,1552397184.0,1.0
7,prune_50,1308,6.956859588623047,776198592.0,2.0
7,prune_75,1308,7.024638652801514,388099296.0,4.0
7,prune_99,1308,10.903070449829102,1552397.1840000015,999.9999999999991
7,quant8,1308,6.943131446838379,388099296.0,4.0
7,celo,1309,7.377907752990723,1553584032.0,1.0
7,prune_50,1309,7.493354797363281,776792016.0,2.0
7,prune_75,1309,7.588077068328857,388396008.0,4.0
7,prune_99,1309,10.914129257202148,1553584.0320000015,999.9999999999991
7,quant8,1309,7.471015453338623,388396008.0,4.0
7,celo,1310,5.634101867675781,1554770880.0,1.0
7,prune_50,1310,5.610759735107422,777385440.0,2.0
7,prune_75,1310,5.481828689575195,388692720.0,4.0
7,prune_99,1310,10.843485832214355,1554770.8800000015,999.9999999999991
7,quant8,1310,5.839007377624512,388692720.0,4.0
7,celo,1311,5.776739120483398,1555957728.0,1.0
7,prune_50,1311,5.851620674133301,777978864.0,2.0
7,prune_75,1311,6.078789710998535,388989432.0,4.0
7,prune_99,1311,10.614398002624512,1555957.7280000015,999.9999999999991
7,quant8,1311,5.829153537750244,388989432.0,4.0
7,celo,1312,7.5295257568359375,1557144576.0,1.0
7,prune_50,1312,7.622827053070068,778572288.0,2.0
7,prune_75,1312,7.81358003616333,389286144.0,4.0
7,prune_99,1312,10.63615608215332,1557144.5760000015,999.9999999999991
7,quant8,1312,7.405091285705566,389286144.0,4.0
7,celo,1313,7.949374675750732,1558331424.0,1.0
7,prune_50,1313,8.139657974243164,779165712.0,2.0
7,prune_75,1313,8.182868957519531,389582856.0,4.0
7,prune_99,1313,10.83892822265625,1558331.4240000015,999.9999999999991
7,quant8,1313,7.949333190917969,389582856.0,4.0
7,celo,1314,5.572320461273193,1559518272.0,1.0
7,prune_50,1314,5.58062219619751,779759136.0,2.0
7,prune_75,1314,5.473438262939453,389879568.0,4.0
7,prune_99,1314,10.44002914428711,1559518.2720000015,999.9999999999991
7,quant8,1314,5.722989559173584,389879568.0,4.0
7,celo,1315,5.789858818054199,1560705120.0,1.0
7,prune_50,1315,5.869945049285889,780352560.0,2.0
7,prune_75,1315,5.917850971221924,390176280.0,4.0
7,prune_99,1315,10.39666748046875,1560705.1200000015,999.9999999999991
7,quant8,1315,5.789322853088379,390176280.0,4.0
7,celo,1316,6.037100791931152,1561891968.0,1.0
7,prune_50,1316,5.8965654373168945,780945984.0,2.0
7,prune_75,1316,6.113741874694824,390472992.0,4.0
7,prune_99,1316,10.621789932250977,1561891.9680000015,999.9999999999991
7,quant8,1316,6.158267974853516,390472992.0,4.0
7,celo,1317,7.370995044708252,1563078816.0,1.0
7,prune_50,1317,7.532840251922607,781539408.0,2.0
7,prune_75,1317,7.579813003540039,390769704.0,4.0
7,prune_99,1317,10.657596588134766,1563078.8160000015,999.9999999999991
7,quant8,1317,7.227426528930664,390769704.0,4.0
7,celo,1318,7.3719072341918945,1564265664.0,1.0
7,prune_50,1318,7.4027628898620605,782132832.0,2.0
7,prune_75,1318,7.498736381530762,391066416.0,4.0
7,prune_99,1318,10.617984771728516,1564265.6640000015,999.9999999999991
7,quant8,1318,7.241167068481445,391066416.0,4.0
7,celo,1319,7.214382648468018,1565452512.0,1.0
7,prune_50,1319,7.055474281311035,782726256.0,2.0
7,prune_75,1319,7.270713806152344,391363128.0,4.0
7,prune_99,1319,10.634777069091797,1565452.5120000015,999.9999999999991
7,quant8,1319,6.970317840576172,391363128.0,4.0
7,celo,1320,6.150403022766113,1566639360.0,1.0
7,prune_50,1320,6.469911098480225,783319680.0,2.0
7,prune_75,1320,6.41505241394043,391659840.0,4.0
7,prune_99,1320,10.664196014404297,1566639.3600000015,999.9999999999991
7,quant8,1320,6.248466491699219,391659840.0,4.0
7,celo,1321,5.5110931396484375,1567826208.0,1.0
7,prune_50,1321,5.750347137451172,783913104.0,2.0
7,prune_75,1321,5.686560153961182,391956552.0,4.0
7,prune_99,1321,10.741325378417969,1567826.2080000015,999.9999999999991
7,quant8,1321,5.613187789916992,391956552.0,4.0
7,celo,1322,7.990367889404297,1569013056.0,1.0
7,prune_50,1322,8.015698432922363,784506528.0,2.0
7,prune_75,1322,8.226092338562012,392253264.0,4.0
7,prune_99,1322,10.518455505371094,1569013.0560000015,999.9999999999991
7,quant8,1322,7.9976091384887695,392253264.0,4.0
7,celo,1323,5.9886250495910645,1570199904.0,1.0
7,prune_50,1323,6.141722202301025,785099952.0,2.0
7,prune_75,1323,6.131162166595459,392549976.0,4.0
7,prune_99,1323,10.681571960449219,1570199.9040000015,999.9999999999991
7,quant8,1323,5.88704776763916,392549976.0,4.0
7,celo,1324,6.705045700073242,1571386752.0,1.0
7,prune_50,1324,6.554006576538086,785693376.0,2.0
7,prune_75,1324,6.706577301025391,392846688.0,4.0
7,prune_99,1324,10.684015274047852,1571386.7520000015,999.9999999999991
7,quant8,1324,6.831398010253906,392846688.0,4.0
7,celo,1325,6.6093292236328125,1572573600.0,1.0
7,prune_50,1325,7.139632225036621,786286800.0,2.0
7,prune_75,1325,6.959868431091309,393143400.0,4.0
7,prune_99,1325,10.859886169433594,1572573.6000000015,999.9999999999991
7,quant8,1325,6.484204292297363,393143400.0,4.0
7,celo,1326,6.9039459228515625,1573760448.0,1.0
7,prune_50,1326,7.17482852935791,786880224.0,2.0
7,prune_75,1326,6.932451248168945,393440112.0,4.0
7,prune_99,1326,10.698305130004883,1573760.4480000015,999.9999999999991
7,quant8,1326,6.9528374671936035,393440112.0,4.0
7,celo,1327,6.407306671142578,1574947296.0,1.0
7,prune_50,1327,6.135110855102539,787473648.0,2.0
7,prune_75,1327,6.740073204040527,393736824.0,4.0
7,prune_99,1327,10.764556884765625,1574947.2960000015,999.9999999999991
7,quant8,1327,6.3706769943237305,393736824.0,4.0
7,celo,1328,6.819121837615967,1576134144.0,1.0
7,prune_50,1328,6.74110221862793,788067072.0,2.0
7,prune_75,1328,6.835824012756348,394033536.0,4.0
7,prune_99,1328,10.494508743286133,1576134.1440000015,999.9999999999991
7,quant8,1328,6.857483863830566,394033536.0,4.0
7,celo,1329,7.298713207244873,1577320992.0,1.0
7,prune_50,1329,7.466577529907227,788660496.0,2.0
7,prune_75,1329,7.429901599884033,394330248.0,4.0
7,prune_99,1329,10.53857707977295,1577320.9920000015,999.9999999999991
7,quant8,1329,7.5687336921691895,394330248.0,4.0
7,celo,1330,6.66397762298584,1578507840.0,1.0
7,prune_50,1330,6.588863372802734,789253920.0,2.0
7,prune_75,1330,6.739988327026367,394626960.0,4.0
7,prune_99,1330,10.286662101745605,1578507.8400000015,999.9999999999991
7,quant8,1330,6.571599006652832,394626960.0,4.0
7,celo,1331,7.878161430358887,1579694688.0,1.0
7,prune_50,1331,8.1094970703125,789847344.0,2.0
7,prune_75,1331,7.998927116394043,394923672.0,4.0
7,prune_99,1331,10.621648788452148,1579694.6880000015,999.9999999999991
7,quant8,1331,7.9867963790893555,394923672.0,4.0
7,celo,1332,8.005556106567383,1580881536.0,1.0
7,prune_50,1332,7.837531089782715,790440768.0,2.0
7,prune_75,1332,8.042034149169922,395220384.0,4.0
7,prune_99,1332,10.58997917175293,1580881.5360000015,999.9999999999991
7,quant8,1332,7.946972846984863,395220384.0,4.0
7,celo,1333,7.3477277755737305,1582068384.0,1.0
7,prune_50,1333,7.285742282867432,791034192.0,2.0
7,prune_75,1333,7.474157333374023,395517096.0,4.0
7,prune_99,1333,10.801218032836914,1582068.3840000015,999.9999999999991
7,quant8,1333,7.261146545410156,395517096.0,4.0
7,celo,1334,7.820148468017578,1583255232.0,1.0
7,prune_50,1334,7.886595726013184,791627616.0,2.0
7,prune_75,1334,7.896405220031738,395813808.0,4.0
7,prune_99,1334,10.741273880004883,1583255.2320000015,999.9999999999991
7,quant8,1334,7.862203598022461,395813808.0,4.0
7,celo,1335,6.313568115234375,1584442080.0,1.0
7,prune_50,1335,6.65009880065918,792221040.0,2.0
7,prune_75,1335,6.76063871383667,396110520.0,4.0
7,prune_99,1335,10.515780448913574,1584442.0800000015,999.9999999999991
7,quant8,1335,6.5134382247924805,396110520.0,4.0
7,celo,1336,6.301430702209473,1585628928.0,1.0
7,prune_50,1336,6.289235591888428,792814464.0,2.0
7,prune_75,1336,6.191349029541016,396407232.0,4.0
7,prune_99,1336,10.683425903320312,1585628.9280000015,999.9999999999991
7,quant8,1336,6.2903547286987305,396407232.0,4.0
7,celo,1337,6.927247047424316,1586815776.0,1.0
7,prune_50,1337,6.956515312194824,793407888.0,2.0
7,prune_75,1337,6.935476303100586,396703944.0,4.0
7,prune_99,1337,10.609129905700684,1586815.7760000015,999.9999999999991
7,quant8,1337,6.753045558929443,396703944.0,4.0
7,celo,1338,6.89876651763916,1588002624.0,1.0
7,prune_50,1338,7.414825439453125,794001312.0,2.0
7,prune_75,1338,7.271605491638184,397000656.0,4.0
7,prune_99,1338,10.761872291564941,1588002.6240000015,999.9999999999991
7,quant8,1338,6.861234664916992,397000656.0,4.0
7,celo,1339,6.3288421630859375,1589189472.0,1.0
7,prune_50,1339,6.380242347717285,794594736.0,2.0
7,prune_75,1339,6.374891757965088,397297368.0,4.0
7,prune_99,1339,10.65450668334961,1589189.4720000015,999.9999999999991
7,quant8,1339,6.59912109375,397297368.0,4.0
7,celo,1340,6.7545671463012695,1590376320.0,1.0
7,prune_50,1340,6.617847442626953,795188160.0,2.0
7,prune_75,1340,6.771150588989258,397594080.0,4.0
7,prune_99,1340,10.521160125732422,1590376.3200000015,999.9999999999991
7,quant8,1340,6.709267616271973,397594080.0,4.0
7,celo,1341,6.550227165222168,1591563168.0,1.0
7,prune_50,1341,6.787749290466309,795781584.0,2.0
7,prune_75,1341,6.845331192016602,397890792.0,4.0
7,prune_99,1341,10.697169303894043,1591563.1680000015,999.9999999999991
7,quant8,1341,6.753793716430664,397890792.0,4.0
7,celo,1342,5.987562656402588,1592750016.0,1.0
7,prune_50,1342,6.382393836975098,796375008.0,2.0
7,prune_75,1342,6.224184513092041,398187504.0,4.0
7,prune_99,1342,10.520025253295898,1592750.0160000015,999.9999999999991
7,quant8,1342,6.057915687561035,398187504.0,4.0
7,celo,1343,6.567973613739014,1593936864.0,1.0
7,prune_50,1343,6.911636829376221,796968432.0,2.0
7,prune_75,1343,6.592790603637695,398484216.0,4.0
7,prune_99,1343,10.354792594909668,1593936.8640000015,999.9999999999991
7,quant8,1343,6.676605701446533,398484216.0,4.0
7,celo,1344,6.837501525878906,1595123712.0,1.0
7,prune_50,1344,7.138711929321289,797561856.0,2.0
7,prune_75,1344,7.318486213684082,398780928.0,4.0
7,prune_99,1344,10.513874053955078,1595123.7120000015,999.9999999999991
7,quant8,1344,6.9950079917907715,398780928.0,4.0
7,celo,1345,6.019068717956543,1596310560.0,1.0
7,prune_50,1345,6.307841777801514,798155280.0,2.0
7,prune_75,1345,6.462348937988281,399077640.0,4.0
7,prune_99,1345,10.943928718566895,1596310.5600000015,999.9999999999991
7,quant8,1345,6.001096725463867,399077640.0,4.0
7,celo,1346,5.576554298400879,1597497408.0,1.0
7,prune_50,1346,5.978004455566406,798748704.0,2.0
7,prune_75,1346,5.981501579284668,399374352.0,4.0
7,prune_99,1346,10.709144592285156,1597497.4080000015,999.9999999999991
7,quant8,1346,5.750992774963379,399374352.0,4.0
7,celo,1347,6.455628395080566,1598684256.0,1.0
7,prune_50,1347,6.813344955444336,799342128.0,2.0
7,prune_75,1347,6.604180335998535,399671064.0,4.0
7,prune_99,1347,10.709409713745117,1598684.2560000014,999.9999999999991
7,quant8,1347,6.5283613204956055,399671064.0,4.0
7,celo,1348,7.781899452209473,1599871104.0,1.0
7,prune_50,1348,8.208961486816406,799935552.0,2.0
7,prune_75,1348,8.29373550415039,399967776.0,4.0
7,prune_99,1348,10.79380989074707,1599871.1040000014,999.9999999999991
7,quant8,1348,7.82559871673584,399967776.0,4.0
7,celo,1349,6.613408088684082,1601057952.0,1.0
7,prune_50,1349,6.662696838378906,800528976.0,2.0
7,prune_75,1349,6.792208671569824,400264488.0,4.0
7,prune_99,1349,10.636804580688477,1601057.9520000014,999.9999999999991
7,quant8,1349,6.508697032928467,400264488.0,4.0
7,celo,1350,6.177064895629883,1602244800.0,1.0
7,prune_50,1350,6.39144229888916,801122400.0,2.0
7,prune_75,1350,6.464617729187012,400561200.0,4.0
7,prune_99,1350,10.69404411315918,1602244.8000000014,999.9999999999991
7,quant8,1350,6.180017948150635,400561200.0,4.0
7,celo,1351,6.327498435974121,1603431648.0,1.0
7,prune_50,1351,6.584000110626221,801715824.0,2.0
7,prune_75,1351,6.716836929321289,400857912.0,4.0
7,prune_99,1351,10.538862228393555,1603431.6480000014,999.9999999999991
7,quant8,1351,6.384465217590332,400857912.0,4.0
7,celo,1352,6.9094343185424805,1604618496.0,1.0
7,prune_50,1352,7.207947254180908,802309248.0,2.0
7,prune_75,1352,7.104665756225586,401154624.0,4.0
7,prune_99,1352,10.660133361816406,1604618.4960000014,999.9999999999991
7,quant8,1352,6.8482747077941895,401154624.0,4.0
7,celo,1353,7.615476131439209,1605805344.0,1.0
7,prune_50,1353,8.086183547973633,802902672.0,2.0
7,prune_75,1353,8.140777587890625,401451336.0,4.0
7,prune_99,1353,10.75644302368164,1605805.3440000014,999.9999999999991
7,quant8,1353,7.650334358215332,401451336.0,4.0
7,celo,1354,7.340036869049072,1606992192.0,1.0
7,prune_50,1354,7.271096706390381,803496096.0,2.0
7,prune_75,1354,7.142867088317871,401748048.0,4.0
7,prune_99,1354,10.589727401733398,1606992.1920000014,999.9999999999991
7,quant8,1354,7.1422224044799805,401748048.0,4.0
7,celo,1355,6.555031776428223,1608179040.0,1.0
7,prune_50,1355,6.792399883270264,804089520.0,2.0
7,prune_75,1355,6.527987480163574,402044760.0,4.0
7,prune_99,1355,10.796995162963867,1608179.0400000014,999.9999999999991
7,quant8,1355,6.481159687042236,402044760.0,4.0
7,celo,1356,6.627791404724121,1609365888.0,1.0
7,prune_50,1356,6.689706802368164,804682944.0,2.0
7,prune_75,1356,6.88840913772583,402341472.0,4.0
7,prune_99,1356,10.637706756591797,1609365.8880000014,999.9999999999991
7,quant8,1356,6.7995076179504395,402341472.0,4.0
7,celo,1357,7.323160171508789,1610552736.0,1.0
7,prune_50,1357,7.582797050476074,805276368.0,2.0
7,prune_75,1357,7.425492763519287,402638184.0,4.0
7,prune_99,1357,10.6065673828125,1610552.7360000014,999.9999999999991
7,quant8,1357,7.309893608093262,402638184.0,4.0
7,celo,1358,7.261147499084473,1611739584.0,1.0
7,prune_50,1358,7.528369426727295,805869792.0,2.0
7,prune_75,1358,7.413926124572754,402934896.0,4.0
7,prune_99,1358,10.604681968688965,1611739.5840000014,999.9999999999991
7,quant8,1358,7.565955638885498,402934896.0,4.0
7,celo,1359,7.235296249389648,1612926432.0,1.0
7,prune_50,1359,7.649605751037598,806463216.0,2.0
7,prune_75,1359,7.451353073120117,403231608.0,4.0
7,prune_99,1359,10.63045883178711,1612926.4320000014,999.9999999999991
7,quant8,1359,7.213656425476074,403231608.0,4.0
7,celo,1360,5.862618923187256,1614113280.0,1.0
7,prune_50,1360,6.167038440704346,807056640.0,2.0
7,prune_75,1360,6.140201091766357,403528320.0,4.0
7,prune_99,1360,10.633316040039062,1614113.2800000014,999.9999999999991
7,quant8,1360,5.957339286804199,403528320.0,4.0
7,celo,1361,6.03369140625,1615300128.0,1.0
7,prune_50,1361,6.202069282531738,807650064.0,2.0
7,prune_75,1361,6.104371547698975,403825032.0,4.0
7,prune_99,1361,10.71737003326416,1615300.1280000014,999.9999999999991
7,quant8,1361,6.091586112976074,403825032.0,4.0
7,celo,1362,8.115179061889648,1616486976.0,1.0
7,prune_50,1362,8.402641296386719,808243488.0,2.0
7,prune_75,1362,8.393865585327148,404121744.0,4.0
7,prune_99,1362,10.795976638793945,1616486.9760000014,999.9999999999991
7,quant8,1362,8.238639831542969,404121744.0,4.0
7,celo,1363,6.365606307983398,1617673824.0,1.0
7,prune_50,1363,6.7348551750183105,808836912.0,2.0
7,prune_75,1363,6.706780433654785,404418456.0,4.0
7,prune_99,1363,10.611160278320312,1617673.8240000014,999.9999999999991
7,quant8,1363,6.529688835144043,404418456.0,4.0
7,celo,1364,6.387600898742676,1618860672.0,1.0
7,prune_50,1364,6.647200584411621,809430336.0,2.0
7,prune_75,1364,6.502685546875,404715168.0,4.0
7,prune_99,1364,10.629716873168945,1618860.6720000014,999.9999999999991
7,quant8,1364,6.400612831115723,404715168.0,4.0
7,celo,1365,6.924325466156006,1620047520.0,1.0
7,prune_50,1365,7.113893032073975,810023760.0,2.0
7,prune_75,1365,7.197586536407471,405011880.0,4.0
7,prune_99,1365,10.783679962158203,1620047.5200000014,999.9999999999991
7,quant8,1365,7.047280788421631,405011880.0,4.0
7,celo,1366,6.832672119140625,1621234368.0,1.0
7,prune_50,1366,6.741480827331543,810617184.0,2.0
7,prune_75,1366,7.063650608062744,405308592.0,4.0
7,prune_99,1366,10.646016120910645,1621234.3680000014,999.9999999999991
7,quant8,1366,6.824032783508301,405308592.0,4.0
7,celo,1367,7.314345359802246,1622421216.0,1.0
7,prune_50,1367,7.458388328552246,811210608.0,2.0
7,prune_75,1367,7.354610443115234,405605304.0,4.0
7,prune_99,1367,10.636129379272461,1622421.2160000014,999.9999999999991
7,quant8,1367,7.118341445922852,405605304.0,4.0
7,celo,1368,6.878714561462402,1623608064.0,1.0
7,prune_50,1368,7.069726943969727,811804032.0,2.0
7,prune_75,1368,7.239574432373047,405902016.0,4.0
7,prune_99,1368,10.680533409118652,1623608.0640000014,999.9999999999991
7,quant8,1368,7.022747993469238,405902016.0,4.0
7,celo,1369,7.241318702697754,1624794912.0,1.0
7,prune_50,1369,7.429686546325684,812397456.0,2.0
7,prune_75,1369,7.380702972412109,406198728.0,4.0
7,prune_99,1369,10.773761749267578,1624794.9120000014,999.9999999999991
7,quant8,1369,7.520658493041992,406198728.0,4.0
7,celo,1370,6.348047733306885,1625981760.0,1.0
7,prune_50,1370,6.746882438659668,812990880.0,2.0
7,prune_75,1370,6.470022678375244,406495440.0,4.0
7,prune_99,1370,10.810247421264648,1625981.7600000014,999.9999999999991
7,quant8,1370,6.429664611816406,406495440.0,4.0
7,celo,1371,5.918086528778076,1627168608.0,1.0
7,prune_50,1371,6.276521682739258,813584304.0,2.0
7,prune_75,1371,6.44364070892334,406792152.0,4.0
7,prune_99,1371,10.65722942352295,1627168.6080000014,999.9999999999991
7,quant8,1371,6.09918212890625,406792152.0,4.0
7,celo,1372,5.843300819396973,1628355456.0,1.0
7,prune_50,1372,6.343814373016357,814177728.0,2.0
7,prune_75,1372,6.285240173339844,407088864.0,4.0
7,prune_99,1372,10.649471282958984,1628355.4560000014,999.9999999999991
7,quant8,1372,5.965663909912109,407088864.0,4.0
7,celo,1373,7.129924774169922,1629542304.0,1.0
7,prune_50,1373,7.509238243103027,814771152.0,2.0
7,prune_75,1373,7.511430740356445,407385576.0,4.0
7,prune_99,1373,10.582500457763672,1629542.3040000014,999.9999999999991
7,quant8,1373,7.341602325439453,407385576.0,4.0
7,celo,1374,6.920737266540527,1630729152.0,1.0
7,prune_50,1374,7.0529656410217285,815364576.0,2.0
7,prune_75,1374,7.060153961181641,407682288.0,4.0
7,prune_99,1374,10.353621482849121,1630729.1520000014,999.9999999999991
7,quant8,1374,7.050117492675781,407682288.0,4.0
7,celo,1375,6.652986526489258,1631916000.0,1.0
7,prune_50,1375,7.090260028839111,815958000.0,2.0
7,prune_75,1375,6.886513710021973,407979000.0,4.0
7,prune_99,1375,10.692893028259277,1631916.0000000014,999.9999999999991
7,quant8,1375,6.537659168243408,407979000.0,4.0
7,celo,1376,6.248886585235596,1633102848.0,1.0
7,prune_50,1376,6.464171409606934,816551424.0,2.0
7,prune_75,1376,6.61608362197876,408275712.0,4.0
7,prune_99,1376,10.583436965942383,1633102.8480000014,999.9999999999991
7,quant8,1376,6.4272918701171875,408275712.0,4.0
7,celo,1377,5.961143970489502,1634289696.0,1.0
7,prune_50,1377,5.938139915466309,817144848.0,2.0
7,prune_75,1377,6.133209228515625,408572424.0,4.0
7,prune_99,1377,10.686580657958984,1634289.6960000014,999.9999999999991
7,quant8,1377,6.1140642166137695,408572424.0,4.0
7,celo,1378,7.1795430183410645,1635476544.0,1.0
7,prune_50,1378,7.377086639404297,817738272.0,2.0
7,prune_75,1378,7.289041042327881,408869136.0,4.0
7,prune_99,1378,10.738282203674316,1635476.5440000014,999.9999999999991
7,quant8,1378,7.275263786315918,408869136.0,4.0
7,celo,1379,5.981971740722656,1636663392.0,1.0
7,prune_50,1379,6.402920722961426,818331696.0,2.0
7,prune_75,1379,6.302866458892822,409165848.0,4.0
7,prune_99,1379,10.633869171142578,1636663.3920000016,999.9999999999991
7,quant8,1379,6.188298225402832,409165848.0,4.0
7,celo,1380,6.371842861175537,1637850240.0,1.0
7,prune_50,1380,6.351632118225098,818925120.0,2.0
7,prune_75,1380,6.555932998657227,409462560.0,4.0
7,prune_99,1380,10.9275541305542,1637850.2400000016,999.9999999999991
7,quant8,1380,6.368147850036621,409462560.0,4.0
7,celo,1381,5.933619499206543,1639037088.0,1.0
7,prune_50,1381,5.910256385803223,819518544.0,2.0
7,prune_75,1381,6.0627760887146,409759272.0,4.0
7,prune_99,1381,10.68834400177002,1639037.0880000016,999.9999999999991
7,quant8,1381,5.969079494476318,409759272.0,4.0
7,celo,1382,6.746526718139648,1640223936.0,1.0
7,prune_50,1382,6.943734169006348,820111968.0,2.0
7,prune_75,1382,6.986795425415039,410055984.0,4.0
7,prune_99,1382,10.534055709838867,1640223.9360000016,999.9999999999991
7,quant8,1382,6.7242889404296875,410055984.0,4.0
7,celo,1383,6.907615661621094,1641410784.0,1.0
7,prune_50,1383,7.168115615844727,820705392.0,2.0
7,prune_75,1383,6.938214302062988,410352696.0,4.0
7,prune_99,1383,10.707881927490234,1641410.7840000016,999.9999999999991
7,quant8,1383,7.087575912475586,410352696.0,4.0
7,celo,1384,5.920513153076172,1642597632.0,1.0
7,prune_50,1384,6.038506507873535,821298816.0,2.0
7,prune_75,1384,6.439513206481934,410649408.0,4.0
7,prune_99,1384,10.597970008850098,1642597.6320000016,999.9999999999991
7,quant8,1384,6.368570804595947,410649408.0,4.0
7,celo,1385,6.605508804321289,1643784480.0,1.0
7,prune_50,1385,6.662456035614014,821892240.0,2.0
7,prune_75,1385,6.8319292068481445,410946120.0,4.0
7,prune_99,1385,10.753154754638672,1643784.4800000016,999.9999999999991
7,quant8,1385,6.738319396972656,410946120.0,4.0
7,celo,1386,6.751985549926758,1644971328.0,1.0
7,prune_50,1386,7.03494930267334,822485664.0,2.0
7,prune_75,1386,6.825423240661621,411242832.0,4.0
7,prune_99,1386,10.656686782836914,1644971.3280000016,999.9999999999991
7,quant8,1386,6.774910926818848,411242832.0,4.0
7,celo,1387,6.158074378967285,1646158176.0,1.0
7,prune_50,1387,6.330822944641113,823079088.0,2.0
7,prune_75,1387,6.32338285446167,411539544.0,4.0
7,prune_99,1387,10.588239669799805,1646158.1760000016,999.9999999999991
7,quant8,1387,6.100155353546143,411539544.0,4.0
7,celo,1388,6.8803887367248535,1647345024.0,1.0
7,prune_50,1388,7.086888313293457,823672512.0,2.0
7,prune_75,1388,7.108142375946045,411836256.0,4.0
7,prune_99,1388,10.50456714630127,1647345.0240000016,999.9999999999991
7,quant8,1388,6.8383307456970215,411836256.0,4.0
7,celo,1389,8.187257766723633,1648531872.0,1.0
7,prune_50,1389,8.506107330322266,824265936.0,2.0
7,prune_75,1389,8.202089309692383,412132968.0,4.0
7,prune_99,1389,10.549470901489258,1648531.8720000016,999.9999999999991
7,quant8,1389,8.344911575317383,412132968.0,4.0
7,celo,1390,7.232701301574707,1649718720.0,1.0
7,prune_50,1390,7.2088704109191895,824859360.0,2.0
7,prune_75,1390,7.12569522857666,412429680.0,4.0
7,prune_99,1390,10.872194290161133,1649718.7200000016,999.9999999999991
7,quant8,1390,7.211761474609375,412429680.0,4.0
7,celo,1391,6.927586555480957,1650905568.0,1.0
7,prune_50,1391,7.161349296569824,825452784.0,2.0
7,prune_75,1391,7.43275260925293,412726392.0,4.0
7,prune_99,1391,11.006439208984375,1650905.5680000016,999.9999999999991
7,quant8,1391,7.1673808097839355,412726392.0,4.0
7,celo,1392,7.352504730224609,1652092416.0,1.0
7,prune_50,1392,7.80942440032959,826046208.0,2.0
7,prune_75,1392,7.678380489349365,413023104.0,4.0
7,prune_99,1392,10.761150360107422,1652092.4160000016,999.9999999999991
7,quant8,1392,7.489771842956543,413023104.0,4.0
7,celo,1393,7.185370922088623,1653279264.0,1.0
7,prune_50,1393,7.669897079467773,826639632.0,2.0
7,prune_75,1393,7.589019775390625,413319816.0,4.0
7,prune_99,1393,10.64613151550293,1653279.2640000016,999.9999999999991
7,quant8,1393,7.118582725524902,413319816.0,4.0
7,celo,1394,7.327557563781738,1654466112.0,1.0
7,prune_50,1394,6.851644992828369,827233056.0,2.0
7,prune_75,1394,7.167525291442871,413616528.0,4.0
7,prune_99,1394,10.753347396850586,1654466.1120000016,999.9999999999991
7,quant8,1394,7.152237892150879,413616528.0,4.0
7,celo,1395,7.197522163391113,1655652960.0,1.0
7,prune_50,1395,7.290868282318115,827826480.0,2.0
7,prune_75,1395,7.215212821960449,413913240.0,4.0
7,prune_99,1395,10.879989624023438,1655652.9600000016,999.9999999999991
7,quant8,1395,7.141810417175293,413913240.0,4.0
7,celo,1396,6.662976264953613,1656839808.0,1.0
7,prune_50,1396,6.6861138343811035,828419904.0,2.0
7,prune_75,1396,6.937290191650391,414209952.0,4.0
7,prune_99,1396,10.443843841552734,1656839.8080000016,999.9999999999991
7,quant8,1396,6.81479024887085,414209952.0,4.0
7,celo,1397,6.260196685791016,1658026656.0,1.0
7,prune_50,1397,6.546909332275391,829013328.0,2.0
7,prune_75,1397,6.427289009094238,414506664.0,4.0
7,prune_99,1397,10.611857414245605,1658026.6560000016,999.9999999999991
7,quant8,1397,6.308874130249023,414506664.0,4.0
7,celo,1398,6.956373691558838,1659213504.0,1.0
7,prune_50,1398,7.245512962341309,829606752.0,2.0
7,prune_75,1398,6.982257843017578,414803376.0,4.0
7,prune_99,1398,10.661559104919434,1659213.5040000016,999.9999999999991
7,quant8,1398,6.968171119689941,414803376.0,4.0
7,celo,1399,6.873135566711426,1660400352.0,1.0
7,prune_50,1399,7.245885848999023,830200176.0,2.0
7,prune_75,1399,6.9514312744140625,415100088.0,4.0
7,prune_99,1399,10.600605010986328,1660400.3520000016,999.9999999999991
7,quant8,1399,6.923222064971924,415100088.0,4.0
7,celo,1400,7.421051025390625,1661587200.0,1.0
7,prune_50,1400,7.421841621398926,830793600.0,2.0
7,prune_75,1400,7.466518402099609,415396800.0,4.0
7,prune_99,1400,10.636934280395508,1661587.2000000016,999.9999999999991
7,quant8,1400,7.227516174316406,415396800.0,4.0
7,celo,1401,7.831159591674805,1662774048.0,1.0
7,prune_50,1401,7.899423122406006,831387024.0,2.0
7,prune_75,1401,7.793910026550293,415693512.0,4.0
7,prune_99,1401,10.815191268920898,1662774.0480000016,999.9999999999991
7,quant8,1401,7.866951942443848,415693512.0,4.0
7,celo,1402,6.585122108459473,1663960896.0,1.0
7,prune_50,1402,6.966172218322754,831980448.0,2.0
7,prune_75,1402,6.857326507568359,415990224.0,4.0
7,prune_99,1402,10.629347801208496,1663960.8960000016,999.9999999999991
7,quant8,1402,6.762975692749023,415990224.0,4.0
7,celo,1403,7.053637504577637,1665147744.0,1.0
7,prune_50,1403,7.063508033752441,832573872.0,2.0
7,prune_75,1403,7.234219551086426,416286936.0,4.0
7,prune_99,1403,10.716980934143066,1665147.7440000016,999.9999999999991
7,quant8,1403,7.097576141357422,416286936.0,4.0
7,celo,1404,7.0483269691467285,1666334592.0,1.0
7,prune_50,1404,7.459824085235596,833167296.0,2.0
7,prune_75,1404,7.391713619232178,416583648.0,4.0
7,prune_99,1404,10.6067533493042,1666334.5920000016,999.9999999999991
7,quant8,1404,6.918392658233643,416583648.0,4.0
7,celo,1405,6.789299488067627,1667521440.0,1.0
7,prune_50,1405,6.980081081390381,833760720.0,2.0
7,prune_75,1405,6.916953086853027,416880360.0,4.0
7,prune_99,1405,10.721136093139648,1667521.4400000016,999.9999999999991
7,quant8,1405,6.68117094039917,416880360.0,4.0
7,celo,1406,7.131028175354004,1668708288.0,1.0
7,prune_50,1406,7.490695953369141,834354144.0,2.0
7,prune_75,1406,7.282236099243164,417177072.0,4.0
7,prune_99,1406,10.638418197631836,1668708.2880000016,999.9999999999991
7,quant8,1406,7.2296061515808105,417177072.0,4.0
7,celo,1407,7.0085601806640625,1669895136.0,1.0
7,prune_50,1407,7.4593658447265625,834947568.0,2.0
7,prune_75,1407,7.461867332458496,417473784.0,4.0
7,prune_99,1407,10.533376693725586,1669895.1360000016,999.9999999999991
7,quant8,1407,7.057291030883789,417473784.0,4.0
7,celo,1408,6.460670471191406,1671081984.0,1.0
7,prune_50,1408,6.933267593383789,835540992.0,2.0
7,prune_75,1408,6.690157890319824,417770496.0,4.0
7,prune_99,1408,10.358745574951172,1671081.9840000016,999.9999999999991
7,quant8,1408,6.4495954513549805,417770496.0,4.0
7,celo,1409,5.156886100769043,1672268832.0,1.0
7,prune_50,1409,5.843684196472168,836134416.0,2.0
7,prune_75,1409,5.597143650054932,418067208.0,4.0
7,prune_99,1409,10.841780662536621,1672268.8320000016,999.9999999999991
7,quant8,1409,5.3779096603393555,418067208.0,4.0
7,celo,1410,6.460184574127197,1673455680.0,1.0
7,prune_50,1410,6.576903343200684,836727840.0,2.0
7,prune_75,1410,6.634122848510742,418363920.0,4.0
7,prune_99,1410,10.69321060180664,1673455.6800000016,999.9999999999991
7,quant8,1410,6.63322639465332,418363920.0,4.0
7,celo,1411,6.81279182434082,1674642528.0,1.0
7,prune_50,1411,6.437484264373779,837321264.0,2.0
7,prune_75,1411,6.415436267852783,418660632.0,4.0
7,prune_99,1411,10.692956924438477,1674642.5280000016,999.9999999999991
7,quant8,1411,6.826463222503662,418660632.0,4.0
7,celo,1412,6.261537551879883,1675829376.0,1.0
7,prune_50,1412,6.180514335632324,837914688.0,2.0
7,prune_75,1412,6.515114784240723,418957344.0,4.0
7,prune_99,1412,10.598482131958008,1675829.3760000016,999.9999999999991
7,quant8,1412,6.397397994995117,418957344.0,4.0
7,celo,1413,6.992530822753906,1677016224.0,1.0
7,prune_50,1413,7.522619724273682,838508112.0,2.0
7,prune_75,1413,7.394067287445068,419254056.0,4.0
7,prune_99,1413,10.483567237854004,1677016.2240000016,999.9999999999991
7,quant8,1413,6.958555221557617,419254056.0,4.0
7,celo,1414,7.506822109222412,1678203072.0,1.0
7,prune_50,1414,7.531497001647949,839101536.0,2.0
7,prune_75,1414,7.510445594787598,419550768.0,4.0
7,prune_99,1414,10.629661560058594,1678203.0720000016,999.9999999999991
7,quant8,1414,7.553709030151367,419550768.0,4.0
7,celo,1415,6.272938251495361,1679389920.0,1.0
7,prune_50,1415,7.0362043380737305,839694960.0,2.0
7,prune_75,1415,6.915646553039551,419847480.0,4.0
7,prune_99,1415,10.649518966674805,1679389.9200000016,999.9999999999991
7,quant8,1415,6.390599727630615,419847480.0,4.0
7,celo,1416,7.4644012451171875,1680576768.0,1.0
7,prune_50,1416,7.571455955505371,840288384.0,2.0
7,prune_75,1416,7.573286533355713,420144192.0,4.0
7,prune_99,1416,10.571881294250488,1680576.7680000016,999.9999999999991
7,quant8,1416,7.505127429962158,420144192.0,4.0
7,celo,1417,7.751811981201172,1681763616.0,1.0
7,prune_50,1417,7.887465476989746,840881808.0,2.0
7,prune_75,1417,7.567990303039551,420440904.0,4.0
7,prune_99,1417,10.754758834838867,1681763.6160000016,999.9999999999991
7,quant8,1417,7.602268218994141,420440904.0,4.0
7,celo,1418,6.840251445770264,1682950464.0,1.0
7,prune_50,1418,7.233242988586426,841475232.0,2.0
7,prune_75,1418,7.012342929840088,420737616.0,4.0
7,prune_99,1418,10.570730209350586,1682950.4640000015,999.9999999999991
7,quant8,1418,6.808712959289551,420737616.0,4.0
7,celo,1419,7.0951337814331055,1684137312.0,1.0
7,prune_50,1419,7.088916778564453,842068656.0,2.0
7,prune_75,1419,7.177204132080078,421034328.0,4.0
7,prune_99,1419,10.648067474365234,1684137.3120000015,999.9999999999991
7,quant8,1419,7.323570251464844,421034328.0,4.0
7,celo,1420,6.209437370300293,1685324160.0,1.0
7,prune_50,1420,6.300242900848389,842662080.0,2.0
7,prune_75,1420,6.252662658691406,421331040.0,4.0
7,prune_99,1420,10.71314811706543,1685324.1600000015,999.9999999999991
7,quant8,1420,6.460367202758789,421331040.0,4.0
7,celo,1421,6.573611259460449,1686511008.0,1.0
7,prune_50,1421,6.619382858276367,843255504.0,2.0
7,prune_75,1421,6.690445423126221,421627752.0,4.0
7,prune_99,1421,10.590961456298828,1686511.0080000015,999.9999999999991
7,quant8,1421,6.704687118530273,421627752.0,4.0
7,celo,1422,5.875443458557129,1687697856.0,1.0
7,prune_50,1422,6.224172592163086,843848928.0,2.0
7,prune_75,1422,5.916237831115723,421924464.0,4.0
7,prune_99,1422,10.485681533813477,1687697.8560000015,999.9999999999991
7,quant8,1422,6.00478458404541,421924464.0,4.0
7,celo,1423,6.597275257110596,1688884704.0,1.0
7,prune_50,1423,6.5763092041015625,844442352.0,2.0
7,prune_75,1423,6.630433082580566,422221176.0,4.0
7,prune_99,1423,10.541888236999512,1688884.7040000015,999.9999999999991
7,quant8,1423,6.675894737243652,422221176.0,4.0
7,celo,1424,6.7867841720581055,1690071552.0,1.0
7,prune_50,1424,6.893552303314209,845035776.0,2.0
7,prune_75,1424,6.763943195343018,422517888.0,4.0
7,prune_99,1424,10.568928718566895,1690071.5520000015,999.9999999999991
7,quant8,1424,6.800759792327881,422517888.0,4.0
7,celo,1425,7.356799125671387,1691258400.0,1.0
7,prune_50,1425,7.778378486633301,845629200.0,2.0
7,prune_75,1425,7.137234687805176,422814600.0,4.0
7,prune_99,1425,10.553466796875,1691258.4000000015,999.9999999999991
7,quant8,1425,7.349471092224121,422814600.0,4.0
7,celo,1426,7.070615291595459,1692445248.0,1.0
7,prune_50,1426,7.313614368438721,846222624.0,2.0
7,prune_75,1426,7.22608757019043,423111312.0,4.0
7,prune_99,1426,10.875503540039062,1692445.2480000015,999.9999999999991
7,quant8,1426,7.233919143676758,423111312.0,4.0
7,celo,1427,6.3684844970703125,1693632096.0,1.0
7,prune_50,1427,6.762054443359375,846816048.0,2.0
7,prune_75,1427,6.658062934875488,423408024.0,4.0
7,prune_99,1427,10.51584529876709,1693632.0960000015,999.9999999999991
7,quant8,1427,6.291141510009766,423408024.0,4.0
7,celo,1428,6.261839866638184,1694818944.0,1.0
7,prune_50,1428,6.704188346862793,847409472.0,2.0
7,prune_75,1428,6.556241035461426,423704736.0,4.0
7,prune_99,1428,10.496943473815918,1694818.9440000015,999.9999999999991
7,quant8,1428,6.223851203918457,423704736.0,4.0
7,celo,1429,6.747403621673584,1696005792.0,1.0
7,prune_50,1429,7.2276835441589355,848002896.0,2.0
7,prune_75,1429,7.054021835327148,424001448.0,4.0
7,prune_99,1429,10.731545448303223,1696005.7920000015,999.9999999999991
7,quant8,1429,6.835841178894043,424001448.0,4.0
7,celo,1430,6.947820663452148,1697192640.0,1.0
7,prune_50,1430,7.600565433502197,848596320.0,2.0
7,prune_75,1430,7.505359649658203,424298160.0,4.0
7,prune_99,1430,10.760496139526367,1697192.6400000015,999.9999999999991
7,quant8,1430,6.9805192947387695,424298160.0,4.0
7,celo,1431,6.093745708465576,1698379488.0,1.0
7,prune_50,1431,6.222987174987793,849189744.0,2.0
7,prune_75,1431,6.014479160308838,424594872.0,4.0
7,prune_99,1431,10.654372215270996,1698379.4880000015,999.9999999999991
7,quant8,1431,6.184434413909912,424594872.0,4.0
7,celo,1432,5.37404203414917,1699566336.0,1.0
7,prune_50,1432,5.642769813537598,849783168.0,2.0
7,prune_75,1432,5.4474101066589355,424891584.0,4.0
7,prune_99,1432,10.699244499206543,1699566.3360000015,999.9999999999991
7,quant8,1432,5.679987907409668,424891584.0,4.0
7,celo,1433,6.994085311889648,1700753184.0,1.0
7,prune_50,1433,7.881950378417969,850376592.0,2.0
7,prune_75,1433,7.559560775756836,425188296.0,4.0
7,prune_99,1433,10.519092559814453,1700753.1840000015,999.9999999999991
7,quant8,1433,7.041414260864258,425188296.0,4.0
7,celo,1434,6.71579647064209,1701940032.0,1.0
7,prune_50,1434,6.814941883087158,850970016.0,2.0
7,prune_75,1434,6.887646675109863,425485008.0,4.0
7,prune_99,1434,10.545724868774414,1701940.0320000015,999.9999999999991
7,quant8,1434,6.812358856201172,425485008.0,4.0
7,celo,1435,7.572812080383301,1703126880.0,1.0
7,prune_50,1435,7.752079963684082,851563440.0,2.0
7,prune_75,1435,7.638956069946289,425781720.0,4.0
7,prune_99,1435,10.773506164550781,1703126.8800000015,999.9999999999991
7,quant8,1435,7.593564987182617,425781720.0,4.0
7,celo,1436,6.6362810134887695,1704313728.0,1.0
7,prune_50,1436,6.434928894042969,852156864.0,2.0
7,prune_75,1436,6.5496063232421875,426078432.0,4.0
7,prune_99,1436,10.823896408081055,1704313.7280000015,999.9999999999991
7,quant8,1436,6.7720160484313965,426078432.0,4.0
7,celo,1437,5.974061965942383,1705500576.0,1.0
7,prune_50,1437,6.240139484405518,852750288.0,2.0
7,prune_75,1437,6.164658546447754,426375144.0,4.0
7,prune_99,1437,10.63119125366211,1705500.5760000015,999.9999999999991
7,quant8,1437,5.984321117401123,426375144.0,4.0
7,celo,1438,6.298286437988281,1706687424.0,1.0
7,prune_50,1438,6.362462043762207,853343712.0,2.0
7,prune_75,1438,6.39005708694458,426671856.0,4.0
7,prune_99,1438,10.673866271972656,1706687.4240000015,999.9999999999991
7,quant8,1438,6.242939472198486,426671856.0,4.0
7,celo,1439,6.164180755615234,1707874272.0,1.0
7,prune_50,1439,6.375637531280518,853937136.0,2.0
7,prune_75,1439,6.255985260009766,426968568.0,4.0
7,prune_99,1439,10.599729537963867,1707874.2720000015,999.9999999999991
7,quant8,1439,6.18278694152832,426968568.0,4.0
7,celo,1440,6.894896507263184,1709061120.0,1.0
7,prune_50,1440,6.99276065826416,854530560.0,2.0
7,prune_75,1440,6.836782932281494,427265280.0,4.0
7,prune_99,1440,10.711654663085938,1709061.1200000015,999.9999999999991
7,quant8,1440,6.840253829956055,427265280.0,4.0
7,celo,1441,7.200026512145996,1710247968.0,1.0
7,prune_50,1441,7.3806633949279785,855123984.0,2.0
7,prune_75,1441,7.159785270690918,427561992.0,4.0
7,prune_99,1441,10.651496887207031,1710247.9680000015,999.9999999999991
7,quant8,1441,7.411426544189453,427561992.0,4.0
7,celo,1442,7.519374847412109,1711434816.0,1.0
7,prune_50,1442,7.989626884460449,855717408.0,2.0
7,prune_75,1442,7.954137802124023,427858704.0,4.0
7,prune_99,1442,10.695441246032715,1711434.8160000015,999.9999999999991
7,quant8,1442,7.640974044799805,427858704.0,4.0
7,celo,1443,7.436318397521973,1712621664.0,1.0
7,prune_50,1443,7.690459251403809,856310832.0,2.0
7,prune_75,1443,7.486969470977783,428155416.0,4.0
7,prune_99,1443,10.631821632385254,1712621.6640000015,999.9999999999991
7,quant8,1443,7.499332427978516,428155416.0,4.0
7,celo,1444,6.265883445739746,1713808512.0,1.0
7,prune_50,1444,6.454678535461426,856904256.0,2.0
7,prune_75,1444,6.392885208129883,428452128.0,4.0
7,prune_99,1444,10.613815307617188,1713808.5120000015,999.9999999999991
7,quant8,1444,6.146442413330078,428452128.0,4.0
7,celo,1445,6.618926048278809,1714995360.0,1.0
7,prune_50,1445,6.911281108856201,857497680.0,2.0
7,prune_75,1445,6.687859058380127,428748840.0,4.0
7,prune_99,1445,10.637636184692383,1714995.3600000015,999.9999999999991
7,quant8,1445,6.644611358642578,428748840.0,4.0
7,celo,1446,6.866514205932617,1716182208.0,1.0
7,prune_50,1446,7.143326282501221,858091104.0,2.0
7,prune_75,1446,7.008396148681641,429045552.0,4.0
7,prune_99,1446,10.570539474487305,1716182.2080000015,999.9999999999991
7,quant8,1446,6.942317485809326,429045552.0,4.0
7,celo,1447,6.777894020080566,1717369056.0,1.0
7,prune_50,1447,7.1667890548706055,858684528.0,2.0
7,prune_75,1447,6.787405014038086,429342264.0,4.0
7,prune_99,1447,10.614175796508789,1717369.0560000015,999.9999999999991
7,quant8,1447,6.762202262878418,429342264.0,4.0
7,celo,1448,5.909355163574219,1718555904.0,1.0
7,prune_50,1448,6.200409889221191,859277952.0,2.0
7,prune_75,1448,6.148869514465332,429638976.0,4.0
7,prune_99,1448,10.82703971862793,1718555.9040000015,999.9999999999991
7,quant8,1448,6.012749195098877,429638976.0,4.0
7,celo,1449,5.878567218780518,1719742752.0,1.0
7,prune_50,1449,6.150764465332031,859871376.0,2.0
7,prune_75,1449,6.273462295532227,429935688.0,4.0
7,prune_99,1449,10.496000289916992,1719742.7520000015,999.9999999999991
7,quant8,1449,6.0305562019348145,429935688.0,4.0
7,celo,1450,6.7745208740234375,1720929600.0,1.0
7,prune_50,1450,7.1858673095703125,860464800.0,2.0
7,prune_75,1450,7.26726770401001,430232400.0,4.0
7,prune_99,1450,10.70566463470459,1720929.6000000015,999.9999999999991
7,quant8,1450,6.784417152404785,430232400.0,4.0
7,celo,1451,5.720833778381348,1722116448.0,1.0
7,prune_50,1451,6.0379815101623535,861058224.0,2.0
7,prune_75,1451,6.02489709854126,430529112.0,4.0
7,prune_99,1451,10.715096473693848,1722116.4480000015,999.9999999999991
7,quant8,1451,5.736562728881836,430529112.0,4.0
7,celo,1452,7.320402145385742,1723303296.0,1.0
7,prune_50,1452,7.689944267272949,861651648.0,2.0
7,prune_75,1452,7.6042160987854,430825824.0,4.0
7,prune_99,1452,10.884082794189453,1723303.2960000015,999.9999999999991
7,quant8,1452,7.44497537612915,430825824.0,4.0
7,celo,1453,6.424865245819092,1724490144.0,1.0
7,prune_50,1453,6.672650337219238,862245072.0,2.0
7,prune_75,1453,6.69561243057251,431122536.0,4.0
7,prune_99,1453,10.898728370666504,1724490.1440000015,999.9999999999991
7,quant8,1453,6.503098011016846,431122536.0,4.0
7,celo,1454,6.764501571655273,1725676992.0,1.0
7,prune_50,1454,6.985133171081543,862838496.0,2.0
7,prune_75,1454,7.272614479064941,431419248.0,4.0
7,prune_99,1454,10.48326301574707,1725676.9920000015,999.9999999999991
7,quant8,1454,6.687256813049316,431419248.0,4.0
7,celo,1455,6.439558506011963,1726863840.0,1.0
7,prune_50,1455,6.748631477355957,863431920.0,2.0
7,prune_75,1455,6.4273576736450195,431715960.0,4.0
7,prune_99,1455,10.752725601196289,1726863.8400000015,999.9999999999991
7,quant8,1455,6.6651692390441895,431715960.0,4.0
7,celo,1456,6.490992546081543,1728050688.0,1.0
7,prune_50,1456,6.676431179046631,864025344.0,2.0
7,prune_75,1456,6.915550231933594,432012672.0,4.0
7,prune_99,1456,10.717275619506836,1728050.6880000015,999.9999999999991
7,quant8,1456,6.413319110870361,432012672.0,4.0
7,celo,1457,7.4224348068237305,1729237536.0,1.0
7,prune_50,1457,7.461058616638184,864618768.0,2.0
7,prune_75,1457,7.173280715942383,432309384.0,4.0
7,prune_99,1457,10.441904067993164,1729237.5360000015,999.9999999999991
7,quant8,1457,7.2310638427734375,432309384.0,4.0
7,celo,1458,6.204145431518555,1730424384.0,1.0
7,prune_50,1458,6.811670303344727,865212192.0,2.0
7,prune_75,1458,6.732573986053467,432606096.0,4.0
7,prune_99,1458,10.515908241271973,1730424.3840000017,999.9999999999991
7,quant8,1458,6.254487991333008,432606096.0,4.0
7,celo,1459,5.3370161056518555,1731611232.0,1.0
7,prune_50,1459,5.459829330444336,865805616.0,2.0
7,prune_75,1459,5.700613498687744,432902808.0,4.0
7,prune_99,1459,10.692041397094727,1731611.2320000017,999.9999999999991
7,quant8,1459,5.483219146728516,432902808.0,4.0
7,celo,1460,6.190685272216797,1732798080.0,1.0
7,prune_50,1460,6.4613189697265625,866399040.0,2.0
7,prune_75,1460,6.514979362487793,433199520.0,4.0
7,prune_99,1460,10.73137092590332,1732798.0800000017,999.9999999999991
7,quant8,1460,6.192147254943848,433199520.0,4.0
7,celo,1461,7.152169227600098,1733984928.0,1.0
7,prune_50,1461,7.790432929992676,866992464.0,2.0
7,prune_75,1461,7.667489528656006,433496232.0,4.0
7,prune_99,1461,10.448402404785156,1733984.9280000017,999.9999999999991
7,quant8,1461,7.583203315734863,433496232.0,4.0
7,celo,1462,6.956735610961914,1735171776.0,1.0
7,prune_50,1462,6.932297706604004,867585888.0,2.0
7,prune_75,1462,7.183706283569336,433792944.0,4.0
7,prune_99,1462,10.847469329833984,1735171.7760000017,999.9999999999991
7,quant8,1462,7.084274768829346,433792944.0,4.0
7,celo,1463,7.000854015350342,1736358624.0,1.0
7,prune_50,1463,7.404224395751953,868179312.0,2.0
7,prune_75,1463,7.689374923706055,434089656.0,4.0
7,prune_99,1463,10.829608917236328,1736358.6240000017,999.9999999999991
7,quant8,1463,7.219944000244141,434089656.0,4.0
7,celo,1464,5.524226665496826,1737545472.0,1.0
7,prune_50,1464,5.761142730712891,868772736.0,2.0
7,prune_75,1464,6.048193454742432,434386368.0,4.0
7,prune_99,1464,10.59266185760498,1737545.4720000017,999.9999999999991
7,quant8,1464,5.616647720336914,434386368.0,4.0
7,celo,1465,6.751331329345703,1738732320.0,1.0
7,prune_50,1465,7.130288124084473,869366160.0,2.0
7,prune_75,1465,6.998743534088135,434683080.0,4.0
7,prune_99,1465,10.761029243469238,1738732.3200000017,999.9999999999991
7,quant8,1465,6.897296905517578,434683080.0,4.0
7,celo,1466,7.208497524261475,1739919168.0,1.0
7,prune_50,1466,7.668330669403076,869959584.0,2.0
7,prune_75,1466,7.4875946044921875,434979792.0,4.0
7,prune_99,1466,10.503320693969727,1739919.1680000017,999.9999999999991
7,quant8,1466,7.092458248138428,434979792.0,4.0
7,celo,1467,8.436586380004883,1741106016.0,1.0
7,prune_50,1467,8.602239608764648,870553008.0,2.0
7,prune_75,1467,8.56085205078125,435276504.0,4.0
7,prune_99,1467,10.70372200012207,1741106.0160000017,999.9999999999991
7,quant8,1467,8.447904586791992,435276504.0,4.0
7,celo,1468,7.255058288574219,1742292864.0,1.0
7,prune_50,1468,7.620645046234131,871146432.0,2.0
7,prune_75,1468,7.646599769592285,435573216.0,4.0
7,prune_99,1468,10.350525856018066,1742292.8640000017,999.9999999999991
7,quant8,1468,7.596202850341797,435573216.0,4.0
7,celo,1469,7.042048454284668,1743479712.0,1.0
7,prune_50,1469,7.08631706237793,871739856.0,2.0
7,prune_75,1469,7.027820587158203,435869928.0,4.0
7,prune_99,1469,10.690547943115234,1743479.7120000017,999.9999999999991
7,quant8,1469,7.025146961212158,435869928.0,4.0
7,celo,1470,6.720972061157227,1744666560.0,1.0
7,prune_50,1470,7.218059539794922,872333280.0,2.0
7,prune_75,1470,7.002963066101074,436166640.0,4.0
7,prune_99,1470,10.788796424865723,1744666.5600000017,999.9999999999991
7,quant8,1470,6.672201156616211,436166640.0,4.0
7,celo,1471,6.595959186553955,1745853408.0,1.0
7,prune_50,1471,6.916574478149414,872926704.0,2.0
7,prune_75,1471,7.044399261474609,436463352.0,4.0
7,prune_99,1471,10.496814727783203,1745853.4080000017,999.9999999999991
7,quant8,1471,6.757880210876465,436463352.0,4.0
7,celo,1472,6.933176517486572,1747040256.0,1.0
7,prune_50,1472,7.084341049194336,873520128.0,2.0
7,prune_75,1472,7.03151798248291,436760064.0,4.0
7,prune_99,1472,10.709859848022461,1747040.2560000017,999.9999999999991
7,quant8,1472,7.0430073738098145,436760064.0,4.0
7,celo,1473,6.648842811584473,1748227104.0,1.0
7,prune_50,1473,6.763368606567383,874113552.0,2.0
7,prune_75,1473,6.998683929443359,437056776.0,4.0
7,prune_99,1473,10.951915740966797,1748227.1040000017,999.9999999999991
7,quant8,1473,6.785074710845947,437056776.0,4.0
7,celo,1474,7.2157745361328125,1749413952.0,1.0
7,prune_50,1474,7.5809454917907715,874706976.0,2.0
7,prune_75,1474,7.545952320098877,437353488.0,4.0
7,prune_99,1474,10.608476638793945,1749413.9520000017,999.9999999999991
7,quant8,1474,7.137248516082764,437353488.0,4.0
7,celo,1475,5.8040080070495605,1750600800.0,1.0
7,prune_50,1475,5.847524166107178,875300400.0,2.0
7,prune_75,1475,5.90889835357666,437650200.0,4.0
7,prune_99,1475,10.736321449279785,1750600.8000000017,999.9999999999991
7,quant8,1475,5.999180793762207,437650200.0,4.0
7,celo,1476,6.530157089233398,1751787648.0,1.0
7,prune_50,1476,6.842892169952393,875893824.0,2.0
7,prune_75,1476,6.920165538787842,437946912.0,4.0
7,prune_99,1476,10.478221893310547,1751787.6480000017,999.9999999999991
7,quant8,1476,6.535719871520996,437946912.0,4.0
7,celo,1477,7.370870113372803,1752974496.0,1.0
7,prune_50,1477,7.774345874786377,876487248.0,2.0
7,prune_75,1477,7.8491621017456055,438243624.0,4.0
7,prune_99,1477,10.65571403503418,1752974.4960000017,999.9999999999991
7,quant8,1477,7.564332008361816,438243624.0,4.0
7,celo,1478,5.616677284240723,1754161344.0,1.0
7,prune_50,1478,5.783403396606445,877080672.0,2.0
7,prune_75,1478,5.648833751678467,438540336.0,4.0
7,prune_99,1478,10.657779693603516,1754161.3440000017,999.9999999999991
7,quant8,1478,5.685613632202148,438540336.0,4.0
7,celo,1479,7.103521347045898,1755348192.0,1.0
7,prune_50,1479,7.1797590255737305,877674096.0,2.0
7,prune_75,1479,7.346717357635498,438837048.0,4.0
7,prune_99,1479,10.76685619354248,1755348.1920000017,999.9999999999991
7,quant8,1479,7.266838073730469,438837048.0,4.0
7,celo,1480,7.765507698059082,1756535040.0,1.0
7,prune_50,1480,7.995746612548828,878267520.0,2.0
7,prune_75,1480,8.166566848754883,439133760.0,4.0
7,prune_99,1480,10.56959342956543,1756535.0400000017,999.9999999999991
7,quant8,1480,7.738893508911133,439133760.0,4.0
7,celo,1481,6.270349025726318,1757721888.0,1.0
7,prune_50,1481,6.455700397491455,878860944.0,2.0
7,prune_75,1481,6.392699241638184,439430472.0,4.0
7,prune_99,1481,10.481653213500977,1757721.8880000017,999.9999999999991
7,quant8,1481,6.387991905212402,439430472.0,4.0
7,celo,1482,6.900136947631836,1758908736.0,1.0
7,prune_50,1482,7.750965118408203,879454368.0,2.0
7,prune_75,1482,7.847048759460449,439727184.0,4.0
7,prune_99,1482,10.948792457580566,1758908.7360000017,999.9999999999991
7,quant8,1482,6.968099594116211,439727184.0,4.0
7,celo,1483,6.986123085021973,1760095584.0,1.0
7,prune_50,1483,7.294154167175293,880047792.0,2.0
7,prune_75,1483,7.178056240081787,440023896.0,4.0
7,prune_99,1483,10.627525329589844,1760095.5840000017,999.9999999999991
7,quant8,1483,7.067192554473877,440023896.0,4.0
7,celo,1484,5.434737205505371,1761282432.0,1.0
7,prune_50,1484,5.893855094909668,880641216.0,2.0
7,prune_75,1484,5.785346031188965,440320608.0,4.0
7,prune_99,1484,10.502277374267578,1761282.4320000017,999.9999999999991
7,quant8,1484,5.606926441192627,440320608.0,4.0
7,celo,1485,5.65297794342041,1762469280.0,1.0
7,prune_50,1485,6.555393218994141,881234640.0,2.0
7,prune_75,1485,6.413456916809082,440617320.0,4.0
7,prune_99,1485,10.58252239227295,1762469.2800000017,999.9999999999991
7,quant8,1485,5.944118499755859,440617320.0,4.0
7,celo,1486,6.183764934539795,1763656128.0,1.0
7,prune_50,1486,6.860647201538086,881828064.0,2.0
7,prune_75,1486,6.864611625671387,440914032.0,4.0
7,prune_99,1486,10.681526184082031,1763656.1280000017,999.9999999999991
7,quant8,1486,6.348995685577393,440914032.0,4.0
7,celo,1487,7.283151626586914,1764842976.0,1.0
7,prune_50,1487,7.605297565460205,882421488.0,2.0
7,prune_75,1487,7.629395008087158,441210744.0,4.0
7,prune_99,1487,10.496431350708008,1764842.9760000017,999.9999999999991
7,quant8,1487,7.344850063323975,441210744.0,4.0
7,celo,1488,7.102893829345703,1766029824.0,1.0
7,prune_50,1488,7.338303089141846,883014912.0,2.0
7,prune_75,1488,7.263524055480957,441507456.0,4.0
7,prune_99,1488,10.405481338500977,1766029.8240000017,999.9999999999991
7,quant8,1488,7.0855913162231445,441507456.0,4.0
7,celo,1489,6.705578804016113,1767216672.0,1.0
7,prune_50,1489,6.996123313903809,883608336.0,2.0
7,prune_75,1489,6.845168113708496,441804168.0,4.0
7,prune_99,1489,10.835119247436523,1767216.6720000017,999.9999999999991
7,quant8,1489,6.837190628051758,441804168.0,4.0
7,celo,1490,7.671253204345703,1768403520.0,1.0
7,prune_50,1490,7.863572120666504,884201760.0,2.0
7,prune_75,1490,7.8278679847717285,442100880.0,4.0
7,prune_99,1490,10.801168441772461,1768403.5200000016,999.9999999999991
7,quant8,1490,7.827324867248535,442100880.0,4.0
7,celo,1491,6.39453125,1769590368.0,1.0
7,prune_50,1491,6.492489814758301,884795184.0,2.0
7,prune_75,1491,6.48677921295166,442397592.0,4.0
7,prune_99,1491,10.635019302368164,1769590.3680000016,999.9999999999991
7,quant8,1491,6.372594356536865,442397592.0,4.0
7,celo,1492,8.689807891845703,1770777216.0,1.0
7,prune_50,1492,8.812829971313477,885388608.0,2.0
7,prune_75,1492,8.596145629882812,442694304.0,4.0
7,prune_99,1492,10.573877334594727,1770777.2160000016,999.9999999999991
7,quant8,1492,8.605958938598633,442694304.0,4.0
7,celo,1493,7.5647125244140625,1771964064.0,1.0
7,prune_50,1493,7.559017181396484,885982032.0,2.0
7,prune_75,1493,7.630530834197998,442991016.0,4.0
7,prune_99,1493,10.859777450561523,1771964.0640000016,999.9999999999991
7,quant8,1493,7.589222431182861,442991016.0,4.0
7,celo,1494,6.951858997344971,1773150912.0,1.0
7,prune_50,1494,7.049015998840332,886575456.0,2.0
7,prune_75,1494,6.90776252746582,443287728.0,4.0
7,prune_99,1494,10.630483627319336,1773150.9120000016,999.9999999999991
7,quant8,1494,7.154268264770508,443287728.0,4.0
7,celo,1495,7.280491828918457,1774337760.0,1.0
7,prune_50,1495,7.655930519104004,887168880.0,2.0
7,prune_75,1495,7.75048303604126,443584440.0,4.0
7,prune_99,1495,10.62649154663086,1774337.7600000016,999.9999999999991
7,quant8,1495,7.1527252197265625,443584440.0,4.0
7,celo,1496,6.512807846069336,1775524608.0,1.0
7,prune_50,1496,6.721151351928711,887762304.0,2.0
7,prune_75,1496,6.608981132507324,443881152.0,4.0
7,prune_99,1496,10.576140403747559,1775524.6080000016,999.9999999999991
7,quant8,1496,6.728474140167236,443881152.0,4.0
7,celo,1497,6.873833179473877,1776711456.0,1.0
7,prune_50,1497,6.848579406738281,888355728.0,2.0
7,prune_75,1497,7.0844855308532715,444177864.0,4.0
7,prune_99,1497,10.58508014678955,1776711.4560000016,999.9999999999991
7,quant8,1497,6.7623291015625,444177864.0,4.0
7,celo,1498,6.027194023132324,1777898304.0,1.0
7,prune_50,1498,6.40765380859375,888949152.0,2.0
7,prune_75,1498,6.3334245681762695,444474576.0,4.0
7,prune_99,1498,10.658095359802246,1777898.3040000016,999.9999999999991
7,quant8,1498,6.203860282897949,444474576.0,4.0
7,celo,1499,6.066104888916016,1779085152.0,1.0
7,prune_50,1499,6.6002607345581055,889542576.0,2.0
7,prune_75,1499,6.876642227172852,444771288.0,4.0
7,prune_99,1499,10.679248809814453,1779085.1520000016,999.9999999999991
7,quant8,1499,6.38096284866333,444771288.0,4.0
7,celo,1500,6.233061790466309,1780272000.0,1.0
7,prune_50,1500,6.045126438140869,890136000.0,2.0
7,prune_75,1500,5.954115867614746,445068000.0,4.0
7,prune_99,1500,10.70622444152832,1780272.0000000016,999.9999999999991
7,quant8,1500,6.2171173095703125,445068000.0,4.0
7,celo,1501,6.56101131439209,1781458848.0,1.0
7,prune_50,1501,7.037963390350342,890729424.0,2.0
7,prune_75,1501,7.1410722732543945,445364712.0,4.0
7,prune_99,1501,10.555143356323242,1781458.8480000016,999.9999999999991
7,quant8,1501,6.979884147644043,445364712.0,4.0
7,celo,1502,6.609739780426025,1782645696.0,1.0
7,prune_50,1502,7.228009223937988,891322848.0,2.0
7,prune_75,1502,7.372640609741211,445661424.0,4.0
7,prune_99,1502,10.654413223266602,1782645.6960000016,999.9999999999991
7,quant8,1502,6.73661994934082,445661424.0,4.0
7,celo,1503,7.219051837921143,1783832544.0,1.0
7,prune_50,1503,7.430124282836914,891916272.0,2.0
7,prune_75,1503,7.493027687072754,445958136.0,4.0
7,prune_99,1503,10.433372497558594,1783832.5440000016,999.9999999999991
7,quant8,1503,7.267139434814453,445958136.0,4.0
7,celo,1504,6.5492167472839355,1785019392.0,1.0
7,prune_50,1504,7.023309707641602,892509696.0,2.0
7,prune_75,1504,6.979842185974121,446254848.0,4.0
7,prune_99,1504,10.6964750289917,1785019.3920000016,999.9999999999991
7,quant8,1504,6.666205406188965,446254848.0,4.0
7,celo,1505,6.198105335235596,1786206240.0,1.0
7,prune_50,1505,6.4263505935668945,893103120.0,2.0
7,prune_75,1505,6.494566917419434,446551560.0,4.0
7,prune_99,1505,10.653129577636719,1786206.2400000016,999.9999999999991
7,quant8,1505,6.302815914154053,446551560.0,4.0
7,celo,1506,6.897548198699951,1787393088.0,1.0
7,prune_50,1506,7.102438926696777,893696544.0,2.0
7,prune_75,1506,7.205105781555176,446848272.0,4.0
7,prune_99,1506,10.58084487915039,1787393.0880000016,999.9999999999991
7,quant8,1506,6.748029708862305,446848272.0,4.0
7,celo,1507,5.369876384735107,1788579936.0,1.0
7,prune_50,1507,5.495957374572754,894289968.0,2.0
7,prune_75,1507,5.477397441864014,447144984.0,4.0
7,prune_99,1507,10.738452911376953,1788579.9360000016,999.9999999999991
7,quant8,1507,5.47263240814209,447144984.0,4.0
7,celo,1508,7.3040995597839355,1789766784.0,1.0
7,prune_50,1508,7.279092311859131,894883392.0,2.0
7,prune_75,1508,7.0504279136657715,447441696.0,4.0
7,prune_99,1508,10.766518592834473,1789766.7840000016,999.9999999999991
7,quant8,1508,7.288877010345459,447441696.0,4.0
7,celo,1509,7.042716026306152,1790953632.0,1.0
7,prune_50,1509,6.814023971557617,895476816.0,2.0
7,prune_75,1509,6.731720447540283,447738408.0,4.0
7,prune_99,1509,10.608543395996094,1790953.6320000016,999.9999999999991
7,quant8,1509,6.957162857055664,447738408.0,4.0
7,celo,1510,5.7705230712890625,1792140480.0,1.0
7,prune_50,1510,5.941802024841309,896070240.0,2.0
7,prune_75,1510,6.165024757385254,448035120.0,4.0
7,prune_99,1510,10.419570922851562,1792140.4800000016,999.9999999999991
7,quant8,1510,5.82631778717041,448035120.0,4.0
7,celo,1511,8.85616683959961,1793327328.0,1.0
7,prune_50,1511,9.463278770446777,896663664.0,2.0
7,prune_75,1511,9.206487655639648,448331832.0,4.0
7,prune_99,1511,10.543373107910156,1793327.3280000016,999.9999999999991
7,quant8,1511,8.962255477905273,448331832.0,4.0
7,celo,1512,6.6431427001953125,1794514176.0,1.0
7,prune_50,1512,6.607234477996826,897257088.0,2.0
7,prune_75,1512,6.431760787963867,448628544.0,4.0
7,prune_99,1512,10.774030685424805,1794514.1760000016,999.9999999999991
7,quant8,1512,6.570393085479736,448628544.0,4.0
7,celo,1513,7.199720859527588,1795701024.0,1.0
7,prune_50,1513,6.847775459289551,897850512.0,2.0
7,prune_75,1513,7.011803150177002,448925256.0,4.0
7,prune_99,1513,10.755302429199219,1795701.0240000016,999.9999999999991
7,quant8,1513,7.333826065063477,448925256.0,4.0
7,celo,1514,7.8111371994018555,1796887872.0,1.0
7,prune_50,1514,7.836678504943848,898443936.0,2.0
7,prune_75,1514,7.6501145362854,449221968.0,4.0
7,prune_99,1514,10.785085678100586,1796887.8720000016,999.9999999999991
7,quant8,1514,7.733835220336914,449221968.0,4.0
7,celo,1515,6.524932861328125,1798074720.0,1.0
7,prune_50,1515,6.676440238952637,899037360.0,2.0
7,prune_75,1515,6.5970635414123535,449518680.0,4.0
7,prune_99,1515,10.746845245361328,1798074.7200000016,999.9999999999991
7,quant8,1515,6.738864898681641,449518680.0,4.0
7,celo,1516,6.773583889007568,1799261568.0,1.0
7,prune_50,1516,7.078458309173584,899630784.0,2.0
7,prune_75,1516,7.0257487297058105,449815392.0,4.0
7,prune_99,1516,10.787044525146484,1799261.5680000016,999.9999999999991
7,quant8,1516,7.0499420166015625,449815392.0,4.0
7,celo,1517,5.091729164123535,1800448416.0,1.0
7,prune_50,1517,5.315073013305664,900224208.0,2.0
7,prune_75,1517,5.348176956176758,450112104.0,4.0
7,prune_99,1517,10.69428825378418,1800448.4160000016,999.9999999999991
7,quant8,1517,5.114790916442871,450112104.0,4.0
7,celo,1518,5.789216041564941,1801635264.0,1.0
7,prune_50,1518,6.147850036621094,900817632.0,2.0
7,prune_75,1518,6.633876800537109,450408816.0,4.0
7,prune_99,1518,10.470239639282227,1801635.2640000016,999.9999999999991
7,quant8,1518,6.28883171081543,450408816.0,4.0
7,celo,1519,6.37650203704834,1802822112.0,1.0
7,prune_50,1519,6.40167236328125,901411056.0,2.0
7,prune_75,1519,6.381040573120117,450705528.0,4.0
7,prune_99,1519,10.67175579071045,1802822.1120000016,999.9999999999991
7,quant8,1519,6.468648910522461,450705528.0,4.0
7,celo,1520,7.1539692878723145,1804008960.0,1.0
7,prune_50,1520,7.225628852844238,902004480.0,2.0
7,prune_75,1520,7.320059776306152,451002240.0,4.0
7,prune_99,1520,10.557929992675781,1804008.9600000016,999.9999999999991
7,quant8,1520,7.096484184265137,451002240.0,4.0
7,celo,1521,6.849303245544434,1805195808.0,1.0
7,prune_50,1521,7.162520885467529,902597904.0,2.0
7,prune_75,1521,7.022528648376465,451298952.0,4.0
7,prune_99,1521,10.653528213500977,1805195.8080000016,999.9999999999991
7,quant8,1521,7.170116424560547,451298952.0,4.0
7,celo,1522,6.728452205657959,1806382656.0,1.0
7,prune_50,1522,7.066322326660156,903191328.0,2.0
7,prune_75,1522,7.098906517028809,451595664.0,4.0
7,prune_99,1522,10.762216567993164,1806382.6560000016,999.9999999999991
7,quant8,1522,6.748226642608643,451595664.0,4.0
7,celo,1523,6.889972686767578,1807569504.0,1.0
7,prune_50,1523,6.9850029945373535,903784752.0,2.0
7,prune_75,1523,7.251096725463867,451892376.0,4.0
7,prune_99,1523,10.369974136352539,1807569.5040000016,999.9999999999991
7,quant8,1523,7.046524524688721,451892376.0,4.0
7,celo,1524,7.176940441131592,1808756352.0,1.0
7,prune_50,1524,7.178872108459473,904378176.0,2.0
7,prune_75,1524,7.279258728027344,452189088.0,4.0
7,prune_99,1524,10.551426887512207,1808756.3520000016,999.9999999999991
7,quant8,1524,7.3473591804504395,452189088.0,4.0
7,celo,1525,5.961692810058594,1809943200.0,1.0
7,prune_50,1525,6.462069034576416,904971600.0,2.0
7,prune_75,1525,6.441979885101318,452485800.0,4.0
7,prune_99,1525,10.655135154724121,1809943.2000000016,999.9999999999991
7,quant8,1525,5.956844329833984,452485800.0,4.0
7,celo,1526,7.142649173736572,1811130048.0,1.0
7,prune_50,1526,7.435239791870117,905565024.0,2.0
7,prune_75,1526,7.233349800109863,452782512.0,4.0
7,prune_99,1526,10.49716854095459,1811130.0480000016,999.9999999999991
7,quant8,1526,7.203969955444336,452782512.0,4.0
7,celo,1527,6.966956615447998,1812316896.0,1.0
7,prune_50,1527,6.8346357345581055,906158448.0,2.0
7,prune_75,1527,6.809836387634277,453079224.0,4.0
7,prune_99,1527,10.60319709777832,1812316.8960000016,999.9999999999991
7,quant8,1527,7.0715436935424805,453079224.0,4.0
7,celo,1528,7.896360397338867,1813503744.0,1.0
7,prune_50,1528,7.7578840255737305,906751872.0,2.0
7,prune_75,1528,7.759007930755615,453375936.0,4.0
7,prune_99,1528,10.69975471496582,1813503.7440000016,999.9999999999991
7,quant8,1528,7.746025085449219,453375936.0,4.0
7,celo,1529,5.789791584014893,1814690592.0,1.0
7,prune_50,1529,6.298242092132568,907345296.0,2.0
7,prune_75,1529,6.233621120452881,453672648.0,4.0
7,prune_99,1529,10.66893196105957,1814690.5920000016,999.9999999999991
7,quant8,1529,5.907524585723877,453672648.0,4.0
7,celo,1530,5.796237945556641,1815877440.0,1.0
7,prune_50,1530,6.386362075805664,907938720.0,2.0
7,prune_75,1530,6.147167682647705,453969360.0,4.0
7,prune_99,1530,10.384492874145508,1815877.4400000016,999.9999999999991
7,quant8,1530,6.098971366882324,453969360.0,4.0
7,celo,1531,7.780521392822266,1817064288.0,1.0
7,prune_50,1531,8.038183212280273,908532144.0,2.0
7,prune_75,1531,7.74737548828125,454266072.0,4.0
7,prune_99,1531,10.603574752807617,1817064.2880000016,999.9999999999991
7,quant8,1531,7.854210376739502,454266072.0,4.0
7,celo,1532,6.718569755554199,1818251136.0,1.0
7,prune_50,1532,6.9647536277771,909125568.0,2.0
7,prune_75,1532,6.764515399932861,454562784.0,4.0
7,prune_99,1532,10.99051570892334,1818251.1360000016,999.9999999999991
7,quant8,1532,6.7055158615112305,454562784.0,4.0
7,celo,1533,6.674290657043457,1819437984.0,1.0
7,prune_50,1533,6.708731651306152,909718992.0,2.0
7,prune_75,1533,6.847095012664795,454859496.0,4.0
7,prune_99,1533,10.59507942199707,1819437.9840000016,999.9999999999991
7,quant8,1533,6.705414772033691,454859496.0,4.0
7,celo,1534,4.9915900230407715,1820624832.0,1.0
7,prune_50,1534,4.992055892944336,910312416.0,2.0
7,prune_75,1534,5.106095314025879,455156208.0,4.0
7,prune_99,1534,10.502824783325195,1820624.8320000016,999.9999999999991
7,quant8,1534,5.237762928009033,455156208.0,4.0
7,celo,1535,5.132511138916016,1821811680.0,1.0
7,prune_50,1535,5.057544708251953,910905840.0,2.0
7,prune_75,1535,5.394346714019775,455452920.0,4.0
7,prune_99,1535,10.556092262268066,1821811.6800000016,999.9999999999991
7,quant8,1535,5.234036445617676,455452920.0,4.0
7,celo,1536,7.949963092803955,1822998528.0,1.0
7,prune_50,1536,7.79447603225708,911499264.0,2.0
7,prune_75,1536,8.070220947265625,455749632.0,4.0
7,prune_99,1536,10.621993064880371,1822998.5280000018,999.9999999999991
7,quant8,1536,8.015481948852539,455749632.0,4.0
7,celo,1537,6.91644287109375,1824185376.0,1.0
7,prune_50,1537,7.034674644470215,912092688.0,2.0
7,prune_75,1537,6.9323272705078125,456046344.0,4.0
7,prune_99,1537,10.552785873413086,1824185.3760000018,999.9999999999991
7,quant8,1537,6.875703811645508,456046344.0,4.0
7,celo,1538,6.436529159545898,1825372224.0,1.0
7,prune_50,1538,6.536506175994873,912686112.0,2.0
7,prune_75,1538,6.35617733001709,456343056.0,4.0
7,prune_99,1538,10.415077209472656,1825372.2240000018,999.9999999999991
7,quant8,1538,6.52278470993042,456343056.0,4.0
7,celo,1539,6.936410903930664,1826559072.0,1.0
7,prune_50,1539,7.167504787445068,913279536.0,2.0
7,prune_75,1539,7.190805435180664,456639768.0,4.0
7,prune_99,1539,10.771591186523438,1826559.0720000018,999.9999999999991
7,quant8,1539,7.039396286010742,456639768.0,4.0
7,celo,1540,7.339661121368408,1827745920.0,1.0
7,prune_50,1540,7.707827568054199,913872960.0,2.0
7,prune_75,1540,7.47000789642334,456936480.0,4.0
7,prune_99,1540,10.596887588500977,1827745.9200000018,999.9999999999991
7,quant8,1540,7.72441291809082,456936480.0,4.0
7,celo,1541,5.718079566955566,1828932768.0,1.0
7,prune_50,1541,5.735631465911865,914466384.0,2.0
7,prune_75,1541,5.917726039886475,457233192.0,4.0
7,prune_99,1541,10.570674896240234,1828932.7680000018,999.9999999999991
7,quant8,1541,5.60397481918335,457233192.0,4.0
7,celo,1542,5.509505748748779,1830119616.0,1.0
7,prune_50,1542,5.682165622711182,915059808.0,2.0
7,prune_75,1542,5.646376609802246,457529904.0,4.0
7,prune_99,1542,10.694952011108398,1830119.6160000018,999.9999999999991
7,quant8,1542,5.622366905212402,457529904.0,4.0
7,celo,1543,5.902139663696289,1831306464.0,1.0
7,prune_50,1543,6.0721235275268555,915653232.0,2.0
7,prune_75,1543,5.8190460205078125,457826616.0,4.0
7,prune_99,1543,10.750686645507812,1831306.4640000018,999.9999999999991
7,quant8,1543,6.101320266723633,457826616.0,4.0
7,celo,1544,7.504999160766602,1832493312.0,1.0
7,prune_50,1544,7.758181571960449,916246656.0,2.0
7,prune_75,1544,8.039393424987793,458123328.0,4.0
7,prune_99,1544,10.813127517700195,1832493.3120000018,999.9999999999991
7,quant8,1544,7.583339691162109,458123328.0,4.0
7,celo,1545,4.898004531860352,1833680160.0,1.0
7,prune_50,1545,5.219615459442139,916840080.0,2.0
7,prune_75,1545,5.386438369750977,458420040.0,4.0
7,prune_99,1545,10.669953346252441,1833680.1600000018,999.9999999999991
7,quant8,1545,4.83831787109375,458420040.0,4.0
7,celo,1546,6.813797950744629,1834867008.0,1.0
7,prune_50,1546,6.435555934906006,917433504.0,2.0
7,prune_75,1546,6.685860633850098,458716752.0,4.0
7,prune_99,1546,10.468803405761719,1834867.0080000018,999.9999999999991
7,quant8,1546,6.904083251953125,458716752.0,4.0
7,celo,1547,6.39157772064209,1836053856.0,1.0
7,prune_50,1547,6.439929008483887,918026928.0,2.0
7,prune_75,1547,6.621273040771484,459013464.0,4.0
7,prune_99,1547,10.33006763458252,1836053.8560000018,999.9999999999991
7,quant8,1547,6.400459289550781,459013464.0,4.0
7,celo,1548,6.263640403747559,1837240704.0,1.0
7,prune_50,1548,6.321107864379883,918620352.0,2.0
7,prune_75,1548,6.770255088806152,459310176.0,4.0
7,prune_99,1548,10.700068473815918,1837240.7040000018,999.9999999999991
7,quant8,1548,6.304440498352051,459310176.0,4.0
7,celo,1549,6.237909317016602,1838427552.0,1.0
7,prune_50,1549,5.984498977661133,919213776.0,2.0
7,prune_75,1549,5.991023063659668,459606888.0,4.0
7,prune_99,1549,10.566731452941895,1838427.5520000018,999.9999999999991
7,quant8,1549,6.224306106567383,459606888.0,4.0
7,celo,1550,6.560849189758301,1839614400.0,1.0
7,prune_50,1550,6.873219966888428,919807200.0,2.0
7,prune_75,1550,6.835262298583984,459903600.0,4.0
7,prune_99,1550,10.58372974395752,1839614.4000000018,999.9999999999991
7,quant8,1550,6.641385555267334,459903600.0,4.0
7,celo,1551,5.911787986755371,1840801248.0,1.0
7,prune_50,1551,6.346920013427734,920400624.0,2.0
7,prune_75,1551,6.524985313415527,460200312.0,4.0
7,prune_99,1551,10.4635009765625,1840801.2480000018,999.9999999999991
7,quant8,1551,6.129834175109863,460200312.0,4.0
7,celo,1552,7.778075218200684,1841988096.0,1.0
7,prune_50,1552,7.834461212158203,920994048.0,2.0
7,prune_75,1552,7.801042079925537,460497024.0,4.0
7,prune_99,1552,10.599700927734375,1841988.0960000018,999.9999999999991
7,quant8,1552,7.833827495574951,460497024.0,4.0
7,celo,1553,7.859648704528809,1843174944.0,1.0
7,prune_50,1553,8.202531814575195,921587472.0,2.0
7,prune_75,1553,8.228008270263672,460793736.0,4.0
7,prune_99,1553,10.569425582885742,1843174.9440000018,999.9999999999991
7,quant8,1553,7.892228603363037,460793736.0,4.0
7,celo,1554,7.2579450607299805,1844361792.0,1.0
7,prune_50,1554,7.061912536621094,922180896.0,2.0
7,prune_75,1554,7.335730075836182,461090448.0,4.0
7,prune_99,1554,10.699935913085938,1844361.7920000018,999.9999999999991
7,quant8,1554,7.399534225463867,461090448.0,4.0
7,celo,1555,6.323268890380859,1845548640.0,1.0
7,prune_50,1555,6.432565212249756,922774320.0,2.0
7,prune_75,1555,6.677727699279785,461387160.0,4.0
7,prune_99,1555,10.434371948242188,1845548.6400000018,999.9999999999991
7,quant8,1555,6.292355537414551,461387160.0,4.0
7,celo,1556,6.901294708251953,1846735488.0,1.0
7,prune_50,1556,6.786853790283203,923367744.0,2.0
7,prune_75,1556,7.411046981811523,461683872.0,4.0
7,prune_99,1556,10.574830055236816,1846735.4880000018,999.9999999999991
7,quant8,1556,7.253312110900879,461683872.0,4.0
7,celo,1557,7.651134490966797,1847922336.0,1.0
7,prune_50,1557,7.58825159072876,923961168.0,2.0
7,prune_75,1557,7.803509712219238,461980584.0,4.0
7,prune_99,1557,10.573432922363281,1847922.3360000018,999.9999999999991
7,quant8,1557,7.662796974182129,461980584.0,4.0
7,celo,1558,6.846553802490234,1849109184.0,1.0
7,prune_50,1558,6.794858932495117,924554592.0,2.0
7,prune_75,1558,7.01774787902832,462277296.0,4.0
7,prune_99,1558,10.535813331604004,1849109.1840000018,999.9999999999991
7,quant8,1558,6.918120384216309,462277296.0,4.0
7,celo,1559,7.138422966003418,1850296032.0,1.0
7,prune_50,1559,6.910148620605469,925148016.0,2.0
7,prune_75,1559,6.975079536437988,462574008.0,4.0
7,prune_99,1559,10.73810863494873,1850296.0320000018,999.9999999999991
7,quant8,1559,7.110886573791504,462574008.0,4.0
7,celo,1560,7.235378742218018,1851482880.0,1.0
7,prune_50,1560,6.954762935638428,925741440.0,2.0
7,prune_75,1560,7.169855117797852,462870720.0,4.0
7,prune_99,1560,10.493846893310547,1851482.8800000018,999.9999999999991
7,quant8,1560,7.310064315795898,462870720.0,4.0
7,celo,1561,6.815913200378418,1852669728.0,1.0
7,prune_50,1561,7.190338611602783,926334864.0,2.0
7,prune_75,1561,7.245734214782715,463167432.0,4.0
7,prune_99,1561,10.636913299560547,1852669.7280000017,999.9999999999991
7,quant8,1561,6.838907241821289,463167432.0,4.0
7,celo,1562,6.565574645996094,1853856576.0,1.0
7,prune_50,1562,6.920076847076416,926928288.0,2.0
7,prune_75,1562,6.904549598693848,463464144.0,4.0
7,prune_99,1562,10.574028015136719,1853856.5760000017,999.9999999999991
7,quant8,1562,6.792206764221191,463464144.0,4.0
7,celo,1563,5.76943302154541,1855043424.0,1.0
7,prune_50,1563,6.333128452301025,927521712.0,2.0
7,prune_75,1563,6.350745677947998,463760856.0,4.0
7,prune_99,1563,10.60153579711914,1855043.4240000017,999.9999999999991
7,quant8,1563,5.882561683654785,463760856.0,4.0
7,celo,1564,6.639067649841309,1856230272.0,1.0
7,prune_50,1564,6.93761682510376,928115136.0,2.0
7,prune_75,1564,6.934581756591797,464057568.0,4.0
7,prune_99,1564,10.494821548461914,1856230.2720000017,999.9999999999991
7,quant8,1564,6.939605712890625,464057568.0,4.0
7,celo,1565,6.053916931152344,1857417120.0,1.0
7,prune_50,1565,6.193163871765137,928708560.0,2.0
7,prune_75,1565,6.433282375335693,464354280.0,4.0
7,prune_99,1565,10.839618682861328,1857417.1200000017,999.9999999999991
7,quant8,1565,6.035135746002197,464354280.0,4.0
7,celo,1566,6.546267509460449,1858603968.0,1.0
7,prune_50,1566,6.810755252838135,929301984.0,2.0
7,prune_75,1566,6.875667572021484,464650992.0,4.0
7,prune_99,1566,10.636822700500488,1858603.9680000017,999.9999999999991
7,quant8,1566,6.616820812225342,464650992.0,4.0
7,celo,1567,5.7639336585998535,1859790816.0,1.0
7,prune_50,1567,5.889793395996094,929895408.0,2.0
7,prune_75,1567,6.077837944030762,464947704.0,4.0
7,prune_99,1567,10.588542938232422,1859790.8160000017,999.9999999999991
7,quant8,1567,5.7409257888793945,464947704.0,4.0
7,celo,1568,6.484467029571533,1860977664.0,1.0
7,prune_50,1568,6.660662651062012,930488832.0,2.0
7,prune_75,1568,6.819337368011475,465244416.0,4.0
7,prune_99,1568,10.599586486816406,1860977.6640000017,999.9999999999991
7,quant8,1568,6.63938045501709,465244416.0,4.0
7,celo,1569,6.529548645019531,1862164512.0,1.0
7,prune_50,1569,6.5493388175964355,931082256.0,2.0
7,prune_75,1569,6.880298614501953,465541128.0,4.0
7,prune_99,1569,10.436220169067383,1862164.5120000017,999.9999999999991
7,quant8,1569,6.398828506469727,465541128.0,4.0
7,celo,1570,5.938872337341309,1863351360.0,1.0
7,prune_50,1570,6.079261302947998,931675680.0,2.0
7,prune_75,1570,6.103462219238281,465837840.0,4.0
7,prune_99,1570,10.556137084960938,1863351.3600000017,999.9999999999991
7,quant8,1570,6.011690139770508,465837840.0,4.0
7,celo,1571,6.391863822937012,1864538208.0,1.0
7,prune_50,1571,7.203337669372559,932269104.0,2.0
7,prune_75,1571,6.896031856536865,466134552.0,4.0
7,prune_99,1571,10.847963333129883,1864538.2080000017,999.9999999999991
7,quant8,1571,6.511214256286621,466134552.0,4.0
7,celo,1572,6.1791157722473145,1865725056.0,1.0
7,prune_50,1572,6.3653106689453125,932862528.0,2.0
7,prune_75,1572,6.228170871734619,466431264.0,4.0
7,prune_99,1572,10.615276336669922,1865725.0560000017,999.9999999999991
7,quant8,1572,6.119365215301514,466431264.0,4.0
7,celo,1573,6.314801216125488,1866911904.0,1.0
7,prune_50,1573,6.60054349899292,933455952.0,2.0
7,prune_75,1573,6.584341049194336,466727976.0,4.0
7,prune_99,1573,10.892026901245117,1866911.9040000017,999.9999999999991
7,quant8,1573,6.367315292358398,466727976.0,4.0
7,celo,1574,6.952479839324951,1868098752.0,1.0
7,prune_50,1574,7.097386837005615,934049376.0,2.0
7,prune_75,1574,7.13202428817749,467024688.0,4.0
7,prune_99,1574,10.509532928466797,1868098.7520000017,999.9999999999991
7,quant8,1574,7.027851104736328,467024688.0,4.0
7,celo,1575,5.804903507232666,1869285600.0,1.0
7,prune_50,1575,6.019003391265869,934642800.0,2.0
7,prune_75,1575,5.973747253417969,467321400.0,4.0
7,prune_99,1575,11.007383346557617,1869285.6000000017,999.9999999999991
7,quant8,1575,5.936281681060791,467321400.0,4.0
7,celo,1576,7.161972999572754,1870472448.0,1.0
7,prune_50,1576,7.505068778991699,935236224.0,2.0
7,prune_75,1576,7.521300792694092,467618112.0,4.0
7,prune_99,1576,10.696106910705566,1870472.4480000017,999.9999999999991
7,quant8,1576,7.207695960998535,467618112.0,4.0
7,celo,1577,6.4641828536987305,1871659296.0,1.0
7,prune_50,1577,6.736976623535156,935829648.0,2.0
7,prune_75,1577,6.913468837738037,467914824.0,4.0
7,prune_99,1577,10.535398483276367,1871659.2960000017,999.9999999999991
7,quant8,1577,6.547484874725342,467914824.0,4.0
7,celo,1578,7.40401554107666,1872846144.0,1.0
7,prune_50,1578,7.742733478546143,936423072.0,2.0
7,prune_75,1578,8.058900833129883,468211536.0,4.0
7,prune_99,1578,10.758475303649902,1872846.1440000017,999.9999999999991
7,quant8,1578,7.536499500274658,468211536.0,4.0
7,celo,1579,6.1060075759887695,1874032992.0,1.0
7,prune_50,1579,6.637205123901367,937016496.0,2.0
7,prune_75,1579,6.6061110496521,468508248.0,4.0
7,prune_99,1579,10.682062149047852,1874032.9920000017,999.9999999999991
7,quant8,1579,6.255918502807617,468508248.0,4.0
7,celo,1580,5.31355094909668,1875219840.0,1.0
7,prune_50,1580,5.660855293273926,937609920.0,2.0
7,prune_75,1580,5.829409122467041,468804960.0,4.0
7,prune_99,1580,10.707351684570312,1875219.8400000017,999.9999999999991
7,quant8,1580,5.489926815032959,468804960.0,4.0
7,celo,1581,6.68426513671875,1876406688.0,1.0
7,prune_50,1581,7.318899154663086,938203344.0,2.0
7,prune_75,1581,6.941282272338867,469101672.0,4.0
7,prune_99,1581,10.721488952636719,1876406.6880000017,999.9999999999991
7,quant8,1581,6.671548843383789,469101672.0,4.0
7,celo,1582,6.815223693847656,1877593536.0,1.0
7,prune_50,1582,6.93336296081543,938796768.0,2.0
7,prune_75,1582,6.906353950500488,469398384.0,4.0
7,prune_99,1582,10.622660636901855,1877593.5360000017,999.9999999999991
7,quant8,1582,6.9519453048706055,469398384.0,4.0
7,celo,1583,6.061442852020264,1878780384.0,1.0
7,prune_50,1583,6.3496198654174805,939390192.0,2.0
7,prune_75,1583,6.368770599365234,469695096.0,4.0
7,prune_99,1583,10.514337539672852,1878780.3840000017,999.9999999999991
7,quant8,1583,6.128577709197998,469695096.0,4.0
7,celo,1584,6.097583293914795,1879967232.0,1.0
7,prune_50,1584,6.341447353363037,939983616.0,2.0
7,prune_75,1584,6.391664505004883,469991808.0,4.0
7,prune_99,1584,10.852057456970215,1879967.2320000017,999.9999999999991
7,quant8,1584,6.261176109313965,469991808.0,4.0
7,celo,1585,6.499693870544434,1881154080.0,1.0
7,prune_50,1585,6.480347633361816,940577040.0,2.0
7,prune_75,1585,6.603734493255615,470288520.0,4.0
7,prune_99,1585,10.563813209533691,1881154.0800000017,999.9999999999991
7,quant8,1585,6.5772175788879395,470288520.0,4.0
7,celo,1586,6.054081916809082,1882340928.0,1.0
7,prune_50,1586,6.177864074707031,941170464.0,2.0
7,prune_75,1586,6.5012664794921875,470585232.0,4.0
7,prune_99,1586,10.645669937133789,1882340.9280000017,999.9999999999991
7,quant8,1586,6.316309928894043,470585232.0,4.0
7,celo,1587,6.586690902709961,1883527776.0,1.0
7,prune_50,1587,6.816502571105957,941763888.0,2.0
7,prune_75,1587,6.708563804626465,470881944.0,4.0
7,prune_99,1587,10.484495162963867,1883527.7760000017,999.9999999999991
7,quant8,1587,6.568830966949463,470881944.0,4.0
7,celo,1588,5.547920227050781,1884714624.0,1.0
7,prune_50,1588,5.802375316619873,942357312.0,2.0
7,prune_75,1588,5.7700910568237305,471178656.0,4.0
7,prune_99,1588,10.728361129760742,1884714.6240000017,999.9999999999991
7,quant8,1588,5.685145378112793,471178656.0,4.0
7,celo,1589,7.949575901031494,1885901472.0,1.0
7,prune_50,1589,8.211567878723145,942950736.0,2.0
7,prune_75,1589,8.278833389282227,471475368.0,4.0
7,prune_99,1589,10.707197189331055,1885901.4720000017,999.9999999999991
7,quant8,1589,8.039440155029297,471475368.0,4.0
7,celo,1590,6.683976650238037,1887088320.0,1.0
7,prune_50,1590,7.301116466522217,943544160.0,2.0
7,prune_75,1590,7.213709831237793,471772080.0,4.0
7,prune_99,1590,10.575294494628906,1887088.3200000017,999.9999999999991
7,quant8,1590,6.963280200958252,471772080.0,4.0
7,celo,1591,6.915651321411133,1888275168.0,1.0
7,prune_50,1591,6.758427143096924,944137584.0,2.0
7,prune_75,1591,7.448509693145752,472068792.0,4.0
7,prune_99,1591,10.46221923828125,1888275.1680000017,999.9999999999991
7,quant8,1591,7.058976650238037,472068792.0,4.0
7,celo,1592,6.2991204261779785,1889462016.0,1.0
7,prune_50,1592,6.278913974761963,944731008.0,2.0
7,prune_75,1592,6.717259407043457,472365504.0,4.0
7,prune_99,1592,10.663524627685547,1889462.0160000017,999.9999999999991
7,quant8,1592,6.467761993408203,472365504.0,4.0
7,celo,1593,6.870562553405762,1890648864.0,1.0
7,prune_50,1593,6.8539581298828125,945324432.0,2.0
7,prune_75,1593,7.096458435058594,472662216.0,4.0
7,prune_99,1593,10.63270092010498,1890648.8640000017,999.9999999999991
7,quant8,1593,6.807438850402832,472662216.0,4.0
7,celo,1594,7.1813764572143555,1891835712.0,1.0
7,prune_50,1594,7.619174480438232,945917856.0,2.0
7,prune_75,1594,7.704275131225586,472958928.0,4.0
7,prune_99,1594,10.950891494750977,1891835.7120000017,999.9999999999991
7,quant8,1594,7.2111663818359375,472958928.0,4.0
7,celo,1595,7.085148811340332,1893022560.0,1.0
7,prune_50,1595,7.45596170425415,946511280.0,2.0
7,prune_75,1595,7.4716010093688965,473255640.0,4.0
7,prune_99,1595,10.6333646774292,1893022.5600000017,999.9999999999991
7,quant8,1595,6.910155296325684,473255640.0,4.0
7,celo,1596,6.709932327270508,1894209408.0,1.0
7,prune_50,1596,7.48115348815918,947104704.0,2.0
7,prune_75,1596,7.540653228759766,473552352.0,4.0
7,prune_99,1596,10.749282836914062,1894209.4080000017,999.9999999999991
7,quant8,1596,6.9604620933532715,473552352.0,4.0
7,celo,1597,7.8239874839782715,1895396256.0,1.0
7,prune_50,1597,8.000425338745117,947698128.0,2.0
7,prune_75,1597,7.935538291931152,473849064.0,4.0
7,prune_99,1597,10.721580505371094,1895396.2560000017,999.9999999999991
7,quant8,1597,7.878552436828613,473849064.0,4.0
7,celo,1598,6.277846813201904,1896583104.0,1.0
7,prune_50,1598,6.732949256896973,948291552.0,2.0
7,prune_75,1598,7.0254058837890625,474145776.0,4.0
7,prune_99,1598,10.549360275268555,1896583.1040000017,999.9999999999991
7,quant8,1598,6.478119850158691,474145776.0,4.0
7,celo,1599,6.819460868835449,1897769952.0,1.0
7,prune_50,1599,7.266308307647705,948884976.0,2.0
7,prune_75,1599,7.2146196365356445,474442488.0,4.0
7,prune_99,1599,10.780023574829102,1897769.9520000017,999.9999999999991
7,quant8,1599,6.861508369445801,474442488.0,4.0
7,celo,1600,6.886229515075684,1898956800.0,1.0
7,prune_50,1600,6.893671035766602,949478400.0,2.0
7,prune_75,1600,6.823582172393799,474739200.0,4.0
7,prune_99,1600,10.66618537902832,1898956.8000000017,999.9999999999991
7,quant8,1600,6.797253608703613,474739200.0,4.0
7,celo,1601,5.389706134796143,1900143648.0,1.0
7,prune_50,1601,5.653871536254883,950071824.0,2.0
7,prune_75,1601,5.9408392906188965,475035912.0,4.0
7,prune_99,1601,10.636921882629395,1900143.6480000017,999.9999999999991
7,quant8,1601,5.453958511352539,475035912.0,4.0
7,celo,1602,7.067086219787598,1901330496.0,1.0
7,prune_50,1602,7.041722297668457,950665248.0,2.0
7,prune_75,1602,7.155366897583008,475332624.0,4.0
7,prune_99,1602,10.508190155029297,1901330.4960000017,999.9999999999991
7,quant8,1602,7.130280494689941,475332624.0,4.0
7,celo,1603,6.4952898025512695,1902517344.0,1.0
7,prune_50,1603,6.788074493408203,951258672.0,2.0
7,prune_75,1603,6.798495292663574,475629336.0,4.0
7,prune_99,1603,10.80821418762207,1902517.3440000017,999.9999999999991
7,quant8,1603,6.657817363739014,475629336.0,4.0
7,celo,1604,6.81295108795166,1903704192.0,1.0
7,prune_50,1604,6.383738994598389,951852096.0,2.0
7,prune_75,1604,6.944189071655273,475926048.0,4.0
7,prune_99,1604,10.557659149169922,1903704.1920000017,999.9999999999991
7,quant8,1604,6.851585388183594,475926048.0,4.0
7,celo,1605,5.943371295928955,1904891040.0,1.0
7,prune_50,1605,6.224498271942139,952445520.0,2.0
7,prune_75,1605,6.562611103057861,476222760.0,4.0
7,prune_99,1605,10.725234985351562,1904891.0400000017,999.9999999999991
7,quant8,1605,6.162128925323486,476222760.0,4.0
7,celo,1606,6.799358367919922,1906077888.0,1.0
7,prune_50,1606,7.202223777770996,953038944.0,2.0
7,prune_75,1606,7.203742980957031,476519472.0,4.0
7,prune_99,1606,10.57615852355957,1906077.8880000017,999.9999999999991
7,quant8,1606,6.707594394683838,476519472.0,4.0
7,celo,1607,6.936538219451904,1907264736.0,1.0
7,prune_50,1607,6.834869384765625,953632368.0,2.0
7,prune_75,1607,7.144688129425049,476816184.0,4.0
7,prune_99,1607,10.433581352233887,1907264.7360000017,999.9999999999991
7,quant8,1607,7.023331642150879,476816184.0,4.0
7,celo,1608,6.13129997253418,1908451584.0,1.0
7,prune_50,1608,6.5965046882629395,954225792.0,2.0
7,prune_75,1608,6.986874103546143,477112896.0,4.0
7,prune_99,1608,10.618171691894531,1908451.5840000017,999.9999999999991
7,quant8,1608,6.276600360870361,477112896.0,4.0
7,celo,1609,7.06818151473999,1909638432.0,1.0
7,prune_50,1609,7.782336235046387,954819216.0,2.0
7,prune_75,1609,7.741055488586426,477409608.0,4.0
7,prune_99,1609,10.6840181350708,1909638.4320000017,999.9999999999991
7,quant8,1609,7.263904571533203,477409608.0,4.0
7,celo,1610,6.348025321960449,1910825280.0,1.0
7,prune_50,1610,6.682130336761475,955412640.0,2.0
7,prune_75,1610,6.718810081481934,477706320.0,4.0
7,prune_99,1610,10.754265785217285,1910825.2800000017,999.9999999999991
7,quant8,1610,6.442058563232422,477706320.0,4.0
7,celo,1611,7.482966423034668,1912012128.0,1.0
7,prune_50,1611,7.814972400665283,956006064.0,2.0
7,prune_75,1611,7.890796184539795,478003032.0,4.0
7,prune_99,1611,10.781925201416016,1912012.1280000017,999.9999999999991
7,quant8,1611,7.549875259399414,478003032.0,4.0
7,celo,1612,7.89199686050415,1913198976.0,1.0
7,prune_50,1612,8.407892227172852,956599488.0,2.0
7,prune_75,1612,8.001073837280273,478299744.0,4.0
7,prune_99,1612,10.739023208618164,1913198.9760000017,999.9999999999991
7,quant8,1612,7.868180274963379,478299744.0,4.0
7,celo,1613,7.826715469360352,1914385824.0,1.0
7,prune_50,1613,7.87306022644043,957192912.0,2.0
7,prune_75,1613,7.999802589416504,478596456.0,4.0
7,prune_99,1613,10.666435241699219,1914385.8240000017,999.9999999999991
7,quant8,1613,7.698089122772217,478596456.0,4.0
7,celo,1614,6.068931579589844,1915572672.0,1.0
7,prune_50,1614,6.476923942565918,957786336.0,2.0
7,prune_75,1614,7.115653038024902,478893168.0,4.0
7,prune_99,1614,10.689037322998047,1915572.6720000017,999.9999999999991
7,quant8,1614,6.448493003845215,478893168.0,4.0
7,celo,1615,6.188626289367676,1916759520.0,1.0
7,prune_50,1615,7.129762172698975,958379760.0,2.0
7,prune_75,1615,6.919657230377197,479189880.0,4.0
7,prune_99,1615,10.794368743896484,1916759.5200000019,999.9999999999991
7,quant8,1615,6.504232406616211,479189880.0,4.0
7,celo,1616,5.645139217376709,1917946368.0,1.0
7,prune_50,1616,6.352816581726074,958973184.0,2.0
7,prune_75,1616,6.234105587005615,479486592.0,4.0
7,prune_99,1616,10.626543045043945,1917946.3680000019,999.9999999999991
7,quant8,1616,5.861708641052246,479486592.0,4.0
7,celo,1617,6.872193336486816,1919133216.0,1.0
7,prune_50,1617,7.270857334136963,959566608.0,2.0
7,prune_75,1617,7.47663688659668,479783304.0,4.0
7,prune_99,1617,10.646953582763672,1919133.2160000019,999.9999999999991
7,quant8,1617,6.859777450561523,479783304.0,4.0
7,celo,1618,7.2290239334106445,1920320064.0,1.0
7,prune_50,1618,7.200906753540039,960160032.0,2.0
7,prune_75,1618,7.250738143920898,480080016.0,4.0
7,prune_99,1618,10.503080368041992,1920320.0640000019,999.9999999999991
7,quant8,1618,7.235550880432129,480080016.0,4.0
7,celo,1619,6.743165493011475,1921506912.0,1.0
7,prune_50,1619,6.890901565551758,960753456.0,2.0
7,prune_75,1619,6.783275127410889,480376728.0,4.0
7,prune_99,1619,10.556123733520508,1921506.9120000019,999.9999999999991
7,quant8,1619,6.59723424911499,480376728.0,4.0
7,celo,1620,6.169411659240723,1922693760.0,1.0
7,prune_50,1620,6.7183942794799805,961346880.0,2.0
7,prune_75,1620,6.8287739753723145,480673440.0,4.0
7,prune_99,1620,10.819341659545898,1922693.7600000019,999.9999999999991
7,quant8,1620,6.320245742797852,480673440.0,4.0
7,celo,1621,7.947916507720947,1923880608.0,1.0
7,prune_50,1621,7.910983085632324,961940304.0,2.0
7,prune_75,1621,7.773963928222656,480970152.0,4.0
7,prune_99,1621,10.600399017333984,1923880.6080000019,999.9999999999991
7,quant8,1621,8.023324012756348,480970152.0,4.0
7,celo,1622,6.669384956359863,1925067456.0,1.0
7,prune_50,1622,7.028262615203857,962533728.0,2.0
7,prune_75,1622,6.859887599945068,481266864.0,4.0
7,prune_99,1622,10.723576545715332,1925067.4560000019,999.9999999999991
7,quant8,1622,6.7626752853393555,481266864.0,4.0
7,celo,1623,6.9366068840026855,1926254304.0,1.0
7,prune_50,1623,7.257085800170898,963127152.0,2.0
7,prune_75,1623,7.3194661140441895,481563576.0,4.0
7,prune_99,1623,10.848593711853027,1926254.3040000019,999.9999999999991
7,quant8,1623,6.773175239562988,481563576.0,4.0
7,celo,1624,6.988558769226074,1927441152.0,1.0
7,prune_50,1624,7.073670387268066,963720576.0,2.0
7,prune_75,1624,7.025717735290527,481860288.0,4.0
7,prune_99,1624,10.564375877380371,1927441.1520000019,999.9999999999991
7,quant8,1624,7.206401824951172,481860288.0,4.0
7,celo,1625,6.656376361846924,1928628000.0,1.0
7,prune_50,1625,6.846216678619385,964314000.0,2.0
7,prune_75,1625,6.9591875076293945,482157000.0,4.0
7,prune_99,1625,10.686094284057617,1928628.0000000019,999.9999999999991
7,quant8,1625,6.65486478805542,482157000.0,4.0
7,celo,1626,5.991679668426514,1929814848.0,1.0
7,prune_50,1626,6.282746315002441,964907424.0,2.0
7,prune_75,1626,6.362418174743652,482453712.0,4.0
7,prune_99,1626,10.466506958007812,1929814.8480000019,999.9999999999991
7,quant8,1626,6.068601131439209,482453712.0,4.0
7,celo,1627,6.8458099365234375,1931001696.0,1.0
7,prune_50,1627,6.76486873626709,965500848.0,2.0
7,prune_75,1627,6.879344940185547,482750424.0,4.0
7,prune_99,1627,10.51353645324707,1931001.6960000019,999.9999999999991
7,quant8,1627,6.933547019958496,482750424.0,4.0
7,celo,1628,6.617630958557129,1932188544.0,1.0
7,prune_50,1628,6.639756202697754,966094272.0,2.0
7,prune_75,1628,6.912541389465332,483047136.0,4.0
7,prune_99,1628,10.562461853027344,1932188.5440000019,999.9999999999991
7,quant8,1628,6.791460037231445,483047136.0,4.0
7,celo,1629,6.983364105224609,1933375392.0,1.0
7,prune_50,1629,7.241943359375,966687696.0,2.0
7,prune_75,1629,7.344478130340576,483343848.0,4.0
7,prune_99,1629,10.686943054199219,1933375.3920000019,999.9999999999991
7,quant8,1629,7.103901386260986,483343848.0,4.0
7,celo,1630,5.540306568145752,1934562240.0,1.0
7,prune_50,1630,5.94349479675293,967281120.0,2.0
7,prune_75,1630,5.928966522216797,483640560.0,4.0
7,prune_99,1630,10.466438293457031,1934562.2400000019,999.9999999999991
7,quant8,1630,5.653902053833008,483640560.0,4.0
7,celo,1631,7.253627300262451,1935749088.0,1.0
7,prune_50,1631,7.8036208152771,967874544.0,2.0
7,prune_75,1631,7.532210350036621,483937272.0,4.0
7,prune_99,1631,10.968680381774902,1935749.0880000019,999.9999999999991
7,quant8,1631,7.373476982116699,483937272.0,4.0
7,celo,1632,7.566045761108398,1936935936.0,1.0
7,prune_50,1632,7.2063798904418945,968467968.0,2.0
7,prune_75,1632,7.372672080993652,484233984.0,4.0
7,prune_99,1632,10.683730125427246,1936935.9360000018,999.9999999999991
7,quant8,1632,7.647754192352295,484233984.0,4.0
7,celo,1633,6.763493061065674,1938122784.0,1.0
7,prune_50,1633,7.112958908081055,969061392.0,2.0
7,prune_75,1633,7.259559154510498,484530696.0,4.0
7,prune_99,1633,10.702391624450684,1938122.7840000018,999.9999999999991
7,quant8,1633,6.947241306304932,484530696.0,4.0
7,celo,1634,6.994579792022705,1939309632.0,1.0
7,prune_50,1634,7.1376566886901855,969654816.0,2.0
7,prune_75,1634,7.14962911605835,484827408.0,4.0
7,prune_99,1634,10.590675354003906,1939309.6320000018,999.9999999999991
7,quant8,1634,7.006548881530762,484827408.0,4.0
7,celo,1635,6.851482391357422,1940496480.0,1.0
7,prune_50,1635,7.746729850769043,970248240.0,2.0
7,prune_75,1635,7.526764869689941,485124120.0,4.0
7,prune_99,1635,10.617517471313477,1940496.4800000018,999.9999999999991
7,quant8,1635,6.9857659339904785,485124120.0,4.0
7,celo,1636,6.799229621887207,1941683328.0,1.0
7,prune_50,1636,7.026385307312012,970841664.0,2.0
7,prune_75,1636,7.011660575866699,485420832.0,4.0
7,prune_99,1636,10.515780448913574,1941683.3280000018,999.9999999999991
7,quant8,1636,6.820311546325684,485420832.0,4.0
7,celo,1637,5.731381416320801,1942870176.0,1.0
7,prune_50,1637,5.916341304779053,971435088.0,2.0
7,prune_75,1637,6.038387298583984,485717544.0,4.0
7,prune_99,1637,10.500860214233398,1942870.1760000018,999.9999999999991
7,quant8,1637,5.843924045562744,485717544.0,4.0
7,celo,1638,8.147294998168945,1944057024.0,1.0
7,prune_50,1638,8.149967193603516,972028512.0,2.0
7,prune_75,1638,8.073478698730469,486014256.0,4.0
7,prune_99,1638,10.662867546081543,1944057.0240000018,999.9999999999991
7,quant8,1638,8.092458724975586,486014256.0,4.0
7,celo,1639,7.278410911560059,1945243872.0,1.0
7,prune_50,1639,7.326294898986816,972621936.0,2.0
7,prune_75,1639,7.144036293029785,486310968.0,4.0
7,prune_99,1639,10.644976615905762,1945243.8720000018,999.9999999999991
7,quant8,1639,7.282657146453857,486310968.0,4.0
7,celo,1640,6.671915054321289,1946430720.0,1.0
7,prune_50,1640,6.701546669006348,973215360.0,2.0
7,prune_75,1640,6.78745698928833,486607680.0,4.0
7,prune_99,1640,10.592901229858398,1946430.7200000018,999.9999999999991
7,quant8,1640,6.624120712280273,486607680.0,4.0
7,celo,1641,7.381301403045654,1947617568.0,1.0
7,prune_50,1641,7.178954124450684,973808784.0,2.0
7,prune_75,1641,7.410968780517578,486904392.0,4.0
7,prune_99,1641,10.69624137878418,1947617.5680000018,999.9999999999991
7,quant8,1641,7.438096046447754,486904392.0,4.0
7,celo,1642,6.060148239135742,1948804416.0,1.0
7,prune_50,1642,6.164664268493652,974402208.0,2.0
7,prune_75,1642,6.300141334533691,487201104.0,4.0
7,prune_99,1642,10.711447715759277,1948804.4160000018,999.9999999999991
7,quant8,1642,6.179236888885498,487201104.0,4.0
7,celo,1643,6.612757205963135,1949991264.0,1.0
7,prune_50,1643,6.8841633796691895,974995632.0,2.0
7,prune_75,1643,7.1505045890808105,487497816.0,4.0
7,prune_99,1643,10.71519660949707,1949991.2640000018,999.9999999999991
7,quant8,1643,6.636265277862549,487497816.0,4.0
7,celo,1644,6.452882766723633,1951178112.0,1.0
7,prune_50,1644,6.314638614654541,975589056.0,2.0
7,prune_75,1644,6.673513412475586,487794528.0,4.0
7,prune_99,1644,10.494616508483887,1951178.1120000018,999.9999999999991
7,quant8,1644,6.4064178466796875,487794528.0,4.0
7,celo,1645,6.598525047302246,1952364960.0,1.0
7,prune_50,1645,6.514628887176514,976182480.0,2.0
7,prune_75,1645,6.738430023193359,488091240.0,4.0
7,prune_99,1645,10.660987854003906,1952364.9600000018,999.9999999999991
7,quant8,1645,6.692999839782715,488091240.0,4.0
7,celo,1646,7.745466232299805,1953551808.0,1.0
7,prune_50,1646,8.018888473510742,976775904.0,2.0
7,prune_75,1646,7.685531139373779,488387952.0,4.0
7,prune_99,1646,10.547438621520996,1953551.8080000018,999.9999999999991
7,quant8,1646,7.820594787597656,488387952.0,4.0
7,celo,1647,6.617905616760254,1954738656.0,1.0
7,prune_50,1647,6.70023250579834,977369328.0,2.0
7,prune_75,1647,7.036744594573975,488684664.0,4.0
7,prune_99,1647,10.74911117553711,1954738.6560000018,999.9999999999991
7,quant8,1647,6.600864887237549,488684664.0,4.0
7,celo,1648,6.243206977844238,1955925504.0,1.0
7,prune_50,1648,6.829754829406738,977962752.0,2.0
7,prune_75,1648,6.947465419769287,488981376.0,4.0
7,prune_99,1648,10.64154052734375,1955925.5040000018,999.9999999999991
7,quant8,1648,6.6153483390808105,488981376.0,4.0
7,celo,1649,6.509500503540039,1957112352.0,1.0
7,prune_50,1649,6.942572593688965,978556176.0,2.0
7,prune_75,1649,6.7818217277526855,489278088.0,4.0
7,prune_99,1649,10.554703712463379,1957112.3520000018,999.9999999999991
7,quant8,1649,6.765095233917236,489278088.0,4.0
7,celo,1650,6.89682149887085,1958299200.0,1.0
7,prune_50,1650,7.368188858032227,979149600.0,2.0
7,prune_75,1650,7.358426094055176,489574800.0,4.0
7,prune_99,1650,10.693704605102539,1958299.2000000018,999.9999999999991
7,quant8,1650,6.888520240783691,489574800.0,4.0
7,celo,1651,7.150599002838135,1959486048.0,1.0
7,prune_50,1651,7.282949447631836,979743024.0,2.0
7,prune_75,1651,7.185158729553223,489871512.0,4.0
7,prune_99,1651,10.664918899536133,1959486.0480000018,999.9999999999991
7,quant8,1651,7.123800754547119,489871512.0,4.0
7,celo,1652,6.242841720581055,1960672896.0,1.0
7,prune_50,1652,6.880221366882324,980336448.0,2.0
7,prune_75,1652,7.217998504638672,490168224.0,4.0
7,prune_99,1652,10.662515640258789,1960672.8960000018,999.9999999999991
7,quant8,1652,6.533801078796387,490168224.0,4.0
7,celo,1653,6.235368251800537,1961859744.0,1.0
7,prune_50,1653,6.117889881134033,980929872.0,2.0
7,prune_75,1653,6.486545562744141,490464936.0,4.0
7,prune_99,1653,10.729682922363281,1961859.7440000018,999.9999999999991
7,quant8,1653,6.261584281921387,490464936.0,4.0
7,celo,1654,6.595149993896484,1963046592.0,1.0
7,prune_50,1654,6.692957401275635,981523296.0,2.0
7,prune_75,1654,6.586709976196289,490761648.0,4.0
7,prune_99,1654,10.639995574951172,1963046.5920000018,999.9999999999991
7,quant8,1654,6.480137825012207,490761648.0,4.0
7,celo,1655,5.275768280029297,1964233440.0,1.0
7,prune_50,1655,5.326630115509033,982116720.0,2.0
7,prune_75,1655,5.421756744384766,491058360.0,4.0
7,prune_99,1655,10.869958877563477,1964233.4400000018,999.9999999999991
7,quant8,1655,5.243862152099609,491058360.0,4.0
7,celo,1656,6.411240577697754,1965420288.0,1.0
7,prune_50,1656,6.42729377746582,982710144.0,2.0
7,prune_75,1656,6.46051025390625,491355072.0,4.0
7,prune_99,1656,10.545160293579102,1965420.2880000018,999.9999999999991
7,quant8,1656,6.434345245361328,491355072.0,4.0
7,celo,1657,6.647432327270508,1966607136.0,1.0
7,prune_50,1657,6.872359275817871,983303568.0,2.0
7,prune_75,1657,6.903194904327393,491651784.0,4.0
7,prune_99,1657,10.525127410888672,1966607.1360000018,999.9999999999991
7,quant8,1657,6.78003454208374,491651784.0,4.0
7,celo,1658,6.404037952423096,1967793984.0,1.0
7,prune_50,1658,6.594724655151367,983896992.0,2.0
7,prune_75,1658,6.829278945922852,491948496.0,4.0
7,prune_99,1658,10.475778579711914,1967793.9840000018,999.9999999999991
7,quant8,1658,6.425841808319092,491948496.0,4.0
7,celo,1659,5.786149024963379,1968980832.0,1.0
7,prune_50,1659,5.939587116241455,984490416.0,2.0
7,prune_75,1659,6.074149131774902,492245208.0,4.0
7,prune_99,1659,10.69406509399414,1968980.8320000018,999.9999999999991
7,quant8,1659,5.605902194976807,492245208.0,4.0
7,celo,1660,6.995090961456299,1970167680.0,1.0
7,prune_50,1660,7.4447479248046875,985083840.0,2.0
7,prune_75,1660,7.510592460632324,492541920.0,4.0
7,prune_99,1660,10.533143997192383,1970167.6800000018,999.9999999999991
7,quant8,1660,7.071231842041016,492541920.0,4.0
7,celo,1661,6.422397136688232,1971354528.0,1.0
7,prune_50,1661,6.675684928894043,985677264.0,2.0
7,prune_75,1661,6.715686321258545,492838632.0,4.0
7,prune_99,1661,10.504159927368164,1971354.5280000018,999.9999999999991
7,quant8,1661,6.69583797454834,492838632.0,4.0
7,celo,1662,6.186241149902344,1972541376.0,1.0
7,prune_50,1662,6.397024631500244,986270688.0,2.0
7,prune_75,1662,6.444120407104492,493135344.0,4.0
7,prune_99,1662,10.72320556640625,1972541.3760000018,999.9999999999991
7,quant8,1662,6.257256507873535,493135344.0,4.0
7,celo,1663,6.586695671081543,1973728224.0,1.0
7,prune_50,1663,6.910329341888428,986864112.0,2.0
7,prune_75,1663,6.801567077636719,493432056.0,4.0
7,prune_99,1663,10.626293182373047,1973728.2240000018,999.9999999999991
7,quant8,1663,6.5839033126831055,493432056.0,4.0
7,celo,1664,5.2992634773254395,1974915072.0,1.0
7,prune_50,1664,5.420267105102539,987457536.0,2.0
7,prune_75,1664,5.849823951721191,493728768.0,4.0
7,prune_99,1664,10.693548202514648,1974915.0720000018,999.9999999999991
7,quant8,1664,5.35786247253418,493728768.0,4.0
7,celo,1665,6.749946594238281,1976101920.0,1.0
7,prune_50,1665,6.740487098693848,988050960.0,2.0
7,prune_75,1665,6.678043365478516,494025480.0,4.0
7,prune_99,1665,10.561731338500977,1976101.9200000018,999.9999999999991
7,quant8,1665,6.7954511642456055,494025480.0,4.0
7,celo,1666,6.939984321594238,1977288768.0,1.0
7,prune_50,1666,7.329306602478027,988644384.0,2.0
7,prune_75,1666,7.5595197677612305,494322192.0,4.0
7,prune_99,1666,10.641303062438965,1977288.7680000018,999.9999999999991
7,quant8,1666,7.177859783172607,494322192.0,4.0
7,celo,1667,5.46558952331543,1978475616.0,1.0
7,prune_50,1667,5.403259754180908,989237808.0,2.0
7,prune_75,1667,5.79504919052124,494618904.0,4.0
7,prune_99,1667,10.468849182128906,1978475.6160000018,999.9999999999991
7,quant8,1667,5.7543253898620605,494618904.0,4.0
7,celo,1668,6.0131378173828125,1979662464.0,1.0
7,prune_50,1668,6.224576950073242,989831232.0,2.0
7,prune_75,1668,6.322237014770508,494915616.0,4.0
7,prune_99,1668,10.736737251281738,1979662.4640000018,999.9999999999991
7,quant8,1668,6.113883018493652,494915616.0,4.0
7,celo,1669,6.886562347412109,1980849312.0,1.0
7,prune_50,1669,6.792317867279053,990424656.0,2.0
7,prune_75,1669,7.152133941650391,495212328.0,4.0
7,prune_99,1669,10.687142372131348,1980849.3120000018,999.9999999999991
7,quant8,1669,6.950020790100098,495212328.0,4.0
7,celo,1670,6.638558387756348,1982036160.0,1.0
7,prune_50,1670,7.077426433563232,991018080.0,2.0
7,prune_75,1670,7.037734508514404,495509040.0,4.0
7,prune_99,1670,10.708545684814453,1982036.1600000018,999.9999999999991
7,quant8,1670,6.719568252563477,495509040.0,4.0
7,celo,1671,6.596438407897949,1983223008.0,1.0
7,prune_50,1671,6.848050117492676,991611504.0,2.0
7,prune_75,1671,6.866105079650879,495805752.0,4.0
7,prune_99,1671,10.486709594726562,1983223.0080000018,999.9999999999991
7,quant8,1671,6.625016212463379,495805752.0,4.0
7,celo,1672,7.101097583770752,1984409856.0,1.0
7,prune_50,1672,7.379025459289551,992204928.0,2.0
7,prune_75,1672,7.036509990692139,496102464.0,4.0
7,prune_99,1672,10.705373764038086,1984409.8560000018,999.9999999999991
7,quant8,1672,7.041683197021484,496102464.0,4.0
7,celo,1673,6.926606178283691,1985596704.0,1.0
7,prune_50,1673,7.391740322113037,992798352.0,2.0
7,prune_75,1673,7.484288692474365,496399176.0,4.0
7,prune_99,1673,10.761216163635254,1985596.7040000018,999.9999999999991
7,quant8,1673,7.17849063873291,496399176.0,4.0
7,celo,1674,7.729333400726318,1986783552.0,1.0
7,prune_50,1674,7.8260931968688965,993391776.0,2.0
7,prune_75,1674,8.068544387817383,496695888.0,4.0
7,prune_99,1674,10.528711318969727,1986783.5520000018,999.9999999999991
7,quant8,1674,7.546824932098389,496695888.0,4.0
7,celo,1675,7.034963607788086,1987970400.0,1.0
7,prune_50,1675,7.279524803161621,993985200.0,2.0
7,prune_75,1675,7.326380252838135,496992600.0,4.0
7,prune_99,1675,10.707145690917969,1987970.4000000018,999.9999999999991
7,quant8,1675,7.176722526550293,496992600.0,4.0
7,celo,1676,5.086049556732178,1989157248.0,1.0
7,prune_50,1676,5.055412292480469,994578624.0,2.0
7,prune_75,1676,5.22355842590332,497289312.0,4.0
7,prune_99,1676,10.665199279785156,1989157.2480000018,999.9999999999991
7,quant8,1676,4.935005187988281,497289312.0,4.0
7,celo,1677,6.516484260559082,1990344096.0,1.0
7,prune_50,1677,6.3498735427856445,995172048.0,2.0
7,prune_75,1677,6.347327709197998,497586024.0,4.0
7,prune_99,1677,10.65498161315918,1990344.0960000018,999.9999999999991
7,quant8,1677,6.445711135864258,497586024.0,4.0
7,celo,1678,6.0765061378479,1991530944.0,1.0
7,prune_50,1678,6.337970733642578,995765472.0,2.0
7,prune_75,1678,6.220133304595947,497882736.0,4.0
7,prune_99,1678,10.751493453979492,1991530.9440000018,999.9999999999991
7,quant8,1678,6.184103012084961,497882736.0,4.0
7,celo,1679,6.821234226226807,1992717792.0,1.0
7,prune_50,1679,7.10045862197876,996358896.0,2.0
7,prune_75,1679,7.2216620445251465,498179448.0,4.0
7,prune_99,1679,10.603279113769531,1992717.7920000018,999.9999999999991
7,quant8,1679,6.861924171447754,498179448.0,4.0
7,celo,1680,6.535604000091553,1993904640.0,1.0
7,prune_50,1680,6.852792739868164,996952320.0,2.0
7,prune_75,1680,6.81696891784668,498476160.0,4.0
7,prune_99,1680,10.720291137695312,1993904.6400000018,999.9999999999991
7,quant8,1680,6.62601375579834,498476160.0,4.0
7,celo,1681,6.251330375671387,1995091488.0,1.0
7,prune_50,1681,6.5162763595581055,997545744.0,2.0
7,prune_75,1681,6.9876708984375,498772872.0,4.0
7,prune_99,1681,10.659208297729492,1995091.4880000018,999.9999999999991
7,quant8,1681,6.5440168380737305,498772872.0,4.0
7,celo,1682,6.771083354949951,1996278336.0,1.0
7,prune_50,1682,7.432406425476074,998139168.0,2.0
7,prune_75,1682,7.10036563873291,499069584.0,4.0
7,prune_99,1682,10.503145217895508,1996278.3360000018,999.9999999999991
7,quant8,1682,6.817126750946045,499069584.0,4.0
7,celo,1683,6.469597816467285,1997465184.0,1.0
7,prune_50,1683,6.71248722076416,998732592.0,2.0
7,prune_75,1683,6.8114848136901855,499366296.0,4.0
7,prune_99,1683,10.587150573730469,1997465.1840000018,999.9999999999991
7,quant8,1683,6.246872901916504,499366296.0,4.0
7,celo,1684,5.943706512451172,1998652032.0,1.0
7,prune_50,1684,6.167284965515137,999326016.0,2.0
7,prune_75,1684,6.038303375244141,499663008.0,4.0
7,prune_99,1684,10.618446350097656,1998652.0320000018,999.9999999999991
7,quant8,1684,5.981344223022461,499663008.0,4.0
7,celo,1685,6.995174884796143,1999838880.0,1.0
7,prune_50,1685,7.230292320251465,999919440.0,2.0
7,prune_75,1685,7.313006401062012,499959720.0,4.0
7,prune_99,1685,10.513187408447266,1999838.8800000018,999.9999999999991
7,quant8,1685,7.0107550621032715,499959720.0,4.0
7,celo,1686,7.587725639343262,2001025728.0,1.0
7,prune_50,1686,7.816982269287109,1000512864.0,2.0
7,prune_75,1686,7.527909278869629,500256432.0,4.0
7,prune_99,1686,10.498188018798828,2001025.7280000017,999.9999999999991
7,quant8,1686,7.804259300231934,500256432.0,4.0
7,celo,1687,5.78397274017334,2002212576.0,1.0
7,prune_50,1687,6.117384910583496,1001106288.0,2.0
7,prune_75,1687,6.074353218078613,500553144.0,4.0
7,prune_99,1687,10.750650405883789,2002212.5760000017,999.9999999999991
7,quant8,1687,5.993519306182861,500553144.0,4.0
7,celo,1688,6.860479354858398,2003399424.0,1.0
7,prune_50,1688,6.979715347290039,1001699712.0,2.0
7,prune_75,1688,6.879413604736328,500849856.0,4.0
7,prune_99,1688,10.69608211517334,2003399.4240000017,999.9999999999991
7,quant8,1688,7.011574745178223,500849856.0,4.0
7,celo,1689,5.989084720611572,2004586272.0,1.0
7,prune_50,1689,6.401152610778809,1002293136.0,2.0
7,prune_75,1689,6.208378791809082,501146568.0,4.0
7,prune_99,1689,10.58951473236084,2004586.2720000017,999.9999999999991
7,quant8,1689,6.027104377746582,501146568.0,4.0
7,celo,1690,6.161913871765137,2005773120.0,1.0
7,prune_50,1690,6.408217430114746,1002886560.0,2.0
7,prune_75,1690,6.451900482177734,501443280.0,4.0
7,prune_99,1690,10.611541748046875,2005773.1200000017,999.9999999999991
7,quant8,1690,6.080816268920898,501443280.0,4.0
7,celo,1691,8.116442680358887,2006959968.0,1.0
7,prune_50,1691,8.111516952514648,1003479984.0,2.0
7,prune_75,1691,8.24049186706543,501739992.0,4.0
7,prune_99,1691,10.77348804473877,2006959.9680000017,999.9999999999991
7,quant8,1691,8.145027160644531,501739992.0,4.0
7,celo,1692,7.288299560546875,2008146816.0,1.0
7,prune_50,1692,7.253266334533691,1004073408.0,2.0
7,prune_75,1692,7.286008834838867,502036704.0,4.0
7,prune_99,1692,10.69890022277832,2008146.8160000017,999.9999999999991
7,quant8,1692,7.444939613342285,502036704.0,4.0
7,celo,1693,7.373602867126465,2009333664.0,1.0
7,prune_50,1693,7.702616214752197,1004666832.0,2.0
7,prune_75,1693,7.640356063842773,502333416.0,4.0
7,prune_99,1693,10.7661714553833,2009333.6640000017,999.9999999999991
7,quant8,1693,7.381175994873047,502333416.0,4.0
7,celo,1694,8.165799140930176,2010520512.0,1.0
7,prune_50,1694,8.587841033935547,1005260256.0,2.0
7,prune_75,1694,8.249942779541016,502630128.0,4.0
7,prune_99,1694,10.565343856811523,2010520.512000002,999.9999999999991
7,quant8,1694,7.995336532592773,502630128.0,4.0
7,celo,1695,7.490868091583252,2011707360.0,1.0
7,prune_50,1695,7.721056938171387,1005853680.0,2.0
7,prune_75,1695,7.43876838684082,502926840.0,4.0
7,prune_99,1695,10.530006408691406,2011707.360000002,999.9999999999991
7,quant8,1695,7.475820541381836,502926840.0,4.0
7,celo,1696,6.974963188171387,2012894208.0,1.0
7,prune_50,1696,6.922520160675049,1006447104.0,2.0
7,prune_75,1696,6.930474281311035,503223552.0,4.0
7,prune_99,1696,10.754989624023438,2012894.208000002,999.9999999999991
7,quant8,1696,6.946016311645508,503223552.0,4.0
7,celo,1697,6.240779876708984,2014081056.0,1.0
7,prune_50,1697,7.033928871154785,1007040528.0,2.0
7,prune_75,1697,6.846741676330566,503520264.0,4.0
7,prune_99,1697,10.543362617492676,2014081.056000002,999.9999999999991
7,quant8,1697,6.571982383728027,503520264.0,4.0
7,celo,1698,7.478835105895996,2015267904.0,1.0
7,prune_50,1698,7.5313591957092285,1007633952.0,2.0
7,prune_75,1698,7.735992431640625,503816976.0,4.0
7,prune_99,1698,10.8886079788208,2015267.904000002,999.9999999999991
7,quant8,1698,7.562701225280762,503816976.0,4.0
7,celo,1699,8.095220565795898,2016454752.0,1.0
7,prune_50,1699,8.405099868774414,1008227376.0,2.0
7,prune_75,1699,8.224166870117188,504113688.0,4.0
7,prune_99,1699,10.777868270874023,2016454.752000002,999.9999999999991
7,quant8,1699,8.117740631103516,504113688.0,4.0
7,celo,1700,6.83009147644043,2017641600.0,1.0
7,prune_50,1700,7.118709564208984,1008820800.0,2.0
7,prune_75,1700,6.918011665344238,504410400.0,4.0
7,prune_99,1700,10.474388122558594,2017641.600000002,999.9999999999991
7,quant8,1700,6.792116165161133,504410400.0,4.0
7,celo,1701,6.75979471206665,2018828448.0,1.0
7,prune_50,1701,7.012136459350586,1009414224.0,2.0
7,prune_75,1701,6.747447967529297,504707112.0,4.0
7,prune_99,1701,10.875858306884766,2018828.448000002,999.9999999999991
7,quant8,1701,6.866623878479004,504707112.0,4.0
7,celo,1702,7.684844017028809,2020015296.0,1.0
7,prune_50,1702,8.246169090270996,1010007648.0,2.0
7,prune_75,1702,8.044065475463867,505003824.0,4.0
7,prune_99,1702,10.454216003417969,2020015.296000002,999.9999999999991
7,quant8,1702,7.830478668212891,505003824.0,4.0
7,celo,1703,6.098487377166748,2021202144.0,1.0
7,prune_50,1703,5.990715026855469,1010601072.0,2.0
7,prune_75,1703,6.505473613739014,505300536.0,4.0
7,prune_99,1703,10.71395492553711,2021202.144000002,999.9999999999991
7,quant8,1703,6.374172210693359,505300536.0,4.0
7,celo,1704,7.165718078613281,2022388992.0,1.0
7,prune_50,1704,7.065912246704102,1011194496.0,2.0
7,prune_75,1704,6.882979393005371,505597248.0,4.0
7,prune_99,1704,10.654319763183594,2022388.992000002,999.9999999999991
7,quant8,1704,7.282378196716309,505597248.0,4.0
7,celo,1705,6.883352279663086,2023575840.0,1.0
7,prune_50,1705,6.766742706298828,1011787920.0,2.0
7,prune_75,1705,7.136127948760986,505893960.0,4.0
7,prune_99,1705,10.568522453308105,2023575.840000002,999.9999999999991
7,quant8,1705,6.923623085021973,505893960.0,4.0
7,celo,1706,5.504147529602051,2024762688.0,1.0
7,prune_50,1706,5.169626235961914,1012381344.0,2.0
7,prune_75,1706,5.631783485412598,506190672.0,4.0
7,prune_99,1706,10.822513580322266,2024762.688000002,999.9999999999991
7,quant8,1706,5.48546028137207,506190672.0,4.0
7,celo,1707,6.9004974365234375,2025949536.0,1.0
7,prune_50,1707,7.23531436920166,1012974768.0,2.0
7,prune_75,1707,7.192561149597168,506487384.0,4.0
7,prune_99,1707,10.737076759338379,2025949.536000002,999.9999999999991
7,quant8,1707,6.974261283874512,506487384.0,4.0
7,celo,1708,7.945509433746338,2027136384.0,1.0
7,prune_50,1708,8.240165710449219,1013568192.0,2.0
7,prune_75,1708,7.875199794769287,506784096.0,4.0
7,prune_99,1708,10.722846984863281,2027136.384000002,999.9999999999991
7,quant8,1708,8.026464462280273,506784096.0,4.0
7,celo,1709,7.828624725341797,2028323232.0,1.0
7,prune_50,1709,8.001260757446289,1014161616.0,2.0
7,prune_75,1709,7.7819037437438965,507080808.0,4.0
7,prune_99,1709,10.372190475463867,2028323.232000002,999.9999999999991
7,quant8,1709,7.8410258293151855,507080808.0,4.0
7,celo,1710,7.634805202484131,2029510080.0,1.0
7,prune_50,1710,7.630525588989258,1014755040.0,2.0
7,prune_75,1710,7.783433437347412,507377520.0,4.0
7,prune_99,1710,10.788466453552246,2029510.080000002,999.9999999999991
7,quant8,1710,7.8065595626831055,507377520.0,4.0
7,celo,1711,6.318126201629639,2030696928.0,1.0
7,prune_50,1711,6.382450580596924,1015348464.0,2.0
7,prune_75,1711,6.447986602783203,507674232.0,4.0
7,prune_99,1711,10.559440612792969,2030696.928000002,999.9999999999991
7,quant8,1711,6.362414360046387,507674232.0,4.0
7,celo,1712,6.387316703796387,2031883776.0,1.0
7,prune_50,1712,6.190515041351318,1015941888.0,2.0
7,prune_75,1712,6.489310264587402,507970944.0,4.0
7,prune_99,1712,10.452411651611328,2031883.776000002,999.9999999999991
7,quant8,1712,6.5991530418396,507970944.0,4.0
7,celo,1713,7.118243217468262,2033070624.0,1.0
7,prune_50,1713,7.441701889038086,1016535312.0,2.0
7,prune_75,1713,7.281744003295898,508267656.0,4.0
7,prune_99,1713,10.701536178588867,2033070.624000002,999.9999999999991
7,quant8,1713,7.130495548248291,508267656.0,4.0
7,celo,1714,6.4817914962768555,2034257472.0,1.0
7,prune_50,1714,6.194805145263672,1017128736.0,2.0
7,prune_75,1714,6.339962959289551,508564368.0,4.0
7,prune_99,1714,10.472553253173828,2034257.472000002,999.9999999999991
7,quant8,1714,6.466767311096191,508564368.0,4.0
7,celo,1715,6.297379493713379,2035444320.0,1.0
7,prune_50,1715,6.177163600921631,1017722160.0,2.0
7,prune_75,1715,6.114434719085693,508861080.0,4.0
7,prune_99,1715,10.465499877929688,2035444.320000002,999.9999999999991
7,quant8,1715,6.462130546569824,508861080.0,4.0
7,celo,1716,6.689746856689453,2036631168.0,1.0
7,prune_50,1716,6.954432487487793,1018315584.0,2.0
7,prune_75,1716,7.142462253570557,509157792.0,4.0
7,prune_99,1716,10.537572860717773,2036631.168000002,999.9999999999991
7,quant8,1716,6.461465358734131,509157792.0,4.0
7,celo,1717,7.2925801277160645,2037818016.0,1.0
7,prune_50,1717,7.723012447357178,1018909008.0,2.0
7,prune_75,1717,7.281880855560303,509454504.0,4.0
7,prune_99,1717,10.671850204467773,2037818.016000002,999.9999999999991
7,quant8,1717,7.183403968811035,509454504.0,4.0
7,celo,1718,6.332310676574707,2039004864.0,1.0
7,prune_50,1718,6.648415565490723,1019502432.0,2.0
7,prune_75,1718,6.844508647918701,509751216.0,4.0
7,prune_99,1718,10.8381986618042,2039004.864000002,999.9999999999991
7,quant8,1718,6.363038063049316,509751216.0,4.0
7,celo,1719,6.079737663269043,2040191712.0,1.0
7,prune_50,1719,5.96234655380249,1020095856.0,2.0
7,prune_75,1719,6.324337005615234,510047928.0,4.0
7,prune_99,1719,10.875070571899414,2040191.712000002,999.9999999999991
7,quant8,1719,6.129051208496094,510047928.0,4.0
7,celo,1720,7.131600379943848,2041378560.0,1.0
7,prune_50,1720,7.30342435836792,1020689280.0,2.0
7,prune_75,1720,7.209503173828125,510344640.0,4.0
7,prune_99,1720,10.467650413513184,2041378.560000002,999.9999999999991
7,quant8,1720,7.364567756652832,510344640.0,4.0
7,celo,1721,6.595566749572754,2042565408.0,1.0
7,prune_50,1721,6.717706680297852,1021282704.0,2.0
7,prune_75,1721,6.870760917663574,510641352.0,4.0
7,prune_99,1721,10.473583221435547,2042565.408000002,999.9999999999991
7,quant8,1721,6.6015119552612305,510641352.0,4.0
7,celo,1722,5.671953201293945,2043752256.0,1.0
7,prune_50,1722,5.85243034362793,1021876128.0,2.0
7,prune_75,1722,6.118030548095703,510938064.0,4.0
7,prune_99,1722,10.787031173706055,2043752.256000002,999.9999999999991
7,quant8,1722,5.819511413574219,510938064.0,4.0
7,celo,1723,6.103941917419434,2044939104.0,1.0
7,prune_50,1723,6.316071510314941,1022469552.0,2.0
7,prune_75,1723,6.280890464782715,511234776.0,4.0
7,prune_99,1723,10.6002197265625,2044939.104000002,999.9999999999991
7,quant8,1723,6.219285488128662,511234776.0,4.0
7,celo,1724,5.676507472991943,2046125952.0,1.0
7,prune_50,1724,5.867264270782471,1023062976.0,2.0
7,prune_75,1724,5.948294639587402,511531488.0,4.0
7,prune_99,1724,10.779626846313477,2046125.952000002,999.9999999999991
7,quant8,1724,5.80645751953125,511531488.0,4.0
7,celo,1725,7.432698726654053,2047312800.0,1.0
7,prune_50,1725,7.730047702789307,1023656400.0,2.0
7,prune_75,1725,7.385088920593262,511828200.0,4.0
7,prune_99,1725,10.736721992492676,2047312.800000002,999.9999999999991
7,quant8,1725,7.193973541259766,511828200.0,4.0
7,celo,1726,7.254719257354736,2048499648.0,1.0
7,prune_50,1726,7.412894248962402,1024249824.0,2.0
7,prune_75,1726,7.320098876953125,512124912.0,4.0
7,prune_99,1726,10.660924911499023,2048499.648000002,999.9999999999991
7,quant8,1726,7.491807460784912,512124912.0,4.0
7,celo,1727,7.231793403625488,2049686496.0,1.0
7,prune_50,1727,7.530500411987305,1024843248.0,2.0
7,prune_75,1727,7.325954437255859,512421624.0,4.0
7,prune_99,1727,10.527545928955078,2049686.496000002,999.9999999999991
7,quant8,1727,7.250370502471924,512421624.0,4.0
7,celo,1728,5.59956169128418,2050873344.0,1.0
7,prune_50,1728,5.982295036315918,1025436672.0,2.0
7,prune_75,1728,5.649202346801758,512718336.0,4.0
7,prune_99,1728,10.721780776977539,2050873.344000002,999.9999999999991
7,quant8,1728,5.685931205749512,512718336.0,4.0
7,celo,1729,5.725775241851807,2052060192.0,1.0
7,prune_50,1729,5.917208671569824,1026030096.0,2.0
7,prune_75,1729,5.9747443199157715,513015048.0,4.0
7,prune_99,1729,10.772005081176758,2052060.192000002,999.9999999999991
7,quant8,1729,5.866186141967773,513015048.0,4.0
7,celo,1730,6.178450107574463,2053247040.0,1.0
7,prune_50,1730,6.553534030914307,1026623520.0,2.0
7,prune_75,1730,6.433707237243652,513311760.0,4.0
7,prune_99,1730,10.434328079223633,2053247.040000002,999.9999999999991
7,quant8,1730,6.25993537902832,513311760.0,4.0
7,celo,1731,6.263958930969238,2054433888.0,1.0
7,prune_50,1731,6.24444580078125,1027216944.0,2.0
7,prune_75,1731,6.367387771606445,513608472.0,4.0
7,prune_99,1731,10.663102149963379,2054433.888000002,999.9999999999991
7,quant8,1731,6.341809272766113,513608472.0,4.0
7,celo,1732,5.695810794830322,2055620736.0,1.0
7,prune_50,1732,5.230437278747559,1027810368.0,2.0
7,prune_75,1732,5.831404209136963,513905184.0,4.0
7,prune_99,1732,10.611287117004395,2055620.736000002,999.9999999999991
7,quant8,1732,5.773859977722168,513905184.0,4.0
7,celo,1733,7.031564235687256,2056807584.0,1.0
7,prune_50,1733,7.036076068878174,1028403792.0,2.0
7,prune_75,1733,6.987393379211426,514201896.0,4.0
7,prune_99,1733,10.475079536437988,2056807.584000002,999.9999999999991
7,quant8,1733,7.020114421844482,514201896.0,4.0
7,celo,1734,5.799777030944824,2057994432.0,1.0
7,prune_50,1734,5.878198623657227,1028997216.0,2.0
7,prune_75,1734,6.433231830596924,514498608.0,4.0
7,prune_99,1734,10.822298049926758,2057994.432000002,999.9999999999991
7,quant8,1734,6.235362529754639,514498608.0,4.0
7,celo,1735,7.242304801940918,2059181280.0,1.0
7,prune_50,1735,7.654667854309082,1029590640.0,2.0
7,prune_75,1735,7.418577671051025,514795320.0,4.0
7,prune_99,1735,10.466560363769531,2059181.280000002,999.9999999999991
7,quant8,1735,7.460997581481934,514795320.0,4.0
7,celo,1736,6.604503631591797,2060368128.0,1.0
7,prune_50,1736,6.800139427185059,1030184064.0,2.0
7,prune_75,1736,6.521982192993164,515092032.0,4.0
7,prune_99,1736,10.754743576049805,2060368.128000002,999.9999999999991
7,quant8,1736,6.552692413330078,515092032.0,4.0
7,celo,1737,6.369047164916992,2061554976.0,1.0
7,prune_50,1737,6.267521858215332,1030777488.0,2.0
7,prune_75,1737,6.311279296875,515388744.0,4.0
7,prune_99,1737,10.628376960754395,2061554.976000002,999.9999999999991
7,quant8,1737,6.383049488067627,515388744.0,4.0
7,celo,1738,6.585474967956543,2062741824.0,1.0
7,prune_50,1738,7.050008773803711,1031370912.0,2.0
7,prune_75,1738,6.774899482727051,515685456.0,4.0
7,prune_99,1738,10.55771541595459,2062741.824000002,999.9999999999991
7,quant8,1738,6.577273368835449,515685456.0,4.0
7,celo,1739,6.502649784088135,2063928672.0,1.0
7,prune_50,1739,6.441149711608887,1031964336.0,2.0
7,prune_75,1739,6.572594165802002,515982168.0,4.0
7,prune_99,1739,10.50547981262207,2063928.6720000019,999.9999999999991
7,quant8,1739,6.448498249053955,515982168.0,4.0
7,celo,1740,7.603658676147461,2065115520.0,1.0
7,prune_50,1740,7.834071636199951,1032557760.0,2.0
7,prune_75,1740,7.849161624908447,516278880.0,4.0
7,prune_99,1740,10.632238388061523,2065115.5200000019,999.9999999999991
7,quant8,1740,7.878666877746582,516278880.0,4.0
7,celo,1741,5.536018371582031,2066302368.0,1.0
7,prune_50,1741,5.635590553283691,1033151184.0,2.0
7,prune_75,1741,5.83979606628418,516575592.0,4.0
7,prune_99,1741,10.653450012207031,2066302.3680000019,999.9999999999991
7,quant8,1741,5.57453727722168,516575592.0,4.0
7,celo,1742,7.533915996551514,2067489216.0,1.0
7,prune_50,1742,7.155412673950195,1033744608.0,2.0
7,prune_75,1742,7.584512710571289,516872304.0,4.0
7,prune_99,1742,10.596990585327148,2067489.2160000019,999.9999999999991
7,quant8,1742,7.4955949783325195,516872304.0,4.0
7,celo,1743,7.477410316467285,2068676064.0,1.0
7,prune_50,1743,7.943080902099609,1034338032.0,2.0
7,prune_75,1743,8.043593406677246,517169016.0,4.0
7,prune_99,1743,10.622748374938965,2068676.0640000019,999.9999999999991
7,quant8,1743,7.62962007522583,517169016.0,4.0
7,celo,1744,6.840329170227051,2069862912.0,1.0
7,prune_50,1744,6.894513130187988,1034931456.0,2.0
7,prune_75,1744,6.760952949523926,517465728.0,4.0
7,prune_99,1744,10.482404708862305,2069862.9120000019,999.9999999999991
7,quant8,1744,6.828736305236816,517465728.0,4.0
7,celo,1745,6.091211318969727,2071049760.0,1.0
7,prune_50,1745,6.337937355041504,1035524880.0,2.0
7,prune_75,1745,6.167605876922607,517762440.0,4.0
7,prune_99,1745,10.745088577270508,2071049.7600000019,999.9999999999991
7,quant8,1745,6.293646335601807,517762440.0,4.0
7,celo,1746,7.286851406097412,2072236608.0,1.0
7,prune_50,1746,7.190098762512207,1036118304.0,2.0
7,prune_75,1746,7.407829284667969,518059152.0,4.0
7,prune_99,1746,10.840832710266113,2072236.6080000019,999.9999999999991
7,quant8,1746,7.266540050506592,518059152.0,4.0
7,celo,1747,7.46788215637207,2073423456.0,1.0
7,prune_50,1747,7.395930290222168,1036711728.0,2.0
7,prune_75,1747,7.389439582824707,518355864.0,4.0
7,prune_99,1747,10.819206237792969,2073423.4560000019,999.9999999999991
7,quant8,1747,7.575455665588379,518355864.0,4.0
7,celo,1748,7.1772780418396,2074610304.0,1.0
7,prune_50,1748,7.1638641357421875,1037305152.0,2.0
7,prune_75,1748,7.127386093139648,518652576.0,4.0
7,prune_99,1748,10.577585220336914,2074610.3040000019,999.9999999999991
7,quant8,1748,7.32947301864624,518652576.0,4.0
7,celo,1749,7.074721336364746,2075797152.0,1.0
7,prune_50,1749,6.999415397644043,1037898576.0,2.0
7,prune_75,1749,7.094907283782959,518949288.0,4.0
7,prune_99,1749,10.391704559326172,2075797.1520000019,999.9999999999991
7,quant8,1749,7.142286777496338,518949288.0,4.0
7,celo,1750,7.3642730712890625,2076984000.0,1.0
7,prune_50,1750,7.1674580574035645,1038492000.0,2.0
7,prune_75,1750,7.124329090118408,519246000.0,4.0
7,prune_99,1750,10.468924522399902,2076984.0000000019,999.9999999999991
7,quant8,1750,7.354876518249512,519246000.0,4.0
7,celo,1751,7.220882892608643,2078170848.0,1.0
7,prune_50,1751,7.403840065002441,1039085424.0,2.0
7,prune_75,1751,7.455368518829346,519542712.0,4.0
7,prune_99,1751,10.671614646911621,2078170.8480000019,999.9999999999991
7,quant8,1751,7.180765151977539,519542712.0,4.0
7,celo,1752,6.123967170715332,2079357696.0,1.0
7,prune_50,1752,6.519839286804199,1039678848.0,2.0
7,prune_75,1752,6.394418716430664,519839424.0,4.0
7,prune_99,1752,10.446304321289062,2079357.6960000019,999.9999999999991
7,quant8,1752,6.2406110763549805,519839424.0,4.0
7,celo,1753,7.562887668609619,2080544544.0,1.0
7,prune_50,1753,7.742300033569336,1040272272.0,2.0
7,prune_75,1753,7.6833038330078125,520136136.0,4.0
7,prune_99,1753,10.824100494384766,2080544.5440000019,999.9999999999991
7,quant8,1753,7.639904022216797,520136136.0,4.0
7,celo,1754,7.011544227600098,2081731392.0,1.0
7,prune_50,1754,7.646022796630859,1040865696.0,2.0
7,prune_75,1754,7.322166919708252,520432848.0,4.0
7,prune_99,1754,10.529417037963867,2081731.3920000019,999.9999999999991
7,quant8,1754,6.873847007751465,520432848.0,4.0
7,celo,1755,7.471179485321045,2082918240.0,1.0
7,prune_50,1755,7.776497840881348,1041459120.0,2.0
7,prune_75,1755,7.438671112060547,520729560.0,4.0
7,prune_99,1755,10.742332458496094,2082918.2400000019,999.9999999999991
7,quant8,1755,7.399531364440918,520729560.0,4.0
7,celo,1756,6.786319732666016,2084105088.0,1.0
7,prune_50,1756,6.762866497039795,1042052544.0,2.0
7,prune_75,1756,6.773033142089844,521026272.0,4.0
7,prune_99,1756,10.784704208374023,2084105.0880000019,999.9999999999991
7,quant8,1756,6.85235595703125,521026272.0,4.0
7,celo,1757,6.553262710571289,2085291936.0,1.0
7,prune_50,1757,6.537691116333008,1042645968.0,2.0
7,prune_75,1757,6.721076965332031,521322984.0,4.0
7,prune_99,1757,10.487229347229004,2085291.9360000018,999.9999999999991
7,quant8,1757,6.400854110717773,521322984.0,4.0
7,celo,1758,5.625789642333984,2086478784.0,1.0
7,prune_50,1758,5.636521816253662,1043239392.0,2.0
7,prune_75,1758,6.002886772155762,521619696.0,4.0
7,prune_99,1758,10.314352035522461,2086478.7840000018,999.9999999999991
7,quant8,1758,5.831308841705322,521619696.0,4.0
7,celo,1759,6.5724406242370605,2087665632.0,1.0
7,prune_50,1759,6.900299072265625,1043832816.0,2.0
7,prune_75,1759,6.794199466705322,521916408.0,4.0
7,prune_99,1759,10.964625358581543,2087665.6320000018,999.9999999999991
7,quant8,1759,6.68698787689209,521916408.0,4.0
7,celo,1760,7.470605373382568,2088852480.0,1.0
7,prune_50,1760,7.603057861328125,1044426240.0,2.0
7,prune_75,1760,7.561672210693359,522213120.0,4.0
7,prune_99,1760,10.547536849975586,2088852.4800000018,999.9999999999991
7,quant8,1760,7.562108516693115,522213120.0,4.0
7,celo,1761,6.017156600952148,2090039328.0,1.0
7,prune_50,1761,5.836097717285156,1045019664.0,2.0
7,prune_75,1761,6.170060157775879,522509832.0,4.0
7,prune_99,1761,10.767438888549805,2090039.3280000018,999.9999999999991
7,quant8,1761,5.876955032348633,522509832.0,4.0
7,celo,1762,6.70072078704834,2091226176.0,1.0
7,prune_50,1762,6.888702392578125,1045613088.0,2.0
7,prune_75,1762,6.702116012573242,522806544.0,4.0
7,prune_99,1762,10.70916748046875,2091226.1760000018,999.9999999999991
7,quant8,1762,6.7140278816223145,522806544.0,4.0
7,celo,1763,6.099972724914551,2092413024.0,1.0
7,prune_50,1763,6.077205657958984,1046206512.0,2.0
7,prune_75,1763,6.575511932373047,523103256.0,4.0
7,prune_99,1763,10.528979301452637,2092413.0240000018,999.9999999999991
7,quant8,1763,6.088303565979004,523103256.0,4.0
7,celo,1764,6.023656845092773,2093599872.0,1.0
7,prune_50,1764,6.2913970947265625,1046799936.0,2.0
7,prune_75,1764,6.3730010986328125,523399968.0,4.0
7,prune_99,1764,10.806401252746582,2093599.8720000018,999.9999999999991
7,quant8,1764,6.118631362915039,523399968.0,4.0
7,celo,1765,7.239282608032227,2094786720.0,1.0
7,prune_50,1765,7.264676094055176,1047393360.0,2.0
7,prune_75,1765,7.69449520111084,523696680.0,4.0
7,prune_99,1765,10.730446815490723,2094786.7200000018,999.9999999999991
7,quant8,1765,7.493340969085693,523696680.0,4.0
7,celo,1766,6.968295574188232,2095973568.0,1.0
7,prune_50,1766,7.205501556396484,1047986784.0,2.0
7,prune_75,1766,7.129115581512451,523993392.0,4.0
7,prune_99,1766,10.605384826660156,2095973.5680000018,999.9999999999991
7,quant8,1766,7.051012992858887,523993392.0,4.0
7,celo,1767,6.449612617492676,2097160416.0,1.0
7,prune_50,1767,6.466446876525879,1048580208.0,2.0
7,prune_75,1767,6.609440803527832,524290104.0,4.0
7,prune_99,1767,10.662458419799805,2097160.416000002,999.9999999999991
7,quant8,1767,6.565039157867432,524290104.0,4.0
7,celo,1768,6.410011291503906,2098347264.0,1.0
7,prune_50,1768,6.568422794342041,1049173632.0,2.0
7,prune_75,1768,6.482634544372559,524586816.0,4.0
7,prune_99,1768,10.679117202758789,2098347.264000002,999.9999999999991
7,quant8,1768,6.388882160186768,524586816.0,4.0
7,celo,1769,7.717352867126465,2099534112.0,1.0
7,prune_50,1769,8.257770538330078,1049767056.0,2.0
7,prune_75,1769,7.924280643463135,524883528.0,4.0
7,prune_99,1769,10.665000915527344,2099534.112000002,999.9999999999991
7,quant8,1769,7.596522331237793,524883528.0,4.0
7,celo,1770,6.371159553527832,2100720960.0,1.0
7,prune_50,1770,7.112697601318359,1050360480.0,2.0
7,prune_75,1770,6.677359580993652,525180240.0,4.0
7,prune_99,1770,10.5903902053833,2100720.960000002,999.9999999999991
7,quant8,1770,6.51780891418457,525180240.0,4.0
7,celo,1771,7.338232517242432,2101907808.0,1.0
7,prune_50,1771,7.140263557434082,1050953904.0,2.0
7,prune_75,1771,7.237443923950195,525476952.0,4.0
7,prune_99,1771,10.802022933959961,2101907.808000002,999.9999999999991
7,quant8,1771,7.401002883911133,525476952.0,4.0
7,celo,1772,6.404875755310059,2103094656.0,1.0
7,prune_50,1772,6.794175148010254,1051547328.0,2.0
7,prune_75,1772,6.871988296508789,525773664.0,4.0
7,prune_99,1772,10.926862716674805,2103094.656000002,999.9999999999991
7,quant8,1772,6.428249835968018,525773664.0,4.0
7,celo,1773,6.863986015319824,2104281504.0,1.0
7,prune_50,1773,7.089399814605713,1052140752.0,2.0
7,prune_75,1773,7.390334606170654,526070376.0,4.0
7,prune_99,1773,10.692256927490234,2104281.504000002,999.9999999999991
7,quant8,1773,7.087392807006836,526070376.0,4.0
7,celo,1774,7.450765609741211,2105468352.0,1.0
7,prune_50,1774,7.610171318054199,1052734176.0,2.0
7,prune_75,1774,7.365025520324707,526367088.0,4.0
7,prune_99,1774,10.722480773925781,2105468.352000002,999.9999999999991
7,quant8,1774,7.462987899780273,526367088.0,4.0
7,celo,1775,5.1938605308532715,2106655200.0,1.0
7,prune_50,1775,5.321626663208008,1053327600.0,2.0
7,prune_75,1775,5.554642677307129,526663800.0,4.0
7,prune_99,1775,10.54017448425293,2106655.200000002,999.9999999999991
7,quant8,1775,5.463289260864258,526663800.0,4.0
7,celo,1776,7.077622890472412,2107842048.0,1.0
7,prune_50,1776,7.573209762573242,1053921024.0,2.0
7,prune_75,1776,7.437190532684326,526960512.0,4.0
7,prune_99,1776,10.59585952758789,2107842.048000002,999.9999999999991
7,quant8,1776,7.0508904457092285,526960512.0,4.0
7,celo,1777,7.46124267578125,2109028896.0,1.0
7,prune_50,1777,7.806406497955322,1054514448.0,2.0
7,prune_75,1777,7.540169715881348,527257224.0,4.0
7,prune_99,1777,10.527897834777832,2109028.896000002,999.9999999999991
7,quant8,1777,7.207179069519043,527257224.0,4.0
7,celo,1778,6.969357490539551,2110215744.0,1.0
7,prune_50,1778,6.943033218383789,1055107872.0,2.0
7,prune_75,1778,7.043262958526611,527553936.0,4.0
7,prune_99,1778,10.51845932006836,2110215.744000002,999.9999999999991
7,quant8,1778,7.270815849304199,527553936.0,4.0
7,celo,1779,6.664797782897949,2111402592.0,1.0
7,prune_50,1779,7.146204948425293,1055701296.0,2.0
7,prune_75,1779,7.068966388702393,527850648.0,4.0
7,prune_99,1779,10.697333335876465,2111402.592000002,999.9999999999991
7,quant8,1779,6.87387228012085,527850648.0,4.0
7,celo,1780,6.406379699707031,2112589440.0,1.0
7,prune_50,1780,6.443924903869629,1056294720.0,2.0
7,prune_75,1780,6.635992527008057,528147360.0,4.0
7,prune_99,1780,10.617668151855469,2112589.440000002,999.9999999999991
7,quant8,1780,6.413206577301025,528147360.0,4.0
7,celo,1781,7.036391258239746,2113776288.0,1.0
7,prune_50,1781,6.915536403656006,1056888144.0,2.0
7,prune_75,1781,6.776425361633301,528444072.0,4.0
7,prune_99,1781,10.644111633300781,2113776.288000002,999.9999999999991
7,quant8,1781,7.154249668121338,528444072.0,4.0
7,celo,1782,7.173343658447266,2114963136.0,1.0
7,prune_50,1782,7.503454208374023,1057481568.0,2.0
7,prune_75,1782,7.476317405700684,528740784.0,4.0
7,prune_99,1782,10.762856483459473,2114963.136000002,999.9999999999991
7,quant8,1782,7.340571880340576,528740784.0,4.0
7,celo,1783,6.029627799987793,2116149984.0,1.0
7,prune_50,1783,6.460348606109619,1058074992.0,2.0
7,prune_75,1783,6.866319179534912,529037496.0,4.0
7,prune_99,1783,10.732627868652344,2116149.984000002,999.9999999999991
7,quant8,1783,6.1655707359313965,529037496.0,4.0
7,celo,1784,5.821663856506348,2117336832.0,1.0
7,prune_50,1784,6.028306007385254,1058668416.0,2.0
7,prune_75,1784,5.900506973266602,529334208.0,4.0
7,prune_99,1784,10.401973724365234,2117336.832000002,999.9999999999991
7,quant8,1784,5.825287342071533,529334208.0,4.0
7,celo,1785,6.26875638961792,2118523680.0,1.0
7,prune_50,1785,6.558401107788086,1059261840.0,2.0
7,prune_75,1785,6.492820739746094,529630920.0,4.0
7,prune_99,1785,10.580755233764648,2118523.680000002,999.9999999999991
7,quant8,1785,6.262298583984375,529630920.0,4.0
7,celo,1786,7.63352108001709,2119710528.0,1.0
7,prune_50,1786,8.084304809570312,1059855264.0,2.0
7,prune_75,1786,7.752193450927734,529927632.0,4.0
7,prune_99,1786,10.679464340209961,2119710.528000002,999.9999999999991
7,quant8,1786,7.576153755187988,529927632.0,4.0
7,celo,1787,5.94175386428833,2120897376.0,1.0
7,prune_50,1787,6.097241401672363,1060448688.0,2.0
7,prune_75,1787,6.157321929931641,530224344.0,4.0
7,prune_99,1787,10.4983491897583,2120897.376000002,999.9999999999991
7,quant8,1787,6.066519737243652,530224344.0,4.0
7,celo,1788,6.985470771789551,2122084224.0,1.0
7,prune_50,1788,7.540667533874512,1061042112.0,2.0
7,prune_75,1788,7.321430683135986,530521056.0,4.0
7,prune_99,1788,10.668984413146973,2122084.224000002,999.9999999999991
7,quant8,1788,7.0653791427612305,530521056.0,4.0
7,celo,1789,6.473361015319824,2123271072.0,1.0
7,prune_50,1789,6.576560020446777,1061635536.0,2.0
7,prune_75,1789,6.746996879577637,530817768.0,4.0
7,prune_99,1789,10.693930625915527,2123271.072000002,999.9999999999991
7,quant8,1789,6.687655448913574,530817768.0,4.0
7,celo,1790,6.321834564208984,2124457920.0,1.0
7,prune_50,1790,6.512560844421387,1062228960.0,2.0
7,prune_75,1790,6.116883754730225,531114480.0,4.0
7,prune_99,1790,10.597127914428711,2124457.920000002,999.9999999999991
7,quant8,1790,6.277744770050049,531114480.0,4.0
7,celo,1791,6.7729172706604,2125644768.0,1.0
7,prune_50,1791,7.173423767089844,1062822384.0,2.0
7,prune_75,1791,6.872023105621338,531411192.0,4.0
7,prune_99,1791,10.661092758178711,2125644.768000002,999.9999999999991
7,quant8,1791,6.901984691619873,531411192.0,4.0
7,celo,1792,6.044465065002441,2126831616.0,1.0
7,prune_50,1792,6.090453624725342,1063415808.0,2.0
7,prune_75,1792,6.076015949249268,531707904.0,4.0
7,prune_99,1792,10.539810180664062,2126831.616000002,999.9999999999991
7,quant8,1792,6.017667770385742,531707904.0,4.0
7,celo,1793,6.324016571044922,2128018464.0,1.0
7,prune_50,1793,6.499841213226318,1064009232.0,2.0
7,prune_75,1793,6.500519752502441,532004616.0,4.0
7,prune_99,1793,10.83866024017334,2128018.464000002,999.9999999999991
7,quant8,1793,6.317907333374023,532004616.0,4.0
7,celo,1794,8.045738220214844,2129205312.0,1.0
7,prune_50,1794,8.18574333190918,1064602656.0,2.0
7,prune_75,1794,8.070594787597656,532301328.0,4.0
7,prune_99,1794,10.736272811889648,2129205.312000002,999.9999999999991
7,quant8,1794,8.032187461853027,532301328.0,4.0
7,celo,1795,6.982893943786621,2130392160.0,1.0
7,prune_50,1795,7.061544418334961,1065196080.0,2.0
7,prune_75,1795,7.0331878662109375,532598040.0,4.0
7,prune_99,1795,10.688337326049805,2130392.160000002,999.9999999999991
7,quant8,1795,7.139678955078125,532598040.0,4.0
7,celo,1796,6.195420742034912,2131579008.0,1.0
7,prune_50,1796,6.6337504386901855,1065789504.0,2.0
7,prune_75,1796,6.655547142028809,532894752.0,4.0
7,prune_99,1796,10.69731616973877,2131579.008000002,999.9999999999991
7,quant8,1796,6.522134780883789,532894752.0,4.0
7,celo,1797,6.552645206451416,2132765856.0,1.0
7,prune_50,1797,6.421243190765381,1066382928.0,2.0
7,prune_75,1797,6.587408065795898,533191464.0,4.0
7,prune_99,1797,10.52369499206543,2132765.856000002,999.9999999999991
7,quant8,1797,6.441162586212158,533191464.0,4.0
7,celo,1798,6.395233631134033,2133952704.0,1.0
7,prune_50,1798,6.863119125366211,1066976352.0,2.0
7,prune_75,1798,6.390610694885254,533488176.0,4.0
7,prune_99,1798,10.557649612426758,2133952.704000002,999.9999999999991
7,quant8,1798,6.343461036682129,533488176.0,4.0
7,celo,1799,7.71825647354126,2135139552.0,1.0
7,prune_50,1799,7.524757385253906,1067569776.0,2.0
7,prune_75,1799,7.547443389892578,533784888.0,4.0
7,prune_99,1799,10.547603607177734,2135139.552000002,999.9999999999991
7,quant8,1799,7.715841293334961,533784888.0,4.0
7,celo,1800,7.515988826751709,2136326400.0,1.0
7,prune_50,1800,7.612804412841797,1068163200.0,2.0
7,prune_75,1800,7.567256927490234,534081600.0,4.0
7,prune_99,1800,10.572628021240234,2136326.400000002,999.9999999999991
7,quant8,1800,7.470603942871094,534081600.0,4.0
7,celo,1801,6.26413631439209,2137513248.0,1.0
7,prune_50,1801,6.041764259338379,1068756624.0,2.0
7,prune_75,1801,6.224139213562012,534378312.0,4.0
7,prune_99,1801,10.543892860412598,2137513.248000002,999.9999999999991
7,quant8,1801,6.051025390625,534378312.0,4.0
7,celo,1802,6.734460353851318,2138700096.0,1.0
7,prune_50,1802,6.7132062911987305,1069350048.0,2.0
7,prune_75,1802,6.7763142585754395,534675024.0,4.0
7,prune_99,1802,10.835111618041992,2138700.0960000018,999.9999999999991
7,quant8,1802,6.789175987243652,534675024.0,4.0
7,celo,1803,7.063723564147949,2139886944.0,1.0
7,prune_50,1803,7.3496599197387695,1069943472.0,2.0
7,prune_75,1803,6.93784236907959,534971736.0,4.0
7,prune_99,1803,10.340557098388672,2139886.944000002,999.9999999999991
7,quant8,1803,7.074322700500488,534971736.0,4.0
7,celo,1804,6.807572364807129,2141073792.0,1.0
7,prune_50,1804,6.7698469161987305,1070536896.0,2.0
7,prune_75,1804,6.888736724853516,535268448.0,4.0
7,prune_99,1804,10.450678825378418,2141073.7920000018,999.9999999999991
7,quant8,1804,6.752972602844238,535268448.0,4.0
7,celo,1805,6.145110130310059,2142260640.0,1.0
7,prune_50,1805,6.687531471252441,1071130320.0,2.0
7,prune_75,1805,6.470195770263672,535565160.0,4.0
7,prune_99,1805,10.463134765625,2142260.640000002,999.9999999999991
7,quant8,1805,6.292663097381592,535565160.0,4.0
7,celo,1806,6.136042594909668,2143447488.0,1.0
7,prune_50,1806,6.655295372009277,1071723744.0,2.0
7,prune_75,1806,6.5767011642456055,535861872.0,4.0
7,prune_99,1806,10.740320205688477,2143447.4880000018,999.9999999999991
7,quant8,1806,6.224063873291016,535861872.0,4.0
7,celo,1807,6.904707908630371,2144634336.0,1.0
7,prune_50,1807,7.271322250366211,1072317168.0,2.0
7,prune_75,1807,6.986171722412109,536158584.0,4.0
7,prune_99,1807,10.74598503112793,2144634.336000002,999.9999999999991
7,quant8,1807,7.013264179229736,536158584.0,4.0
7,celo,1808,6.261407375335693,2145821184.0,1.0
7,prune_50,1808,6.417526721954346,1072910592.0,2.0
7,prune_75,1808,6.213672637939453,536455296.0,4.0
7,prune_99,1808,10.626396179199219,2145821.1840000018,999.9999999999991
7,quant8,1808,6.310372352600098,536455296.0,4.0
7,celo,1809,7.540909767150879,2147008032.0,1.0
7,prune_50,1809,7.879161357879639,1073504016.0,2.0
7,prune_75,1809,7.578549385070801,536752008.0,4.0
7,prune_99,1809,10.609609603881836,2147008.032000002,999.9999999999991
7,quant8,1809,7.863149166107178,536752008.0,4.0
7,celo,1810,5.853626251220703,2148194880.0,1.0
7,prune_50,1810,5.816109657287598,1074097440.0,2.0
7,prune_75,1810,6.024173736572266,537048720.0,4.0
7,prune_99,1810,10.70301628112793,2148194.8800000018,999.9999999999991
7,quant8,1810,5.912766456604004,537048720.0,4.0
7,celo,1811,6.737015247344971,2149381728.0,1.0
7,prune_50,1811,6.895458698272705,1074690864.0,2.0
7,prune_75,1811,6.878350257873535,537345432.0,4.0
7,prune_99,1811,10.777669906616211,2149381.728000002,999.9999999999991
7,quant8,1811,6.758792877197266,537345432.0,4.0
7,celo,1812,7.4156389236450195,2150568576.0,1.0
7,prune_50,1812,7.639966011047363,1075284288.0,2.0
7,prune_75,1812,7.341757774353027,537642144.0,4.0
7,prune_99,1812,10.554831504821777,2150568.576000002,999.9999999999991
7,quant8,1812,7.404389381408691,537642144.0,4.0
7,celo,1813,6.052536487579346,2151755424.0,1.0
7,prune_50,1813,6.362789154052734,1075877712.0,2.0
7,prune_75,1813,6.258238315582275,537938856.0,4.0
7,prune_99,1813,10.605744361877441,2151755.424000002,999.9999999999991
7,quant8,1813,5.9607834815979,537938856.0,4.0
7,celo,1814,6.391711235046387,2152942272.0,1.0
7,prune_50,1814,6.619018077850342,1076471136.0,2.0
7,prune_75,1814,6.467297077178955,538235568.0,4.0
7,prune_99,1814,10.508671760559082,2152942.272000002,999.9999999999991
7,quant8,1814,6.468426704406738,538235568.0,4.0
7,celo,1815,6.738173484802246,2154129120.0,1.0
7,prune_50,1815,7.117161273956299,1077064560.0,2.0
7,prune_75,1815,6.972844123840332,538532280.0,4.0
7,prune_99,1815,10.711816787719727,2154129.120000002,999.9999999999991
7,quant8,1815,6.882689952850342,538532280.0,4.0
7,celo,1816,7.558928489685059,2155315968.0,1.0
7,prune_50,1816,7.841760635375977,1077657984.0,2.0
7,prune_75,1816,7.477466583251953,538828992.0,4.0
7,prune_99,1816,10.692998886108398,2155315.968000002,999.9999999999991
7,quant8,1816,7.353051662445068,538828992.0,4.0
7,celo,1817,7.1346588134765625,2156502816.0,1.0
7,prune_50,1817,7.426279544830322,1078251408.0,2.0
7,prune_75,1817,7.491660118103027,539125704.0,4.0
7,prune_99,1817,10.691926956176758,2156502.816000002,999.9999999999991
7,quant8,1817,7.3886823654174805,539125704.0,4.0
7,celo,1818,6.710910797119141,2157689664.0,1.0
7,prune_50,1818,6.773992538452148,1078844832.0,2.0
7,prune_75,1818,6.886291980743408,539422416.0,4.0
7,prune_99,1818,10.702796936035156,2157689.664000002,999.9999999999991
7,quant8,1818,6.827521324157715,539422416.0,4.0
7,celo,1819,6.992325782775879,2158876512.0,1.0
7,prune_50,1819,7.451724052429199,1079438256.0,2.0
7,prune_75,1819,7.410134315490723,539719128.0,4.0
7,prune_99,1819,10.569808959960938,2158876.512000002,999.9999999999991
7,quant8,1819,7.006291389465332,539719128.0,4.0
7,celo,1820,5.786908149719238,2160063360.0,1.0
7,prune_50,1820,5.992597579956055,1080031680.0,2.0
7,prune_75,1820,6.264057159423828,540015840.0,4.0
7,prune_99,1820,10.401216506958008,2160063.360000002,999.9999999999991
7,quant8,1820,5.966411590576172,540015840.0,4.0
7,celo,1821,5.50753927230835,2161250208.0,1.0
7,prune_50,1821,5.524890899658203,1080625104.0,2.0
7,prune_75,1821,5.776020050048828,540312552.0,4.0
7,prune_99,1821,10.487446784973145,2161250.208000002,999.9999999999991
7,quant8,1821,5.592101573944092,540312552.0,4.0
7,celo,1822,7.022575378417969,2162437056.0,1.0
7,prune_50,1822,7.032342910766602,1081218528.0,2.0
7,prune_75,1822,6.8684515953063965,540609264.0,4.0
7,prune_99,1822,10.811574935913086,2162437.056000002,999.9999999999991
7,quant8,1822,7.041840553283691,540609264.0,4.0
7,celo,1823,6.569448471069336,2163623904.0,1.0
7,prune_50,1823,6.756438732147217,1081811952.0,2.0
7,prune_75,1823,6.82997465133667,540905976.0,4.0
7,prune_99,1823,10.500872611999512,2163623.904000002,999.9999999999991
7,quant8,1823,6.679886817932129,540905976.0,4.0
7,celo,1824,6.521011829376221,2164810752.0,1.0
7,prune_50,1824,6.340462684631348,1082405376.0,2.0
7,prune_75,1824,6.535708904266357,541202688.0,4.0
7,prune_99,1824,10.481321334838867,2164810.752000002,999.9999999999991
7,quant8,1824,6.443197250366211,541202688.0,4.0
7,celo,1825,7.429780006408691,2165997600.0,1.0
7,prune_50,1825,7.35734748840332,1082998800.0,2.0
7,prune_75,1825,7.321484088897705,541499400.0,4.0
7,prune_99,1825,10.616189002990723,2165997.600000002,999.9999999999991
7,quant8,1825,7.398346900939941,541499400.0,4.0
7,celo,1826,6.298741340637207,2167184448.0,1.0
7,prune_50,1826,6.50462532043457,1083592224.0,2.0
7,prune_75,1826,6.417898654937744,541796112.0,4.0
7,prune_99,1826,10.570199966430664,2167184.448000002,999.9999999999991
7,quant8,1826,6.298071384429932,541796112.0,4.0
7,celo,1827,6.107939720153809,2168371296.0,1.0
7,prune_50,1827,6.615782737731934,1084185648.0,2.0
7,prune_75,1827,6.378317832946777,542092824.0,4.0
7,prune_99,1827,10.702877044677734,2168371.296000002,999.9999999999991
7,quant8,1827,6.178536891937256,542092824.0,4.0
7,celo,1828,6.429871559143066,2169558144.0,1.0
7,prune_50,1828,7.050611972808838,1084779072.0,2.0
7,prune_75,1828,6.860922336578369,542389536.0,4.0
7,prune_99,1828,10.483573913574219,2169558.144000002,999.9999999999991
7,quant8,1828,6.4783525466918945,542389536.0,4.0
7,celo,1829,6.205376625061035,2170744992.0,1.0
7,prune_50,1829,6.640974998474121,1085372496.0,2.0
7,prune_75,1829,6.325791358947754,542686248.0,4.0
7,prune_99,1829,10.663854598999023,2170744.992000002,999.9999999999991
7,quant8,1829,6.122057914733887,542686248.0,4.0
7,celo,1830,6.606330871582031,2171931840.0,1.0
7,prune_50,1830,6.5967116355896,1085965920.0,2.0
7,prune_75,1830,6.673685073852539,542982960.0,4.0
7,prune_99,1830,10.525449752807617,2171931.840000002,999.9999999999991
7,quant8,1830,6.736907958984375,542982960.0,4.0
7,celo,1831,5.994846343994141,2173118688.0,1.0
7,prune_50,1831,6.0167155265808105,1086559344.0,2.0
7,prune_75,1831,6.313359260559082,543279672.0,4.0
7,prune_99,1831,10.775296211242676,2173118.688000002,999.9999999999991
7,quant8,1831,6.069957256317139,543279672.0,4.0
7,celo,1832,7.316967010498047,2174305536.0,1.0
7,prune_50,1832,7.672441482543945,1087152768.0,2.0
7,prune_75,1832,7.55584716796875,543576384.0,4.0
7,prune_99,1832,10.67289924621582,2174305.536000002,999.9999999999991
7,quant8,1832,7.3377790451049805,543576384.0,4.0
7,celo,1833,7.164525985717773,2175492384.0,1.0
7,prune_50,1833,7.37703275680542,1087746192.0,2.0
7,prune_75,1833,7.268851280212402,543873096.0,4.0
7,prune_99,1833,10.654539108276367,2175492.384000002,999.9999999999991
7,quant8,1833,7.198401927947998,543873096.0,4.0
7,celo,1834,7.305581569671631,2176679232.0,1.0
7,prune_50,1834,7.746984481811523,1088339616.0,2.0
7,prune_75,1834,7.558244705200195,544169808.0,4.0
7,prune_99,1834,10.599592208862305,2176679.232000002,999.9999999999991
7,quant8,1834,7.464917182922363,544169808.0,4.0
7,celo,1835,6.112662315368652,2177866080.0,1.0
7,prune_50,1835,6.524397850036621,1088933040.0,2.0
7,prune_75,1835,6.343287467956543,544466520.0,4.0
7,prune_99,1835,10.652430534362793,2177866.080000002,999.9999999999991
7,quant8,1835,6.490231513977051,544466520.0,4.0
7,celo,1836,5.964583396911621,2179052928.0,1.0
7,prune_50,1836,5.910194396972656,1089526464.0,2.0
7,prune_75,1836,5.896859169006348,544763232.0,4.0
7,prune_99,1836,10.444316864013672,2179052.928000002,999.9999999999991
7,quant8,1836,6.083171844482422,544763232.0,4.0
7,celo,1837,7.940736293792725,2180239776.0,1.0
7,prune_50,1837,8.185178756713867,1090119888.0,2.0
7,prune_75,1837,7.948668956756592,545059944.0,4.0
7,prune_99,1837,10.682005882263184,2180239.776000002,999.9999999999991
7,quant8,1837,8.070182800292969,545059944.0,4.0
7,celo,1838,6.688492774963379,2181426624.0,1.0
7,prune_50,1838,6.749005317687988,1090713312.0,2.0
7,prune_75,1838,6.907234191894531,545356656.0,4.0
7,prune_99,1838,10.587260246276855,2181426.624000002,999.9999999999991
7,quant8,1838,6.6570329666137695,545356656.0,4.0
7,celo,1839,5.8305463790893555,2182613472.0,1.0
7,prune_50,1839,6.086888313293457,1091306736.0,2.0
7,prune_75,1839,5.933993339538574,545653368.0,4.0
7,prune_99,1839,10.619943618774414,2182613.472000002,999.9999999999991
7,quant8,1839,5.90338134765625,545653368.0,4.0
7,celo,1840,6.818343162536621,2183800320.0,1.0
7,prune_50,1840,7.085443496704102,1091900160.0,2.0
7,prune_75,1840,7.013246536254883,545950080.0,4.0
7,prune_99,1840,10.646041870117188,2183800.320000002,999.9999999999991
7,quant8,1840,6.742260456085205,545950080.0,4.0
7,celo,1841,6.859370231628418,2184987168.0,1.0
7,prune_50,1841,6.934046268463135,1092493584.0,2.0
7,prune_75,1841,7.016461372375488,546246792.0,4.0
7,prune_99,1841,10.720941543579102,2184987.168000002,999.9999999999991
7,quant8,1841,6.958756923675537,546246792.0,4.0
7,celo,1842,7.450183868408203,2186174016.0,1.0
7,prune_50,1842,7.492785453796387,1093087008.0,2.0
7,prune_75,1842,7.281351566314697,546543504.0,4.0
7,prune_99,1842,10.685502052307129,2186174.016000002,999.9999999999991
7,quant8,1842,7.379519939422607,546543504.0,4.0
7,celo,1843,7.632381439208984,2187360864.0,1.0
7,prune_50,1843,7.663760662078857,1093680432.0,2.0
7,prune_75,1843,7.655470371246338,546840216.0,4.0
7,prune_99,1843,10.659311294555664,2187360.864000002,999.9999999999991
7,quant8,1843,7.498451232910156,546840216.0,4.0
7,celo,1844,6.844985008239746,2188547712.0,1.0
7,prune_50,1844,6.844479560852051,1094273856.0,2.0
7,prune_75,1844,6.916572570800781,547136928.0,4.0
7,prune_99,1844,10.519540786743164,2188547.712000002,999.9999999999991
7,quant8,1844,6.959774971008301,547136928.0,4.0
7,celo,1845,7.365220546722412,2189734560.0,1.0
7,prune_50,1845,7.492311954498291,1094867280.0,2.0
7,prune_75,1845,7.4196672439575195,547433640.0,4.0
7,prune_99,1845,10.637609481811523,2189734.560000002,999.9999999999991
7,quant8,1845,7.404460906982422,547433640.0,4.0
7,celo,1846,6.660778045654297,2190921408.0,1.0
7,prune_50,1846,7.014042854309082,1095460704.0,2.0
7,prune_75,1846,6.450505256652832,547730352.0,4.0
7,prune_99,1846,10.824042320251465,2190921.408000002,999.9999999999991
7,quant8,1846,6.695874214172363,547730352.0,4.0
7,celo,1847,5.82826042175293,2192108256.0,1.0
7,prune_50,1847,6.169805526733398,1096054128.0,2.0
7,prune_75,1847,6.151732921600342,548027064.0,4.0
7,prune_99,1847,10.417587280273438,2192108.256000002,999.9999999999991
7,quant8,1847,5.994970798492432,548027064.0,4.0
7,celo,1848,6.678115367889404,2193295104.0,1.0
7,prune_50,1848,6.554747581481934,1096647552.0,2.0
7,prune_75,1848,6.434378623962402,548323776.0,4.0
7,prune_99,1848,11.034637451171875,2193295.104000002,999.9999999999991
7,quant8,1848,6.511226177215576,548323776.0,4.0
7,celo,1849,5.691329002380371,2194481952.0,1.0
7,prune_50,1849,5.920896053314209,1097240976.0,2.0
7,prune_75,1849,5.913539886474609,548620488.0,4.0
7,prune_99,1849,10.703577041625977,2194481.952000002,999.9999999999991
7,quant8,1849,5.879813194274902,548620488.0,4.0
7,celo,1850,5.3519134521484375,2195668800.0,1.0
7,prune_50,1850,5.117897033691406,1097834400.0,2.0
7,prune_75,1850,5.254312515258789,548917200.0,4.0
7,prune_99,1850,10.49755859375,2195668.800000002,999.9999999999991
7,quant8,1850,5.317899703979492,548917200.0,4.0
7,celo,1851,7.428445816040039,2196855648.0,1.0
7,prune_50,1851,7.644164562225342,1098427824.0,2.0
7,prune_75,1851,7.455377101898193,549213912.0,4.0
7,prune_99,1851,10.705608367919922,2196855.648000002,999.9999999999991
7,quant8,1851,7.411133766174316,549213912.0,4.0
7,celo,1852,6.983349800109863,2198042496.0,1.0
7,prune_50,1852,7.2838850021362305,1099021248.0,2.0
7,prune_75,1852,7.146529197692871,549510624.0,4.0
7,prune_99,1852,10.407339096069336,2198042.496000002,999.9999999999991
7,quant8,1852,7.042322158813477,549510624.0,4.0
7,celo,1853,6.992550849914551,2199229344.0,1.0
7,prune_50,1853,6.66890811920166,1099614672.0,2.0
7,prune_75,1853,7.0130815505981445,549807336.0,4.0
7,prune_99,1853,10.58619499206543,2199229.344000002,999.9999999999991
7,quant8,1853,6.967731475830078,549807336.0,4.0
7,celo,1854,7.260231018066406,2200416192.0,1.0
7,prune_50,1854,7.372567176818848,1100208096.0,2.0
7,prune_75,1854,7.453308582305908,550104048.0,4.0
7,prune_99,1854,10.636953353881836,2200416.192000002,999.9999999999991
7,quant8,1854,7.3329668045043945,550104048.0,4.0
7,celo,1855,7.3667168617248535,2201603040.0,1.0
7,prune_50,1855,7.625635623931885,1100801520.0,2.0
7,prune_75,1855,7.590069770812988,550400760.0,4.0
7,prune_99,1855,10.635429382324219,2201603.040000002,999.9999999999991
7,quant8,1855,7.381507873535156,550400760.0,4.0
7,celo,1856,6.423130035400391,2202789888.0,1.0
7,prune_50,1856,6.506039619445801,1101394944.0,2.0
7,prune_75,1856,6.137231349945068,550697472.0,4.0
7,prune_99,1856,10.554031372070312,2202789.888000002,999.9999999999991
7,quant8,1856,6.521771430969238,550697472.0,4.0
7,celo,1857,7.346498966217041,2203976736.0,1.0
7,prune_50,1857,7.510313987731934,1101988368.0,2.0
7,prune_75,1857,7.7112956047058105,550994184.0,4.0
7,prune_99,1857,10.452667236328125,2203976.736000002,999.9999999999991
7,quant8,1857,7.4901123046875,550994184.0,4.0
7,celo,1858,7.613109111785889,2205163584.0,1.0
7,prune_50,1858,7.418301105499268,1102581792.0,2.0
7,prune_75,1858,7.54970645904541,551290896.0,4.0
7,prune_99,1858,10.591374397277832,2205163.584000002,999.9999999999991
7,quant8,1858,7.652151107788086,551290896.0,4.0
7,celo,1859,6.057607650756836,2206350432.0,1.0
7,prune_50,1859,6.124073505401611,1103175216.0,2.0
7,prune_75,1859,6.42681360244751,551587608.0,4.0
7,prune_99,1859,10.83658218383789,2206350.432000002,999.9999999999991
7,quant8,1859,6.244878768920898,551587608.0,4.0
7,celo,1860,7.22454309463501,2207537280.0,1.0
7,prune_50,1860,7.181053638458252,1103768640.0,2.0
7,prune_75,1860,7.028739929199219,551884320.0,4.0
7,prune_99,1860,10.67336654663086,2207537.280000002,999.9999999999991
7,quant8,1860,7.334661960601807,551884320.0,4.0
7,celo,1861,6.745242595672607,2208724128.0,1.0
7,prune_50,1861,7.089700698852539,1104362064.0,2.0
7,prune_75,1861,6.730231285095215,552181032.0,4.0
7,prune_99,1861,10.852014541625977,2208724.128000002,999.9999999999991
7,quant8,1861,6.791044235229492,552181032.0,4.0
7,celo,1862,6.937716484069824,2209910976.0,1.0
7,prune_50,1862,6.952668190002441,1104955488.0,2.0
7,prune_75,1862,7.043204307556152,552477744.0,4.0
7,prune_99,1862,10.526208877563477,2209910.976000002,999.9999999999991
7,quant8,1862,7.154203414916992,552477744.0,4.0
7,celo,1863,6.179205894470215,2211097824.0,1.0
7,prune_50,1863,6.39254093170166,1105548912.0,2.0
7,prune_75,1863,6.26163911819458,552774456.0,4.0
7,prune_99,1863,10.782844543457031,2211097.824000002,999.9999999999991
7,quant8,1863,6.223445892333984,552774456.0,4.0
7,celo,1864,5.802305698394775,2212284672.0,1.0
7,prune_50,1864,6.113094806671143,1106142336.0,2.0
7,prune_75,1864,6.072521209716797,553071168.0,4.0
7,prune_99,1864,10.707242965698242,2212284.672000002,999.9999999999991
7,quant8,1864,5.867740631103516,553071168.0,4.0
7,celo,1865,6.961956024169922,2213471520.0,1.0
7,prune_50,1865,7.093160629272461,1106735760.0,2.0
7,prune_75,1865,7.120423793792725,553367880.0,4.0
7,prune_99,1865,10.657896995544434,2213471.520000002,999.9999999999991
7,quant8,1865,6.995948791503906,553367880.0,4.0
7,celo,1866,6.192505836486816,2214658368.0,1.0
7,prune_50,1866,6.269030570983887,1107329184.0,2.0
7,prune_75,1866,6.625082015991211,553664592.0,4.0
7,prune_99,1866,10.589405059814453,2214658.368000002,999.9999999999991
7,quant8,1866,6.4680070877075195,553664592.0,4.0
7,celo,1867,7.275983810424805,2215845216.0,1.0
7,prune_50,1867,7.5161638259887695,1107922608.0,2.0
7,prune_75,1867,7.505277156829834,553961304.0,4.0
7,prune_99,1867,10.436502456665039,2215845.216000002,999.9999999999991
7,quant8,1867,7.359244346618652,553961304.0,4.0
7,celo,1868,7.6591339111328125,2217032064.0,1.0
7,prune_50,1868,7.627634048461914,1108516032.0,2.0
7,prune_75,1868,7.622745513916016,554258016.0,4.0
7,prune_99,1868,10.757235527038574,2217032.064000002,999.9999999999991
7,quant8,1868,7.473787307739258,554258016.0,4.0
7,celo,1869,5.765145301818848,2218218912.0,1.0
7,prune_50,1869,5.771269798278809,1109109456.0,2.0
7,prune_75,1869,5.90712833404541,554554728.0,4.0
7,prune_99,1869,10.36599349975586,2218218.912000002,999.9999999999991
7,quant8,1869,5.782219409942627,554554728.0,4.0
7,celo,1870,6.563185691833496,2219405760.0,1.0
7,prune_50,1870,6.923216342926025,1109702880.0,2.0
7,prune_75,1870,6.897963523864746,554851440.0,4.0
7,prune_99,1870,10.565417289733887,2219405.760000002,999.9999999999991
7,quant8,1870,6.497993469238281,554851440.0,4.0
7,celo,1871,6.606122970581055,2220592608.0,1.0
7,prune_50,1871,6.635517120361328,1110296304.0,2.0
7,prune_75,1871,6.739434719085693,555148152.0,4.0
7,prune_99,1871,10.589223861694336,2220592.608000002,999.9999999999991
7,quant8,1871,6.661956787109375,555148152.0,4.0
7,celo,1872,6.468652248382568,2221779456.0,1.0
7,prune_50,1872,6.891360282897949,1110889728.0,2.0
7,prune_75,1872,6.553831100463867,555444864.0,4.0
7,prune_99,1872,10.548990249633789,2221779.456000002,999.9999999999991
7,quant8,1872,6.539147853851318,555444864.0,4.0
7,celo,1873,7.028746604919434,2222966304.0,1.0
7,prune_50,1873,6.945860385894775,1111483152.0,2.0
7,prune_75,1873,6.9848408699035645,555741576.0,4.0
7,prune_99,1873,10.49997615814209,2222966.304000002,999.9999999999991
7,quant8,1873,6.987717151641846,555741576.0,4.0
7,celo,1874,6.325334548950195,2224153152.0,1.0
7,prune_50,1874,6.72360897064209,1112076576.0,2.0
7,prune_75,1874,6.466334342956543,556038288.0,4.0
7,prune_99,1874,10.698683738708496,2224153.152000002,999.9999999999991
7,quant8,1874,6.377257347106934,556038288.0,4.0
7,celo,1875,6.0649309158325195,2225340000.0,1.0
7,prune_50,1875,6.022313117980957,1112670000.0,2.0
7,prune_75,1875,6.159836292266846,556335000.0,4.0
7,prune_99,1875,10.853057861328125,2225340.000000002,999.9999999999991
7,quant8,1875,6.148372650146484,556335000.0,4.0
7,celo,1876,5.351594924926758,2226526848.0,1.0
7,prune_50,1876,5.591773986816406,1113263424.0,2.0
7,prune_75,1876,5.434495449066162,556631712.0,4.0
7,prune_99,1876,10.70047378540039,2226526.848000002,999.9999999999991
7,quant8,1876,5.432625770568848,556631712.0,4.0
7,celo,1877,6.812142372131348,2227713696.0,1.0
7,prune_50,1877,7.071331024169922,1113856848.0,2.0
7,prune_75,1877,7.101449012756348,556928424.0,4.0
7,prune_99,1877,10.550186157226562,2227713.696000002,999.9999999999991
7,quant8,1877,6.80572509765625,556928424.0,4.0
7,celo,1878,6.579928874969482,2228900544.0,1.0
7,prune_50,1878,6.703352928161621,1114450272.0,2.0
7,prune_75,1878,6.8407745361328125,557225136.0,4.0
7,prune_99,1878,10.424022674560547,2228900.544000002,999.9999999999991
7,quant8,1878,6.703293800354004,557225136.0,4.0
7,celo,1879,7.1587090492248535,2230087392.0,1.0
7,prune_50,1879,7.624936103820801,1115043696.0,2.0
7,prune_75,1879,7.466658115386963,557521848.0,4.0
7,prune_99,1879,10.541946411132812,2230087.392000002,999.9999999999991
7,quant8,1879,7.194875717163086,557521848.0,4.0
7,celo,1880,7.261635780334473,2231274240.0,1.0
7,prune_50,1880,7.399327278137207,1115637120.0,2.0
7,prune_75,1880,7.3209547996521,557818560.0,4.0
7,prune_99,1880,10.619043350219727,2231274.240000002,999.9999999999991
7,quant8,1880,7.315330505371094,557818560.0,4.0
7,celo,1881,6.260197639465332,2232461088.0,1.0
7,prune_50,1881,6.497559547424316,1116230544.0,2.0
7,prune_75,1881,6.344775676727295,558115272.0,4.0
7,prune_99,1881,10.66136646270752,2232461.088000002,999.9999999999991
7,quant8,1881,6.19294548034668,558115272.0,4.0
7,celo,1882,7.374481678009033,2233647936.0,1.0
7,prune_50,1882,7.794952869415283,1116823968.0,2.0
7,prune_75,1882,7.469089508056641,558411984.0,4.0
7,prune_99,1882,10.667369842529297,2233647.936000002,999.9999999999991
7,quant8,1882,7.569924831390381,558411984.0,4.0
7,celo,1883,6.7964277267456055,2234834784.0,1.0
7,prune_50,1883,6.957217216491699,1117417392.0,2.0
7,prune_75,1883,6.818096160888672,558708696.0,4.0
7,prune_99,1883,10.657429695129395,2234834.784000002,999.9999999999991
7,quant8,1883,6.981335639953613,558708696.0,4.0
7,celo,1884,5.720780372619629,2236021632.0,1.0
7,prune_50,1884,5.943929672241211,1118010816.0,2.0
7,prune_75,1884,5.906862258911133,559005408.0,4.0
7,prune_99,1884,10.733903884887695,2236021.632000002,999.9999999999991
7,quant8,1884,5.704127311706543,559005408.0,4.0
7,celo,1885,6.51699686050415,2237208480.0,1.0
7,prune_50,1885,6.771352767944336,1118604240.0,2.0
7,prune_75,1885,6.5600433349609375,559302120.0,4.0
7,prune_99,1885,10.572083473205566,2237208.480000002,999.9999999999991
7,quant8,1885,6.726595878601074,559302120.0,4.0
7,celo,1886,5.243326187133789,2238395328.0,1.0
7,prune_50,1886,5.2815470695495605,1119197664.0,2.0
7,prune_75,1886,5.360062122344971,559598832.0,4.0
7,prune_99,1886,10.604094505310059,2238395.328000002,999.9999999999991
7,quant8,1886,5.212310314178467,559598832.0,4.0
7,celo,1887,6.16151237487793,2239582176.0,1.0
7,prune_50,1887,6.202679634094238,1119791088.0,2.0
7,prune_75,1887,6.105349063873291,559895544.0,4.0
7,prune_99,1887,10.786748886108398,2239582.176000002,999.9999999999991
7,quant8,1887,6.183894157409668,559895544.0,4.0
7,celo,1888,6.796158790588379,2240769024.0,1.0
7,prune_50,1888,6.841391086578369,1120384512.0,2.0
7,prune_75,1888,6.704952239990234,560192256.0,4.0
7,prune_99,1888,10.566559791564941,2240769.024000002,999.9999999999991
7,quant8,1888,6.717452526092529,560192256.0,4.0
7,celo,1889,7.5630998611450195,2241955872.0,1.0
7,prune_50,1889,8.054288864135742,1120977936.0,2.0
7,prune_75,1889,7.845924377441406,560488968.0,4.0
7,prune_99,1889,10.609612464904785,2241955.872000002,999.9999999999991
7,quant8,1889,7.733678340911865,560488968.0,4.0
7,celo,1890,6.058493614196777,2243142720.0,1.0
7,prune_50,1890,6.361600875854492,1121571360.0,2.0
7,prune_75,1890,6.1670732498168945,560785680.0,4.0
7,prune_99,1890,10.534183502197266,2243142.720000002,999.9999999999991
7,quant8,1890,6.105562210083008,560785680.0,4.0
7,celo,1891,8.04692268371582,2244329568.0,1.0
7,prune_50,1891,7.93951940536499,1122164784.0,2.0
7,prune_75,1891,8.188661575317383,561082392.0,4.0
7,prune_99,1891,10.672508239746094,2244329.5680000023,999.9999999999991
7,quant8,1891,8.10791015625,561082392.0,4.0
7,celo,1892,6.395113945007324,2245516416.0,1.0
7,prune_50,1892,6.652919769287109,1122758208.0,2.0
7,prune_75,1892,6.485080718994141,561379104.0,4.0
7,prune_99,1892,10.679168701171875,2245516.416000002,999.9999999999991
7,quant8,1892,6.392599582672119,561379104.0,4.0
7,celo,1893,5.669916152954102,2246703264.0,1.0
7,prune_50,1893,5.950718879699707,1123351632.0,2.0
7,prune_75,1893,6.276120185852051,561675816.0,4.0
7,prune_99,1893,10.613325119018555,2246703.2640000023,999.9999999999991
7,quant8,1893,5.965669631958008,561675816.0,4.0
7,celo,1894,7.509209632873535,2247890112.0,1.0
7,prune_50,1894,7.764110565185547,1123945056.0,2.0
7,prune_75,1894,7.716165065765381,561972528.0,4.0
7,prune_99,1894,10.673892974853516,2247890.112000002,999.9999999999991
7,quant8,1894,7.804022789001465,561972528.0,4.0
7,celo,1895,5.439464569091797,2249076960.0,1.0
7,prune_50,1895,5.481631278991699,1124538480.0,2.0
7,prune_75,1895,5.9985246658325195,562269240.0,4.0
7,prune_99,1895,10.80424690246582,2249076.9600000023,999.9999999999991
7,quant8,1895,5.634578704833984,562269240.0,4.0
7,celo,1896,5.793567657470703,2250263808.0,1.0
7,prune_50,1896,6.107792854309082,1125131904.0,2.0
7,prune_75,1896,6.078202247619629,562565952.0,4.0
7,prune_99,1896,10.795843124389648,2250263.808000002,999.9999999999991
7,quant8,1896,5.821977615356445,562565952.0,4.0
7,celo,1897,6.783946990966797,2251450656.0,1.0
7,prune_50,1897,6.82468318939209,1125725328.0,2.0
7,prune_75,1897,6.81275749206543,562862664.0,4.0
7,prune_99,1897,10.776910781860352,2251450.6560000023,999.9999999999991
7,quant8,1897,6.76875114440918,562862664.0,4.0
7,celo,1898,6.679758071899414,2252637504.0,1.0
7,prune_50,1898,6.606229782104492,1126318752.0,2.0
7,prune_75,1898,6.86898946762085,563159376.0,4.0
7,prune_99,1898,10.572609901428223,2252637.504000002,999.9999999999991
7,quant8,1898,6.614017009735107,563159376.0,4.0
7,celo,1899,6.411078453063965,2253824352.0,1.0
7,prune_50,1899,6.494499206542969,1126912176.0,2.0
7,prune_75,1899,6.447180271148682,563456088.0,4.0
7,prune_99,1899,10.49240779876709,2253824.3520000023,999.9999999999991
7,quant8,1899,6.446915626525879,563456088.0,4.0
7,celo,1900,6.552003383636475,2255011200.0,1.0
7,prune_50,1900,6.649899005889893,1127505600.0,2.0
7,prune_75,1900,6.528614521026611,563752800.0,4.0
7,prune_99,1900,10.595816612243652,2255011.200000002,999.9999999999991
7,quant8,1900,6.599061965942383,563752800.0,4.0
7,celo,1901,6.3011579513549805,2256198048.0,1.0
7,prune_50,1901,6.115565299987793,1128099024.0,2.0
7,prune_75,1901,6.373233318328857,564049512.0,4.0
7,prune_99,1901,10.66686725616455,2256198.0480000023,999.9999999999991
7,quant8,1901,6.457998752593994,564049512.0,4.0
7,celo,1902,5.670682907104492,2257384896.0,1.0
7,prune_50,1902,5.84423303604126,1128692448.0,2.0
7,prune_75,1902,6.247917652130127,564346224.0,4.0
7,prune_99,1902,10.67501449584961,2257384.896000002,999.9999999999991
7,quant8,1902,6.189772605895996,564346224.0,4.0
7,celo,1903,6.11592435836792,2258571744.0,1.0
7,prune_50,1903,6.21475887298584,1129285872.0,2.0
7,prune_75,1903,6.181755542755127,564642936.0,4.0
7,prune_99,1903,10.693601608276367,2258571.7440000023,999.9999999999991
7,quant8,1903,6.128737449645996,564642936.0,4.0
7,celo,1904,5.386397361755371,2259758592.0,1.0
7,prune_50,1904,5.561834335327148,1129879296.0,2.0
7,prune_75,1904,5.6699066162109375,564939648.0,4.0
7,prune_99,1904,10.568439483642578,2259758.592000002,999.9999999999991
7,quant8,1904,5.487948417663574,564939648.0,4.0
7,celo,1905,6.504949569702148,2260945440.0,1.0
7,prune_50,1905,6.2675580978393555,1130472720.0,2.0
7,prune_75,1905,6.254317283630371,565236360.0,4.0
7,prune_99,1905,10.739120483398438,2260945.4400000023,999.9999999999991
7,quant8,1905,6.553333282470703,565236360.0,4.0
7,celo,1906,5.483585357666016,2262132288.0,1.0
7,prune_50,1906,5.654533386230469,1131066144.0,2.0
7,prune_75,1906,5.5574541091918945,565533072.0,4.0
7,prune_99,1906,10.831487655639648,2262132.288000002,999.9999999999991
7,quant8,1906,5.59235143661499,565533072.0,4.0
7,celo,1907,6.585083484649658,2263319136.0,1.0
7,prune_50,1907,6.546346664428711,1131659568.0,2.0
7,prune_75,1907,6.541773319244385,565829784.0,4.0
7,prune_99,1907,10.561258316040039,2263319.1360000023,999.9999999999991
7,quant8,1907,6.5922746658325195,565829784.0,4.0
7,celo,1908,6.603463172912598,2264505984.0,1.0
7,prune_50,1908,6.607797145843506,1132252992.0,2.0
7,prune_75,1908,6.684632301330566,566126496.0,4.0
7,prune_99,1908,10.731669425964355,2264505.984000002,999.9999999999991
7,quant8,1908,6.8348870277404785,566126496.0,4.0
7,celo,1909,6.160348892211914,2265692832.0,1.0
7,prune_50,1909,6.356561660766602,1132846416.0,2.0
7,prune_75,1909,6.118627548217773,566423208.0,4.0
7,prune_99,1909,10.551074981689453,2265692.8320000023,999.9999999999991
7,quant8,1909,6.259883403778076,566423208.0,4.0
7,celo,1910,7.771453380584717,2266879680.0,1.0
7,prune_50,1910,7.897997856140137,1133439840.0,2.0
7,prune_75,1910,7.70429801940918,566719920.0,4.0
7,prune_99,1910,10.603124618530273,2266879.680000002,999.9999999999991
7,quant8,1910,7.766164779663086,566719920.0,4.0
7,celo,1911,6.4844584465026855,2268066528.0,1.0
7,prune_50,1911,6.791781425476074,1134033264.0,2.0
7,prune_75,1911,6.4275803565979,567016632.0,4.0
7,prune_99,1911,10.584339141845703,2268066.5280000023,999.9999999999991
7,quant8,1911,6.718223571777344,567016632.0,4.0
7,celo,1912,7.40346622467041,2269253376.0,1.0
7,prune_50,1912,7.517735481262207,1134626688.0,2.0
7,prune_75,1912,7.534998893737793,567313344.0,4.0
7,prune_99,1912,10.527839660644531,2269253.376000002,999.9999999999991
7,quant8,1912,7.388573169708252,567313344.0,4.0
7,celo,1913,5.891938209533691,2270440224.0,1.0
7,prune_50,1913,6.020366668701172,1135220112.0,2.0
7,prune_75,1913,6.04814338684082,567610056.0,4.0
7,prune_99,1913,10.577974319458008,2270440.2240000023,999.9999999999991
7,quant8,1913,5.975811958312988,567610056.0,4.0
7,celo,1914,6.454192161560059,2271627072.0,1.0
7,prune_50,1914,6.605428695678711,1135813536.0,2.0
7,prune_75,1914,6.725568771362305,567906768.0,4.0
7,prune_99,1914,10.69796371459961,2271627.072000002,999.9999999999991
7,quant8,1914,6.765097618103027,567906768.0,4.0
7,celo,1915,6.927148342132568,2272813920.0,1.0
7,prune_50,1915,7.027886390686035,1136406960.0,2.0
7,prune_75,1915,7.075384140014648,568203480.0,4.0
7,prune_99,1915,10.73927116394043,2272813.9200000023,999.9999999999991
7,quant8,1915,7.061017036437988,568203480.0,4.0
7,celo,1916,6.695765495300293,2274000768.0,1.0
7,prune_50,1916,6.463186740875244,1137000384.0,2.0
7,prune_75,1916,6.490493297576904,568500192.0,4.0
7,prune_99,1916,10.59780502319336,2274000.768000002,999.9999999999991
7,quant8,1916,6.640826225280762,568500192.0,4.0
7,celo,1917,6.730550765991211,2275187616.0,1.0
7,prune_50,1917,6.550954341888428,1137593808.0,2.0
7,prune_75,1917,6.653064250946045,568796904.0,4.0
7,prune_99,1917,10.800177574157715,2275187.6160000023,999.9999999999991
7,quant8,1917,6.62596321105957,568796904.0,4.0
7,celo,1918,6.185707092285156,2276374464.0,1.0
7,prune_50,1918,6.323523998260498,1138187232.0,2.0
7,prune_75,1918,6.347384929656982,569093616.0,4.0
7,prune_99,1918,10.560863494873047,2276374.464000002,999.9999999999991
7,quant8,1918,6.345282077789307,569093616.0,4.0
7,celo,1919,6.587156295776367,2277561312.0,1.0
7,prune_50,1919,6.748290061950684,1138780656.0,2.0
7,prune_75,1919,6.935842514038086,569390328.0,4.0
7,prune_99,1919,10.344593048095703,2277561.3120000022,999.9999999999991
7,quant8,1919,6.583518028259277,569390328.0,4.0
7,celo,1920,7.1994805335998535,2278748160.0,1.0
7,prune_50,1920,7.786174774169922,1139374080.0,2.0
7,prune_75,1920,7.261743545532227,569687040.0,4.0
7,prune_99,1920,10.591294288635254,2278748.160000002,999.9999999999991
7,quant8,1920,7.261102676391602,569687040.0,4.0
7,celo,1921,6.314189910888672,2279935008.0,1.0
7,prune_50,1921,6.506232738494873,1139967504.0,2.0
7,prune_75,1921,6.332232475280762,569983752.0,4.0
7,prune_99,1921,10.490549087524414,2279935.0080000022,999.9999999999991
7,quant8,1921,6.5127482414245605,569983752.0,4.0
7,celo,1922,6.834861755371094,2281121856.0,1.0
7,prune_50,1922,6.817035675048828,1140560928.0,2.0
7,prune_75,1922,6.926264762878418,570280464.0,4.0
7,prune_99,1922,10.445186614990234,2281121.856000002,999.9999999999991
7,quant8,1922,7.117289066314697,570280464.0,4.0
7,celo,1923,6.036016464233398,2282308704.0,1.0
7,prune_50,1923,6.211643218994141,1141154352.0,2.0
7,prune_75,1923,6.164794921875,570577176.0,4.0
7,prune_99,1923,10.61482048034668,2282308.7040000022,999.9999999999991
7,quant8,1923,6.188408851623535,570577176.0,4.0
7,celo,1924,7.168975830078125,2283495552.0,1.0
7,prune_50,1924,7.548122406005859,1141747776.0,2.0
7,prune_75,1924,7.35843563079834,570873888.0,4.0
7,prune_99,1924,10.548311233520508,2283495.552000002,999.9999999999991
7,quant8,1924,7.250975608825684,570873888.0,4.0
7,celo,1925,7.592978477478027,2284682400.0,1.0
7,prune_50,1925,7.8110504150390625,1142341200.0,2.0
7,prune_75,1925,7.928798675537109,571170600.0,4.0
7,prune_99,1925,10.668810844421387,2284682.4000000022,999.9999999999991
7,quant8,1925,7.764971733093262,571170600.0,4.0
7,celo,1926,6.890850067138672,2285869248.0,1.0
7,prune_50,1926,6.776658058166504,1142934624.0,2.0
7,prune_75,1926,6.696800231933594,571467312.0,4.0
7,prune_99,1926,10.647315979003906,2285869.248000002,999.9999999999991
7,quant8,1926,6.797672748565674,571467312.0,4.0
7,celo,1927,6.185263633728027,2287056096.0,1.0
7,prune_50,1927,6.140628814697266,1143528048.0,2.0
7,prune_75,1927,6.218589782714844,571764024.0,4.0
7,prune_99,1927,10.594725608825684,2287056.096000002,999.9999999999991
7,quant8,1927,6.107300758361816,571764024.0,4.0
7,celo,1928,5.332769393920898,2288242944.0,1.0
7,prune_50,1928,5.766643524169922,1144121472.0,2.0
7,prune_75,1928,5.715682029724121,572060736.0,4.0
7,prune_99,1928,10.754739761352539,2288242.944000002,999.9999999999991
7,quant8,1928,5.580808639526367,572060736.0,4.0
7,celo,1929,7.163997650146484,2289429792.0,1.0
7,prune_50,1929,7.071040630340576,1144714896.0,2.0
7,prune_75,1929,7.09147834777832,572357448.0,4.0
7,prune_99,1929,10.73185920715332,2289429.792000002,999.9999999999991
7,quant8,1929,7.274084091186523,572357448.0,4.0
7,celo,1930,8.112833023071289,2290616640.0,1.0
7,prune_50,1930,8.708641052246094,1145308320.0,2.0
7,prune_75,1930,8.33973503112793,572654160.0,4.0
7,prune_99,1930,10.716054916381836,2290616.640000002,999.9999999999991
7,quant8,1930,8.216727256774902,572654160.0,4.0
7,celo,1931,6.3828535079956055,2291803488.0,1.0
7,prune_50,1931,6.635356903076172,1145901744.0,2.0
7,prune_75,1931,6.493192672729492,572950872.0,4.0
7,prune_99,1931,10.56309986114502,2291803.488000002,999.9999999999991
7,quant8,1931,6.477640628814697,572950872.0,4.0
7,celo,1932,6.7243242263793945,2292990336.0,1.0
7,prune_50,1932,6.919537544250488,1146495168.0,2.0
7,prune_75,1932,7.041357517242432,573247584.0,4.0
7,prune_99,1932,10.533933639526367,2292990.336000002,999.9999999999991
7,quant8,1932,6.7352986335754395,573247584.0,4.0
7,celo,1933,5.745360374450684,2294177184.0,1.0
7,prune_50,1933,6.302387237548828,1147088592.0,2.0
7,prune_75,1933,6.160167694091797,573544296.0,4.0
7,prune_99,1933,10.490601539611816,2294177.184000002,999.9999999999991
7,quant8,1933,5.851131439208984,573544296.0,4.0
7,celo,1934,7.365304946899414,2295364032.0,1.0
7,prune_50,1934,7.550945281982422,1147682016.0,2.0
7,prune_75,1934,6.904825687408447,573841008.0,4.0
7,prune_99,1934,10.67513656616211,2295364.032000002,999.9999999999991
7,quant8,1934,7.1924591064453125,573841008.0,4.0
7,celo,1935,5.947253704071045,2296550880.0,1.0
7,prune_50,1935,6.0950236320495605,1148275440.0,2.0
7,prune_75,1935,6.125089168548584,574137720.0,4.0
7,prune_99,1935,10.519503593444824,2296550.880000002,999.9999999999991
7,quant8,1935,6.058554649353027,574137720.0,4.0
7,celo,1936,6.519381046295166,2297737728.0,1.0
7,prune_50,1936,7.102792739868164,1148868864.0,2.0
7,prune_75,1936,6.600281238555908,574434432.0,4.0
7,prune_99,1936,10.658163070678711,2297737.728000002,999.9999999999991
7,quant8,1936,6.686508655548096,574434432.0,4.0
7,celo,1937,7.182252883911133,2298924576.0,1.0
7,prune_50,1937,7.352673530578613,1149462288.0,2.0
7,prune_75,1937,7.115257263183594,574731144.0,4.0
7,prune_99,1937,10.686484336853027,2298924.576000002,999.9999999999991
7,quant8,1937,7.372687339782715,574731144.0,4.0
7,celo,1938,5.154961585998535,2300111424.0,1.0
7,prune_50,1938,5.43526029586792,1150055712.0,2.0
7,prune_75,1938,5.289677619934082,575027856.0,4.0
7,prune_99,1938,10.439870834350586,2300111.424000002,999.9999999999991
7,quant8,1938,5.649667739868164,575027856.0,4.0
7,celo,1939,6.212684154510498,2301298272.0,1.0
7,prune_50,1939,6.3914594650268555,1150649136.0,2.0
7,prune_75,1939,6.310606956481934,575324568.0,4.0
7,prune_99,1939,10.752299308776855,2301298.272000002,999.9999999999991
7,quant8,1939,6.398540496826172,575324568.0,4.0
7,celo,1940,4.927812576293945,2302485120.0,1.0
7,prune_50,1940,4.8830389976501465,1151242560.0,2.0
7,prune_75,1940,4.9879469871521,575621280.0,4.0
7,prune_99,1940,10.787927627563477,2302485.120000002,999.9999999999991
7,quant8,1940,5.125149250030518,575621280.0,4.0
7,celo,1941,5.308959007263184,2303671968.0,1.0
7,prune_50,1941,6.259853363037109,1151835984.0,2.0
7,prune_75,1941,5.6653642654418945,575917992.0,4.0
7,prune_99,1941,10.813594818115234,2303671.968000002,999.9999999999991
7,quant8,1941,5.387096881866455,575917992.0,4.0
7,celo,1942,7.363552093505859,2304858816.0,1.0
7,prune_50,1942,7.244531154632568,1152429408.0,2.0
7,prune_75,1942,7.295924186706543,576214704.0,4.0
7,prune_99,1942,10.54100227355957,2304858.816000002,999.9999999999991
7,quant8,1942,7.283968925476074,576214704.0,4.0
7,celo,1943,6.611907958984375,2306045664.0,1.0
7,prune_50,1943,7.27290678024292,1153022832.0,2.0
7,prune_75,1943,6.475872993469238,576511416.0,4.0
7,prune_99,1943,10.593488693237305,2306045.664000002,999.9999999999991
7,quant8,1943,6.433831214904785,576511416.0,4.0
7,celo,1944,6.382134914398193,2307232512.0,1.0
7,prune_50,1944,6.996201038360596,1153616256.0,2.0
7,prune_75,1944,6.5255513191223145,576808128.0,4.0
7,prune_99,1944,10.670955657958984,2307232.512000002,999.9999999999991
7,quant8,1944,6.448925971984863,576808128.0,4.0
7,celo,1945,7.103247165679932,2308419360.0,1.0
7,prune_50,1945,8.074372291564941,1154209680.0,2.0
7,prune_75,1945,7.589215278625488,577104840.0,4.0
7,prune_99,1945,10.69384765625,2308419.360000002,999.9999999999991
7,quant8,1945,7.076997756958008,577104840.0,4.0
7,celo,1946,7.430056571960449,2309606208.0,1.0
7,prune_50,1946,7.550261974334717,1154803104.0,2.0
7,prune_75,1946,7.794938564300537,577401552.0,4.0
7,prune_99,1946,10.51099967956543,2309606.208000002,999.9999999999991
7,quant8,1946,7.3054351806640625,577401552.0,4.0
7,celo,1947,7.406406402587891,2310793056.0,1.0
7,prune_50,1947,7.777570724487305,1155396528.0,2.0
7,prune_75,1947,7.533148765563965,577698264.0,4.0
7,prune_99,1947,10.546117782592773,2310793.056000002,999.9999999999991
7,quant8,1947,7.519494533538818,577698264.0,4.0
7,celo,1948,6.9004106521606445,2311979904.0,1.0
7,prune_50,1948,7.454580307006836,1155989952.0,2.0
7,prune_75,1948,7.076004505157471,577994976.0,4.0
7,prune_99,1948,10.319664001464844,2311979.904000002,999.9999999999991
7,quant8,1948,6.984666347503662,577994976.0,4.0
7,celo,1949,6.326789855957031,2313166752.0,1.0
7,prune_50,1949,6.890330791473389,1156583376.0,2.0
7,prune_75,1949,6.326390743255615,578291688.0,4.0
7,prune_99,1949,10.56352424621582,2313166.752000002,999.9999999999991
7,quant8,1949,6.554904460906982,578291688.0,4.0
7,celo,1950,6.227781295776367,2314353600.0,1.0
7,prune_50,1950,6.480838775634766,1157176800.0,2.0
7,prune_75,1950,6.266085624694824,578588400.0,4.0
7,prune_99,1950,10.55844783782959,2314353.600000002,999.9999999999991
7,quant8,1950,6.338864326477051,578588400.0,4.0
7,celo,1951,6.115726947784424,2315540448.0,1.0
7,prune_50,1951,6.634116172790527,1157770224.0,2.0
7,prune_75,1951,6.4578776359558105,578885112.0,4.0
7,prune_99,1951,10.658398628234863,2315540.448000002,999.9999999999991
7,quant8,1951,6.08718204498291,578885112.0,4.0
7,celo,1952,5.3182501792907715,2316727296.0,1.0
7,prune_50,1952,6.428737163543701,1158363648.0,2.0
7,prune_75,1952,5.950191020965576,579181824.0,4.0
7,prune_99,1952,10.770137786865234,2316727.296000002,999.9999999999991
7,quant8,1952,5.304564476013184,579181824.0,4.0
7,celo,1953,6.541484832763672,2317914144.0,1.0
7,prune_50,1953,8.119648933410645,1158957072.0,2.0
7,prune_75,1953,6.848109245300293,579478536.0,4.0
7,prune_99,1953,10.684046745300293,2317914.144000002,999.9999999999991
7,quant8,1953,6.654431343078613,579478536.0,4.0
7,celo,1954,6.472660541534424,2319100992.0,1.0
7,prune_50,1954,6.911764144897461,1159550496.0,2.0
7,prune_75,1954,6.167960166931152,579775248.0,4.0
7,prune_99,1954,10.547441482543945,2319100.992000002,999.9999999999991
7,quant8,1954,6.5088701248168945,579775248.0,4.0
7,celo,1955,6.401590347290039,2320287840.0,1.0
7,prune_50,1955,7.594632625579834,1160143920.0,2.0
7,prune_75,1955,6.622636795043945,580071960.0,4.0
7,prune_99,1955,10.711316108703613,2320287.840000002,999.9999999999991
7,quant8,1955,6.342741012573242,580071960.0,4.0
7,celo,1956,6.125483512878418,2321474688.0,1.0
7,prune_50,1956,6.821316719055176,1160737344.0,2.0
7,prune_75,1956,6.526166915893555,580368672.0,4.0
7,prune_99,1956,10.568780899047852,2321474.688000002,999.9999999999991
7,quant8,1956,6.418205261230469,580368672.0,4.0
7,celo,1957,7.842942714691162,2322661536.0,1.0
7,prune_50,1957,9.017148971557617,1161330768.0,2.0
7,prune_75,1957,7.846431732177734,580665384.0,4.0
7,prune_99,1957,10.43233585357666,2322661.536000002,999.9999999999991
7,quant8,1957,7.850894927978516,580665384.0,4.0
7,celo,1958,5.963142395019531,2323848384.0,1.0
7,prune_50,1958,6.417797565460205,1161924192.0,2.0
7,prune_75,1958,5.799010276794434,580962096.0,4.0
7,prune_99,1958,10.562832832336426,2323848.384000002,999.9999999999991
7,quant8,1958,6.1783294677734375,580962096.0,4.0
7,celo,1959,6.80068302154541,2325035232.0,1.0
7,prune_50,1959,7.8088860511779785,1162517616.0,2.0
7,prune_75,1959,6.916585445404053,581258808.0,4.0
7,prune_99,1959,10.594253540039062,2325035.232000002,999.9999999999991
7,quant8,1959,6.924818992614746,581258808.0,4.0
7,celo,1960,6.490395545959473,2326222080.0,1.0
7,prune_50,1960,7.660005569458008,1163111040.0,2.0
7,prune_75,1960,6.305534839630127,581555520.0,4.0
7,prune_99,1960,10.46371841430664,2326222.080000002,999.9999999999991
7,quant8,1960,6.572760581970215,581555520.0,4.0
7,celo,1961,5.882546424865723,2327408928.0,1.0
7,prune_50,1961,6.965012550354004,1163704464.0,2.0
7,prune_75,1961,5.799549102783203,581852232.0,4.0
7,prune_99,1961,10.556455612182617,2327408.928000002,999.9999999999991
7,quant8,1961,5.868559837341309,581852232.0,4.0
7,celo,1962,6.645401954650879,2328595776.0,1.0
7,prune_50,1962,7.624513626098633,1164297888.0,2.0
7,prune_75,1962,6.884139060974121,582148944.0,4.0
7,prune_99,1962,10.731003761291504,2328595.776000002,999.9999999999991
7,quant8,1962,6.895489692687988,582148944.0,4.0
7,celo,1963,6.031693935394287,2329782624.0,1.0
7,prune_50,1963,7.212985515594482,1164891312.0,2.0
7,prune_75,1963,6.018603324890137,582445656.0,4.0
7,prune_99,1963,10.545642852783203,2329782.624000002,999.9999999999991
7,quant8,1963,5.975764274597168,582445656.0,4.0
7,celo,1964,5.681252956390381,2330969472.0,1.0
7,prune_50,1964,6.136499404907227,1165484736.0,2.0
7,prune_75,1964,5.886474132537842,582742368.0,4.0
7,prune_99,1964,10.371269226074219,2330969.472000002,999.9999999999991
7,quant8,1964,5.603724479675293,582742368.0,4.0
7,celo,1965,6.037326335906982,2332156320.0,1.0
7,prune_50,1965,6.527560234069824,1166078160.0,2.0
7,prune_75,1965,5.967071533203125,583039080.0,4.0
7,prune_99,1965,10.60288143157959,2332156.320000002,999.9999999999991
7,quant8,1965,6.252318859100342,583039080.0,4.0
7,celo,1966,6.550780296325684,2333343168.0,1.0
7,prune_50,1966,7.421991348266602,1166671584.0,2.0
7,prune_75,1966,6.626992225646973,583335792.0,4.0
7,prune_99,1966,10.500571250915527,2333343.168000002,999.9999999999991
7,quant8,1966,6.663081169128418,583335792.0,4.0
7,celo,1967,7.102571487426758,2334530016.0,1.0
7,prune_50,1967,7.9796600341796875,1167265008.0,2.0
7,prune_75,1967,6.964188575744629,583632504.0,4.0
7,prune_99,1967,10.625232696533203,2334530.016000002,999.9999999999991
7,quant8,1967,7.239765644073486,583632504.0,4.0
7,celo,1968,5.891659736633301,2335716864.0,1.0
7,prune_50,1968,7.395557403564453,1167858432.0,2.0
7,prune_75,1968,6.4797797203063965,583929216.0,4.0
7,prune_99,1968,10.414679527282715,2335716.864000002,999.9999999999991
7,quant8,1968,6.143301963806152,583929216.0,4.0
7,celo,1969,5.037649154663086,2336903712.0,1.0
7,prune_50,1969,5.648838043212891,1168451856.0,2.0
7,prune_75,1969,4.938782215118408,584225928.0,4.0
7,prune_99,1969,10.569087982177734,2336903.712000002,999.9999999999991
7,quant8,1969,5.068663597106934,584225928.0,4.0
7,celo,1970,7.546424865722656,2338090560.0,1.0
7,prune_50,1970,8.110189437866211,1169045280.0,2.0
7,prune_75,1970,7.47509765625,584522640.0,4.0
7,prune_99,1970,10.663324356079102,2338090.5600000024,999.9999999999991
7,quant8,1970,7.496261119842529,584522640.0,4.0
7,celo,1971,6.367632865905762,2339277408.0,1.0
7,prune_50,1971,7.47615909576416,1169638704.0,2.0
7,prune_75,1971,6.121129989624023,584819352.0,4.0
7,prune_99,1971,10.446737289428711,2339277.408000002,999.9999999999991
7,quant8,1971,6.36848258972168,584819352.0,4.0
7,celo,1972,6.103416442871094,2340464256.0,1.0
7,prune_50,1972,6.550738334655762,1170232128.0,2.0
7,prune_75,1972,6.162676811218262,585116064.0,4.0
7,prune_99,1972,10.483406066894531,2340464.2560000024,999.9999999999991
7,quant8,1972,6.150994300842285,585116064.0,4.0
7,celo,1973,7.08615255355835,2341651104.0,1.0
7,prune_50,1973,8.12588119506836,1170825552.0,2.0
7,prune_75,1973,7.303977012634277,585412776.0,4.0
7,prune_99,1973,10.607514381408691,2341651.104000002,999.9999999999991
7,quant8,1973,7.137781143188477,585412776.0,4.0
7,celo,1974,7.139511585235596,2342837952.0,1.0
7,prune_50,1974,7.578158855438232,1171418976.0,2.0
7,prune_75,1974,6.961903095245361,585709488.0,4.0
7,prune_99,1974,10.769063949584961,2342837.9520000024,999.9999999999991
7,quant8,1974,6.992402076721191,585709488.0,4.0
7,celo,1975,5.554038047790527,2344024800.0,1.0
7,prune_50,1975,6.365374565124512,1172012400.0,2.0
7,prune_75,1975,5.527469635009766,586006200.0,4.0
7,prune_99,1975,10.58570671081543,2344024.800000002,999.9999999999991
7,quant8,1975,5.7686309814453125,586006200.0,4.0
7,celo,1976,6.436756610870361,2345211648.0,1.0
7,prune_50,1976,7.692846298217773,1172605824.0,2.0
7,prune_75,1976,6.939770698547363,586302912.0,4.0
7,prune_99,1976,10.484111785888672,2345211.6480000024,999.9999999999991
7,quant8,1976,6.649402618408203,586302912.0,4.0
7,celo,1977,7.032363414764404,2346398496.0,1.0
7,prune_50,1977,7.751104354858398,1173199248.0,2.0
7,prune_75,1977,6.923160552978516,586599624.0,4.0
7,prune_99,1977,10.531497955322266,2346398.496000002,999.9999999999991
7,quant8,1977,7.278183460235596,586599624.0,4.0
7,celo,1978,6.587673187255859,2347585344.0,1.0
7,prune_50,1978,7.3812103271484375,1173792672.0,2.0
7,prune_75,1978,6.619115352630615,586896336.0,4.0
7,prune_99,1978,10.85641860961914,2347585.3440000024,999.9999999999991
7,quant8,1978,6.604763984680176,586896336.0,4.0
7,celo,1979,8.012035369873047,2348772192.0,1.0
7,prune_50,1979,9.415559768676758,1174386096.0,2.0
7,prune_75,1979,8.219314575195312,587193048.0,4.0
7,prune_99,1979,10.628864288330078,2348772.192000002,999.9999999999991
7,quant8,1979,8.277728080749512,587193048.0,4.0
7,celo,1980,5.134043216705322,2349959040.0,1.0
7,prune_50,1980,5.8220415115356445,1174979520.0,2.0
7,prune_75,1980,5.206480026245117,587489760.0,4.0
7,prune_99,1980,10.518260955810547,2349959.0400000024,999.9999999999991
7,quant8,1980,5.209743499755859,587489760.0,4.0
7,celo,1981,6.3714704513549805,2351145888.0,1.0
7,prune_50,1981,6.983211517333984,1175572944.0,2.0
7,prune_75,1981,6.430218696594238,587786472.0,4.0
7,prune_99,1981,10.81794261932373,2351145.888000002,999.9999999999991
7,quant8,1981,6.350377082824707,587786472.0,4.0
7,celo,1982,6.474269866943359,2352332736.0,1.0
7,prune_50,1982,7.202588081359863,1176166368.0,2.0
7,prune_75,1982,6.458474159240723,588083184.0,4.0
7,prune_99,1982,10.649263381958008,2352332.7360000024,999.9999999999991
7,quant8,1982,6.533245086669922,588083184.0,4.0
7,celo,1983,6.947169303894043,2353519584.0,1.0
7,prune_50,1983,8.388788223266602,1176759792.0,2.0
7,prune_75,1983,7.204917907714844,588379896.0,4.0
7,prune_99,1983,10.50624942779541,2353519.584000002,999.9999999999991
7,quant8,1983,7.098484992980957,588379896.0,4.0
7,celo,1984,7.048936367034912,2354706432.0,1.0
7,prune_50,1984,7.719141960144043,1177353216.0,2.0
7,prune_75,1984,7.035120964050293,588676608.0,4.0
7,prune_99,1984,10.496854782104492,2354706.4320000024,999.9999999999991
7,quant8,1984,7.098616123199463,588676608.0,4.0
7,celo,1985,7.796758651733398,2355893280.0,1.0
7,prune_50,1985,8.583780288696289,1177946640.0,2.0
7,prune_75,1985,7.4479217529296875,588973320.0,4.0
7,prune_99,1985,10.507072448730469,2355893.280000002,999.9999999999991
7,quant8,1985,7.725658893585205,588973320.0,4.0
7,celo,1986,4.876608371734619,2357080128.0,1.0
7,prune_50,1986,5.414848327636719,1178540064.0,2.0
7,prune_75,1986,5.31328821182251,589270032.0,4.0
7,prune_99,1986,10.783191680908203,2357080.1280000024,999.9999999999991
7,quant8,1986,4.9572553634643555,589270032.0,4.0
7,celo,1987,6.458188056945801,2358266976.0,1.0
7,prune_50,1987,7.697999000549316,1179133488.0,2.0
7,prune_75,1987,6.610834121704102,589566744.0,4.0
7,prune_99,1987,10.7596435546875,2358266.976000002,999.9999999999991
7,quant8,1987,6.48051643371582,589566744.0,4.0
7,celo,1988,6.41149377822876,2359453824.0,1.0
7,prune_50,1988,7.213350296020508,1179726912.0,2.0
7,prune_75,1988,6.608127593994141,589863456.0,4.0
7,prune_99,1988,10.620260238647461,2359453.8240000024,999.9999999999991
7,quant8,1988,6.430848598480225,589863456.0,4.0
7,celo,1989,6.018730640411377,2360640672.0,1.0
7,prune_50,1989,7.020107269287109,1180320336.0,2.0
7,prune_75,1989,6.297873497009277,590160168.0,4.0
7,prune_99,1989,10.578668594360352,2360640.672000002,999.9999999999991
7,quant8,1989,6.03692626953125,590160168.0,4.0
7,celo,1990,6.001490592956543,2361827520.0,1.0
7,prune_50,1990,7.167717933654785,1180913760.0,2.0
7,prune_75,1990,6.019678115844727,590456880.0,4.0
7,prune_99,1990,10.591785430908203,2361827.5200000023,999.9999999999991
7,quant8,1990,6.103481292724609,590456880.0,4.0
7,celo,1991,6.597557544708252,2363014368.0,1.0
7,prune_50,1991,7.393190383911133,1181507184.0,2.0
7,prune_75,1991,6.59592866897583,590753592.0,4.0
7,prune_99,1991,10.534860610961914,2363014.368000002,999.9999999999991
7,quant8,1991,6.744570732116699,590753592.0,4.0
7,celo,1992,6.549868583679199,2364201216.0,1.0
7,prune_50,1992,6.913307189941406,1182100608.0,2.0
7,prune_75,1992,6.576949119567871,591050304.0,4.0
7,prune_99,1992,10.724142074584961,2364201.2160000023,999.9999999999991
7,quant8,1992,6.56721305847168,591050304.0,4.0
7,celo,1993,7.4150071144104,2365388064.0,1.0
7,prune_50,1993,8.748128890991211,1182694032.0,2.0
7,prune_75,1993,7.708738327026367,591347016.0,4.0
7,prune_99,1993,10.306144714355469,2365388.064000002,999.9999999999991
7,quant8,1993,7.4531168937683105,591347016.0,4.0
7,celo,1994,5.1235809326171875,2366574912.0,1.0
7,prune_50,1994,5.574328422546387,1183287456.0,2.0
7,prune_75,1994,5.216340065002441,591643728.0,4.0
7,prune_99,1994,10.608488082885742,2366574.9120000023,999.9999999999991
7,quant8,1994,5.558413505554199,591643728.0,4.0
7,celo,1995,6.756731033325195,2367761760.0,1.0
7,prune_50,1995,7.747318267822266,1183880880.0,2.0
7,prune_75,1995,6.818769454956055,591940440.0,4.0
7,prune_99,1995,10.396605491638184,2367761.760000002,999.9999999999991
7,quant8,1995,6.857758522033691,591940440.0,4.0
7,celo,1996,7.086441993713379,2368948608.0,1.0
7,prune_50,1996,7.7222442626953125,1184474304.0,2.0
7,prune_75,1996,7.07765007019043,592237152.0,4.0
7,prune_99,1996,10.57827377319336,2368948.6080000023,999.9999999999991
7,quant8,1996,7.135247230529785,592237152.0,4.0
7,celo,1997,5.106106758117676,2370135456.0,1.0
7,prune_50,1997,5.228057861328125,1185067728.0,2.0
7,prune_75,1997,5.392663955688477,592533864.0,4.0
7,prune_99,1997,10.599201202392578,2370135.456000002,999.9999999999991
7,quant8,1997,5.321863174438477,592533864.0,4.0
7,celo,1998,5.433463096618652,2371322304.0,1.0
7,prune_50,1998,5.629362106323242,1185661152.0,2.0
7,prune_75,1998,5.467735290527344,592830576.0,4.0
7,prune_99,1998,10.669275283813477,2371322.3040000023,999.9999999999991
7,quant8,1998,5.396181583404541,592830576.0,4.0
7,celo,1999,6.289128303527832,2372509152.0,1.0
7,prune_50,1999,7.179913520812988,1186254576.0,2.0
7,prune_75,1999,6.37382698059082,593127288.0,4.0
7,prune_99,1999,10.553825378417969,2372509.152000002,999.9999999999991
7,quant8,1999,6.164149761199951,593127288.0,4.0
7,celo,2000,6.544496536254883,2373696000.0,1.0
7,prune_50,2000,7.484853744506836,1186848000.0,2.0
7,prune_75,2000,6.455888748168945,593424000.0,4.0
7,prune_99,2000,10.583465576171875,2373696.0000000023,999.9999999999991
7,quant8,2000,6.610476016998291,593424000.0,4.0
