dataset,run,step,optimizer,train_loss,val_loss,cum_flops
TransformerLM_LM1B_MultiRuntime_0,0,0,celo,10.763906478881836,10.763906478881836,0.0
TransformerLM_LM1B_MultiRuntime_0,0,0,celo_prune,10.731644630432129,10.731644630432129,0.0
TransformerLM_LM1B_MultiRuntime_0,0,0,celo_q8,10.727909088134766,10.727909088134766,0.0
TransformerLM_LM1B_MultiRuntime_0,0,0,adam,10.707162857055664,10.707162857055664,0.0
TransformerLM_LM1B_MultiRuntime_0,0,0,adafactor,10.80421257019043,10.80421257019043,0.0
TransformerLM_LM1B_MultiRuntime_0,0,0,sgd,10.768640518188477,10.768640518188477,0.0
TransformerLM_LM1B_MultiRuntime_0,0,100,celo,6.900520324707031,7.60652494430542,4383708800.0
TransformerLM_LM1B_MultiRuntime_0,0,100,celo_prune,7.060446739196777,7.487790107727051,4324366400.0
TransformerLM_LM1B_MultiRuntime_0,0,100,celo_q8,6.951116561889648,7.534213542938232,4294695200.0
TransformerLM_LM1B_MultiRuntime_0,0,100,adam,10.151565551757812,10.405194282531738,12795072000.0
TransformerLM_LM1B_MultiRuntime_0,0,100,adafactor,10.462532043457031,10.661825180053711,10662560000.0
TransformerLM_LM1B_MultiRuntime_0,0,100,sgd,8.44896125793457,9.240242004394531,8530048000.0
TransformerLM_LM1B_MultiRuntime_0,0,200,celo,6.77288293838501,7.114812850952148,8767417600.0
TransformerLM_LM1B_MultiRuntime_0,0,200,celo_prune,6.9945597648620605,7.2053351402282715,8648732800.0
TransformerLM_LM1B_MultiRuntime_0,0,200,celo_q8,6.914048194885254,7.143497467041016,8589390400.0
TransformerLM_LM1B_MultiRuntime_0,0,200,adam,9.976882934570312,9.862983703613281,25590144000.0
TransformerLM_LM1B_MultiRuntime_0,0,200,adafactor,10.676137924194336,10.55548095703125,21325120000.0
TransformerLM_LM1B_MultiRuntime_0,0,200,sgd,8.20753288269043,8.29931926727295,17060096000.0
TransformerLM_LM1B_MultiRuntime_0,0,300,celo,7.9742631912231445,6.596904754638672,13151126400.0
TransformerLM_LM1B_MultiRuntime_0,0,300,celo_prune,8.105998039245605,6.660755634307861,12973099200.0
TransformerLM_LM1B_MultiRuntime_0,0,300,celo_q8,8.034849166870117,6.63292121887207,12884085600.0
TransformerLM_LM1B_MultiRuntime_0,0,300,adam,9.660528182983398,8.930057525634766,38385216000.0
TransformerLM_LM1B_MultiRuntime_0,0,300,adafactor,10.63241195678711,10.341733932495117,31987680000.0
TransformerLM_LM1B_MultiRuntime_0,0,300,sgd,9.444808006286621,7.238656997680664,25590144000.0
TransformerLM_LM1B_MultiRuntime_0,0,400,celo,6.581423759460449,6.792743682861328,17534835200.0
TransformerLM_LM1B_MultiRuntime_0,0,400,celo_prune,6.695663928985596,6.989026069641113,17297465600.0
TransformerLM_LM1B_MultiRuntime_0,0,400,celo_q8,6.664222717285156,6.743439674377441,17178780800.0
TransformerLM_LM1B_MultiRuntime_0,0,400,adam,8.427160263061523,8.57590103149414,51180288000.0
TransformerLM_LM1B_MultiRuntime_0,0,400,adafactor,10.534594535827637,10.569829940795898,42650240000.0
TransformerLM_LM1B_MultiRuntime_0,0,400,sgd,7.876680374145508,7.6455278396606445,34120192000.0
TransformerLM_LM1B_MultiRuntime_0,0,500,celo,6.519494533538818,5.973975658416748,21918544000.0
TransformerLM_LM1B_MultiRuntime_0,0,500,celo_prune,6.469432353973389,5.978710174560547,21621832000.0
TransformerLM_LM1B_MultiRuntime_0,0,500,celo_q8,6.4730329513549805,5.917728424072266,21473476000.0
TransformerLM_LM1B_MultiRuntime_0,0,500,adam,8.296247482299805,7.858347415924072,63975360000.0
TransformerLM_LM1B_MultiRuntime_0,0,500,adafactor,10.474992752075195,10.557258605957031,53312800000.0
TransformerLM_LM1B_MultiRuntime_0,0,500,sgd,7.663248538970947,7.38665771484375,42650240000.0
TransformerLM_LM1B_MultiRuntime_0,0,600,celo,7.2230963706970215,7.922672748565674,26302252800.0
TransformerLM_LM1B_MultiRuntime_0,0,600,celo_prune,7.394013404846191,7.9418134689331055,25946198400.0
TransformerLM_LM1B_MultiRuntime_0,0,600,celo_q8,7.347658634185791,7.8924560546875,25768171200.0
TransformerLM_LM1B_MultiRuntime_0,0,600,adam,8.121463775634766,8.749703407287598,76770432000.0
TransformerLM_LM1B_MultiRuntime_0,0,600,adafactor,10.338905334472656,10.351611137390137,63975360000.0
TransformerLM_LM1B_MultiRuntime_0,0,600,sgd,8.124350547790527,8.625362396240234,51180288000.0
TransformerLM_LM1B_MultiRuntime_0,0,700,celo,7.233531951904297,6.527845859527588,30685961600.0
TransformerLM_LM1B_MultiRuntime_0,0,700,celo_prune,7.23520565032959,6.829474449157715,30270564800.0
TransformerLM_LM1B_MultiRuntime_0,0,700,celo_q8,7.066141128540039,6.541595458984375,30062866400.0
TransformerLM_LM1B_MultiRuntime_0,0,700,adam,7.942152500152588,7.371349334716797,89565504000.0
TransformerLM_LM1B_MultiRuntime_0,0,700,adafactor,10.248114585876465,10.322853088378906,74637920000.0
TransformerLM_LM1B_MultiRuntime_0,0,700,sgd,7.981021881103516,7.642733573913574,59710336000.0
TransformerLM_LM1B_MultiRuntime_0,0,800,celo,6.140674114227295,6.975585460662842,35069670400.0
TransformerLM_LM1B_MultiRuntime_0,0,800,celo_prune,5.929787635803223,6.988057613372803,34594931200.0
TransformerLM_LM1B_MultiRuntime_0,0,800,celo_q8,5.997381210327148,7.0309624671936035,34357561600.0
TransformerLM_LM1B_MultiRuntime_0,0,800,adam,6.916556358337402,7.174150466918945,102360576000.0
TransformerLM_LM1B_MultiRuntime_0,0,800,adafactor,10.40847110748291,10.24185848236084,85300480000.0
TransformerLM_LM1B_MultiRuntime_0,0,800,sgd,6.825772285461426,7.914518356323242,68240384000.0
TransformerLM_LM1B_MultiRuntime_0,0,900,celo,7.254195213317871,6.365348815917969,39453379200.0
TransformerLM_LM1B_MultiRuntime_0,0,900,celo_prune,7.350118160247803,6.505098342895508,38919297600.0
TransformerLM_LM1B_MultiRuntime_0,0,900,celo_q8,7.33798885345459,6.461554050445557,38652256800.0
TransformerLM_LM1B_MultiRuntime_0,0,900,adam,7.6032938957214355,7.030354022979736,115155648000.0
TransformerLM_LM1B_MultiRuntime_0,0,900,adafactor,10.226545333862305,10.101339340209961,95963040000.0
TransformerLM_LM1B_MultiRuntime_0,0,900,sgd,8.275798797607422,7.509284496307373,76770432000.0
TransformerLM_LM1B_MultiRuntime_0,0,1000,celo,6.714227676391602,6.588324546813965,43837088000.0
TransformerLM_LM1B_MultiRuntime_0,0,1000,celo_prune,6.842719078063965,6.708589553833008,43243664000.0
TransformerLM_LM1B_MultiRuntime_0,0,1000,celo_q8,6.676017761230469,6.564620494842529,42946952000.0
TransformerLM_LM1B_MultiRuntime_0,0,1000,adam,7.159002304077148,6.985476016998291,127950720000.0
TransformerLM_LM1B_MultiRuntime_0,0,1000,adafactor,10.184608459472656,10.219484329223633,106625600000.0
TransformerLM_LM1B_MultiRuntime_0,0,1000,sgd,7.7222723960876465,7.467459678649902,85300480000.0
TransformerLM_LM1B_MultiRuntime_0,0,1100,celo,6.935114860534668,6.619306564331055,48220796800.0
TransformerLM_LM1B_MultiRuntime_0,0,1100,celo_prune,6.909536838531494,6.661398887634277,47568030400.0
TransformerLM_LM1B_MultiRuntime_0,0,1100,celo_q8,7.06562614440918,6.614162445068359,47241647200.0
TransformerLM_LM1B_MultiRuntime_0,0,1100,adam,7.470272541046143,7.557216644287109,140745792000.0
TransformerLM_LM1B_MultiRuntime_0,0,1100,adafactor,9.983162879943848,9.975399017333984,117288160000.0
TransformerLM_LM1B_MultiRuntime_0,0,1100,sgd,7.352412223815918,7.452960968017578,93830528000.0
TransformerLM_LM1B_MultiRuntime_0,0,1200,celo,6.691807746887207,6.177098274230957,52604505600.0
TransformerLM_LM1B_MultiRuntime_0,0,1200,celo_prune,6.937203407287598,6.168719291687012,51892396800.0
TransformerLM_LM1B_MultiRuntime_0,0,1200,celo_q8,6.7737717628479,6.1734619140625,51536342400.0
TransformerLM_LM1B_MultiRuntime_0,0,1200,adam,7.014001846313477,6.3297624588012695,153540864000.0
TransformerLM_LM1B_MultiRuntime_0,0,1200,adafactor,10.412827491760254,9.72592544555664,127950720000.0
TransformerLM_LM1B_MultiRuntime_0,0,1200,sgd,7.649954795837402,6.994072437286377,102360576000.0
TransformerLM_LM1B_MultiRuntime_0,0,1300,celo,4.51760196685791,7.231655597686768,56988214400.0
TransformerLM_LM1B_MultiRuntime_0,0,1300,celo_prune,4.913558006286621,7.299158096313477,56216763200.0
TransformerLM_LM1B_MultiRuntime_0,0,1300,celo_q8,4.7410888671875,7.305481433868408,55831037600.0
TransformerLM_LM1B_MultiRuntime_0,0,1300,adam,5.6982102394104,7.828244686126709,166335936000.0
TransformerLM_LM1B_MultiRuntime_0,0,1300,adafactor,9.626089096069336,9.98296070098877,138613280000.0
TransformerLM_LM1B_MultiRuntime_0,0,1300,sgd,6.0324859619140625,8.311212539672852,110890624000.0
TransformerLM_LM1B_MultiRuntime_0,0,1400,celo,6.169173717498779,5.423588752746582,61371923200.0
TransformerLM_LM1B_MultiRuntime_0,0,1400,celo_prune,6.019021987915039,5.745706081390381,60541129600.0
TransformerLM_LM1B_MultiRuntime_0,0,1400,celo_q8,6.071961402893066,5.5353193283081055,60125732800.0
TransformerLM_LM1B_MultiRuntime_0,0,1400,adam,7.096063613891602,5.8659586906433105,179131008000.0
TransformerLM_LM1B_MultiRuntime_0,0,1400,adafactor,10.010644912719727,9.516518592834473,149275840000.0
TransformerLM_LM1B_MultiRuntime_0,0,1400,sgd,7.107829570770264,6.086676120758057,119420672000.0
TransformerLM_LM1B_MultiRuntime_0,0,1500,celo,7.306047439575195,7.462226867675781,65755632000.0
TransformerLM_LM1B_MultiRuntime_0,0,1500,celo_prune,7.3521037101745605,7.255352020263672,64865496000.0
TransformerLM_LM1B_MultiRuntime_0,0,1500,celo_q8,7.293956279754639,7.245246887207031,64420428000.0
TransformerLM_LM1B_MultiRuntime_0,0,1500,adam,7.758980751037598,8.00343132019043,191926080000.0
TransformerLM_LM1B_MultiRuntime_0,0,1500,adafactor,9.843420028686523,10.066914558410645,159938400000.0
TransformerLM_LM1B_MultiRuntime_0,0,1500,sgd,8.040632247924805,8.125984191894531,127950720000.0
TransformerLM_LM1B_MultiRuntime_0,0,1600,celo,5.486153602600098,6.639654159545898,70139340800.0
TransformerLM_LM1B_MultiRuntime_0,0,1600,celo_prune,5.6344194412231445,6.815472602844238,69189862400.0
TransformerLM_LM1B_MultiRuntime_0,0,1600,celo_q8,5.610935211181641,6.732163906097412,68715123200.0
TransformerLM_LM1B_MultiRuntime_0,0,1600,adam,6.222203254699707,7.197192192077637,204721152000.0
TransformerLM_LM1B_MultiRuntime_0,0,1600,adafactor,9.46900749206543,9.684966087341309,170600960000.0
TransformerLM_LM1B_MultiRuntime_0,0,1600,sgd,6.7375688552856445,7.730135440826416,136480768000.0
TransformerLM_LM1B_MultiRuntime_0,0,1700,celo,7.028480529785156,6.088591575622559,74523049600.0
TransformerLM_LM1B_MultiRuntime_0,0,1700,celo_prune,6.928473472595215,6.124587535858154,73514228800.0
TransformerLM_LM1B_MultiRuntime_0,0,1700,celo_q8,7.133064270019531,6.285870552062988,73009818400.0
TransformerLM_LM1B_MultiRuntime_0,0,1700,adam,7.712087631225586,6.545153617858887,217516224000.0
TransformerLM_LM1B_MultiRuntime_0,0,1700,adafactor,9.817469596862793,9.163078308105469,181263520000.0
TransformerLM_LM1B_MultiRuntime_0,0,1700,sgd,8.344056129455566,6.902121067047119,145010816000.0
TransformerLM_LM1B_MultiRuntime_0,0,1800,celo,5.9028754234313965,7.096363067626953,78906758400.0
TransformerLM_LM1B_MultiRuntime_0,0,1800,celo_prune,6.402340888977051,7.395298004150391,77838595200.0
TransformerLM_LM1B_MultiRuntime_0,0,1800,celo_q8,5.945734024047852,7.1119794845581055,77304513600.0
TransformerLM_LM1B_MultiRuntime_0,0,1800,adam,6.932922840118408,7.653456687927246,230311296000.0
TransformerLM_LM1B_MultiRuntime_0,0,1800,adafactor,9.340192794799805,9.856351852416992,191926080000.0
TransformerLM_LM1B_MultiRuntime_0,0,1800,sgd,7.512199878692627,8.293920516967773,153540864000.0
TransformerLM_LM1B_MultiRuntime_0,0,1900,celo,5.805098056793213,7.685314655303955,83290467200.0
TransformerLM_LM1B_MultiRuntime_0,0,1900,celo_prune,5.9395856857299805,7.648414611816406,82162961600.0
TransformerLM_LM1B_MultiRuntime_0,0,1900,celo_q8,5.757402420043945,7.622403144836426,81599208800.0
TransformerLM_LM1B_MultiRuntime_0,0,1900,adam,6.690865993499756,7.307836532592773,243106368000.0
TransformerLM_LM1B_MultiRuntime_0,0,1900,adafactor,9.367321014404297,9.456853866577148,202588640000.0
TransformerLM_LM1B_MultiRuntime_0,0,1900,sgd,6.721942901611328,7.965188980102539,162070912000.0
TransformerLM_LM1B_MultiRuntime_0,0,2000,celo,6.642491340637207,5.769537448883057,87674176000.0
TransformerLM_LM1B_MultiRuntime_0,0,2000,celo_prune,6.748264312744141,5.908290386199951,86487328000.0
TransformerLM_LM1B_MultiRuntime_0,0,2000,celo_q8,6.766608715057373,5.84751558303833,85893904000.0
TransformerLM_LM1B_MultiRuntime_0,0,2000,adam,6.828956127166748,6.499582290649414,255901440000.0
TransformerLM_LM1B_MultiRuntime_0,0,2000,adafactor,8.9668550491333,9.096323013305664,213251200000.0
TransformerLM_LM1B_MultiRuntime_0,0,2000,sgd,7.356590747833252,7.11244010925293,170600960000.0
TransformerLM_LM1B_MultiRuntime_0,1,0,celo,10.756518363952637,10.756518363952637,0.0
TransformerLM_LM1B_MultiRuntime_0,1,0,celo_prune,10.675565719604492,10.675565719604492,0.0
TransformerLM_LM1B_MultiRuntime_0,1,0,celo_q8,10.762358665466309,10.762358665466309,0.0
TransformerLM_LM1B_MultiRuntime_0,1,0,adam,10.602864265441895,10.602864265441895,0.0
TransformerLM_LM1B_MultiRuntime_0,1,0,adafactor,10.622447967529297,10.622447967529297,0.0
TransformerLM_LM1B_MultiRuntime_0,1,0,sgd,10.645370483398438,10.645370483398438,0.0
TransformerLM_LM1B_MultiRuntime_0,1,100,celo,5.196660041809082,7.090874671936035,4383708800.0
TransformerLM_LM1B_MultiRuntime_0,1,100,celo_prune,5.3526740074157715,7.007339000701904,4324366400.0
TransformerLM_LM1B_MultiRuntime_0,1,100,celo_q8,5.287874221801758,7.0123138427734375,4294695200.0
TransformerLM_LM1B_MultiRuntime_0,1,100,adam,10.154848098754883,10.185460090637207,12795072000.0
TransformerLM_LM1B_MultiRuntime_0,1,100,adafactor,10.483256340026855,10.606626510620117,10662560000.0
TransformerLM_LM1B_MultiRuntime_0,1,100,sgd,7.784850120544434,8.343223571777344,8530048000.0
TransformerLM_LM1B_MultiRuntime_0,1,200,celo,6.921840667724609,7.265741348266602,8767417600.0
TransformerLM_LM1B_MultiRuntime_0,1,200,celo_prune,7.061809539794922,7.217876434326172,8648732800.0
TransformerLM_LM1B_MultiRuntime_0,1,200,celo_q8,6.991673469543457,7.148346900939941,8589390400.0
TransformerLM_LM1B_MultiRuntime_0,1,200,adam,10.083267211914062,10.567652702331543,25590144000.0
TransformerLM_LM1B_MultiRuntime_0,1,200,adafactor,10.692724227905273,11.075592994689941,21325120000.0
TransformerLM_LM1B_MultiRuntime_0,1,200,sgd,8.463085174560547,9.2207670211792,17060096000.0
TransformerLM_LM1B_MultiRuntime_0,1,300,celo,7.368439674377441,7.040477275848389,13151126400.0
TransformerLM_LM1B_MultiRuntime_0,1,300,celo_prune,7.423912525177002,7.122183799743652,12973099200.0
TransformerLM_LM1B_MultiRuntime_0,1,300,celo_q8,7.355290412902832,6.939814567565918,12884085600.0
TransformerLM_LM1B_MultiRuntime_0,1,300,adam,9.360172271728516,9.499968528747559,38385216000.0
TransformerLM_LM1B_MultiRuntime_0,1,300,adafactor,10.475176811218262,10.600536346435547,31987680000.0
TransformerLM_LM1B_MultiRuntime_0,1,300,sgd,8.224374771118164,8.283543586730957,25590144000.0
TransformerLM_LM1B_MultiRuntime_0,1,400,celo,5.955615043640137,6.000662803649902,17534835200.0
TransformerLM_LM1B_MultiRuntime_0,1,400,celo_prune,5.987569808959961,6.155473709106445,17297465600.0
TransformerLM_LM1B_MultiRuntime_0,1,400,celo_q8,5.9562907218933105,6.215095043182373,17178780800.0
TransformerLM_LM1B_MultiRuntime_0,1,400,adam,8.534353256225586,8.05846118927002,51180288000.0
TransformerLM_LM1B_MultiRuntime_0,1,400,adafactor,10.489006042480469,10.226414680480957,42650240000.0
TransformerLM_LM1B_MultiRuntime_0,1,400,sgd,7.226657867431641,6.847128868103027,34120192000.0
TransformerLM_LM1B_MultiRuntime_0,1,500,celo,7.278809070587158,5.787052154541016,21918544000.0
TransformerLM_LM1B_MultiRuntime_0,1,500,celo_prune,7.377326011657715,5.787698745727539,21621832000.0
TransformerLM_LM1B_MultiRuntime_0,1,500,celo_q8,7.1629157066345215,5.664689540863037,21473476000.0
TransformerLM_LM1B_MultiRuntime_0,1,500,adam,8.640528678894043,7.947251796722412,63975360000.0
TransformerLM_LM1B_MultiRuntime_0,1,500,adafactor,10.37337875366211,10.575335502624512,53312800000.0
TransformerLM_LM1B_MultiRuntime_0,1,500,sgd,8.903617858886719,7.237301349639893,42650240000.0
TransformerLM_LM1B_MultiRuntime_0,1,600,celo,6.9614763259887695,7.312732219696045,26302252800.0
TransformerLM_LM1B_MultiRuntime_0,1,600,celo_prune,7.2254133224487305,7.385321617126465,25946198400.0
TransformerLM_LM1B_MultiRuntime_0,1,600,celo_q8,6.868984222412109,7.363015174865723,25768171200.0
TransformerLM_LM1B_MultiRuntime_0,1,600,adam,8.072720527648926,8.282278060913086,76770432000.0
TransformerLM_LM1B_MultiRuntime_0,1,600,adafactor,10.560693740844727,10.793829917907715,63975360000.0
TransformerLM_LM1B_MultiRuntime_0,1,600,sgd,7.8522844314575195,8.393123626708984,51180288000.0
TransformerLM_LM1B_MultiRuntime_0,1,700,celo,6.136209011077881,7.227104187011719,30685961600.0
TransformerLM_LM1B_MultiRuntime_0,1,700,celo_prune,6.233444690704346,7.259895324707031,30270564800.0
TransformerLM_LM1B_MultiRuntime_0,1,700,celo_q8,6.055586338043213,7.26153039932251,30062866400.0
TransformerLM_LM1B_MultiRuntime_0,1,700,adam,7.014726638793945,8.010842323303223,89565504000.0
TransformerLM_LM1B_MultiRuntime_0,1,700,adafactor,10.36298942565918,10.221990585327148,74637920000.0
TransformerLM_LM1B_MultiRuntime_0,1,700,sgd,7.1092939376831055,8.06826400756836,59710336000.0
TransformerLM_LM1B_MultiRuntime_0,1,800,celo,5.370766639709473,6.027980327606201,35069670400.0
TransformerLM_LM1B_MultiRuntime_0,1,800,celo_prune,5.419633865356445,6.009417533874512,34594931200.0
TransformerLM_LM1B_MultiRuntime_0,1,800,celo_q8,5.253814220428467,6.017695903778076,34357561600.0
TransformerLM_LM1B_MultiRuntime_0,1,800,adam,6.284661293029785,6.876904487609863,102360576000.0
TransformerLM_LM1B_MultiRuntime_0,1,800,adafactor,10.155238151550293,10.191720962524414,85300480000.0
TransformerLM_LM1B_MultiRuntime_0,1,800,sgd,6.519371509552002,7.107542991638184,68240384000.0
TransformerLM_LM1B_MultiRuntime_0,1,900,celo,6.560525417327881,6.836235046386719,39453379200.0
TransformerLM_LM1B_MultiRuntime_0,1,900,celo_prune,6.498499393463135,6.981192111968994,38919297600.0
TransformerLM_LM1B_MultiRuntime_0,1,900,celo_q8,6.638907432556152,6.820692539215088,38652256800.0
TransformerLM_LM1B_MultiRuntime_0,1,900,adam,7.289348602294922,7.581972122192383,115155648000.0
TransformerLM_LM1B_MultiRuntime_0,1,900,adafactor,10.34808349609375,10.178890228271484,95963040000.0
TransformerLM_LM1B_MultiRuntime_0,1,900,sgd,7.551177978515625,7.979542255401611,76770432000.0
TransformerLM_LM1B_MultiRuntime_0,1,1000,celo,6.886700630187988,7.571373462677002,43837088000.0
TransformerLM_LM1B_MultiRuntime_0,1,1000,celo_prune,6.675365924835205,7.439120769500732,43243664000.0
TransformerLM_LM1B_MultiRuntime_0,1,1000,celo_q8,6.780073165893555,7.4529595375061035,42946952000.0
TransformerLM_LM1B_MultiRuntime_0,1,1000,adam,7.088286876678467,8.167152404785156,127950720000.0
TransformerLM_LM1B_MultiRuntime_0,1,1000,adafactor,10.008123397827148,10.40057373046875,106625600000.0
TransformerLM_LM1B_MultiRuntime_0,1,1000,sgd,7.619709014892578,7.936543941497803,85300480000.0
TransformerLM_LM1B_MultiRuntime_0,1,1100,celo,7.717496395111084,6.359813690185547,48220796800.0
TransformerLM_LM1B_MultiRuntime_0,1,1100,celo_prune,7.756949424743652,6.523503303527832,47568030400.0
TransformerLM_LM1B_MultiRuntime_0,1,1100,celo_q8,7.637798309326172,6.306292533874512,47241647200.0
TransformerLM_LM1B_MultiRuntime_0,1,1100,adam,8.48726749420166,6.613955974578857,140745792000.0
TransformerLM_LM1B_MultiRuntime_0,1,1100,adafactor,10.468416213989258,10.047933578491211,117288160000.0
TransformerLM_LM1B_MultiRuntime_0,1,1100,sgd,8.419832229614258,6.8916497230529785,93830528000.0
TransformerLM_LM1B_MultiRuntime_0,1,1200,celo,6.68281364440918,6.457675933837891,52604505600.0
TransformerLM_LM1B_MultiRuntime_0,1,1200,celo_prune,6.6872124671936035,6.418253421783447,51892396800.0
TransformerLM_LM1B_MultiRuntime_0,1,1200,celo_q8,6.682729244232178,6.298920154571533,51536342400.0
TransformerLM_LM1B_MultiRuntime_0,1,1200,adam,7.014837741851807,7.266329765319824,153540864000.0
TransformerLM_LM1B_MultiRuntime_0,1,1200,adafactor,9.864330291748047,9.959380149841309,127950720000.0
TransformerLM_LM1B_MultiRuntime_0,1,1200,sgd,7.240071773529053,7.109614849090576,102360576000.0
TransformerLM_LM1B_MultiRuntime_0,1,1300,celo,6.009294509887695,6.728551864624023,56988214400.0
TransformerLM_LM1B_MultiRuntime_0,1,1300,celo_prune,6.25627326965332,6.684694290161133,56216763200.0
TransformerLM_LM1B_MultiRuntime_0,1,1300,celo_q8,6.091861248016357,6.603943824768066,55831037600.0
TransformerLM_LM1B_MultiRuntime_0,1,1300,adam,6.646767616271973,7.25925874710083,166335936000.0
TransformerLM_LM1B_MultiRuntime_0,1,1300,adafactor,9.88476276397705,9.75741958618164,138613280000.0
TransformerLM_LM1B_MultiRuntime_0,1,1300,sgd,7.15241813659668,7.8536787033081055,110890624000.0
TransformerLM_LM1B_MultiRuntime_0,1,1400,celo,6.200221061706543,7.129062175750732,61371923200.0
TransformerLM_LM1B_MultiRuntime_0,1,1400,celo_prune,6.379180908203125,7.15726375579834,60541129600.0
TransformerLM_LM1B_MultiRuntime_0,1,1400,celo_q8,6.177652359008789,7.187646865844727,60125732800.0
TransformerLM_LM1B_MultiRuntime_0,1,1400,adam,6.813204288482666,7.514880180358887,179131008000.0
TransformerLM_LM1B_MultiRuntime_0,1,1400,adafactor,9.595113754272461,10.120870590209961,149275840000.0
TransformerLM_LM1B_MultiRuntime_0,1,1400,sgd,7.077388763427734,7.980782985687256,119420672000.0
TransformerLM_LM1B_MultiRuntime_0,1,1500,celo,7.954843521118164,6.523860931396484,65755632000.0
TransformerLM_LM1B_MultiRuntime_0,1,1500,celo_prune,8.206436157226562,6.490110397338867,64865496000.0
TransformerLM_LM1B_MultiRuntime_0,1,1500,celo_q8,8.261022567749023,6.489365577697754,64420428000.0
TransformerLM_LM1B_MultiRuntime_0,1,1500,adam,8.617415428161621,7.09122371673584,191926080000.0
TransformerLM_LM1B_MultiRuntime_0,1,1500,adafactor,10.399433135986328,9.814102172851562,159938400000.0
TransformerLM_LM1B_MultiRuntime_0,1,1500,sgd,8.928098678588867,7.32321834564209,127950720000.0
TransformerLM_LM1B_MultiRuntime_0,1,1600,celo,7.293786525726318,6.422749042510986,70139340800.0
TransformerLM_LM1B_MultiRuntime_0,1,1600,celo_prune,7.5326313972473145,6.304917335510254,69189862400.0
TransformerLM_LM1B_MultiRuntime_0,1,1600,celo_q8,7.430717468261719,6.37303352355957,68715123200.0
TransformerLM_LM1B_MultiRuntime_0,1,1600,adam,7.529621124267578,6.889473915100098,204721152000.0
TransformerLM_LM1B_MultiRuntime_0,1,1600,adafactor,10.100292205810547,9.757644653320312,170600960000.0
TransformerLM_LM1B_MultiRuntime_0,1,1600,sgd,8.11780834197998,7.114170074462891,136480768000.0
TransformerLM_LM1B_MultiRuntime_0,1,1700,celo,7.435396194458008,5.2596821784973145,74523049600.0
TransformerLM_LM1B_MultiRuntime_0,1,1700,celo_prune,7.405947685241699,5.360610008239746,73514228800.0
TransformerLM_LM1B_MultiRuntime_0,1,1700,celo_q8,7.179566860198975,5.240732669830322,73009818400.0
TransformerLM_LM1B_MultiRuntime_0,1,1700,adam,7.586643218994141,5.500398635864258,217516224000.0
TransformerLM_LM1B_MultiRuntime_0,1,1700,adafactor,9.676591873168945,9.487506866455078,181263520000.0
TransformerLM_LM1B_MultiRuntime_0,1,1700,sgd,7.719613075256348,5.782574653625488,145010816000.0
TransformerLM_LM1B_MultiRuntime_0,1,1800,celo,5.662313461303711,7.268589496612549,78906758400.0
TransformerLM_LM1B_MultiRuntime_0,1,1800,celo_prune,5.682804584503174,7.422372341156006,77838595200.0
TransformerLM_LM1B_MultiRuntime_0,1,1800,celo_q8,5.639816761016846,7.295537948608398,77304513600.0
TransformerLM_LM1B_MultiRuntime_0,1,1800,adam,6.215695858001709,7.795048713684082,230311296000.0
TransformerLM_LM1B_MultiRuntime_0,1,1800,adafactor,9.406222343444824,9.792469024658203,191926080000.0
TransformerLM_LM1B_MultiRuntime_0,1,1800,sgd,6.631559371948242,8.233399391174316,153540864000.0
TransformerLM_LM1B_MultiRuntime_0,1,1900,celo,5.993217468261719,7.409358024597168,83290467200.0
TransformerLM_LM1B_MultiRuntime_0,1,1900,celo_prune,6.502012252807617,7.349085807800293,82162961600.0
TransformerLM_LM1B_MultiRuntime_0,1,1900,celo_q8,6.000539302825928,7.341927528381348,81599208800.0
TransformerLM_LM1B_MultiRuntime_0,1,1900,adam,7.296669006347656,7.537411689758301,243106368000.0
TransformerLM_LM1B_MultiRuntime_0,1,1900,adafactor,9.67878532409668,9.50560474395752,202588640000.0
TransformerLM_LM1B_MultiRuntime_0,1,1900,sgd,7.528028964996338,7.842621803283691,162070912000.0
TransformerLM_LM1B_MultiRuntime_0,1,2000,celo,5.617771148681641,5.9884033203125,87674176000.0
TransformerLM_LM1B_MultiRuntime_0,1,2000,celo_prune,5.828127861022949,5.986501216888428,86487328000.0
TransformerLM_LM1B_MultiRuntime_0,1,2000,celo_q8,5.675963878631592,6.1411967277526855,85893904000.0
TransformerLM_LM1B_MultiRuntime_0,1,2000,adam,6.3105082511901855,6.2511210441589355,255901440000.0
TransformerLM_LM1B_MultiRuntime_0,1,2000,adafactor,9.189133644104004,8.630285263061523,213251200000.0
TransformerLM_LM1B_MultiRuntime_0,1,2000,sgd,6.552640438079834,6.508520126342773,170600960000.0
TransformerLM_LM1B_MultiRuntime_0,2,0,celo,10.524968147277832,10.524968147277832,0.0
TransformerLM_LM1B_MultiRuntime_0,2,0,celo_prune,10.5684814453125,10.5684814453125,0.0
TransformerLM_LM1B_MultiRuntime_0,2,0,celo_q8,10.549690246582031,10.549690246582031,0.0
TransformerLM_LM1B_MultiRuntime_0,2,0,adam,10.496129989624023,10.496129989624023,0.0
TransformerLM_LM1B_MultiRuntime_0,2,0,adafactor,10.487993240356445,10.487993240356445,0.0
TransformerLM_LM1B_MultiRuntime_0,2,0,sgd,10.605472564697266,10.605472564697266,0.0
TransformerLM_LM1B_MultiRuntime_0,2,100,celo,6.958661079406738,5.953808784484863,4383708800.0
TransformerLM_LM1B_MultiRuntime_0,2,100,celo_prune,6.920208930969238,5.833171844482422,4324366400.0
TransformerLM_LM1B_MultiRuntime_0,2,100,celo_q8,6.991471767425537,5.916064262390137,4294695200.0
TransformerLM_LM1B_MultiRuntime_0,2,100,adam,10.180770874023438,10.103910446166992,12795072000.0
TransformerLM_LM1B_MultiRuntime_0,2,100,adafactor,10.421012878417969,10.456823348999023,10662560000.0
TransformerLM_LM1B_MultiRuntime_0,2,100,sgd,9.240225791931152,7.920632362365723,8530048000.0
TransformerLM_LM1B_MultiRuntime_0,2,200,celo,6.15991735458374,7.449873924255371,8767417600.0
TransformerLM_LM1B_MultiRuntime_0,2,200,celo_prune,6.204199314117432,7.438680648803711,8648732800.0
TransformerLM_LM1B_MultiRuntime_0,2,200,celo_q8,6.190556049346924,7.341711044311523,8589390400.0
TransformerLM_LM1B_MultiRuntime_0,2,200,adam,9.478981971740723,10.136183738708496,25590144000.0
TransformerLM_LM1B_MultiRuntime_0,2,200,adafactor,10.437356948852539,10.80237102508545,21325120000.0
TransformerLM_LM1B_MultiRuntime_0,2,200,sgd,7.667914390563965,8.550067901611328,17060096000.0
TransformerLM_LM1B_MultiRuntime_0,2,300,celo,7.575995445251465,7.577080249786377,13151126400.0
TransformerLM_LM1B_MultiRuntime_0,2,300,celo_prune,7.653777599334717,7.709535598754883,12973099200.0
TransformerLM_LM1B_MultiRuntime_0,2,300,celo_q8,7.617281913757324,7.781433582305908,12884085600.0
TransformerLM_LM1B_MultiRuntime_0,2,300,adam,9.605949401855469,9.485595703125,38385216000.0
TransformerLM_LM1B_MultiRuntime_0,2,300,adafactor,10.505340576171875,10.47826099395752,31987680000.0
TransformerLM_LM1B_MultiRuntime_0,2,300,sgd,9.111385345458984,8.31419563293457,25590144000.0
TransformerLM_LM1B_MultiRuntime_0,2,400,celo,7.245694637298584,6.822035789489746,17534835200.0
TransformerLM_LM1B_MultiRuntime_0,2,400,celo_prune,7.179027557373047,6.909182071685791,17297465600.0
TransformerLM_LM1B_MultiRuntime_0,2,400,celo_q8,7.216778755187988,7.029894828796387,17178780800.0
TransformerLM_LM1B_MultiRuntime_0,2,400,adam,9.245853424072266,8.594266891479492,51180288000.0
TransformerLM_LM1B_MultiRuntime_0,2,400,adafactor,10.692743301391602,10.506287574768066,42650240000.0
TransformerLM_LM1B_MultiRuntime_0,2,400,sgd,8.740743637084961,7.8553900718688965,34120192000.0
TransformerLM_LM1B_MultiRuntime_0,2,500,celo,6.980623245239258,6.95915412902832,21918544000.0
TransformerLM_LM1B_MultiRuntime_0,2,500,celo_prune,7.301784038543701,7.007255554199219,21621832000.0
TransformerLM_LM1B_MultiRuntime_0,2,500,celo_q8,6.9552693367004395,6.8509135246276855,21473476000.0
TransformerLM_LM1B_MultiRuntime_0,2,500,adam,8.299100875854492,8.793115615844727,63975360000.0
TransformerLM_LM1B_MultiRuntime_0,2,500,adafactor,10.441795349121094,10.396583557128906,53312800000.0
TransformerLM_LM1B_MultiRuntime_0,2,500,sgd,8.473134994506836,8.55612564086914,42650240000.0
TransformerLM_LM1B_MultiRuntime_0,2,600,celo,6.357604026794434,7.182613372802734,26302252800.0
TransformerLM_LM1B_MultiRuntime_0,2,600,celo_prune,6.812201499938965,7.458500862121582,25946198400.0
TransformerLM_LM1B_MultiRuntime_0,2,600,celo_q8,6.26950216293335,7.111796855926514,25768171200.0
TransformerLM_LM1B_MultiRuntime_0,2,600,adam,8.041703224182129,8.001198768615723,76770432000.0
TransformerLM_LM1B_MultiRuntime_0,2,600,adafactor,10.232824325561523,10.776232719421387,63975360000.0
TransformerLM_LM1B_MultiRuntime_0,2,600,sgd,8.092192649841309,8.07490348815918,51180288000.0
TransformerLM_LM1B_MultiRuntime_0,2,700,celo,6.4522857666015625,6.946780204772949,30685961600.0
TransformerLM_LM1B_MultiRuntime_0,2,700,celo_prune,6.789328575134277,7.267810821533203,30270564800.0
TransformerLM_LM1B_MultiRuntime_0,2,700,celo_q8,6.63507080078125,6.975287437438965,30062866400.0
TransformerLM_LM1B_MultiRuntime_0,2,700,adam,7.307672500610352,7.6869401931762695,89565504000.0
TransformerLM_LM1B_MultiRuntime_0,2,700,adafactor,10.280948638916016,10.177053451538086,74637920000.0
TransformerLM_LM1B_MultiRuntime_0,2,700,sgd,7.3451128005981445,8.00487232208252,59710336000.0
TransformerLM_LM1B_MultiRuntime_0,2,800,celo,6.612159729003906,6.957822799682617,35069670400.0
TransformerLM_LM1B_MultiRuntime_0,2,800,celo_prune,6.700736045837402,7.152036190032959,34594931200.0
TransformerLM_LM1B_MultiRuntime_0,2,800,celo_q8,6.644562244415283,7.139494895935059,34357561600.0
TransformerLM_LM1B_MultiRuntime_0,2,800,adam,7.522178649902344,7.677628517150879,102360576000.0
TransformerLM_LM1B_MultiRuntime_0,2,800,adafactor,10.447160720825195,10.489076614379883,85300480000.0
TransformerLM_LM1B_MultiRuntime_0,2,800,sgd,7.336487293243408,8.043529510498047,68240384000.0
TransformerLM_LM1B_MultiRuntime_0,2,900,celo,7.961231231689453,6.549926280975342,39453379200.0
TransformerLM_LM1B_MultiRuntime_0,2,900,celo_prune,8.135656356811523,6.442575931549072,38919297600.0
TransformerLM_LM1B_MultiRuntime_0,2,900,celo_q8,7.987135410308838,6.513484954833984,38652256800.0
TransformerLM_LM1B_MultiRuntime_0,2,900,adam,8.385763168334961,7.138411998748779,115155648000.0
TransformerLM_LM1B_MultiRuntime_0,2,900,adafactor,10.171425819396973,10.441728591918945,95963040000.0
TransformerLM_LM1B_MultiRuntime_0,2,900,sgd,8.591279983520508,7.956467151641846,76770432000.0
TransformerLM_LM1B_MultiRuntime_0,2,1000,celo,7.3176703453063965,7.087987422943115,43837088000.0
TransformerLM_LM1B_MultiRuntime_0,2,1000,celo_prune,7.367080211639404,7.134939193725586,43243664000.0
TransformerLM_LM1B_MultiRuntime_0,2,1000,celo_q8,7.4527268409729,7.153861045837402,42946952000.0
TransformerLM_LM1B_MultiRuntime_0,2,1000,adam,7.824841499328613,7.236968994140625,127950720000.0
TransformerLM_LM1B_MultiRuntime_0,2,1000,adafactor,10.459325790405273,9.969200134277344,106625600000.0
TransformerLM_LM1B_MultiRuntime_0,2,1000,sgd,8.34683609008789,7.899302005767822,85300480000.0
TransformerLM_LM1B_MultiRuntime_0,2,1100,celo,6.258884429931641,7.453363418579102,48220796800.0
TransformerLM_LM1B_MultiRuntime_0,2,1100,celo_prune,6.417853355407715,7.365609169006348,47568030400.0
TransformerLM_LM1B_MultiRuntime_0,2,1100,celo_q8,6.49583625793457,7.375390529632568,47241647200.0
TransformerLM_LM1B_MultiRuntime_0,2,1100,adam,7.28070592880249,7.746457099914551,140745792000.0
TransformerLM_LM1B_MultiRuntime_0,2,1100,adafactor,9.8880033493042,10.201297760009766,117288160000.0
TransformerLM_LM1B_MultiRuntime_0,2,1100,sgd,7.287680625915527,8.331134796142578,93830528000.0
TransformerLM_LM1B_MultiRuntime_0,2,1200,celo,6.168215751647949,7.443755149841309,52604505600.0
TransformerLM_LM1B_MultiRuntime_0,2,1200,celo_prune,6.352585792541504,7.480069160461426,51892396800.0
TransformerLM_LM1B_MultiRuntime_0,2,1200,celo_q8,6.169554710388184,7.451044082641602,51536342400.0
TransformerLM_LM1B_MultiRuntime_0,2,1200,adam,6.855299472808838,7.813977241516113,153540864000.0
TransformerLM_LM1B_MultiRuntime_0,2,1200,adafactor,9.87204360961914,10.064172744750977,127950720000.0
TransformerLM_LM1B_MultiRuntime_0,2,1200,sgd,7.087512016296387,8.081656455993652,102360576000.0
TransformerLM_LM1B_MultiRuntime_0,2,1300,celo,6.629929542541504,6.327794551849365,56988214400.0
TransformerLM_LM1B_MultiRuntime_0,2,1300,celo_prune,6.872925758361816,6.552678108215332,56216763200.0
TransformerLM_LM1B_MultiRuntime_0,2,1300,celo_q8,6.757754802703857,6.340099334716797,55831037600.0
TransformerLM_LM1B_MultiRuntime_0,2,1300,adam,7.196866035461426,7.095030784606934,166335936000.0
TransformerLM_LM1B_MultiRuntime_0,2,1300,adafactor,9.703547477722168,10.124320983886719,138613280000.0
TransformerLM_LM1B_MultiRuntime_0,2,1300,sgd,7.379732131958008,7.615091323852539,110890624000.0
TransformerLM_LM1B_MultiRuntime_0,2,1400,celo,7.302474498748779,6.153911590576172,61371923200.0
TransformerLM_LM1B_MultiRuntime_0,2,1400,celo_prune,7.599110126495361,6.38836145401001,60541129600.0
TransformerLM_LM1B_MultiRuntime_0,2,1400,celo_q8,7.323733806610107,6.187154293060303,60125732800.0
TransformerLM_LM1B_MultiRuntime_0,2,1400,adam,7.568271636962891,6.939478397369385,179131008000.0
TransformerLM_LM1B_MultiRuntime_0,2,1400,adafactor,10.07913589477539,9.689489364624023,149275840000.0
TransformerLM_LM1B_MultiRuntime_0,2,1400,sgd,8.106269836425781,7.625943183898926,119420672000.0
TransformerLM_LM1B_MultiRuntime_0,2,1500,celo,6.778806686401367,6.760693550109863,65755632000.0
TransformerLM_LM1B_MultiRuntime_0,2,1500,celo_prune,6.969629764556885,7.081567764282227,64865496000.0
TransformerLM_LM1B_MultiRuntime_0,2,1500,celo_q8,6.825077056884766,6.842226028442383,64420428000.0
TransformerLM_LM1B_MultiRuntime_0,2,1500,adam,7.3926191329956055,7.284574031829834,191926080000.0
TransformerLM_LM1B_MultiRuntime_0,2,1500,adafactor,9.786293029785156,9.997864723205566,159938400000.0
TransformerLM_LM1B_MultiRuntime_0,2,1500,sgd,7.48075008392334,7.830611228942871,127950720000.0
TransformerLM_LM1B_MultiRuntime_0,2,1600,celo,7.878466606140137,4.8311309814453125,70139340800.0
TransformerLM_LM1B_MultiRuntime_0,2,1600,celo_prune,8.146950721740723,4.914112567901611,69189862400.0
TransformerLM_LM1B_MultiRuntime_0,2,1600,celo_q8,7.6407318115234375,4.808315277099609,68715123200.0
TransformerLM_LM1B_MultiRuntime_0,2,1600,adam,8.28926944732666,5.82606315612793,204721152000.0
TransformerLM_LM1B_MultiRuntime_0,2,1600,adafactor,9.744811058044434,9.306767463684082,170600960000.0
TransformerLM_LM1B_MultiRuntime_0,2,1600,sgd,8.831843376159668,6.063867568969727,136480768000.0
TransformerLM_LM1B_MultiRuntime_0,2,1700,celo,6.255293846130371,6.780297756195068,74523049600.0
TransformerLM_LM1B_MultiRuntime_0,2,1700,celo_prune,6.515552520751953,7.201671600341797,73514228800.0
TransformerLM_LM1B_MultiRuntime_0,2,1700,celo_q8,6.4811506271362305,6.793436527252197,73009818400.0
TransformerLM_LM1B_MultiRuntime_0,2,1700,adam,7.23397159576416,7.455257892608643,217516224000.0
TransformerLM_LM1B_MultiRuntime_0,2,1700,adafactor,9.58716106414795,9.328956604003906,181263520000.0
TransformerLM_LM1B_MultiRuntime_0,2,1700,sgd,7.822257041931152,7.8170037269592285,145010816000.0
TransformerLM_LM1B_MultiRuntime_0,2,1800,celo,6.319781303405762,5.892315864562988,78906758400.0
TransformerLM_LM1B_MultiRuntime_0,2,1800,celo_prune,6.765205383300781,6.234195709228516,77838595200.0
TransformerLM_LM1B_MultiRuntime_0,2,1800,celo_q8,6.358514308929443,5.830410957336426,77304513600.0
TransformerLM_LM1B_MultiRuntime_0,2,1800,adam,6.832594871520996,7.302124500274658,230311296000.0
TransformerLM_LM1B_MultiRuntime_0,2,1800,adafactor,9.312288284301758,9.375847816467285,191926080000.0
TransformerLM_LM1B_MultiRuntime_0,2,1800,sgd,7.145001411437988,7.276057720184326,153540864000.0
TransformerLM_LM1B_MultiRuntime_0,2,1900,celo,6.604187965393066,6.512853622436523,83290467200.0
TransformerLM_LM1B_MultiRuntime_0,2,1900,celo_prune,6.979850769042969,6.928125858306885,82162961600.0
TransformerLM_LM1B_MultiRuntime_0,2,1900,celo_q8,6.671449661254883,6.525778770446777,81599208800.0
TransformerLM_LM1B_MultiRuntime_0,2,1900,adam,7.018121242523193,7.520114421844482,243106368000.0
TransformerLM_LM1B_MultiRuntime_0,2,1900,adafactor,9.405315399169922,9.727638244628906,202588640000.0
TransformerLM_LM1B_MultiRuntime_0,2,1900,sgd,7.362430572509766,7.519443511962891,162070912000.0
TransformerLM_LM1B_MultiRuntime_0,2,2000,celo,5.8718695640563965,6.650713920593262,87674176000.0
TransformerLM_LM1B_MultiRuntime_0,2,2000,celo_prune,6.107888698577881,6.80349588394165,86487328000.0
TransformerLM_LM1B_MultiRuntime_0,2,2000,celo_q8,5.91796875,6.5694780349731445,85893904000.0
TransformerLM_LM1B_MultiRuntime_0,2,2000,adam,5.9633893966674805,7.568905353546143,255901440000.0
TransformerLM_LM1B_MultiRuntime_0,2,2000,adafactor,8.546507835388184,9.529446601867676,213251200000.0
TransformerLM_LM1B_MultiRuntime_0,2,2000,sgd,6.202232360839844,7.845689296722412,170600960000.0
TransformerLM_LM1B_MultiRuntime_0,3,0,celo,10.63195514678955,10.63195514678955,0.0
TransformerLM_LM1B_MultiRuntime_0,3,0,celo_prune,10.538713455200195,10.538713455200195,0.0
TransformerLM_LM1B_MultiRuntime_0,3,0,celo_q8,10.552461624145508,10.552461624145508,0.0
TransformerLM_LM1B_MultiRuntime_0,3,0,adam,10.541147232055664,10.541147232055664,0.0
TransformerLM_LM1B_MultiRuntime_0,3,0,adafactor,10.632291793823242,10.632291793823242,0.0
TransformerLM_LM1B_MultiRuntime_0,3,0,sgd,10.596973419189453,10.596973419189453,0.0
TransformerLM_LM1B_MultiRuntime_0,3,100,celo,6.572915554046631,7.5127973556518555,4383708800.0
TransformerLM_LM1B_MultiRuntime_0,3,100,celo_prune,6.605072975158691,7.520127296447754,4324366400.0
TransformerLM_LM1B_MultiRuntime_0,3,100,celo_q8,6.602490425109863,7.436714172363281,4294695200.0
TransformerLM_LM1B_MultiRuntime_0,3,100,adam,10.224900245666504,10.368514060974121,12795072000.0
TransformerLM_LM1B_MultiRuntime_0,3,100,adafactor,10.590807914733887,10.668087005615234,10662560000.0
TransformerLM_LM1B_MultiRuntime_0,3,100,sgd,8.690590858459473,9.34359073638916,8530048000.0
TransformerLM_LM1B_MultiRuntime_0,3,200,celo,6.7317657470703125,7.431139945983887,8767417600.0
TransformerLM_LM1B_MultiRuntime_0,3,200,celo_prune,6.859309196472168,7.402629852294922,8648732800.0
TransformerLM_LM1B_MultiRuntime_0,3,200,celo_q8,6.747372627258301,7.567715644836426,8589390400.0
TransformerLM_LM1B_MultiRuntime_0,3,200,adam,10.156218528747559,9.659445762634277,25590144000.0
TransformerLM_LM1B_MultiRuntime_0,3,200,adafactor,10.680364608764648,10.462989807128906,21325120000.0
TransformerLM_LM1B_MultiRuntime_0,3,200,sgd,8.710025787353516,8.505946159362793,17060096000.0
TransformerLM_LM1B_MultiRuntime_0,3,300,celo,6.383184432983398,5.964224338531494,13151126400.0
TransformerLM_LM1B_MultiRuntime_0,3,300,celo_prune,6.532011032104492,6.097628593444824,12973099200.0
TransformerLM_LM1B_MultiRuntime_0,3,300,celo_q8,6.398887634277344,6.016025543212891,12884085600.0
TransformerLM_LM1B_MultiRuntime_0,3,300,adam,9.227862358093262,9.383155822753906,38385216000.0
TransformerLM_LM1B_MultiRuntime_0,3,300,adafactor,10.515026092529297,10.691544532775879,31987680000.0
TransformerLM_LM1B_MultiRuntime_0,3,300,sgd,7.836648941040039,7.223299980163574,25590144000.0
TransformerLM_LM1B_MultiRuntime_0,3,400,celo,5.967543125152588,8.167826652526855,17534835200.0
TransformerLM_LM1B_MultiRuntime_0,3,400,celo_prune,6.120216369628906,8.260369300842285,17297465600.0
TransformerLM_LM1B_MultiRuntime_0,3,400,celo_q8,5.9873857498168945,8.002203941345215,17178780800.0
TransformerLM_LM1B_MultiRuntime_0,3,400,adam,8.095454216003418,9.33591079711914,51180288000.0
TransformerLM_LM1B_MultiRuntime_0,3,400,adafactor,10.453752517700195,10.572876930236816,42650240000.0
TransformerLM_LM1B_MultiRuntime_0,3,400,sgd,7.162177085876465,8.578313827514648,34120192000.0
TransformerLM_LM1B_MultiRuntime_0,3,500,celo,7.408390998840332,6.936115741729736,21918544000.0
TransformerLM_LM1B_MultiRuntime_0,3,500,celo_prune,7.469614028930664,6.9888787269592285,21621832000.0
TransformerLM_LM1B_MultiRuntime_0,3,500,celo_q8,7.3965349197387695,6.882628440856934,21473476000.0
TransformerLM_LM1B_MultiRuntime_0,3,500,adam,8.773021697998047,8.710515975952148,63975360000.0
TransformerLM_LM1B_MultiRuntime_0,3,500,adafactor,10.54186725616455,10.56675910949707,53312800000.0
TransformerLM_LM1B_MultiRuntime_0,3,500,sgd,8.631717681884766,8.008706092834473,42650240000.0
TransformerLM_LM1B_MultiRuntime_0,3,600,celo,7.143554210662842,7.17488956451416,26302252800.0
TransformerLM_LM1B_MultiRuntime_0,3,600,celo_prune,7.423388957977295,7.28803825378418,25946198400.0
TransformerLM_LM1B_MultiRuntime_0,3,600,celo_q8,7.175753593444824,6.99838924407959,25768171200.0
TransformerLM_LM1B_MultiRuntime_0,3,600,adam,8.191068649291992,7.862248420715332,76770432000.0
TransformerLM_LM1B_MultiRuntime_0,3,600,adafactor,10.75107192993164,10.256288528442383,63975360000.0
TransformerLM_LM1B_MultiRuntime_0,3,600,sgd,8.78628158569336,7.941072463989258,51180288000.0
TransformerLM_LM1B_MultiRuntime_0,3,700,celo,6.834077835083008,6.316756248474121,30685961600.0
TransformerLM_LM1B_MultiRuntime_0,3,700,celo_prune,6.912435531616211,6.286786079406738,30270564800.0
TransformerLM_LM1B_MultiRuntime_0,3,700,celo_q8,6.849955081939697,6.244844913482666,30062866400.0
TransformerLM_LM1B_MultiRuntime_0,3,700,adam,7.674698829650879,6.978694915771484,89565504000.0
TransformerLM_LM1B_MultiRuntime_0,3,700,adafactor,10.439899444580078,10.102376937866211,74637920000.0
TransformerLM_LM1B_MultiRuntime_0,3,700,sgd,7.771186351776123,6.767560005187988,59710336000.0
TransformerLM_LM1B_MultiRuntime_0,3,800,celo,5.659183502197266,7.649416446685791,35069670400.0
TransformerLM_LM1B_MultiRuntime_0,3,800,celo_prune,5.635631561279297,7.881283283233643,34594931200.0
TransformerLM_LM1B_MultiRuntime_0,3,800,celo_q8,5.476472854614258,7.743627548217773,34357561600.0
TransformerLM_LM1B_MultiRuntime_0,3,800,adam,6.716732978820801,8.28244400024414,102360576000.0
TransformerLM_LM1B_MultiRuntime_0,3,800,adafactor,10.217827796936035,10.404964447021484,85300480000.0
TransformerLM_LM1B_MultiRuntime_0,3,800,sgd,7.289135456085205,8.93729019165039,68240384000.0
TransformerLM_LM1B_MultiRuntime_0,3,900,celo,6.4050750732421875,6.853823661804199,39453379200.0
TransformerLM_LM1B_MultiRuntime_0,3,900,celo_prune,6.4434967041015625,6.933820724487305,38919297600.0
TransformerLM_LM1B_MultiRuntime_0,3,900,celo_q8,6.3506646156311035,6.872422695159912,38652256800.0
TransformerLM_LM1B_MultiRuntime_0,3,900,adam,6.825700759887695,7.248172283172607,115155648000.0
TransformerLM_LM1B_MultiRuntime_0,3,900,adafactor,10.163951873779297,9.953007698059082,95963040000.0
TransformerLM_LM1B_MultiRuntime_0,3,900,sgd,7.114546775817871,7.419516086578369,76770432000.0
TransformerLM_LM1B_MultiRuntime_0,3,1000,celo,7.236075401306152,7.128112316131592,43837088000.0
TransformerLM_LM1B_MultiRuntime_0,3,1000,celo_prune,6.946413040161133,6.971968173980713,43243664000.0
TransformerLM_LM1B_MultiRuntime_0,3,1000,celo_q8,7.074254035949707,6.910872936248779,42946952000.0
TransformerLM_LM1B_MultiRuntime_0,3,1000,adam,8.23564624786377,7.826562404632568,127950720000.0
TransformerLM_LM1B_MultiRuntime_0,3,1000,adafactor,10.506464958190918,10.2769193649292,106625600000.0
TransformerLM_LM1B_MultiRuntime_0,3,1000,sgd,8.184391021728516,8.762004852294922,85300480000.0
TransformerLM_LM1B_MultiRuntime_0,3,1100,celo,6.804964542388916,5.911934852600098,48220796800.0
TransformerLM_LM1B_MultiRuntime_0,3,1100,celo_prune,6.794064521789551,5.900245666503906,47568030400.0
TransformerLM_LM1B_MultiRuntime_0,3,1100,celo_q8,6.763801097869873,5.775021553039551,47241647200.0
TransformerLM_LM1B_MultiRuntime_0,3,1100,adam,7.269361972808838,6.677356719970703,140745792000.0
TransformerLM_LM1B_MultiRuntime_0,3,1100,adafactor,9.998477935791016,10.059179306030273,117288160000.0
TransformerLM_LM1B_MultiRuntime_0,3,1100,sgd,6.834269046783447,6.975897312164307,93830528000.0
TransformerLM_LM1B_MultiRuntime_0,3,1200,celo,7.32805061340332,6.3940019607543945,52604505600.0
TransformerLM_LM1B_MultiRuntime_0,3,1200,celo_prune,7.339438438415527,6.344820976257324,51892396800.0
TransformerLM_LM1B_MultiRuntime_0,3,1200,celo_q8,7.3660197257995605,6.146620750427246,51536342400.0
TransformerLM_LM1B_MultiRuntime_0,3,1200,adam,7.479946136474609,7.094310760498047,153540864000.0
TransformerLM_LM1B_MultiRuntime_0,3,1200,adafactor,10.243340492248535,9.798567771911621,127950720000.0
TransformerLM_LM1B_MultiRuntime_0,3,1200,sgd,7.957161903381348,7.149515151977539,102360576000.0
TransformerLM_LM1B_MultiRuntime_0,3,1300,celo,6.98099422454834,7.389233112335205,56988214400.0
TransformerLM_LM1B_MultiRuntime_0,3,1300,celo_prune,7.114390850067139,7.66152286529541,56216763200.0
TransformerLM_LM1B_MultiRuntime_0,3,1300,celo_q8,6.824782371520996,7.411920547485352,55831037600.0
TransformerLM_LM1B_MultiRuntime_0,3,1300,adam,7.5964837074279785,7.978693008422852,166335936000.0
TransformerLM_LM1B_MultiRuntime_0,3,1300,adafactor,10.2169828414917,10.19645881652832,138613280000.0
TransformerLM_LM1B_MultiRuntime_0,3,1300,sgd,7.685690879821777,8.286661148071289,110890624000.0
TransformerLM_LM1B_MultiRuntime_0,3,1400,celo,7.447623252868652,8.197701454162598,61371923200.0
TransformerLM_LM1B_MultiRuntime_0,3,1400,celo_prune,7.557631492614746,8.284773826599121,60541129600.0
TransformerLM_LM1B_MultiRuntime_0,3,1400,celo_q8,7.455166816711426,8.247097969055176,60125732800.0
TransformerLM_LM1B_MultiRuntime_0,3,1400,adam,7.7539801597595215,8.748987197875977,179131008000.0
TransformerLM_LM1B_MultiRuntime_0,3,1400,adafactor,9.703450202941895,10.414505004882812,149275840000.0
TransformerLM_LM1B_MultiRuntime_0,3,1400,sgd,8.217114448547363,8.950830459594727,119420672000.0
TransformerLM_LM1B_MultiRuntime_0,3,1500,celo,7.341994762420654,7.006336212158203,65755632000.0
TransformerLM_LM1B_MultiRuntime_0,3,1500,celo_prune,7.296114921569824,7.0410261154174805,64865496000.0
TransformerLM_LM1B_MultiRuntime_0,3,1500,celo_q8,7.268261909484863,6.908196926116943,64420428000.0
TransformerLM_LM1B_MultiRuntime_0,3,1500,adam,7.483941555023193,6.944705009460449,191926080000.0
TransformerLM_LM1B_MultiRuntime_0,3,1500,adafactor,9.845301628112793,9.604851722717285,159938400000.0
TransformerLM_LM1B_MultiRuntime_0,3,1500,sgd,8.236217498779297,6.890859603881836,127950720000.0
TransformerLM_LM1B_MultiRuntime_0,3,1600,celo,6.118078708648682,6.643317222595215,70139340800.0
TransformerLM_LM1B_MultiRuntime_0,3,1600,celo_prune,6.364985466003418,6.750392913818359,69189862400.0
TransformerLM_LM1B_MultiRuntime_0,3,1600,celo_q8,6.080464839935303,6.4440717697143555,68715123200.0
TransformerLM_LM1B_MultiRuntime_0,3,1600,adam,6.81321382522583,7.346915245056152,204721152000.0
TransformerLM_LM1B_MultiRuntime_0,3,1600,adafactor,9.574471473693848,9.647974967956543,170600960000.0
TransformerLM_LM1B_MultiRuntime_0,3,1600,sgd,6.940732955932617,7.6171064376831055,136480768000.0
TransformerLM_LM1B_MultiRuntime_0,3,1700,celo,6.235273361206055,6.014306545257568,74523049600.0
TransformerLM_LM1B_MultiRuntime_0,3,1700,celo_prune,6.33769416809082,6.358837604522705,73514228800.0
TransformerLM_LM1B_MultiRuntime_0,3,1700,celo_q8,6.319107532501221,6.171130657196045,73009818400.0
TransformerLM_LM1B_MultiRuntime_0,3,1700,adam,6.897199630737305,6.912066459655762,217516224000.0
TransformerLM_LM1B_MultiRuntime_0,3,1700,adafactor,9.700911521911621,9.456436157226562,181263520000.0
TransformerLM_LM1B_MultiRuntime_0,3,1700,sgd,7.526787757873535,7.227547645568848,145010816000.0
TransformerLM_LM1B_MultiRuntime_0,3,1800,celo,6.6338300704956055,7.055567264556885,78906758400.0
TransformerLM_LM1B_MultiRuntime_0,3,1800,celo_prune,6.7879133224487305,7.384271144866943,77838595200.0
TransformerLM_LM1B_MultiRuntime_0,3,1800,celo_q8,6.763180732727051,7.179866790771484,77304513600.0
TransformerLM_LM1B_MultiRuntime_0,3,1800,adam,7.305479049682617,7.8691816329956055,230311296000.0
TransformerLM_LM1B_MultiRuntime_0,3,1800,adafactor,9.645724296569824,9.769165992736816,191926080000.0
TransformerLM_LM1B_MultiRuntime_0,3,1800,sgd,7.449877738952637,8.008054733276367,153540864000.0
TransformerLM_LM1B_MultiRuntime_0,3,1900,celo,6.072165012359619,5.795188903808594,83290467200.0
TransformerLM_LM1B_MultiRuntime_0,3,1900,celo_prune,6.255276203155518,5.981632232666016,82162961600.0
TransformerLM_LM1B_MultiRuntime_0,3,1900,celo_q8,6.030981540679932,5.886277198791504,81599208800.0
TransformerLM_LM1B_MultiRuntime_0,3,1900,adam,6.513828754425049,6.310863494873047,243106368000.0
TransformerLM_LM1B_MultiRuntime_0,3,1900,adafactor,8.994016647338867,9.059613227844238,202588640000.0
TransformerLM_LM1B_MultiRuntime_0,3,1900,sgd,6.872976779937744,6.518343448638916,162070912000.0
TransformerLM_LM1B_MultiRuntime_0,3,2000,celo,6.861898422241211,5.096728324890137,87674176000.0
TransformerLM_LM1B_MultiRuntime_0,3,2000,celo_prune,7.119777202606201,5.227659702301025,86487328000.0
TransformerLM_LM1B_MultiRuntime_0,3,2000,celo_q8,6.9634833335876465,5.05318021774292,85893904000.0
TransformerLM_LM1B_MultiRuntime_0,3,2000,adam,7.48242712020874,5.757905006408691,255901440000.0
TransformerLM_LM1B_MultiRuntime_0,3,2000,adafactor,9.340458869934082,8.669733047485352,213251200000.0
TransformerLM_LM1B_MultiRuntime_0,3,2000,sgd,7.832427978515625,5.7145586013793945,170600960000.0
TransformerLM_LM1B_MultiRuntime_0,4,0,celo,10.297847747802734,10.297847747802734,0.0
TransformerLM_LM1B_MultiRuntime_0,4,0,celo_prune,10.228597640991211,10.228597640991211,0.0
TransformerLM_LM1B_MultiRuntime_0,4,0,celo_q8,10.296186447143555,10.296186447143555,0.0
TransformerLM_LM1B_MultiRuntime_0,4,0,adam,10.317814826965332,10.317814826965332,0.0
TransformerLM_LM1B_MultiRuntime_0,4,0,adafactor,10.218746185302734,10.218746185302734,0.0
TransformerLM_LM1B_MultiRuntime_0,4,0,sgd,10.183265686035156,10.183265686035156,0.0
TransformerLM_LM1B_MultiRuntime_0,4,100,celo,7.429697513580322,7.003478050231934,4383708800.0
TransformerLM_LM1B_MultiRuntime_0,4,100,celo_prune,7.261285305023193,6.95020866394043,4324366400.0
TransformerLM_LM1B_MultiRuntime_0,4,100,celo_q8,7.359021186828613,6.967995643615723,4294695200.0
TransformerLM_LM1B_MultiRuntime_0,4,100,adam,10.336494445800781,10.342044830322266,12795072000.0
TransformerLM_LM1B_MultiRuntime_0,4,100,adafactor,10.710394859313965,10.687323570251465,10662560000.0
TransformerLM_LM1B_MultiRuntime_0,4,100,sgd,9.539510726928711,8.738595962524414,8530048000.0
TransformerLM_LM1B_MultiRuntime_0,4,200,celo,6.83013916015625,8.217155456542969,8767417600.0
TransformerLM_LM1B_MultiRuntime_0,4,200,celo_prune,6.769281387329102,8.314326286315918,8648732800.0
TransformerLM_LM1B_MultiRuntime_0,4,200,celo_q8,6.760551452636719,8.269628524780273,8589390400.0
TransformerLM_LM1B_MultiRuntime_0,4,200,adam,10.053504943847656,9.940875053405762,25590144000.0
TransformerLM_LM1B_MultiRuntime_0,4,200,adafactor,10.827544212341309,10.339405059814453,21325120000.0
TransformerLM_LM1B_MultiRuntime_0,4,200,sgd,8.662965774536133,9.09770679473877,17060096000.0
TransformerLM_LM1B_MultiRuntime_0,4,300,celo,7.279720306396484,8.125814437866211,13151126400.0
TransformerLM_LM1B_MultiRuntime_0,4,300,celo_prune,7.362819671630859,8.277276992797852,12973099200.0
TransformerLM_LM1B_MultiRuntime_0,4,300,celo_q8,7.10127592086792,8.147254943847656,12884085600.0
TransformerLM_LM1B_MultiRuntime_0,4,300,adam,9.36755084991455,9.899236679077148,38385216000.0
TransformerLM_LM1B_MultiRuntime_0,4,300,adafactor,10.642044067382812,10.699378967285156,31987680000.0
TransformerLM_LM1B_MultiRuntime_0,4,300,sgd,7.747170448303223,9.11843490600586,25590144000.0
TransformerLM_LM1B_MultiRuntime_0,4,400,celo,7.993834495544434,6.628898620605469,17534835200.0
TransformerLM_LM1B_MultiRuntime_0,4,400,celo_prune,8.230850219726562,6.732434272766113,17297465600.0
TransformerLM_LM1B_MultiRuntime_0,4,400,celo_q8,7.976090908050537,6.636280059814453,17178780800.0
TransformerLM_LM1B_MultiRuntime_0,4,400,adam,9.25634765625,8.577646255493164,51180288000.0
TransformerLM_LM1B_MultiRuntime_0,4,400,adafactor,10.594706535339355,10.590131759643555,42650240000.0
TransformerLM_LM1B_MultiRuntime_0,4,400,sgd,9.230228424072266,7.643197059631348,34120192000.0
TransformerLM_LM1B_MultiRuntime_0,4,500,celo,7.384721279144287,6.441425323486328,21918544000.0
TransformerLM_LM1B_MultiRuntime_0,4,500,celo_prune,7.384713649749756,6.6220197677612305,21621832000.0
TransformerLM_LM1B_MultiRuntime_0,4,500,celo_q8,7.394270896911621,6.54909086227417,21473476000.0
TransformerLM_LM1B_MultiRuntime_0,4,500,adam,8.387336730957031,7.920208930969238,63975360000.0
TransformerLM_LM1B_MultiRuntime_0,4,500,adafactor,10.518258094787598,10.390182495117188,53312800000.0
TransformerLM_LM1B_MultiRuntime_0,4,500,sgd,7.969801425933838,7.05262565612793,42650240000.0
TransformerLM_LM1B_MultiRuntime_0,4,600,celo,7.511429786682129,6.5350117683410645,26302252800.0
TransformerLM_LM1B_MultiRuntime_0,4,600,celo_prune,8.11959171295166,6.744853973388672,25946198400.0
TransformerLM_LM1B_MultiRuntime_0,4,600,celo_q8,7.653401851654053,6.591571807861328,25768171200.0
TransformerLM_LM1B_MultiRuntime_0,4,600,adam,8.810052871704102,7.7692413330078125,76770432000.0
TransformerLM_LM1B_MultiRuntime_0,4,600,adafactor,10.67403793334961,10.42202091217041,63975360000.0
TransformerLM_LM1B_MultiRuntime_0,4,600,sgd,9.129365921020508,7.5894598960876465,51180288000.0
TransformerLM_LM1B_MultiRuntime_0,4,700,celo,7.518105506896973,6.9559173583984375,30685961600.0
TransformerLM_LM1B_MultiRuntime_0,4,700,celo_prune,7.9193220138549805,7.240386962890625,30270564800.0
TransformerLM_LM1B_MultiRuntime_0,4,700,celo_q8,7.6132354736328125,7.164589881896973,30062866400.0
TransformerLM_LM1B_MultiRuntime_0,4,700,adam,8.3319091796875,8.086891174316406,89565504000.0
TransformerLM_LM1B_MultiRuntime_0,4,700,adafactor,10.46934700012207,10.258228302001953,74637920000.0
TransformerLM_LM1B_MultiRuntime_0,4,700,sgd,8.879302024841309,8.258657455444336,59710336000.0
TransformerLM_LM1B_MultiRuntime_0,4,800,celo,6.546295642852783,7.484871864318848,35069670400.0
TransformerLM_LM1B_MultiRuntime_0,4,800,celo_prune,6.584109783172607,7.652338027954102,34594931200.0
TransformerLM_LM1B_MultiRuntime_0,4,800,celo_q8,6.497818946838379,7.430662631988525,34357561600.0
TransformerLM_LM1B_MultiRuntime_0,4,800,adam,7.52920389175415,8.013351440429688,102360576000.0
TransformerLM_LM1B_MultiRuntime_0,4,800,adafactor,10.40018081665039,10.417366027832031,85300480000.0
TransformerLM_LM1B_MultiRuntime_0,4,800,sgd,7.490066051483154,8.732246398925781,68240384000.0
TransformerLM_LM1B_MultiRuntime_0,4,900,celo,6.527143478393555,6.380588531494141,39453379200.0
TransformerLM_LM1B_MultiRuntime_0,4,900,celo_prune,6.937450408935547,6.312732696533203,38919297600.0
TransformerLM_LM1B_MultiRuntime_0,4,900,celo_q8,6.801573276519775,6.27528190612793,38652256800.0
TransformerLM_LM1B_MultiRuntime_0,4,900,adam,7.116167068481445,7.177978992462158,115155648000.0
TransformerLM_LM1B_MultiRuntime_0,4,900,adafactor,10.044015884399414,10.270856857299805,95963040000.0
TransformerLM_LM1B_MultiRuntime_0,4,900,sgd,7.438054084777832,7.166706085205078,76770432000.0
TransformerLM_LM1B_MultiRuntime_0,4,1000,celo,6.374948024749756,7.526612758636475,43837088000.0
TransformerLM_LM1B_MultiRuntime_0,4,1000,celo_prune,6.472599029541016,7.465058326721191,43243664000.0
TransformerLM_LM1B_MultiRuntime_0,4,1000,celo_q8,6.2604079246521,7.477049827575684,42946952000.0
TransformerLM_LM1B_MultiRuntime_0,4,1000,adam,7.035747051239014,8.273713111877441,127950720000.0
TransformerLM_LM1B_MultiRuntime_0,4,1000,adafactor,10.25162124633789,10.42624282836914,106625600000.0
TransformerLM_LM1B_MultiRuntime_0,4,1000,sgd,7.509540557861328,8.658140182495117,85300480000.0
TransformerLM_LM1B_MultiRuntime_0,4,1100,celo,6.586521148681641,5.69931173324585,48220796800.0
TransformerLM_LM1B_MultiRuntime_0,4,1100,celo_prune,6.342942714691162,5.905770301818848,47568030400.0
TransformerLM_LM1B_MultiRuntime_0,4,1100,celo_q8,6.273280143737793,5.728130340576172,47241647200.0
TransformerLM_LM1B_MultiRuntime_0,4,1100,adam,7.325080394744873,6.412796974182129,140745792000.0
TransformerLM_LM1B_MultiRuntime_0,4,1100,adafactor,10.194517135620117,9.89303970336914,117288160000.0
TransformerLM_LM1B_MultiRuntime_0,4,1100,sgd,7.340030193328857,6.546697616577148,93830528000.0
TransformerLM_LM1B_MultiRuntime_0,4,1200,celo,6.546483039855957,6.318093776702881,52604505600.0
TransformerLM_LM1B_MultiRuntime_0,4,1200,celo_prune,6.534337520599365,6.344449043273926,51892396800.0
TransformerLM_LM1B_MultiRuntime_0,4,1200,celo_q8,6.196503639221191,6.169726371765137,51536342400.0
TransformerLM_LM1B_MultiRuntime_0,4,1200,adam,6.982827186584473,6.978444576263428,153540864000.0
TransformerLM_LM1B_MultiRuntime_0,4,1200,adafactor,10.088346481323242,10.191813468933105,127950720000.0
TransformerLM_LM1B_MultiRuntime_0,4,1200,sgd,7.133649826049805,6.9689555168151855,102360576000.0
TransformerLM_LM1B_MultiRuntime_0,4,1300,celo,7.327332973480225,6.0330963134765625,56988214400.0
TransformerLM_LM1B_MultiRuntime_0,4,1300,celo_prune,7.324563503265381,6.160364151000977,56216763200.0
TransformerLM_LM1B_MultiRuntime_0,4,1300,celo_q8,7.126861095428467,6.021336555480957,55831037600.0
TransformerLM_LM1B_MultiRuntime_0,4,1300,adam,7.547611713409424,6.502984046936035,166335936000.0
TransformerLM_LM1B_MultiRuntime_0,4,1300,adafactor,10.1561918258667,9.569199562072754,138613280000.0
TransformerLM_LM1B_MultiRuntime_0,4,1300,sgd,7.791334629058838,7.196785926818848,110890624000.0
TransformerLM_LM1B_MultiRuntime_0,4,1400,celo,6.958338260650635,5.550466537475586,61371923200.0
TransformerLM_LM1B_MultiRuntime_0,4,1400,celo_prune,7.102207183837891,6.159659385681152,60541129600.0
TransformerLM_LM1B_MultiRuntime_0,4,1400,celo_q8,6.83327054977417,5.630856513977051,60125732800.0
TransformerLM_LM1B_MultiRuntime_0,4,1400,adam,7.305464267730713,6.616743087768555,179131008000.0
TransformerLM_LM1B_MultiRuntime_0,4,1400,adafactor,9.712186813354492,9.537988662719727,149275840000.0
TransformerLM_LM1B_MultiRuntime_0,4,1400,sgd,7.811262607574463,6.479363918304443,119420672000.0
TransformerLM_LM1B_MultiRuntime_0,4,1500,celo,7.384465217590332,7.360471725463867,65755632000.0
TransformerLM_LM1B_MultiRuntime_0,4,1500,celo_prune,7.686566352844238,7.706440448760986,64865496000.0
TransformerLM_LM1B_MultiRuntime_0,4,1500,celo_q8,7.316802978515625,7.334160804748535,64420428000.0
TransformerLM_LM1B_MultiRuntime_0,4,1500,adam,8.151310920715332,7.502891540527344,191926080000.0
TransformerLM_LM1B_MultiRuntime_0,4,1500,adafactor,10.102421760559082,9.836966514587402,159938400000.0
TransformerLM_LM1B_MultiRuntime_0,4,1500,sgd,8.133771896362305,7.473647594451904,127950720000.0
TransformerLM_LM1B_MultiRuntime_0,4,1600,celo,6.050081253051758,6.558712005615234,70139340800.0
TransformerLM_LM1B_MultiRuntime_0,4,1600,celo_prune,6.226897239685059,6.691202163696289,69189862400.0
TransformerLM_LM1B_MultiRuntime_0,4,1600,celo_q8,6.318818092346191,6.581418991088867,68715123200.0
TransformerLM_LM1B_MultiRuntime_0,4,1600,adam,6.740702152252197,7.272610664367676,204721152000.0
TransformerLM_LM1B_MultiRuntime_0,4,1600,adafactor,9.560466766357422,9.799530029296875,170600960000.0
TransformerLM_LM1B_MultiRuntime_0,4,1600,sgd,7.042181968688965,7.798310279846191,136480768000.0
TransformerLM_LM1B_MultiRuntime_0,4,1700,celo,6.694768905639648,6.511119842529297,74523049600.0
TransformerLM_LM1B_MultiRuntime_0,4,1700,celo_prune,6.874833106994629,6.585997581481934,73514228800.0
TransformerLM_LM1B_MultiRuntime_0,4,1700,celo_q8,6.675683975219727,6.541049957275391,73009818400.0
TransformerLM_LM1B_MultiRuntime_0,4,1700,adam,7.6662516593933105,7.0405778884887695,217516224000.0
TransformerLM_LM1B_MultiRuntime_0,4,1700,adafactor,9.792611122131348,10.042673110961914,181263520000.0
TransformerLM_LM1B_MultiRuntime_0,4,1700,sgd,7.410656452178955,7.683314800262451,145010816000.0
TransformerLM_LM1B_MultiRuntime_0,4,1800,celo,5.477717876434326,5.658747673034668,78906758400.0
TransformerLM_LM1B_MultiRuntime_0,4,1800,celo_prune,5.547937870025635,6.001609802246094,77838595200.0
TransformerLM_LM1B_MultiRuntime_0,4,1800,celo_q8,5.4748687744140625,5.621146202087402,77304513600.0
TransformerLM_LM1B_MultiRuntime_0,4,1800,adam,5.957744598388672,6.2918829917907715,230311296000.0
TransformerLM_LM1B_MultiRuntime_0,4,1800,adafactor,9.380048751831055,9.486802101135254,191926080000.0
TransformerLM_LM1B_MultiRuntime_0,4,1800,sgd,6.285710334777832,6.579594135284424,153540864000.0
TransformerLM_LM1B_MultiRuntime_0,4,1900,celo,6.043511390686035,7.501473903656006,83290467200.0
TransformerLM_LM1B_MultiRuntime_0,4,1900,celo_prune,6.134291172027588,7.456343650817871,82162961600.0
TransformerLM_LM1B_MultiRuntime_0,4,1900,celo_q8,5.813637733459473,7.510018348693848,81599208800.0
TransformerLM_LM1B_MultiRuntime_0,4,1900,adam,6.258619785308838,7.779644966125488,243106368000.0
TransformerLM_LM1B_MultiRuntime_0,4,1900,adafactor,8.890151023864746,9.616571426391602,202588640000.0
TransformerLM_LM1B_MultiRuntime_0,4,1900,sgd,6.825448036193848,7.946051597595215,162070912000.0
TransformerLM_LM1B_MultiRuntime_0,4,2000,celo,6.510602951049805,8.340433120727539,87674176000.0
TransformerLM_LM1B_MultiRuntime_0,4,2000,celo_prune,6.756122589111328,8.732635498046875,86487328000.0
TransformerLM_LM1B_MultiRuntime_0,4,2000,celo_q8,6.6360979080200195,8.313425064086914,85893904000.0
TransformerLM_LM1B_MultiRuntime_0,4,2000,adam,7.187654972076416,8.879183769226074,255901440000.0
TransformerLM_LM1B_MultiRuntime_0,4,2000,adafactor,9.455827713012695,9.757755279541016,213251200000.0
TransformerLM_LM1B_MultiRuntime_0,4,2000,sgd,7.751837730407715,9.169549942016602,170600960000.0
RNNLM_lm1bbytes_Patch32_LSTM128_Embed64,0,0,celo,5.55704402923584,5.55704402923584,0.0
RNNLM_lm1bbytes_Patch32_LSTM128_Embed64,0,0,celo_prune,5.55704402923584,5.55704402923584,0.0
RNNLM_lm1bbytes_Patch32_LSTM128_Embed64,0,0,celo_q8,5.55704402923584,5.55704402923584,0.0
RNNLM_lm1bbytes_Patch32_LSTM128_Embed64,0,0,adam,5.55704402923584,5.55704402923584,0.0
RNNLM_lm1bbytes_Patch32_LSTM128_Embed64,0,0,adafactor,5.55704402923584,5.55704402923584,0.0
RNNLM_lm1bbytes_Patch32_LSTM128_Embed64,0,0,sgd,5.55704402923584,5.55704402923584,0.0
RNNLM_lm1bbytes_Patch32_LSTM128_Embed64,0,100,celo,2.249227523803711,2.217822551727295,595673600.0
RNNLM_lm1bbytes_Patch32_LSTM128_Embed64,0,100,celo_prune,2.3735220432281494,2.3233113288879395,536331200.0
RNNLM_lm1bbytes_Patch32_LSTM128_Embed64,0,100,celo_q8,2.2486326694488525,2.217841625213623,506660000.0
RNNLM_lm1bbytes_Patch32_LSTM128_Embed64,0,100,adam,3.192060708999634,3.1709706783294678,1430966400.0
RNNLM_lm1bbytes_Patch32_LSTM128_Embed64,0,100,adafactor,5.441309928894043,5.437050819396973,1192472000.0
RNNLM_lm1bbytes_Patch32_LSTM128_Embed64,0,100,sgd,3.3627641201019287,3.3373606204986572,953977600.0
RNNLM_lm1bbytes_Patch32_LSTM128_Embed64,0,200,celo,2.0845401287078857,2.063016891479492,1191347200.0
RNNLM_lm1bbytes_Patch32_LSTM128_Embed64,0,200,celo_prune,2.154426336288452,2.131247043609619,1072662400.0
RNNLM_lm1bbytes_Patch32_LSTM128_Embed64,0,200,celo_q8,2.0801758766174316,2.061681032180786,1013320000.0
RNNLM_lm1bbytes_Patch32_LSTM128_Embed64,0,200,adam,2.8785009384155273,2.9112038612365723,2861932800.0
RNNLM_lm1bbytes_Patch32_LSTM128_Embed64,0,200,adafactor,5.257771015167236,5.251614093780518,2384944000.0
RNNLM_lm1bbytes_Patch32_LSTM128_Embed64,0,200,sgd,3.0484085083007812,3.090306282043457,1907955200.0
RNNLM_lm1bbytes_Patch32_LSTM128_Embed64,0,300,celo,1.986293077468872,2.0178892612457275,1787020800.0
RNNLM_lm1bbytes_Patch32_LSTM128_Embed64,0,300,celo_prune,2.058048725128174,2.1075518131256104,1608993600.0
RNNLM_lm1bbytes_Patch32_LSTM128_Embed64,0,300,celo_q8,1.9812681674957275,2.009687900543213,1519980000.0
RNNLM_lm1bbytes_Patch32_LSTM128_Embed64,0,300,adam,2.696197271347046,2.696045160293579,4292899200.0
RNNLM_lm1bbytes_Patch32_LSTM128_Embed64,0,300,adafactor,4.964263916015625,4.95557165145874,3577416000.0
RNNLM_lm1bbytes_Patch32_LSTM128_Embed64,0,300,sgd,2.9003946781158447,2.9054110050201416,2861932800.0
RNNLM_lm1bbytes_Patch32_LSTM128_Embed64,0,400,celo,1.948960304260254,1.983601689338684,2382694400.0
RNNLM_lm1bbytes_Patch32_LSTM128_Embed64,0,400,celo_prune,2.0753471851348877,2.1357667446136475,2145324800.0
RNNLM_lm1bbytes_Patch32_LSTM128_Embed64,0,400,celo_q8,1.9399027824401855,1.9910694360733032,2026640000.0
RNNLM_lm1bbytes_Patch32_LSTM128_Embed64,0,400,adam,2.5940005779266357,2.61706805229187,5723865600.0
RNNLM_lm1bbytes_Patch32_LSTM128_Embed64,0,400,adafactor,4.564317226409912,4.565916538238525,4769888000.0
RNNLM_lm1bbytes_Patch32_LSTM128_Embed64,0,400,sgd,2.801356315612793,2.8087379932403564,3815910400.0
RNNLM_lm1bbytes_Patch32_LSTM128_Embed64,0,500,celo,1.9556347131729126,1.9195332527160645,2978368000.0
RNNLM_lm1bbytes_Patch32_LSTM128_Embed64,0,500,celo_prune,2.061539649963379,2.022404432296753,2681656000.0
RNNLM_lm1bbytes_Patch32_LSTM128_Embed64,0,500,celo_q8,1.993161678314209,1.9440456628799438,2533300000.0
RNNLM_lm1bbytes_Patch32_LSTM128_Embed64,0,500,adam,2.5614564418792725,2.461617946624756,7154832000.0
RNNLM_lm1bbytes_Patch32_LSTM128_Embed64,0,500,adafactor,4.171926975250244,4.132648944854736,5962360000.0
RNNLM_lm1bbytes_Patch32_LSTM128_Embed64,0,500,sgd,2.7622597217559814,2.660123825073242,4769888000.0
RNNLM_lm1bbytes_Patch32_LSTM128_Embed64,0,600,celo,1.8378562927246094,1.7983475923538208,3574041600.0
RNNLM_lm1bbytes_Patch32_LSTM128_Embed64,0,600,celo_prune,2.0010833740234375,1.9758870601654053,3217987200.0
RNNLM_lm1bbytes_Patch32_LSTM128_Embed64,0,600,celo_q8,1.8559390306472778,1.8364508152008057,3039960000.0
RNNLM_lm1bbytes_Patch32_LSTM128_Embed64,0,600,adam,2.482879161834717,2.4626893997192383,8585798400.0
RNNLM_lm1bbytes_Patch32_LSTM128_Embed64,0,600,adafactor,3.8485190868377686,3.815817356109619,7154832000.0
RNNLM_lm1bbytes_Patch32_LSTM128_Embed64,0,600,sgd,2.680947780609131,2.654627561569214,5723865600.0
RNNLM_lm1bbytes_Patch32_LSTM128_Embed64,0,700,celo,1.8413023948669434,1.7724376916885376,4169715200.0
RNNLM_lm1bbytes_Patch32_LSTM128_Embed64,0,700,celo_prune,2.108954668045044,2.0396084785461426,3754318400.0
RNNLM_lm1bbytes_Patch32_LSTM128_Embed64,0,700,celo_q8,1.8428161144256592,1.7938086986541748,3546620000.0
RNNLM_lm1bbytes_Patch32_LSTM128_Embed64,0,700,adam,2.470604181289673,2.4022369384765625,10016764800.0
RNNLM_lm1bbytes_Patch32_LSTM128_Embed64,0,700,adafactor,3.63535737991333,3.586437225341797,8347304000.0
RNNLM_lm1bbytes_Patch32_LSTM128_Embed64,0,700,sgd,2.6645591259002686,2.592273473739624,6677843200.0
RNNLM_lm1bbytes_Patch32_LSTM128_Embed64,0,800,celo,1.772857427597046,1.7927212715148926,4765388800.0
RNNLM_lm1bbytes_Patch32_LSTM128_Embed64,0,800,celo_prune,3.0004167556762695,2.589724540710449,4290649600.0
RNNLM_lm1bbytes_Patch32_LSTM128_Embed64,0,800,celo_q8,1.7843635082244873,1.7898818254470825,4053280000.0
RNNLM_lm1bbytes_Patch32_LSTM128_Embed64,0,800,adam,2.4062325954437256,2.3938748836517334,11447731200.0
RNNLM_lm1bbytes_Patch32_LSTM128_Embed64,0,800,adafactor,3.494990110397339,3.4600985050201416,9539776000.0
RNNLM_lm1bbytes_Patch32_LSTM128_Embed64,0,800,sgd,2.631500005722046,2.583747386932373,7631820800.0
RNNLM_lm1bbytes_Patch32_LSTM128_Embed64,0,900,celo,1.7924786806106567,1.7996721267700195,5361062400.0
RNNLM_lm1bbytes_Patch32_LSTM128_Embed64,0,900,celo_prune,1.9660841226577759,1.9557243585586548,4826980800.0
RNNLM_lm1bbytes_Patch32_LSTM128_Embed64,0,900,celo_q8,1.798775553703308,1.7857589721679688,4559940000.0
RNNLM_lm1bbytes_Patch32_LSTM128_Embed64,0,900,adam,2.42128849029541,2.3766324520111084,12878697600.0
RNNLM_lm1bbytes_Patch32_LSTM128_Embed64,0,900,adafactor,3.405869245529175,3.379851818084717,10732248000.0
RNNLM_lm1bbytes_Patch32_LSTM128_Embed64,0,900,sgd,2.63305926322937,2.575092315673828,8585798400.0
RNNLM_lm1bbytes_Patch32_LSTM128_Embed64,0,1000,celo,1.7508548498153687,1.7250746488571167,5956736000.0
RNNLM_lm1bbytes_Patch32_LSTM128_Embed64,0,1000,celo_prune,1.9705194234848022,1.9554532766342163,5363312000.0
RNNLM_lm1bbytes_Patch32_LSTM128_Embed64,0,1000,celo_q8,1.7505296468734741,1.7481977939605713,5066600000.0
RNNLM_lm1bbytes_Patch32_LSTM128_Embed64,0,1000,adam,2.3502790927886963,2.387667179107666,14309664000.0
RNNLM_lm1bbytes_Patch32_LSTM128_Embed64,0,1000,adafactor,3.305567502975464,3.3113605976104736,11924720000.0
RNNLM_lm1bbytes_Patch32_LSTM128_Embed64,0,1000,sgd,2.553706645965576,2.5950839519500732,9539776000.0
RNNLM_lm1bbytes_Patch32_LSTM128_Embed64,0,1100,celo,1.8153473138809204,1.691640019416809,6552409600.0
RNNLM_lm1bbytes_Patch32_LSTM128_Embed64,0,1100,celo_prune,2.071335554122925,1.993248462677002,5899643200.0
RNNLM_lm1bbytes_Patch32_LSTM128_Embed64,0,1100,celo_q8,1.8078643083572388,1.7089784145355225,5573260000.0
RNNLM_lm1bbytes_Patch32_LSTM128_Embed64,0,1100,adam,2.349925994873047,2.327155351638794,15740630400.0
RNNLM_lm1bbytes_Patch32_LSTM128_Embed64,0,1100,adafactor,3.2611305713653564,3.24690580368042,13117192000.0
RNNLM_lm1bbytes_Patch32_LSTM128_Embed64,0,1100,sgd,2.5712080001831055,2.5426526069641113,10493753600.0
RNNLM_lm1bbytes_Patch32_LSTM128_Embed64,0,1200,celo,1.7047184705734253,1.6924477815628052,7148083200.0
RNNLM_lm1bbytes_Patch32_LSTM128_Embed64,0,1200,celo_prune,2.0329439640045166,1.9902490377426147,6435974400.0
RNNLM_lm1bbytes_Patch32_LSTM128_Embed64,0,1200,celo_q8,1.7056416273117065,1.704445481300354,6079920000.0
RNNLM_lm1bbytes_Patch32_LSTM128_Embed64,0,1200,adam,2.2873525619506836,2.2998433113098145,17171596800.0
RNNLM_lm1bbytes_Patch32_LSTM128_Embed64,0,1200,adafactor,3.1775295734405518,3.2077558040618896,14309664000.0
RNNLM_lm1bbytes_Patch32_LSTM128_Embed64,0,1200,sgd,2.5045828819274902,2.533066511154175,11447731200.0
RNNLM_lm1bbytes_Patch32_LSTM128_Embed64,0,1300,celo,1.6738024950027466,1.7215678691864014,7743756800.0
RNNLM_lm1bbytes_Patch32_LSTM128_Embed64,0,1300,celo_prune,1.8889400959014893,1.9561920166015625,6972305600.0
RNNLM_lm1bbytes_Patch32_LSTM128_Embed64,0,1300,celo_q8,1.6756267547607422,1.7358596324920654,6586580000.0
RNNLM_lm1bbytes_Patch32_LSTM128_Embed64,0,1300,adam,2.2092747688293457,2.2703614234924316,18602563200.0
RNNLM_lm1bbytes_Patch32_LSTM128_Embed64,0,1300,adafactor,3.0844907760620117,3.1608846187591553,15502136000.0
RNNLM_lm1bbytes_Patch32_LSTM128_Embed64,0,1300,sgd,2.4122345447540283,2.498415231704712,12401708800.0
RNNLM_lm1bbytes_Patch32_LSTM128_Embed64,0,1400,celo,1.7251200675964355,1.7314231395721436,8339430400.0
RNNLM_lm1bbytes_Patch32_LSTM128_Embed64,0,1400,celo_prune,2.0779521465301514,2.063946485519409,7508636800.0
RNNLM_lm1bbytes_Patch32_LSTM128_Embed64,0,1400,celo_q8,1.7268290519714355,1.7331111431121826,7093240000.0
RNNLM_lm1bbytes_Patch32_LSTM128_Embed64,0,1400,adam,2.2353429794311523,2.2790424823760986,20033529600.0
RNNLM_lm1bbytes_Patch32_LSTM128_Embed64,0,1400,adafactor,3.0883021354675293,3.173719882965088,16694608000.0
RNNLM_lm1bbytes_Patch32_LSTM128_Embed64,0,1400,sgd,2.4449737071990967,2.53045916557312,13355686400.0
RNNLM_lm1bbytes_Patch32_LSTM128_Embed64,0,1500,celo,1.652140736579895,1.6938639879226685,8935104000.0
RNNLM_lm1bbytes_Patch32_LSTM128_Embed64,0,1500,celo_prune,1.987431526184082,2.0698230266571045,8044968000.0
RNNLM_lm1bbytes_Patch32_LSTM128_Embed64,0,1500,celo_q8,1.6566296815872192,1.7066333293914795,7599900000.0
RNNLM_lm1bbytes_Patch32_LSTM128_Embed64,0,1500,adam,2.193329334259033,2.222975492477417,21464496000.0
RNNLM_lm1bbytes_Patch32_LSTM128_Embed64,0,1500,adafactor,3.037079095840454,3.1060619354248047,17887080000.0
RNNLM_lm1bbytes_Patch32_LSTM128_Embed64,0,1500,sgd,2.4221065044403076,2.4841136932373047,14309664000.0
RNNLM_lm1bbytes_Patch32_LSTM128_Embed64,0,1600,celo,1.65556001663208,1.8079959154129028,9530777600.0
RNNLM_lm1bbytes_Patch32_LSTM128_Embed64,0,1600,celo_prune,1.9608346223831177,2.0426456928253174,8581299200.0
RNNLM_lm1bbytes_Patch32_LSTM128_Embed64,0,1600,celo_q8,1.6854277849197388,1.806827425956726,8106560000.0
RNNLM_lm1bbytes_Patch32_LSTM128_Embed64,0,1600,adam,2.1839170455932617,2.258544445037842,22895462400.0
RNNLM_lm1bbytes_Patch32_LSTM128_Embed64,0,1600,adafactor,3.0093464851379395,3.052882671356201,19079552000.0
RNNLM_lm1bbytes_Patch32_LSTM128_Embed64,0,1600,sgd,2.426746129989624,2.473722219467163,15263641600.0
RNNLM_lm1bbytes_Patch32_LSTM128_Embed64,0,1700,celo,1.7381906509399414,1.719702124595642,10126451200.0
RNNLM_lm1bbytes_Patch32_LSTM128_Embed64,0,1700,celo_prune,1.9590094089508057,1.9164013862609863,9117630400.0
RNNLM_lm1bbytes_Patch32_LSTM128_Embed64,0,1700,celo_q8,1.741740107536316,1.7169804573059082,8613220000.0
RNNLM_lm1bbytes_Patch32_LSTM128_Embed64,0,1700,adam,2.1952357292175293,2.18019962310791,24326428800.0
RNNLM_lm1bbytes_Patch32_LSTM128_Embed64,0,1700,adafactor,2.9885993003845215,2.995701313018799,20272024000.0
RNNLM_lm1bbytes_Patch32_LSTM128_Embed64,0,1700,sgd,2.426888942718506,2.426271915435791,16217619200.0
RNNLM_lm1bbytes_Patch32_LSTM128_Embed64,0,1800,celo,1.666789174079895,1.62820303440094,10722124800.0
RNNLM_lm1bbytes_Patch32_LSTM128_Embed64,0,1800,celo_prune,1.8833668231964111,1.8731250762939453,9653961600.0
RNNLM_lm1bbytes_Patch32_LSTM128_Embed64,0,1800,celo_q8,1.6662083864212036,1.6597018241882324,9119880000.0
RNNLM_lm1bbytes_Patch32_LSTM128_Embed64,0,1800,adam,2.146515130996704,2.151904344558716,25757395200.0
RNNLM_lm1bbytes_Patch32_LSTM128_Embed64,0,1800,adafactor,2.9349145889282227,2.9156177043914795,21464496000.0
RNNLM_lm1bbytes_Patch32_LSTM128_Embed64,0,1800,sgd,2.372753381729126,2.3737409114837646,17171596800.0
RNNLM_lm1bbytes_Patch32_LSTM128_Embed64,0,1900,celo,1.7248066663742065,1.7120271921157837,11317798400.0
RNNLM_lm1bbytes_Patch32_LSTM128_Embed64,0,1900,celo_prune,2.011378288269043,1.9984066486358643,10190292800.0
RNNLM_lm1bbytes_Patch32_LSTM128_Embed64,0,1900,celo_q8,1.7337102890014648,1.7071864604949951,9626540000.0
RNNLM_lm1bbytes_Patch32_LSTM128_Embed64,0,1900,adam,2.194080114364624,2.1653659343719482,27188361600.0
RNNLM_lm1bbytes_Patch32_LSTM128_Embed64,0,1900,adafactor,2.9429495334625244,2.905735492706299,22656968000.0
RNNLM_lm1bbytes_Patch32_LSTM128_Embed64,0,1900,sgd,2.4235806465148926,2.39609956741333,18125574400.0
RNNLM_lm1bbytes_Patch32_LSTM128_Embed64,0,2000,celo,1.7164353132247925,1.6483317613601685,11913472000.0
RNNLM_lm1bbytes_Patch32_LSTM128_Embed64,0,2000,celo_prune,2.039124011993408,1.9242624044418335,10726624000.0
RNNLM_lm1bbytes_Patch32_LSTM128_Embed64,0,2000,celo_q8,1.731165885925293,1.6644244194030762,10133200000.0
RNNLM_lm1bbytes_Patch32_LSTM128_Embed64,0,2000,adam,2.174553394317627,2.117434501647949,28619328000.0
RNNLM_lm1bbytes_Patch32_LSTM128_Embed64,0,2000,adafactor,2.9216883182525635,2.8741140365600586,23849440000.0
RNNLM_lm1bbytes_Patch32_LSTM128_Embed64,0,2000,sgd,2.40921688079834,2.355198860168457,19079552000.0
RNNLM_lm1bbytes_Patch32_LSTM128_Embed64,1,0,celo,5.518455982208252,5.518455982208252,0.0
RNNLM_lm1bbytes_Patch32_LSTM128_Embed64,1,0,celo_prune,5.518455982208252,5.518455982208252,0.0
RNNLM_lm1bbytes_Patch32_LSTM128_Embed64,1,0,celo_q8,5.518455982208252,5.518455982208252,0.0
RNNLM_lm1bbytes_Patch32_LSTM128_Embed64,1,0,adam,5.518455982208252,5.518455982208252,0.0
RNNLM_lm1bbytes_Patch32_LSTM128_Embed64,1,0,adafactor,5.518455982208252,5.518455982208252,0.0
RNNLM_lm1bbytes_Patch32_LSTM128_Embed64,1,0,sgd,5.518455982208252,5.518455982208252,0.0
RNNLM_lm1bbytes_Patch32_LSTM128_Embed64,1,100,celo,2.209357261657715,2.2295703887939453,595673600.0
RNNLM_lm1bbytes_Patch32_LSTM128_Embed64,1,100,celo_prune,2.3321735858917236,2.3453073501586914,536331200.0
RNNLM_lm1bbytes_Patch32_LSTM128_Embed64,1,100,celo_q8,2.209195852279663,2.2240238189697266,506660000.0
RNNLM_lm1bbytes_Patch32_LSTM128_Embed64,1,100,adam,3.1708831787109375,3.195477247238159,1430966400.0
RNNLM_lm1bbytes_Patch32_LSTM128_Embed64,1,100,adafactor,5.394576072692871,5.398274898529053,1192472000.0
RNNLM_lm1bbytes_Patch32_LSTM128_Embed64,1,100,sgd,3.329711437225342,3.3439347743988037,953977600.0
RNNLM_lm1bbytes_Patch32_LSTM128_Embed64,1,200,celo,2.0598771572113037,2.0356087684631348,1191347200.0
RNNLM_lm1bbytes_Patch32_LSTM128_Embed64,1,200,celo_prune,2.14742374420166,2.1433582305908203,1072662400.0
RNNLM_lm1bbytes_Patch32_LSTM128_Embed64,1,200,celo_q8,2.0680830478668213,2.0522453784942627,1013320000.0
RNNLM_lm1bbytes_Patch32_LSTM128_Embed64,1,200,adam,2.919830083847046,2.9789414405822754,2861932800.0
RNNLM_lm1bbytes_Patch32_LSTM128_Embed64,1,200,adafactor,5.20978307723999,5.203917980194092,2384944000.0
RNNLM_lm1bbytes_Patch32_LSTM128_Embed64,1,200,sgd,3.087327241897583,3.146242618560791,1907955200.0
RNNLM_lm1bbytes_Patch32_LSTM128_Embed64,1,300,celo,2.014310359954834,2.015132427215576,1787020800.0
RNNLM_lm1bbytes_Patch32_LSTM128_Embed64,1,300,celo_prune,2.0993845462799072,2.0887744426727295,1608993600.0
RNNLM_lm1bbytes_Patch32_LSTM128_Embed64,1,300,celo_q8,2.0131442546844482,2.017962694168091,1519980000.0
RNNLM_lm1bbytes_Patch32_LSTM128_Embed64,1,300,adam,2.767695903778076,2.7149856090545654,4292899200.0
RNNLM_lm1bbytes_Patch32_LSTM128_Embed64,1,300,adafactor,4.862813949584961,4.85722017288208,3577416000.0
RNNLM_lm1bbytes_Patch32_LSTM128_Embed64,1,300,sgd,2.9689407348632812,2.9326117038726807,2861932800.0
RNNLM_lm1bbytes_Patch32_LSTM128_Embed64,1,400,celo,1.9204555749893188,1.9060543775558472,2382694400.0
RNNLM_lm1bbytes_Patch32_LSTM128_Embed64,1,400,celo_prune,1.9622279405593872,1.9496924877166748,2145324800.0
RNNLM_lm1bbytes_Patch32_LSTM128_Embed64,1,400,celo_q8,1.9150445461273193,1.892810583114624,2026640000.0
RNNLM_lm1bbytes_Patch32_LSTM128_Embed64,1,400,adam,2.607046127319336,2.6138792037963867,5723865600.0
RNNLM_lm1bbytes_Patch32_LSTM128_Embed64,1,400,adafactor,4.435728549957275,4.414634704589844,4769888000.0
RNNLM_lm1bbytes_Patch32_LSTM128_Embed64,1,400,sgd,2.815354347229004,2.836695909500122,3815910400.0
RNNLM_lm1bbytes_Patch32_LSTM128_Embed64,1,500,celo,1.828025460243225,1.7833528518676758,2978368000.0
RNNLM_lm1bbytes_Patch32_LSTM128_Embed64,1,500,celo_prune,1.942376732826233,1.8839925527572632,2681656000.0
RNNLM_lm1bbytes_Patch32_LSTM128_Embed64,1,500,celo_q8,1.8529611825942993,1.8066918849945068,2533300000.0
RNNLM_lm1bbytes_Patch32_LSTM128_Embed64,1,500,adam,2.5927798748016357,2.5380959510803223,7154832000.0
RNNLM_lm1bbytes_Patch32_LSTM128_Embed64,1,500,adafactor,4.099465847015381,4.060171604156494,5962360000.0
RNNLM_lm1bbytes_Patch32_LSTM128_Embed64,1,500,sgd,2.836851119995117,2.7576019763946533,4769888000.0
RNNLM_lm1bbytes_Patch32_LSTM128_Embed64,1,600,celo,1.9320123195648193,1.9569225311279297,3574041600.0
RNNLM_lm1bbytes_Patch32_LSTM128_Embed64,1,600,celo_prune,1.9581958055496216,2.0089497566223145,3217987200.0
RNNLM_lm1bbytes_Patch32_LSTM128_Embed64,1,600,celo_q8,1.8515642881393433,1.930189609527588,3039960000.0
RNNLM_lm1bbytes_Patch32_LSTM128_Embed64,1,600,adam,2.4587929248809814,2.600841760635376,8585798400.0
RNNLM_lm1bbytes_Patch32_LSTM128_Embed64,1,600,adafactor,3.7652652263641357,3.830542802810669,7154832000.0
RNNLM_lm1bbytes_Patch32_LSTM128_Embed64,1,600,sgd,2.6598689556121826,2.8074231147766113,5723865600.0
RNNLM_lm1bbytes_Patch32_LSTM128_Embed64,1,700,celo,1.9028133153915405,1.9221104383468628,4169715200.0
RNNLM_lm1bbytes_Patch32_LSTM128_Embed64,1,700,celo_prune,1.952928900718689,2.0463387966156006,3754318400.0
RNNLM_lm1bbytes_Patch32_LSTM128_Embed64,1,700,celo_q8,1.8204505443572998,1.8786088228225708,3546620000.0
RNNLM_lm1bbytes_Patch32_LSTM128_Embed64,1,700,adam,2.452176570892334,2.5056140422821045,10016764800.0
RNNLM_lm1bbytes_Patch32_LSTM128_Embed64,1,700,adafactor,3.572218179702759,3.630399465560913,8347304000.0
RNNLM_lm1bbytes_Patch32_LSTM128_Embed64,1,700,sgd,2.6480088233947754,2.7181549072265625,6677843200.0
RNNLM_lm1bbytes_Patch32_LSTM128_Embed64,1,800,celo,1.8123996257781982,1.7712173461914062,4765388800.0
RNNLM_lm1bbytes_Patch32_LSTM128_Embed64,1,800,celo_prune,2.152273178100586,2.0270214080810547,4290649600.0
RNNLM_lm1bbytes_Patch32_LSTM128_Embed64,1,800,celo_q8,1.8502590656280518,1.7693157196044922,4053280000.0
RNNLM_lm1bbytes_Patch32_LSTM128_Embed64,1,800,adam,2.421928882598877,2.410142660140991,11447731200.0
RNNLM_lm1bbytes_Patch32_LSTM128_Embed64,1,800,adafactor,3.450392246246338,3.4469425678253174,9539776000.0
RNNLM_lm1bbytes_Patch32_LSTM128_Embed64,1,800,sgd,2.625131845474243,2.608954429626465,7631820800.0
RNNLM_lm1bbytes_Patch32_LSTM128_Embed64,1,900,celo,1.7697081565856934,1.7605154514312744,5361062400.0
RNNLM_lm1bbytes_Patch32_LSTM128_Embed64,1,900,celo_prune,2.0155889987945557,2.0111804008483887,4826980800.0
RNNLM_lm1bbytes_Patch32_LSTM128_Embed64,1,900,celo_q8,1.8021913766860962,1.763020634651184,4559940000.0
RNNLM_lm1bbytes_Patch32_LSTM128_Embed64,1,900,adam,2.3598906993865967,2.388690948486328,12878697600.0
RNNLM_lm1bbytes_Patch32_LSTM128_Embed64,1,900,adafactor,3.315286874771118,3.3452091217041016,10732248000.0
RNNLM_lm1bbytes_Patch32_LSTM128_Embed64,1,900,sgd,2.5552964210510254,2.5950825214385986,8585798400.0
RNNLM_lm1bbytes_Patch32_LSTM128_Embed64,1,1000,celo,1.7218760251998901,1.692741870880127,5956736000.0
RNNLM_lm1bbytes_Patch32_LSTM128_Embed64,1,1000,celo_prune,1.9041061401367188,1.8810876607894897,5363312000.0
RNNLM_lm1bbytes_Patch32_LSTM128_Embed64,1,1000,celo_q8,1.730403184890747,1.7031257152557373,5066600000.0
RNNLM_lm1bbytes_Patch32_LSTM128_Embed64,1,1000,adam,2.330652952194214,2.325212240219116,14309664000.0
RNNLM_lm1bbytes_Patch32_LSTM128_Embed64,1,1000,adafactor,3.259035587310791,3.2834043502807617,11924720000.0
RNNLM_lm1bbytes_Patch32_LSTM128_Embed64,1,1000,sgd,2.544020891189575,2.5391693115234375,9539776000.0
RNNLM_lm1bbytes_Patch32_LSTM128_Embed64,1,1100,celo,1.7061454057693481,1.7631422281265259,6552409600.0
RNNLM_lm1bbytes_Patch32_LSTM128_Embed64,1,1100,celo_prune,1.9906847476959229,2.0765380859375,5899643200.0
RNNLM_lm1bbytes_Patch32_LSTM128_Embed64,1,1100,celo_q8,1.71466064453125,1.7695484161376953,5573260000.0
RNNLM_lm1bbytes_Patch32_LSTM128_Embed64,1,1100,adam,2.3007142543792725,2.3367934226989746,15740630400.0
RNNLM_lm1bbytes_Patch32_LSTM128_Embed64,1,1100,adafactor,3.1797890663146973,3.2198526859283447,13117192000.0
RNNLM_lm1bbytes_Patch32_LSTM128_Embed64,1,1100,sgd,2.503260612487793,2.5505661964416504,10493753600.0
RNNLM_lm1bbytes_Patch32_LSTM128_Embed64,1,1200,celo,1.7027636766433716,1.6749273538589478,7148083200.0
RNNLM_lm1bbytes_Patch32_LSTM128_Embed64,1,1200,celo_prune,1.9398761987686157,1.9550882577896118,6435974400.0
RNNLM_lm1bbytes_Patch32_LSTM128_Embed64,1,1200,celo_q8,1.7052100896835327,1.6876952648162842,6079920000.0
RNNLM_lm1bbytes_Patch32_LSTM128_Embed64,1,1200,adam,2.2496485710144043,2.250488042831421,17171596800.0
RNNLM_lm1bbytes_Patch32_LSTM128_Embed64,1,1200,adafactor,3.126857042312622,3.1492066383361816,14309664000.0
RNNLM_lm1bbytes_Patch32_LSTM128_Embed64,1,1200,sgd,2.4660284519195557,2.4824397563934326,11447731200.0
RNNLM_lm1bbytes_Patch32_LSTM128_Embed64,1,1300,celo,1.73838210105896,1.7010232210159302,7743756800.0
RNNLM_lm1bbytes_Patch32_LSTM128_Embed64,1,1300,celo_prune,1.9598690271377563,1.929758906364441,6972305600.0
RNNLM_lm1bbytes_Patch32_LSTM128_Embed64,1,1300,celo_q8,1.7415719032287598,1.7012779712677002,6586580000.0
RNNLM_lm1bbytes_Patch32_LSTM128_Embed64,1,1300,adam,2.267531156539917,2.2600295543670654,18602563200.0
RNNLM_lm1bbytes_Patch32_LSTM128_Embed64,1,1300,adafactor,3.1405303478240967,3.1099627017974854,15502136000.0
RNNLM_lm1bbytes_Patch32_LSTM128_Embed64,1,1300,sgd,2.498521327972412,2.4911584854125977,12401708800.0
RNNLM_lm1bbytes_Patch32_LSTM128_Embed64,1,1400,celo,1.772070288658142,1.7432680130004883,8339430400.0
RNNLM_lm1bbytes_Patch32_LSTM128_Embed64,1,1400,celo_prune,2.1597542762756348,2.1354568004608154,7508636800.0
RNNLM_lm1bbytes_Patch32_LSTM128_Embed64,1,1400,celo_q8,1.768743872642517,1.7584761381149292,7093240000.0
RNNLM_lm1bbytes_Patch32_LSTM128_Embed64,1,1400,adam,2.242385149002075,2.233570098876953,20033529600.0
RNNLM_lm1bbytes_Patch32_LSTM128_Embed64,1,1400,adafactor,3.102654218673706,3.0945651531219482,16694608000.0
RNNLM_lm1bbytes_Patch32_LSTM128_Embed64,1,1400,sgd,2.4898836612701416,2.4841089248657227,13355686400.0
RNNLM_lm1bbytes_Patch32_LSTM128_Embed64,1,1500,celo,1.6874523162841797,1.6857713460922241,8935104000.0
RNNLM_lm1bbytes_Patch32_LSTM128_Embed64,1,1500,celo_prune,2.125758647918701,2.043726682662964,8044968000.0
RNNLM_lm1bbytes_Patch32_LSTM128_Embed64,1,1500,celo_q8,1.7069650888442993,1.6825857162475586,7599900000.0
RNNLM_lm1bbytes_Patch32_LSTM128_Embed64,1,1500,adam,2.2270689010620117,2.224478244781494,21464496000.0
RNNLM_lm1bbytes_Patch32_LSTM128_Embed64,1,1500,adafactor,3.0803589820861816,3.0425305366516113,17887080000.0
RNNLM_lm1bbytes_Patch32_LSTM128_Embed64,1,1500,sgd,2.4868195056915283,2.46604585647583,14309664000.0
RNNLM_lm1bbytes_Patch32_LSTM128_Embed64,1,1600,celo,1.7117090225219727,1.6791861057281494,9530777600.0
RNNLM_lm1bbytes_Patch32_LSTM128_Embed64,1,1600,celo_prune,2.030160427093506,1.979445457458496,8581299200.0
RNNLM_lm1bbytes_Patch32_LSTM128_Embed64,1,1600,celo_q8,1.6835356950759888,1.6803596019744873,8106560000.0
RNNLM_lm1bbytes_Patch32_LSTM128_Embed64,1,1600,adam,2.2177624702453613,2.192476987838745,22895462400.0
RNNLM_lm1bbytes_Patch32_LSTM128_Embed64,1,1600,adafactor,3.0177009105682373,3.0222933292388916,19079552000.0
RNNLM_lm1bbytes_Patch32_LSTM128_Embed64,1,1600,sgd,2.468419075012207,2.449535369873047,15263641600.0
RNNLM_lm1bbytes_Patch32_LSTM128_Embed64,1,1700,celo,1.6755207777023315,1.6790269613265991,10126451200.0
RNNLM_lm1bbytes_Patch32_LSTM128_Embed64,1,1700,celo_prune,1.9471145868301392,1.9627742767333984,9117630400.0
RNNLM_lm1bbytes_Patch32_LSTM128_Embed64,1,1700,celo_q8,1.6747621297836304,1.6768240928649902,8613220000.0
RNNLM_lm1bbytes_Patch32_LSTM128_Embed64,1,1700,adam,2.1939444541931152,2.165658712387085,24326428800.0
RNNLM_lm1bbytes_Patch32_LSTM128_Embed64,1,1700,adafactor,2.996777296066284,2.954608201980591,20272024000.0
RNNLM_lm1bbytes_Patch32_LSTM128_Embed64,1,1700,sgd,2.4467790126800537,2.410804033279419,16217619200.0
RNNLM_lm1bbytes_Patch32_LSTM128_Embed64,1,1800,celo,1.608038067817688,1.5884960889816284,10722124800.0
RNNLM_lm1bbytes_Patch32_LSTM128_Embed64,1,1800,celo_prune,1.8641471862792969,1.8414307832717896,9653961600.0
RNNLM_lm1bbytes_Patch32_LSTM128_Embed64,1,1800,celo_q8,1.6152317523956299,1.6009156703948975,9119880000.0
RNNLM_lm1bbytes_Patch32_LSTM128_Embed64,1,1800,adam,2.1682441234588623,2.1090526580810547,25757395200.0
RNNLM_lm1bbytes_Patch32_LSTM128_Embed64,1,1800,adafactor,2.9680585861206055,2.866163969039917,21464496000.0
RNNLM_lm1bbytes_Patch32_LSTM128_Embed64,1,1800,sgd,2.444089412689209,2.340028762817383,17171596800.0
RNNLM_lm1bbytes_Patch32_LSTM128_Embed64,1,1900,celo,1.669074296951294,1.7007917165756226,11317798400.0
RNNLM_lm1bbytes_Patch32_LSTM128_Embed64,1,1900,celo_prune,1.9713959693908691,1.9559826850891113,10190292800.0
RNNLM_lm1bbytes_Patch32_LSTM128_Embed64,1,1900,celo_q8,1.684186577796936,1.7076082229614258,9626540000.0
RNNLM_lm1bbytes_Patch32_LSTM128_Embed64,1,1900,adam,2.1667840480804443,2.180455446243286,27188361600.0
RNNLM_lm1bbytes_Patch32_LSTM128_Embed64,1,1900,adafactor,2.9472169876098633,2.923624277114868,22656968000.0
RNNLM_lm1bbytes_Patch32_LSTM128_Embed64,1,1900,sgd,2.427590847015381,2.415623903274536,18125574400.0
RNNLM_lm1bbytes_Patch32_LSTM128_Embed64,1,2000,celo,1.671582579612732,1.696433424949646,11913472000.0
RNNLM_lm1bbytes_Patch32_LSTM128_Embed64,1,2000,celo_prune,1.9950308799743652,1.9639838933944702,10726624000.0
RNNLM_lm1bbytes_Patch32_LSTM128_Embed64,1,2000,celo_q8,1.6783767938613892,1.6868668794631958,10133200000.0
RNNLM_lm1bbytes_Patch32_LSTM128_Embed64,1,2000,adam,2.1494154930114746,2.151679277420044,28619328000.0
RNNLM_lm1bbytes_Patch32_LSTM128_Embed64,1,2000,adafactor,2.8857603073120117,2.872715711593628,23849440000.0
RNNLM_lm1bbytes_Patch32_LSTM128_Embed64,1,2000,sgd,2.407655954360962,2.394061803817749,19079552000.0
RNNLM_lm1bbytes_Patch32_LSTM128_Embed64,2,0,celo,5.5576701164245605,5.5576701164245605,0.0
RNNLM_lm1bbytes_Patch32_LSTM128_Embed64,2,0,celo_prune,5.5576701164245605,5.5576701164245605,0.0
RNNLM_lm1bbytes_Patch32_LSTM128_Embed64,2,0,celo_q8,5.5576701164245605,5.5576701164245605,0.0
RNNLM_lm1bbytes_Patch32_LSTM128_Embed64,2,0,adam,5.5576701164245605,5.5576701164245605,0.0
RNNLM_lm1bbytes_Patch32_LSTM128_Embed64,2,0,adafactor,5.5576701164245605,5.5576701164245605,0.0
RNNLM_lm1bbytes_Patch32_LSTM128_Embed64,2,0,sgd,5.5576701164245605,5.5576701164245605,0.0
RNNLM_lm1bbytes_Patch32_LSTM128_Embed64,2,100,celo,2.1911637783050537,2.2170116901397705,595673600.0
RNNLM_lm1bbytes_Patch32_LSTM128_Embed64,2,100,celo_prune,2.3231823444366455,2.35890793800354,536331200.0
RNNLM_lm1bbytes_Patch32_LSTM128_Embed64,2,100,celo_q8,2.1899349689483643,2.2137560844421387,506660000.0
RNNLM_lm1bbytes_Patch32_LSTM128_Embed64,2,100,adam,3.1772146224975586,3.15456223487854,1430966400.0
RNNLM_lm1bbytes_Patch32_LSTM128_Embed64,2,100,adafactor,5.457197189331055,5.4547014236450195,1192472000.0
RNNLM_lm1bbytes_Patch32_LSTM128_Embed64,2,100,sgd,3.3724067211151123,3.36421799659729,953977600.0
RNNLM_lm1bbytes_Patch32_LSTM128_Embed64,2,200,celo,2.0511324405670166,2.0527219772338867,1191347200.0
RNNLM_lm1bbytes_Patch32_LSTM128_Embed64,2,200,celo_prune,2.117368221282959,2.1304571628570557,1072662400.0
RNNLM_lm1bbytes_Patch32_LSTM128_Embed64,2,200,celo_q8,2.0554611682891846,2.0560810565948486,1013320000.0
RNNLM_lm1bbytes_Patch32_LSTM128_Embed64,2,200,adam,2.9036381244659424,2.9059648513793945,2861932800.0
RNNLM_lm1bbytes_Patch32_LSTM128_Embed64,2,200,adafactor,5.293578624725342,5.2872443199157715,2384944000.0
RNNLM_lm1bbytes_Patch32_LSTM128_Embed64,2,200,sgd,3.093325614929199,3.0882556438446045,1907955200.0
RNNLM_lm1bbytes_Patch32_LSTM128_Embed64,2,300,celo,1.964134693145752,1.9736003875732422,1787020800.0
RNNLM_lm1bbytes_Patch32_LSTM128_Embed64,2,300,celo_prune,2.0358657836914062,2.065997838973999,1608993600.0
RNNLM_lm1bbytes_Patch32_LSTM128_Embed64,2,300,celo_q8,1.9647060632705688,1.9880542755126953,1519980000.0
RNNLM_lm1bbytes_Patch32_LSTM128_Embed64,2,300,adam,2.685291051864624,2.6833903789520264,4292899200.0
RNNLM_lm1bbytes_Patch32_LSTM128_Embed64,2,300,adafactor,5.0119194984436035,5.021617889404297,3577416000.0
RNNLM_lm1bbytes_Patch32_LSTM128_Embed64,2,300,sgd,2.889162540435791,2.9102540016174316,2861932800.0
RNNLM_lm1bbytes_Patch32_LSTM128_Embed64,2,400,celo,1.8924598693847656,1.9359692335128784,2382694400.0
RNNLM_lm1bbytes_Patch32_LSTM128_Embed64,2,400,celo_prune,2.0160768032073975,2.0645742416381836,2145324800.0
RNNLM_lm1bbytes_Patch32_LSTM128_Embed64,2,400,celo_q8,1.9160412549972534,1.9574106931686401,2026640000.0
RNNLM_lm1bbytes_Patch32_LSTM128_Embed64,2,400,adam,2.592857599258423,2.602019786834717,5723865600.0
RNNLM_lm1bbytes_Patch32_LSTM128_Embed64,2,400,adafactor,4.61782693862915,4.625785827636719,4769888000.0
RNNLM_lm1bbytes_Patch32_LSTM128_Embed64,2,400,sgd,2.8231303691864014,2.8426477909088135,3815910400.0
RNNLM_lm1bbytes_Patch32_LSTM128_Embed64,2,500,celo,1.8400444984436035,1.839155912399292,2978368000.0
RNNLM_lm1bbytes_Patch32_LSTM128_Embed64,2,500,celo_prune,1.8727078437805176,1.9059343338012695,2681656000.0
RNNLM_lm1bbytes_Patch32_LSTM128_Embed64,2,500,celo_q8,1.837707281112671,1.8494951725006104,2533300000.0
RNNLM_lm1bbytes_Patch32_LSTM128_Embed64,2,500,adam,2.550457000732422,2.5177268981933594,7154832000.0
RNNLM_lm1bbytes_Patch32_LSTM128_Embed64,2,500,adafactor,4.206981658935547,4.183666229248047,5962360000.0
RNNLM_lm1bbytes_Patch32_LSTM128_Embed64,2,500,sgd,2.7927656173706055,2.750399589538574,4769888000.0
RNNLM_lm1bbytes_Patch32_LSTM128_Embed64,2,600,celo,1.8525975942611694,1.843440055847168,3574041600.0
RNNLM_lm1bbytes_Patch32_LSTM128_Embed64,2,600,celo_prune,1.9674988985061646,1.9623826742172241,3217987200.0
RNNLM_lm1bbytes_Patch32_LSTM128_Embed64,2,600,celo_q8,1.8788292407989502,1.8711674213409424,3039960000.0
RNNLM_lm1bbytes_Patch32_LSTM128_Embed64,2,600,adam,2.470503330230713,2.502315044403076,8585798400.0
RNNLM_lm1bbytes_Patch32_LSTM128_Embed64,2,600,adafactor,3.8431477546691895,3.8701345920562744,7154832000.0
RNNLM_lm1bbytes_Patch32_LSTM128_Embed64,2,600,sgd,2.692600727081299,2.7317771911621094,5723865600.0
RNNLM_lm1bbytes_Patch32_LSTM128_Embed64,2,700,celo,1.857802152633667,1.8258166313171387,4169715200.0
RNNLM_lm1bbytes_Patch32_LSTM128_Embed64,2,700,celo_prune,2.018169641494751,2.0000321865081787,3754318400.0
RNNLM_lm1bbytes_Patch32_LSTM128_Embed64,2,700,celo_q8,1.9123715162277222,1.889359474182129,3546620000.0
RNNLM_lm1bbytes_Patch32_LSTM128_Embed64,2,700,adam,2.456005334854126,2.4816362857818604,10016764800.0
RNNLM_lm1bbytes_Patch32_LSTM128_Embed64,2,700,adafactor,3.637631416320801,3.6547372341156006,8347304000.0
RNNLM_lm1bbytes_Patch32_LSTM128_Embed64,2,700,sgd,2.6888253688812256,2.7388601303100586,6677843200.0
RNNLM_lm1bbytes_Patch32_LSTM128_Embed64,2,800,celo,1.7362053394317627,1.8147482872009277,4765388800.0
RNNLM_lm1bbytes_Patch32_LSTM128_Embed64,2,800,celo_prune,1.9965109825134277,2.1159236431121826,4290649600.0
RNNLM_lm1bbytes_Patch32_LSTM128_Embed64,2,800,celo_q8,1.7571120262145996,1.831445336341858,4053280000.0
RNNLM_lm1bbytes_Patch32_LSTM128_Embed64,2,800,adam,2.365922451019287,2.3936405181884766,11447731200.0
RNNLM_lm1bbytes_Patch32_LSTM128_Embed64,2,800,adafactor,3.4639275074005127,3.482067584991455,9539776000.0
RNNLM_lm1bbytes_Patch32_LSTM128_Embed64,2,800,sgd,2.61515474319458,2.6367156505584717,7631820800.0
RNNLM_lm1bbytes_Patch32_LSTM128_Embed64,2,900,celo,1.7303390502929688,1.7419239282608032,5361062400.0
RNNLM_lm1bbytes_Patch32_LSTM128_Embed64,2,900,celo_prune,2.029249906539917,2.0029642581939697,4826980800.0
RNNLM_lm1bbytes_Patch32_LSTM128_Embed64,2,900,celo_q8,1.7311609983444214,1.7438708543777466,4559940000.0
RNNLM_lm1bbytes_Patch32_LSTM128_Embed64,2,900,adam,2.3213577270507812,2.354740858078003,12878697600.0
RNNLM_lm1bbytes_Patch32_LSTM128_Embed64,2,900,adafactor,3.325136423110962,3.384899139404297,10732248000.0
RNNLM_lm1bbytes_Patch32_LSTM128_Embed64,2,900,sgd,2.554943561553955,2.6240038871765137,8585798400.0
RNNLM_lm1bbytes_Patch32_LSTM128_Embed64,2,1000,celo,1.7720295190811157,1.72312593460083,5956736000.0
RNNLM_lm1bbytes_Patch32_LSTM128_Embed64,2,1000,celo_prune,1.9828914403915405,1.9213286638259888,5363312000.0
RNNLM_lm1bbytes_Patch32_LSTM128_Embed64,2,1000,celo_q8,1.7772834300994873,1.7217789888381958,5066600000.0
RNNLM_lm1bbytes_Patch32_LSTM128_Embed64,2,1000,adam,2.3523073196411133,2.278843879699707,14309664000.0
RNNLM_lm1bbytes_Patch32_LSTM128_Embed64,2,1000,adafactor,3.3072900772094727,3.248502492904663,11924720000.0
RNNLM_lm1bbytes_Patch32_LSTM128_Embed64,2,1000,sgd,2.610870838165283,2.5323684215545654,9539776000.0
RNNLM_lm1bbytes_Patch32_LSTM128_Embed64,2,1100,celo,1.699823021888733,1.7044254541397095,6552409600.0
RNNLM_lm1bbytes_Patch32_LSTM128_Embed64,2,1100,celo_prune,1.9709259271621704,1.9586992263793945,5899643200.0
RNNLM_lm1bbytes_Patch32_LSTM128_Embed64,2,1100,celo_q8,1.70661199092865,1.7227941751480103,5573260000.0
RNNLM_lm1bbytes_Patch32_LSTM128_Embed64,2,1100,adam,2.2943499088287354,2.267869234085083,15740630400.0
RNNLM_lm1bbytes_Patch32_LSTM128_Embed64,2,1100,adafactor,3.2238402366638184,3.2341086864471436,13117192000.0
RNNLM_lm1bbytes_Patch32_LSTM128_Embed64,2,1100,sgd,2.5577309131622314,2.540576219558716,10493753600.0
RNNLM_lm1bbytes_Patch32_LSTM128_Embed64,2,1200,celo,1.7368172407150269,1.665149211883545,7148083200.0
RNNLM_lm1bbytes_Patch32_LSTM128_Embed64,2,1200,celo_prune,2.04953932762146,1.9803696870803833,6435974400.0
RNNLM_lm1bbytes_Patch32_LSTM128_Embed64,2,1200,celo_q8,1.7445313930511475,1.6687029600143433,6079920000.0
RNNLM_lm1bbytes_Patch32_LSTM128_Embed64,2,1200,adam,2.2941975593566895,2.2594246864318848,17171596800.0
RNNLM_lm1bbytes_Patch32_LSTM128_Embed64,2,1200,adafactor,3.2039742469787598,3.189713716506958,14309664000.0
RNNLM_lm1bbytes_Patch32_LSTM128_Embed64,2,1200,sgd,2.5578413009643555,2.536872386932373,11447731200.0
RNNLM_lm1bbytes_Patch32_LSTM128_Embed64,2,1300,celo,1.68667471408844,1.7360972166061401,7743756800.0
RNNLM_lm1bbytes_Patch32_LSTM128_Embed64,2,1300,celo_prune,1.9913098812103271,2.0317816734313965,6972305600.0
RNNLM_lm1bbytes_Patch32_LSTM128_Embed64,2,1300,celo_q8,1.7046195268630981,1.7367817163467407,6586580000.0
RNNLM_lm1bbytes_Patch32_LSTM128_Embed64,2,1300,adam,2.2201075553894043,2.2759294509887695,18602563200.0
RNNLM_lm1bbytes_Patch32_LSTM128_Embed64,2,1300,adafactor,3.1370279788970947,3.1505608558654785,15502136000.0
RNNLM_lm1bbytes_Patch32_LSTM128_Embed64,2,1300,sgd,2.4938154220581055,2.5436222553253174,12401708800.0
RNNLM_lm1bbytes_Patch32_LSTM128_Embed64,2,1400,celo,1.6469377279281616,1.6087584495544434,8339430400.0
RNNLM_lm1bbytes_Patch32_LSTM128_Embed64,2,1400,celo_prune,1.9667584896087646,1.948207139968872,7508636800.0
RNNLM_lm1bbytes_Patch32_LSTM128_Embed64,2,1400,celo_q8,1.6625372171401978,1.6174609661102295,7093240000.0
RNNLM_lm1bbytes_Patch32_LSTM128_Embed64,2,1400,adam,2.179659843444824,2.178887128829956,20033529600.0
RNNLM_lm1bbytes_Patch32_LSTM128_Embed64,2,1400,adafactor,3.0585567951202393,3.070122241973877,16694608000.0
RNNLM_lm1bbytes_Patch32_LSTM128_Embed64,2,1400,sgd,2.4448204040527344,2.4550254344940186,13355686400.0
RNNLM_lm1bbytes_Patch32_LSTM128_Embed64,2,1500,celo,1.6375867128372192,1.6663494110107422,8935104000.0
RNNLM_lm1bbytes_Patch32_LSTM128_Embed64,2,1500,celo_prune,2.030444383621216,2.070465087890625,8044968000.0
RNNLM_lm1bbytes_Patch32_LSTM128_Embed64,2,1500,celo_q8,1.6548492908477783,1.670956015586853,7599900000.0
RNNLM_lm1bbytes_Patch32_LSTM128_Embed64,2,1500,adam,2.1665761470794678,2.1739635467529297,21464496000.0
RNNLM_lm1bbytes_Patch32_LSTM128_Embed64,2,1500,adafactor,3.051954746246338,3.0380892753601074,17887080000.0
RNNLM_lm1bbytes_Patch32_LSTM128_Embed64,2,1500,sgd,2.4590630531311035,2.4395530223846436,14309664000.0
RNNLM_lm1bbytes_Patch32_LSTM128_Embed64,2,1600,celo,1.6705691814422607,1.6223020553588867,9530777600.0
RNNLM_lm1bbytes_Patch32_LSTM128_Embed64,2,1600,celo_prune,1.9836394786834717,1.939581274986267,8581299200.0
RNNLM_lm1bbytes_Patch32_LSTM128_Embed64,2,1600,celo_q8,1.6746125221252441,1.625710368156433,8106560000.0
RNNLM_lm1bbytes_Patch32_LSTM128_Embed64,2,1600,adam,2.172095775604248,2.121161699295044,22895462400.0
RNNLM_lm1bbytes_Patch32_LSTM128_Embed64,2,1600,adafactor,3.0141055583953857,3.0055601596832275,19079552000.0
RNNLM_lm1bbytes_Patch32_LSTM128_Embed64,2,1600,sgd,2.436464786529541,2.4038636684417725,15263641600.0
RNNLM_lm1bbytes_Patch32_LSTM128_Embed64,2,1700,celo,1.7007184028625488,1.6150388717651367,10126451200.0
RNNLM_lm1bbytes_Patch32_LSTM128_Embed64,2,1700,celo_prune,1.9596220254898071,1.8813772201538086,9117630400.0
RNNLM_lm1bbytes_Patch32_LSTM128_Embed64,2,1700,celo_q8,1.693940281867981,1.6245898008346558,8613220000.0
RNNLM_lm1bbytes_Patch32_LSTM128_Embed64,2,1700,adam,2.164896249771118,2.1312453746795654,24326428800.0
RNNLM_lm1bbytes_Patch32_LSTM128_Embed64,2,1700,adafactor,2.983884811401367,2.9489052295684814,20272024000.0
RNNLM_lm1bbytes_Patch32_LSTM128_Embed64,2,1700,sgd,2.434729814529419,2.404303789138794,16217619200.0
RNNLM_lm1bbytes_Patch32_LSTM128_Embed64,2,1800,celo,1.6300582885742188,1.6549229621887207,10722124800.0
RNNLM_lm1bbytes_Patch32_LSTM128_Embed64,2,1800,celo_prune,1.9346815347671509,1.9369909763336182,9653961600.0
RNNLM_lm1bbytes_Patch32_LSTM128_Embed64,2,1800,celo_q8,1.6378326416015625,1.6551066637039185,9119880000.0
RNNLM_lm1bbytes_Patch32_LSTM128_Embed64,2,1800,adam,2.1489133834838867,2.129340648651123,25757395200.0
RNNLM_lm1bbytes_Patch32_LSTM128_Embed64,2,1800,adafactor,2.9709365367889404,2.938875913619995,21464496000.0
RNNLM_lm1bbytes_Patch32_LSTM128_Embed64,2,1800,sgd,2.428450345993042,2.3993771076202393,17171596800.0
RNNLM_lm1bbytes_Patch32_LSTM128_Embed64,2,1900,celo,1.5939255952835083,1.6747677326202393,11317798400.0
RNNLM_lm1bbytes_Patch32_LSTM128_Embed64,2,1900,celo_prune,1.9524388313293457,1.9816147089004517,10190292800.0
RNNLM_lm1bbytes_Patch32_LSTM128_Embed64,2,1900,celo_q8,1.605583906173706,1.6578869819641113,9626540000.0
RNNLM_lm1bbytes_Patch32_LSTM128_Embed64,2,1900,adam,2.1402952671051025,2.1415622234344482,27188361600.0
RNNLM_lm1bbytes_Patch32_LSTM128_Embed64,2,1900,adafactor,2.930478811264038,2.944324254989624,22656968000.0
RNNLM_lm1bbytes_Patch32_LSTM128_Embed64,2,1900,sgd,2.411799669265747,2.426572561264038,18125574400.0
RNNLM_lm1bbytes_Patch32_LSTM128_Embed64,2,2000,celo,1.6163500547409058,1.6284351348876953,11913472000.0
RNNLM_lm1bbytes_Patch32_LSTM128_Embed64,2,2000,celo_prune,1.952311635017395,1.9483294486999512,10726624000.0
RNNLM_lm1bbytes_Patch32_LSTM128_Embed64,2,2000,celo_q8,1.61394202709198,1.6261507272720337,10133200000.0
RNNLM_lm1bbytes_Patch32_LSTM128_Embed64,2,2000,adam,2.1083271503448486,2.1148509979248047,28619328000.0
RNNLM_lm1bbytes_Patch32_LSTM128_Embed64,2,2000,adafactor,2.9035115242004395,2.8617160320281982,23849440000.0
RNNLM_lm1bbytes_Patch32_LSTM128_Embed64,2,2000,sgd,2.4087862968444824,2.367067337036133,19079552000.0
RNNLM_lm1bbytes_Patch32_LSTM128_Embed64,3,0,celo,5.585926532745361,5.585926532745361,0.0
RNNLM_lm1bbytes_Patch32_LSTM128_Embed64,3,0,celo_prune,5.585926532745361,5.585926532745361,0.0
RNNLM_lm1bbytes_Patch32_LSTM128_Embed64,3,0,celo_q8,5.585926532745361,5.585926532745361,0.0
RNNLM_lm1bbytes_Patch32_LSTM128_Embed64,3,0,adam,5.585926532745361,5.585926532745361,0.0
RNNLM_lm1bbytes_Patch32_LSTM128_Embed64,3,0,adafactor,5.585926532745361,5.585926532745361,0.0
RNNLM_lm1bbytes_Patch32_LSTM128_Embed64,3,0,sgd,5.585926532745361,5.585926532745361,0.0
RNNLM_lm1bbytes_Patch32_LSTM128_Embed64,3,100,celo,2.2299036979675293,2.172560691833496,595673600.0
RNNLM_lm1bbytes_Patch32_LSTM128_Embed64,3,100,celo_prune,2.3498599529266357,2.2852487564086914,536331200.0
RNNLM_lm1bbytes_Patch32_LSTM128_Embed64,3,100,celo_q8,2.2260873317718506,2.1659114360809326,506660000.0
RNNLM_lm1bbytes_Patch32_LSTM128_Embed64,3,100,adam,3.183884620666504,3.128085136413574,1430966400.0
RNNLM_lm1bbytes_Patch32_LSTM128_Embed64,3,100,adafactor,5.480759620666504,5.473031044006348,1192472000.0
RNNLM_lm1bbytes_Patch32_LSTM128_Embed64,3,100,sgd,3.3970558643341064,3.3259129524230957,953977600.0
RNNLM_lm1bbytes_Patch32_LSTM128_Embed64,3,200,celo,2.071739912033081,2.048630952835083,1191347200.0
RNNLM_lm1bbytes_Patch32_LSTM128_Embed64,3,200,celo_prune,2.1740877628326416,2.125905990600586,1072662400.0
RNNLM_lm1bbytes_Patch32_LSTM128_Embed64,3,200,celo_q8,2.0777690410614014,2.0403668880462646,1013320000.0
RNNLM_lm1bbytes_Patch32_LSTM128_Embed64,3,200,adam,2.9417521953582764,2.91660737991333,2861932800.0
RNNLM_lm1bbytes_Patch32_LSTM128_Embed64,3,200,adafactor,5.345195293426514,5.338444709777832,2384944000.0
RNNLM_lm1bbytes_Patch32_LSTM128_Embed64,3,200,sgd,3.1242074966430664,3.0860679149627686,1907955200.0
RNNLM_lm1bbytes_Patch32_LSTM128_Embed64,3,300,celo,1.9921691417694092,1.950506329536438,1787020800.0
RNNLM_lm1bbytes_Patch32_LSTM128_Embed64,3,300,celo_prune,2.0987303256988525,2.034464120864868,1608993600.0
RNNLM_lm1bbytes_Patch32_LSTM128_Embed64,3,300,celo_q8,1.995151400566101,1.9615591764450073,1519980000.0
RNNLM_lm1bbytes_Patch32_LSTM128_Embed64,3,300,adam,2.762969493865967,2.7682294845581055,4292899200.0
RNNLM_lm1bbytes_Patch32_LSTM128_Embed64,3,300,adafactor,5.110630512237549,5.100946426391602,3577416000.0
RNNLM_lm1bbytes_Patch32_LSTM128_Embed64,3,300,sgd,2.9670164585113525,2.9849894046783447,2861932800.0
RNNLM_lm1bbytes_Patch32_LSTM128_Embed64,3,400,celo,1.902078628540039,1.970983862876892,2382694400.0
RNNLM_lm1bbytes_Patch32_LSTM128_Embed64,3,400,celo_prune,1.979764699935913,2.067869186401367,2145324800.0
RNNLM_lm1bbytes_Patch32_LSTM128_Embed64,3,400,celo_q8,1.9266486167907715,1.9984749555587769,2026640000.0
RNNLM_lm1bbytes_Patch32_LSTM128_Embed64,3,400,adam,2.6112544536590576,2.651782512664795,5723865600.0
RNNLM_lm1bbytes_Patch32_LSTM128_Embed64,3,400,adafactor,4.732999801635742,4.745464324951172,4769888000.0
RNNLM_lm1bbytes_Patch32_LSTM128_Embed64,3,400,sgd,2.8179638385772705,2.8628711700439453,3815910400.0
RNNLM_lm1bbytes_Patch32_LSTM128_Embed64,3,500,celo,1.8664954900741577,1.9023594856262207,2978368000.0
RNNLM_lm1bbytes_Patch32_LSTM128_Embed64,3,500,celo_prune,1.9451137781143188,1.9781185388565063,2681656000.0
RNNLM_lm1bbytes_Patch32_LSTM128_Embed64,3,500,celo_q8,1.8859416246414185,1.9078660011291504,2533300000.0
RNNLM_lm1bbytes_Patch32_LSTM128_Embed64,3,500,adam,2.578033208847046,2.5433573722839355,7154832000.0
RNNLM_lm1bbytes_Patch32_LSTM128_Embed64,3,500,adafactor,4.34007453918457,4.314337253570557,5962360000.0
RNNLM_lm1bbytes_Patch32_LSTM128_Embed64,3,500,sgd,2.7882182598114014,2.7492401599884033,4769888000.0
RNNLM_lm1bbytes_Patch32_LSTM128_Embed64,3,600,celo,1.8985440731048584,1.8631985187530518,3574041600.0
RNNLM_lm1bbytes_Patch32_LSTM128_Embed64,3,600,celo_prune,1.972505807876587,1.9541765451431274,3217987200.0
RNNLM_lm1bbytes_Patch32_LSTM128_Embed64,3,600,celo_q8,1.8864880800247192,1.8695285320281982,3039960000.0
RNNLM_lm1bbytes_Patch32_LSTM128_Embed64,3,600,adam,2.4949111938476562,2.536240816116333,8585798400.0
RNNLM_lm1bbytes_Patch32_LSTM128_Embed64,3,600,adafactor,3.9104340076446533,3.9437966346740723,7154832000.0
RNNLM_lm1bbytes_Patch32_LSTM128_Embed64,3,600,sgd,2.6841793060302734,2.7450666427612305,5723865600.0
RNNLM_lm1bbytes_Patch32_LSTM128_Embed64,3,700,celo,1.7368440628051758,1.8192439079284668,4169715200.0
RNNLM_lm1bbytes_Patch32_LSTM128_Embed64,3,700,celo_prune,1.8824373483657837,1.999189019203186,3754318400.0
RNNLM_lm1bbytes_Patch32_LSTM128_Embed64,3,700,celo_q8,1.7447482347488403,1.853575348854065,3546620000.0
RNNLM_lm1bbytes_Patch32_LSTM128_Embed64,3,700,adam,2.4475317001342773,2.500804901123047,10016764800.0
RNNLM_lm1bbytes_Patch32_LSTM128_Embed64,3,700,adafactor,3.656723737716675,3.6937406063079834,8347304000.0
RNNLM_lm1bbytes_Patch32_LSTM128_Embed64,3,700,sgd,2.641883134841919,2.7010602951049805,6677843200.0
RNNLM_lm1bbytes_Patch32_LSTM128_Embed64,3,800,celo,1.779536485671997,1.785894513130188,4765388800.0
RNNLM_lm1bbytes_Patch32_LSTM128_Embed64,3,800,celo_prune,2.0420331954956055,2.0427560806274414,4290649600.0
RNNLM_lm1bbytes_Patch32_LSTM128_Embed64,3,800,celo_q8,1.7595607042312622,1.7554725408554077,4053280000.0
RNNLM_lm1bbytes_Patch32_LSTM128_Embed64,3,800,adam,2.398669481277466,2.424807548522949,11447731200.0
RNNLM_lm1bbytes_Patch32_LSTM128_Embed64,3,800,adafactor,3.492089033126831,3.5076324939727783,9539776000.0
RNNLM_lm1bbytes_Patch32_LSTM128_Embed64,3,800,sgd,2.609232187271118,2.6375269889831543,7631820800.0
RNNLM_lm1bbytes_Patch32_LSTM128_Embed64,3,900,celo,1.6704109907150269,1.6827495098114014,5361062400.0
RNNLM_lm1bbytes_Patch32_LSTM128_Embed64,3,900,celo_prune,1.8887853622436523,1.9110324382781982,4826980800.0
RNNLM_lm1bbytes_Patch32_LSTM128_Embed64,3,900,celo_q8,1.6857620477676392,1.7051223516464233,4559940000.0
RNNLM_lm1bbytes_Patch32_LSTM128_Embed64,3,900,adam,2.328312873840332,2.35001277923584,12878697600.0
RNNLM_lm1bbytes_Patch32_LSTM128_Embed64,3,900,adafactor,3.378492832183838,3.3775832653045654,10732248000.0
RNNLM_lm1bbytes_Patch32_LSTM128_Embed64,3,900,sgd,2.5414059162139893,2.554497241973877,8585798400.0
RNNLM_lm1bbytes_Patch32_LSTM128_Embed64,3,1000,celo,1.6635401248931885,1.7268304824829102,5956736000.0
RNNLM_lm1bbytes_Patch32_LSTM128_Embed64,3,1000,celo_prune,2.021925926208496,2.1904590129852295,5363312000.0
RNNLM_lm1bbytes_Patch32_LSTM128_Embed64,3,1000,celo_q8,1.6726632118225098,1.749913215637207,5066600000.0
RNNLM_lm1bbytes_Patch32_LSTM128_Embed64,3,1000,adam,2.307708740234375,2.3450167179107666,14309664000.0
RNNLM_lm1bbytes_Patch32_LSTM128_Embed64,3,1000,adafactor,3.2777538299560547,3.306619167327881,11924720000.0
RNNLM_lm1bbytes_Patch32_LSTM128_Embed64,3,1000,sgd,2.5042755603790283,2.553839921951294,9539776000.0
RNNLM_lm1bbytes_Patch32_LSTM128_Embed64,3,1100,celo,1.638859510421753,1.6798495054244995,6552409600.0
RNNLM_lm1bbytes_Patch32_LSTM128_Embed64,3,1100,celo_prune,1.8826384544372559,1.953250527381897,5899643200.0
RNNLM_lm1bbytes_Patch32_LSTM128_Embed64,3,1100,celo_q8,1.6436197757720947,1.6794739961624146,5573260000.0
RNNLM_lm1bbytes_Patch32_LSTM128_Embed64,3,1100,adam,2.2465121746063232,2.3480923175811768,15740630400.0
RNNLM_lm1bbytes_Patch32_LSTM128_Embed64,3,1100,adafactor,3.1998629570007324,3.274202823638916,13117192000.0
RNNLM_lm1bbytes_Patch32_LSTM128_Embed64,3,1100,sgd,2.462968349456787,2.577653646469116,10493753600.0
RNNLM_lm1bbytes_Patch32_LSTM128_Embed64,3,1200,celo,1.6438459157943726,1.6917580366134644,7148083200.0
RNNLM_lm1bbytes_Patch32_LSTM128_Embed64,3,1200,celo_prune,1.9022177457809448,1.955824613571167,6435974400.0
RNNLM_lm1bbytes_Patch32_LSTM128_Embed64,3,1200,celo_q8,1.659064531326294,1.687682032585144,6079920000.0
RNNLM_lm1bbytes_Patch32_LSTM128_Embed64,3,1200,adam,2.262220621109009,2.2882447242736816,17171596800.0
RNNLM_lm1bbytes_Patch32_LSTM128_Embed64,3,1200,adafactor,3.158365488052368,3.211897850036621,14309664000.0
RNNLM_lm1bbytes_Patch32_LSTM128_Embed64,3,1200,sgd,2.4783077239990234,2.5098819732666016,11447731200.0
RNNLM_lm1bbytes_Patch32_LSTM128_Embed64,3,1300,celo,1.6556557416915894,1.6869653463363647,7743756800.0
RNNLM_lm1bbytes_Patch32_LSTM128_Embed64,3,1300,celo_prune,1.9613914489746094,1.9916101694107056,6972305600.0
RNNLM_lm1bbytes_Patch32_LSTM128_Embed64,3,1300,celo_q8,1.686972975730896,1.70900297164917,6586580000.0
RNNLM_lm1bbytes_Patch32_LSTM128_Embed64,3,1300,adam,2.249351739883423,2.278017997741699,18602563200.0
RNNLM_lm1bbytes_Patch32_LSTM128_Embed64,3,1300,adafactor,3.131697654724121,3.169055700302124,15502136000.0
RNNLM_lm1bbytes_Patch32_LSTM128_Embed64,3,1300,sgd,2.4779107570648193,2.5158872604370117,12401708800.0
RNNLM_lm1bbytes_Patch32_LSTM128_Embed64,3,1400,celo,1.7045261859893799,1.677866816520691,8339430400.0
RNNLM_lm1bbytes_Patch32_LSTM128_Embed64,3,1400,celo_prune,1.9967560768127441,1.9590667486190796,7508636800.0
RNNLM_lm1bbytes_Patch32_LSTM128_Embed64,3,1400,celo_q8,1.707105040550232,1.6770604848861694,7093240000.0
RNNLM_lm1bbytes_Patch32_LSTM128_Embed64,3,1400,adam,2.248948335647583,2.226911783218384,20033529600.0
RNNLM_lm1bbytes_Patch32_LSTM128_Embed64,3,1400,adafactor,3.1009573936462402,3.0662899017333984,16694608000.0
RNNLM_lm1bbytes_Patch32_LSTM128_Embed64,3,1400,sgd,2.4849908351898193,2.445399761199951,13355686400.0
RNNLM_lm1bbytes_Patch32_LSTM128_Embed64,3,1500,celo,1.6422652006149292,1.7386720180511475,8935104000.0
RNNLM_lm1bbytes_Patch32_LSTM128_Embed64,3,1500,celo_prune,2.0632901191711426,2.120478391647339,8044968000.0
RNNLM_lm1bbytes_Patch32_LSTM128_Embed64,3,1500,celo_q8,1.655739426612854,1.7308475971221924,7599900000.0
RNNLM_lm1bbytes_Patch32_LSTM128_Embed64,3,1500,adam,2.205634593963623,2.2504935264587402,21464496000.0
RNNLM_lm1bbytes_Patch32_LSTM128_Embed64,3,1500,adafactor,3.029240608215332,3.070422887802124,17887080000.0
RNNLM_lm1bbytes_Patch32_LSTM128_Embed64,3,1500,sgd,2.4215219020843506,2.4764957427978516,14309664000.0
RNNLM_lm1bbytes_Patch32_LSTM128_Embed64,3,1600,celo,1.6510508060455322,1.68145751953125,9530777600.0
RNNLM_lm1bbytes_Patch32_LSTM128_Embed64,3,1600,celo_prune,1.9469743967056274,1.9976341724395752,8581299200.0
RNNLM_lm1bbytes_Patch32_LSTM128_Embed64,3,1600,celo_q8,1.6577147245407104,1.6895290613174438,8106560000.0
RNNLM_lm1bbytes_Patch32_LSTM128_Embed64,3,1600,adam,2.201545238494873,2.2189083099365234,22895462400.0
RNNLM_lm1bbytes_Patch32_LSTM128_Embed64,3,1600,adafactor,3.0072317123413086,2.9851911067962646,19079552000.0
RNNLM_lm1bbytes_Patch32_LSTM128_Embed64,3,1600,sgd,2.4445412158966064,2.4446966648101807,15263641600.0
RNNLM_lm1bbytes_Patch32_LSTM128_Embed64,3,1700,celo,1.7019753456115723,1.680935263633728,10126451200.0
RNNLM_lm1bbytes_Patch32_LSTM128_Embed64,3,1700,celo_prune,1.9561935663223267,1.9175326824188232,9117630400.0
RNNLM_lm1bbytes_Patch32_LSTM128_Embed64,3,1700,celo_q8,1.6892259120941162,1.6831042766571045,8613220000.0
RNNLM_lm1bbytes_Patch32_LSTM128_Embed64,3,1700,adam,2.1882333755493164,2.165949583053589,24326428800.0
RNNLM_lm1bbytes_Patch32_LSTM128_Embed64,3,1700,adafactor,2.9575088024139404,2.953425884246826,20272024000.0
RNNLM_lm1bbytes_Patch32_LSTM128_Embed64,3,1700,sgd,2.419017791748047,2.4131217002868652,16217619200.0
RNNLM_lm1bbytes_Patch32_LSTM128_Embed64,3,1800,celo,1.6356287002563477,1.6250381469726562,10722124800.0
RNNLM_lm1bbytes_Patch32_LSTM128_Embed64,3,1800,celo_prune,1.889794945716858,1.913102149963379,9653961600.0
RNNLM_lm1bbytes_Patch32_LSTM128_Embed64,3,1800,celo_q8,1.6312880516052246,1.61735200881958,9119880000.0
RNNLM_lm1bbytes_Patch32_LSTM128_Embed64,3,1800,adam,2.1689603328704834,2.206533432006836,25757395200.0
RNNLM_lm1bbytes_Patch32_LSTM128_Embed64,3,1800,adafactor,2.9313700199127197,2.976195812225342,21464496000.0
RNNLM_lm1bbytes_Patch32_LSTM128_Embed64,3,1800,sgd,2.406036615371704,2.4761738777160645,17171596800.0
RNNLM_lm1bbytes_Patch32_LSTM128_Embed64,3,1900,celo,1.6364763975143433,1.62911856174469,11317798400.0
RNNLM_lm1bbytes_Patch32_LSTM128_Embed64,3,1900,celo_prune,1.9462647438049316,1.9225409030914307,10190292800.0
RNNLM_lm1bbytes_Patch32_LSTM128_Embed64,3,1900,celo_q8,1.6399104595184326,1.618655800819397,9626540000.0
RNNLM_lm1bbytes_Patch32_LSTM128_Embed64,3,1900,adam,2.187645435333252,2.130411386489868,27188361600.0
RNNLM_lm1bbytes_Patch32_LSTM128_Embed64,3,1900,adafactor,2.899400234222412,2.8524489402770996,22656968000.0
RNNLM_lm1bbytes_Patch32_LSTM128_Embed64,3,1900,sgd,2.4188616275787354,2.3575291633605957,18125574400.0
RNNLM_lm1bbytes_Patch32_LSTM128_Embed64,3,2000,celo,1.6478227376937866,1.669492244720459,11913472000.0
RNNLM_lm1bbytes_Patch32_LSTM128_Embed64,3,2000,celo_prune,1.9892990589141846,1.9809337854385376,10726624000.0
RNNLM_lm1bbytes_Patch32_LSTM128_Embed64,3,2000,celo_q8,1.6405086517333984,1.6531867980957031,10133200000.0
RNNLM_lm1bbytes_Patch32_LSTM128_Embed64,3,2000,adam,2.1372976303100586,2.1332242488861084,28619328000.0
RNNLM_lm1bbytes_Patch32_LSTM128_Embed64,3,2000,adafactor,2.819154977798462,2.8220531940460205,23849440000.0
RNNLM_lm1bbytes_Patch32_LSTM128_Embed64,3,2000,sgd,2.3583929538726807,2.357914686203003,19079552000.0
RNNLM_lm1bbytes_Patch32_LSTM128_Embed64,4,0,celo,5.5468549728393555,5.5468549728393555,0.0
RNNLM_lm1bbytes_Patch32_LSTM128_Embed64,4,0,celo_prune,5.5468549728393555,5.5468549728393555,0.0
RNNLM_lm1bbytes_Patch32_LSTM128_Embed64,4,0,celo_q8,5.5468549728393555,5.5468549728393555,0.0
RNNLM_lm1bbytes_Patch32_LSTM128_Embed64,4,0,adam,5.5468549728393555,5.5468549728393555,0.0
RNNLM_lm1bbytes_Patch32_LSTM128_Embed64,4,0,adafactor,5.5468549728393555,5.5468549728393555,0.0
RNNLM_lm1bbytes_Patch32_LSTM128_Embed64,4,0,sgd,5.5468549728393555,5.5468549728393555,0.0
RNNLM_lm1bbytes_Patch32_LSTM128_Embed64,4,100,celo,2.203336000442505,2.2297534942626953,595673600.0
RNNLM_lm1bbytes_Patch32_LSTM128_Embed64,4,100,celo_prune,2.3147685527801514,2.34713077545166,536331200.0
RNNLM_lm1bbytes_Patch32_LSTM128_Embed64,4,100,celo_q8,2.2007579803466797,2.226994514465332,506660000.0
RNNLM_lm1bbytes_Patch32_LSTM128_Embed64,4,100,adam,3.118971824645996,3.174147844314575,1430966400.0
RNNLM_lm1bbytes_Patch32_LSTM128_Embed64,4,100,adafactor,5.43352746963501,5.430549144744873,1192472000.0
RNNLM_lm1bbytes_Patch32_LSTM128_Embed64,4,100,sgd,3.3386640548706055,3.380641460418701,953977600.0
RNNLM_lm1bbytes_Patch32_LSTM128_Embed64,4,200,celo,2.059407949447632,2.0734734535217285,1191347200.0
RNNLM_lm1bbytes_Patch32_LSTM128_Embed64,4,200,celo_prune,2.143352508544922,2.172731399536133,1072662400.0
RNNLM_lm1bbytes_Patch32_LSTM128_Embed64,4,200,celo_q8,2.0634355545043945,2.084871768951416,1013320000.0
RNNLM_lm1bbytes_Patch32_LSTM128_Embed64,4,200,adam,2.8991751670837402,2.9227166175842285,2861932800.0
RNNLM_lm1bbytes_Patch32_LSTM128_Embed64,4,200,adafactor,5.266799449920654,5.261676788330078,2384944000.0
RNNLM_lm1bbytes_Patch32_LSTM128_Embed64,4,200,sgd,3.0782129764556885,3.0949130058288574,1907955200.0
RNNLM_lm1bbytes_Patch32_LSTM128_Embed64,4,300,celo,1.9030699729919434,1.9828561544418335,1787020800.0
RNNLM_lm1bbytes_Patch32_LSTM128_Embed64,4,300,celo_prune,1.9968637228012085,2.0760915279388428,1608993600.0
RNNLM_lm1bbytes_Patch32_LSTM128_Embed64,4,300,celo_q8,1.9024375677108765,1.9855247735977173,1519980000.0
RNNLM_lm1bbytes_Patch32_LSTM128_Embed64,4,300,adam,2.696565866470337,2.728759288787842,4292899200.0
RNNLM_lm1bbytes_Patch32_LSTM128_Embed64,4,300,adafactor,4.961174011230469,4.965277194976807,3577416000.0
RNNLM_lm1bbytes_Patch32_LSTM128_Embed64,4,300,sgd,2.898461103439331,2.9205498695373535,2861932800.0
RNNLM_lm1bbytes_Patch32_LSTM128_Embed64,4,400,celo,1.9229644536972046,1.9353264570236206,2382694400.0
RNNLM_lm1bbytes_Patch32_LSTM128_Embed64,4,400,celo_prune,2.050058364868164,2.0419557094573975,2145324800.0
RNNLM_lm1bbytes_Patch32_LSTM128_Embed64,4,400,celo_q8,1.9086426496505737,1.9423385858535767,2026640000.0
RNNLM_lm1bbytes_Patch32_LSTM128_Embed64,4,400,adam,2.6399338245391846,2.6689887046813965,5723865600.0
RNNLM_lm1bbytes_Patch32_LSTM128_Embed64,4,400,adafactor,4.603760242462158,4.6047539710998535,4769888000.0
RNNLM_lm1bbytes_Patch32_LSTM128_Embed64,4,400,sgd,2.8369717597961426,2.8772366046905518,3815910400.0
RNNLM_lm1bbytes_Patch32_LSTM128_Embed64,4,500,celo,1.8963204622268677,1.9788545370101929,2978368000.0
RNNLM_lm1bbytes_Patch32_LSTM128_Embed64,4,500,celo_prune,1.9308576583862305,2.0386388301849365,2681656000.0
RNNLM_lm1bbytes_Patch32_LSTM128_Embed64,4,500,celo_q8,1.854645848274231,1.9777909517288208,2533300000.0
RNNLM_lm1bbytes_Patch32_LSTM128_Embed64,4,500,adam,2.5231566429138184,2.5774753093719482,7154832000.0
RNNLM_lm1bbytes_Patch32_LSTM128_Embed64,4,500,adafactor,4.173934459686279,4.1776885986328125,5962360000.0
RNNLM_lm1bbytes_Patch32_LSTM128_Embed64,4,500,sgd,2.7170917987823486,2.7662601470947266,4769888000.0
RNNLM_lm1bbytes_Patch32_LSTM128_Embed64,4,600,celo,1.9639064073562622,1.8696620464324951,3574041600.0
RNNLM_lm1bbytes_Patch32_LSTM128_Embed64,4,600,celo_prune,1.990626335144043,1.977990984916687,3217987200.0
RNNLM_lm1bbytes_Patch32_LSTM128_Embed64,4,600,celo_q8,1.8957771062850952,1.8511232137680054,3039960000.0
RNNLM_lm1bbytes_Patch32_LSTM128_Embed64,4,600,adam,2.5098068714141846,2.4918384552001953,8585798400.0
RNNLM_lm1bbytes_Patch32_LSTM128_Embed64,4,600,adafactor,3.8314051628112793,3.822824001312256,7154832000.0
RNNLM_lm1bbytes_Patch32_LSTM128_Embed64,4,600,sgd,2.7012016773223877,2.688986301422119,5723865600.0
RNNLM_lm1bbytes_Patch32_LSTM128_Embed64,4,700,celo,1.7780299186706543,1.792594313621521,4169715200.0
RNNLM_lm1bbytes_Patch32_LSTM128_Embed64,4,700,celo_prune,1.9193693399429321,2.0161290168762207,3754318400.0
RNNLM_lm1bbytes_Patch32_LSTM128_Embed64,4,700,celo_q8,1.7990539073944092,1.8005377054214478,3546620000.0
RNNLM_lm1bbytes_Patch32_LSTM128_Embed64,4,700,adam,2.4263968467712402,2.4405698776245117,10016764800.0
RNNLM_lm1bbytes_Patch32_LSTM128_Embed64,4,700,adafactor,3.5731661319732666,3.5847184658050537,8347304000.0
RNNLM_lm1bbytes_Patch32_LSTM128_Embed64,4,700,sgd,2.609334945678711,2.640123128890991,6677843200.0
RNNLM_lm1bbytes_Patch32_LSTM128_Embed64,4,800,celo,1.7625898122787476,1.725757360458374,4765388800.0
RNNLM_lm1bbytes_Patch32_LSTM128_Embed64,4,800,celo_prune,2.2522878646850586,2.1722159385681152,4290649600.0
RNNLM_lm1bbytes_Patch32_LSTM128_Embed64,4,800,celo_q8,1.7433370351791382,1.7358617782592773,4053280000.0
RNNLM_lm1bbytes_Patch32_LSTM128_Embed64,4,800,adam,2.4109809398651123,2.3847978115081787,11447731200.0
RNNLM_lm1bbytes_Patch32_LSTM128_Embed64,4,800,adafactor,3.439302921295166,3.446807384490967,9539776000.0
RNNLM_lm1bbytes_Patch32_LSTM128_Embed64,4,800,sgd,2.609058141708374,2.6032071113586426,7631820800.0
RNNLM_lm1bbytes_Patch32_LSTM128_Embed64,4,900,celo,1.7772469520568848,1.7263754606246948,5361062400.0
RNNLM_lm1bbytes_Patch32_LSTM128_Embed64,4,900,celo_prune,1.9827475547790527,1.8898117542266846,4826980800.0
RNNLM_lm1bbytes_Patch32_LSTM128_Embed64,4,900,celo_q8,1.8036434650421143,1.7183352708816528,4559940000.0
RNNLM_lm1bbytes_Patch32_LSTM128_Embed64,4,900,adam,2.42873215675354,2.3800265789031982,12878697600.0
RNNLM_lm1bbytes_Patch32_LSTM128_Embed64,4,900,adafactor,3.3677854537963867,3.3596630096435547,10732248000.0
RNNLM_lm1bbytes_Patch32_LSTM128_Embed64,4,900,sgd,2.634082317352295,2.595766067504883,8585798400.0
RNNLM_lm1bbytes_Patch32_LSTM128_Embed64,4,1000,celo,1.7201669216156006,1.6954751014709473,5956736000.0
RNNLM_lm1bbytes_Patch32_LSTM128_Embed64,4,1000,celo_prune,2.8744170665740967,2.7760908603668213,5363312000.0
RNNLM_lm1bbytes_Patch32_LSTM128_Embed64,4,1000,celo_q8,1.7338628768920898,1.7005943059921265,5066600000.0
RNNLM_lm1bbytes_Patch32_LSTM128_Embed64,4,1000,adam,2.3582634925842285,2.354732036590576,14309664000.0
RNNLM_lm1bbytes_Patch32_LSTM128_Embed64,4,1000,adafactor,3.284527063369751,3.294450521469116,11924720000.0
RNNLM_lm1bbytes_Patch32_LSTM128_Embed64,4,1000,sgd,2.5667903423309326,2.577104091644287,9539776000.0
RNNLM_lm1bbytes_Patch32_LSTM128_Embed64,4,1100,celo,1.7160840034484863,1.672938346862793,6552409600.0
RNNLM_lm1bbytes_Patch32_LSTM128_Embed64,4,1100,celo_prune,1.881960153579712,1.8553491830825806,5899643200.0
RNNLM_lm1bbytes_Patch32_LSTM128_Embed64,4,1100,celo_q8,1.692971110343933,1.6826499700546265,5573260000.0
RNNLM_lm1bbytes_Patch32_LSTM128_Embed64,4,1100,adam,2.3264875411987305,2.2420711517333984,15740630400.0
RNNLM_lm1bbytes_Patch32_LSTM128_Embed64,4,1100,adafactor,3.2282323837280273,3.165484666824341,13117192000.0
RNNLM_lm1bbytes_Patch32_LSTM128_Embed64,4,1100,sgd,2.5384647846221924,2.4551639556884766,10493753600.0
RNNLM_lm1bbytes_Patch32_LSTM128_Embed64,4,1200,celo,1.684065341949463,1.7696114778518677,7148083200.0
RNNLM_lm1bbytes_Patch32_LSTM128_Embed64,4,1200,celo_prune,1.9159018993377686,1.9883673191070557,6435974400.0
RNNLM_lm1bbytes_Patch32_LSTM128_Embed64,4,1200,celo_q8,1.694860816001892,1.7794609069824219,6079920000.0
RNNLM_lm1bbytes_Patch32_LSTM128_Embed64,4,1200,adam,2.2880401611328125,2.341041088104248,17171596800.0
RNNLM_lm1bbytes_Patch32_LSTM128_Embed64,4,1200,adafactor,3.1629726886749268,3.219106912612915,14309664000.0
RNNLM_lm1bbytes_Patch32_LSTM128_Embed64,4,1200,sgd,2.51554274559021,2.573516607284546,11447731200.0
RNNLM_lm1bbytes_Patch32_LSTM128_Embed64,4,1300,celo,1.7151169776916504,1.7166557312011719,7743756800.0
RNNLM_lm1bbytes_Patch32_LSTM128_Embed64,4,1300,celo_prune,1.9716002941131592,1.955698847770691,6972305600.0
RNNLM_lm1bbytes_Patch32_LSTM128_Embed64,4,1300,celo_q8,1.7185431718826294,1.7236520051956177,6586580000.0
RNNLM_lm1bbytes_Patch32_LSTM128_Embed64,4,1300,adam,2.256497859954834,2.2585883140563965,18602563200.0
RNNLM_lm1bbytes_Patch32_LSTM128_Embed64,4,1300,adafactor,3.106579303741455,3.112680435180664,15502136000.0
RNNLM_lm1bbytes_Patch32_LSTM128_Embed64,4,1300,sgd,2.4872255325317383,2.4779274463653564,12401708800.0
RNNLM_lm1bbytes_Patch32_LSTM128_Embed64,4,1400,celo,1.7101999521255493,1.6797292232513428,8339430400.0
RNNLM_lm1bbytes_Patch32_LSTM128_Embed64,4,1400,celo_prune,1.9852710962295532,2.074986696243286,7508636800.0
RNNLM_lm1bbytes_Patch32_LSTM128_Embed64,4,1400,celo_q8,1.6862424612045288,1.6865870952606201,7093240000.0
RNNLM_lm1bbytes_Patch32_LSTM128_Embed64,4,1400,adam,2.2337093353271484,2.216301918029785,20033529600.0
RNNLM_lm1bbytes_Patch32_LSTM128_Embed64,4,1400,adafactor,3.082049608230591,3.0856692790985107,16694608000.0
RNNLM_lm1bbytes_Patch32_LSTM128_Embed64,4,1400,sgd,2.4603147506713867,2.457401752471924,13355686400.0
RNNLM_lm1bbytes_Patch32_LSTM128_Embed64,4,1500,celo,1.788275957107544,1.6989214420318604,8935104000.0
RNNLM_lm1bbytes_Patch32_LSTM128_Embed64,4,1500,celo_prune,2.1867141723632812,2.0817577838897705,8044968000.0
RNNLM_lm1bbytes_Patch32_LSTM128_Embed64,4,1500,celo_q8,1.782183051109314,1.7046152353286743,7599900000.0
RNNLM_lm1bbytes_Patch32_LSTM128_Embed64,4,1500,adam,2.2741639614105225,2.188692569732666,21464496000.0
RNNLM_lm1bbytes_Patch32_LSTM128_Embed64,4,1500,adafactor,3.1088943481445312,3.0230929851531982,17887080000.0
RNNLM_lm1bbytes_Patch32_LSTM128_Embed64,4,1500,sgd,2.5222389698028564,2.4216771125793457,14309664000.0
RNNLM_lm1bbytes_Patch32_LSTM128_Embed64,4,1600,celo,1.6902395486831665,1.6587375402450562,9530777600.0
RNNLM_lm1bbytes_Patch32_LSTM128_Embed64,4,1600,celo_prune,2.0290424823760986,1.9920556545257568,8581299200.0
RNNLM_lm1bbytes_Patch32_LSTM128_Embed64,4,1600,celo_q8,1.691929578781128,1.6564762592315674,8106560000.0
RNNLM_lm1bbytes_Patch32_LSTM128_Embed64,4,1600,adam,2.2260444164276123,2.2023189067840576,22895462400.0
RNNLM_lm1bbytes_Patch32_LSTM128_Embed64,4,1600,adafactor,3.0429887771606445,3.0193631649017334,19079552000.0
RNNLM_lm1bbytes_Patch32_LSTM128_Embed64,4,1600,sgd,2.4766504764556885,2.456822633743286,15263641600.0
RNNLM_lm1bbytes_Patch32_LSTM128_Embed64,4,1700,celo,1.7114657163619995,1.6518217325210571,10126451200.0
RNNLM_lm1bbytes_Patch32_LSTM128_Embed64,4,1700,celo_prune,1.9504700899124146,1.901972770690918,9117630400.0
RNNLM_lm1bbytes_Patch32_LSTM128_Embed64,4,1700,celo_q8,1.7106093168258667,1.6583551168441772,8613220000.0
RNNLM_lm1bbytes_Patch32_LSTM128_Embed64,4,1700,adam,2.2000701427459717,2.179614782333374,24326428800.0
RNNLM_lm1bbytes_Patch32_LSTM128_Embed64,4,1700,adafactor,3.025254011154175,2.9711713790893555,20272024000.0
RNNLM_lm1bbytes_Patch32_LSTM128_Embed64,4,1700,sgd,2.47337007522583,2.426744222640991,16217619200.0
RNNLM_lm1bbytes_Patch32_LSTM128_Embed64,4,1800,celo,1.5888314247131348,1.659122109413147,10722124800.0
RNNLM_lm1bbytes_Patch32_LSTM128_Embed64,4,1800,celo_prune,1.9053773880004883,1.9846644401550293,9653961600.0
RNNLM_lm1bbytes_Patch32_LSTM128_Embed64,4,1800,celo_q8,1.5856248140335083,1.6533364057540894,9119880000.0
RNNLM_lm1bbytes_Patch32_LSTM128_Embed64,4,1800,adam,2.176506519317627,2.1893913745880127,25757395200.0
RNNLM_lm1bbytes_Patch32_LSTM128_Embed64,4,1800,adafactor,2.998387098312378,2.9724628925323486,21464496000.0
RNNLM_lm1bbytes_Patch32_LSTM128_Embed64,4,1800,sgd,2.462402582168579,2.444998264312744,17171596800.0
RNNLM_lm1bbytes_Patch32_LSTM128_Embed64,4,1900,celo,1.6661297082901,1.6658449172973633,11317798400.0
RNNLM_lm1bbytes_Patch32_LSTM128_Embed64,4,1900,celo_prune,1.9967842102050781,1.9691752195358276,10190292800.0
RNNLM_lm1bbytes_Patch32_LSTM128_Embed64,4,1900,celo_q8,1.6424264907836914,1.6656348705291748,9626540000.0
RNNLM_lm1bbytes_Patch32_LSTM128_Embed64,4,1900,adam,2.155123233795166,2.158712387084961,27188361600.0
RNNLM_lm1bbytes_Patch32_LSTM128_Embed64,4,1900,adafactor,2.9162497520446777,2.9370203018188477,22656968000.0
RNNLM_lm1bbytes_Patch32_LSTM128_Embed64,4,1900,sgd,2.4100215435028076,2.426760673522949,18125574400.0
RNNLM_lm1bbytes_Patch32_LSTM128_Embed64,4,2000,celo,1.6390937566757202,1.6586253643035889,11913472000.0
RNNLM_lm1bbytes_Patch32_LSTM128_Embed64,4,2000,celo_prune,1.9525443315505981,1.9657402038574219,10726624000.0
RNNLM_lm1bbytes_Patch32_LSTM128_Embed64,4,2000,celo_q8,1.6459256410598755,1.6594260931015015,10133200000.0
RNNLM_lm1bbytes_Patch32_LSTM128_Embed64,4,2000,adam,2.150291919708252,2.160970687866211,28619328000.0
RNNLM_lm1bbytes_Patch32_LSTM128_Embed64,4,2000,adafactor,2.9004509449005127,2.8941121101379395,23849440000.0
RNNLM_lm1bbytes_Patch32_LSTM128_Embed64,4,2000,sgd,2.4144160747528076,2.4097118377685547,19079552000.0
RNNLM_lm1b32k_Patch32_LSTM256_Embed128,0,0,celo,10.38706111907959,10.38706111907959,0.0
RNNLM_lm1b32k_Patch32_LSTM256_Embed128,0,0,celo_prune,10.38706111907959,10.38706111907959,0.0
RNNLM_lm1b32k_Patch32_LSTM256_Embed128,0,0,celo_q8,10.38706111907959,10.38706111907959,0.0
RNNLM_lm1b32k_Patch32_LSTM256_Embed128,0,0,adam,10.38706111907959,10.38706111907959,0.0
RNNLM_lm1b32k_Patch32_LSTM256_Embed128,0,0,adafactor,10.38706111907959,10.38706111907959,0.0
RNNLM_lm1b32k_Patch32_LSTM256_Embed128,0,0,sgd,10.38706111907959,10.38706111907959,0.0
RNNLM_lm1b32k_Patch32_LSTM256_Embed128,0,100,celo,5.597252368927002,5.518336772918701,40929091200.0
RNNLM_lm1b32k_Patch32_LSTM256_Embed128,0,100,celo_prune,5.716549873352051,5.646710395812988,40869748800.0
RNNLM_lm1b32k_Patch32_LSTM256_Embed128,0,100,celo_q8,5.581643581390381,5.515868663787842,40840077600.0
RNNLM_lm1b32k_Patch32_LSTM256_Embed128,0,100,adam,6.81868839263916,6.76357889175415,122431219200.0
RNNLM_lm1b32k_Patch32_LSTM256_Embed128,0,100,adafactor,10.316473960876465,10.31124210357666,102026016000.0
RNNLM_lm1b32k_Patch32_LSTM256_Embed128,0,100,sgd,9.123183250427246,9.091104507446289,81620812800.0
RNNLM_lm1b32k_Patch32_LSTM256_Embed128,0,200,celo,5.337988376617432,5.316558361053467,81858182400.0
RNNLM_lm1b32k_Patch32_LSTM256_Embed128,0,200,celo_prune,5.402668476104736,5.381467819213867,81739497600.0
RNNLM_lm1b32k_Patch32_LSTM256_Embed128,0,200,celo_q8,5.335979461669922,5.323607444763184,81680155200.0
RNNLM_lm1b32k_Patch32_LSTM256_Embed128,0,200,adam,6.496716499328613,6.475579261779785,244862438400.0
RNNLM_lm1b32k_Patch32_LSTM256_Embed128,0,200,adafactor,10.201476097106934,10.191800117492676,204052032000.0
RNNLM_lm1b32k_Patch32_LSTM256_Embed128,0,200,sgd,7.869900226593018,7.842756748199463,163241625600.0
RNNLM_lm1b32k_Patch32_LSTM256_Embed128,0,300,celo,5.1920294761657715,5.192580699920654,122787273600.0
RNNLM_lm1b32k_Patch32_LSTM256_Embed128,0,300,celo_prune,5.299901008605957,5.293232440948486,122609246400.0
RNNLM_lm1b32k_Patch32_LSTM256_Embed128,0,300,celo_q8,5.194611072540283,5.188556671142578,122520232800.0
RNNLM_lm1b32k_Patch32_LSTM256_Embed128,0,300,adam,6.404497146606445,6.389094829559326,367293657600.0
RNNLM_lm1b32k_Patch32_LSTM256_Embed128,0,300,adafactor,9.965250015258789,9.969467163085938,306078048000.0
RNNLM_lm1b32k_Patch32_LSTM256_Embed128,0,300,sgd,7.529818058013916,7.505501747131348,244862438400.0
RNNLM_lm1b32k_Patch32_LSTM256_Embed128,0,400,celo,5.1345977783203125,5.163679122924805,163716364800.0
RNNLM_lm1b32k_Patch32_LSTM256_Embed128,0,400,celo_prune,5.154637813568115,5.2197980880737305,163478995200.0
RNNLM_lm1b32k_Patch32_LSTM256_Embed128,0,400,celo_q8,5.12723970413208,5.157052040100098,163360310400.0
RNNLM_lm1b32k_Patch32_LSTM256_Embed128,0,400,adam,6.2605156898498535,6.194217681884766,489724876800.0
RNNLM_lm1b32k_Patch32_LSTM256_Embed128,0,400,adafactor,9.558065414428711,9.567083358764648,408104064000.0
RNNLM_lm1b32k_Patch32_LSTM256_Embed128,0,400,sgd,7.247540473937988,7.155050754547119,326483251200.0
RNNLM_lm1b32k_Patch32_LSTM256_Embed128,0,500,celo,5.126805305480957,5.021586894989014,204645456000.0
RNNLM_lm1b32k_Patch32_LSTM256_Embed128,0,500,celo_prune,5.263774394989014,5.1534271240234375,204348744000.0
RNNLM_lm1b32k_Patch32_LSTM256_Embed128,0,500,celo_q8,5.1613569259643555,5.038758277893066,204200388000.0
RNNLM_lm1b32k_Patch32_LSTM256_Embed128,0,500,adam,6.258113384246826,6.187536716461182,612156096000.0
RNNLM_lm1b32k_Patch32_LSTM256_Embed128,0,500,adafactor,9.121167182922363,9.095773696899414,510130080000.0
RNNLM_lm1b32k_Patch32_LSTM256_Embed128,0,500,sgd,7.15072774887085,7.091103553771973,408104064000.0
RNNLM_lm1b32k_Patch32_LSTM256_Embed128,0,600,celo,4.9839677810668945,4.954408168792725,245574547200.0
RNNLM_lm1b32k_Patch32_LSTM256_Embed128,0,600,celo_prune,5.140012264251709,5.134774684906006,245218492800.0
RNNLM_lm1b32k_Patch32_LSTM256_Embed128,0,600,celo_q8,4.99859619140625,4.9501824378967285,245040465600.0
RNNLM_lm1b32k_Patch32_LSTM256_Embed128,0,600,adam,6.097045421600342,6.102939128875732,734587315200.0
RNNLM_lm1b32k_Patch32_LSTM256_Embed128,0,600,adafactor,8.556927680969238,8.561259269714355,612156096000.0
RNNLM_lm1b32k_Patch32_LSTM256_Embed128,0,600,sgd,6.953599452972412,6.946392059326172,489724876800.0
RNNLM_lm1b32k_Patch32_LSTM256_Embed128,0,700,celo,5.0225372314453125,4.747475624084473,286503638400.0
RNNLM_lm1b32k_Patch32_LSTM256_Embed128,0,700,celo_prune,5.3269243240356445,4.970705032348633,286088241600.0
RNNLM_lm1b32k_Patch32_LSTM256_Embed128,0,700,celo_q8,5.055587291717529,4.768185138702393,285880543200.0
RNNLM_lm1b32k_Patch32_LSTM256_Embed128,0,700,adam,6.084567546844482,5.921546459197998,857018534400.0
RNNLM_lm1b32k_Patch32_LSTM256_Embed128,0,700,adafactor,8.120585441589355,8.077550888061523,714182112000.0
RNNLM_lm1b32k_Patch32_LSTM256_Embed128,0,700,sgd,6.875734806060791,6.757347106933594,571345689600.0
RNNLM_lm1b32k_Patch32_LSTM256_Embed128,0,800,celo,4.959671497344971,4.8610053062438965,327432729600.0
RNNLM_lm1b32k_Patch32_LSTM256_Embed128,0,800,celo_prune,5.234533786773682,5.081013202667236,326957990400.0
RNNLM_lm1b32k_Patch32_LSTM256_Embed128,0,800,celo_q8,4.965063095092773,4.8469061851501465,326720620800.0
RNNLM_lm1b32k_Patch32_LSTM256_Embed128,0,800,adam,6.033415794372559,5.88223934173584,979449753600.0
RNNLM_lm1b32k_Patch32_LSTM256_Embed128,0,800,adafactor,7.777224540710449,7.6883320808410645,816208128000.0
RNNLM_lm1b32k_Patch32_LSTM256_Embed128,0,800,sgd,6.831459045410156,6.6703410148620605,652966502400.0
RNNLM_lm1b32k_Patch32_LSTM256_Embed128,0,900,celo,4.795427322387695,4.8043622970581055,368361820800.0
RNNLM_lm1b32k_Patch32_LSTM256_Embed128,0,900,celo_prune,5.060249328613281,5.087569236755371,367827739200.0
RNNLM_lm1b32k_Patch32_LSTM256_Embed128,0,900,celo_q8,4.810387134552002,4.817755222320557,367560698400.0
RNNLM_lm1b32k_Patch32_LSTM256_Embed128,0,900,adam,5.883421421051025,5.92952823638916,1101880972800.0
RNNLM_lm1b32k_Patch32_LSTM256_Embed128,0,900,adafactor,7.466176509857178,7.478929042816162,918234144000.0
RNNLM_lm1b32k_Patch32_LSTM256_Embed128,0,900,sgd,6.692455291748047,6.727184295654297,734587315200.0
RNNLM_lm1b32k_Patch32_LSTM256_Embed128,0,1000,celo,4.867709636688232,4.8883442878723145,409290912000.0
RNNLM_lm1b32k_Patch32_LSTM256_Embed128,0,1000,celo_prune,5.178518295288086,5.150707244873047,408697488000.0
RNNLM_lm1b32k_Patch32_LSTM256_Embed128,0,1000,celo_q8,4.866458892822266,4.906383991241455,408400776000.0
RNNLM_lm1b32k_Patch32_LSTM256_Embed128,0,1000,adam,5.947647571563721,5.9570112228393555,1224312192000.0
RNNLM_lm1b32k_Patch32_LSTM256_Embed128,0,1000,adafactor,7.3112473487854,7.314157962799072,1020260160000.0
RNNLM_lm1b32k_Patch32_LSTM256_Embed128,0,1000,sgd,6.765375137329102,6.788808822631836,816208128000.0
RNNLM_lm1b32k_Patch32_LSTM256_Embed128,0,1100,celo,4.8007612228393555,4.941872596740723,450220003200.0
RNNLM_lm1b32k_Patch32_LSTM256_Embed128,0,1100,celo_prune,5.1251630783081055,5.245687007904053,449567236800.0
RNNLM_lm1b32k_Patch32_LSTM256_Embed128,0,1100,celo_q8,4.770004749298096,4.960877418518066,449240853600.0
RNNLM_lm1b32k_Patch32_LSTM256_Embed128,0,1100,adam,5.919107437133789,5.933108329772949,1346743411200.0
RNNLM_lm1b32k_Patch32_LSTM256_Embed128,0,1100,adafactor,7.149374008178711,7.151658058166504,1122286176000.0
RNNLM_lm1b32k_Patch32_LSTM256_Embed128,0,1100,sgd,6.748968601226807,6.695816993713379,897828940800.0
RNNLM_lm1b32k_Patch32_LSTM256_Embed128,0,1200,celo,4.900953769683838,4.8255934715271,491149094400.0
RNNLM_lm1b32k_Patch32_LSTM256_Embed128,0,1200,celo_prune,5.290915012359619,5.170830249786377,490436985600.0
RNNLM_lm1b32k_Patch32_LSTM256_Embed128,0,1200,celo_q8,4.922461986541748,4.818073272705078,490080931200.0
RNNLM_lm1b32k_Patch32_LSTM256_Embed128,0,1200,adam,5.850574970245361,5.7879228591918945,1469174630400.0
RNNLM_lm1b32k_Patch32_LSTM256_Embed128,0,1200,adafactor,6.976869106292725,6.944750785827637,1224312192000.0
RNNLM_lm1b32k_Patch32_LSTM256_Embed128,0,1200,sgd,6.663415431976318,6.578463077545166,979449753600.0
RNNLM_lm1b32k_Patch32_LSTM256_Embed128,0,1300,celo,4.930958271026611,4.800073146820068,532078185600.0
RNNLM_lm1b32k_Patch32_LSTM256_Embed128,0,1300,celo_prune,5.369394302368164,5.278836250305176,531306734400.0
RNNLM_lm1b32k_Patch32_LSTM256_Embed128,0,1300,celo_q8,4.946742057800293,4.8116607666015625,530921008800.0
RNNLM_lm1b32k_Patch32_LSTM256_Embed128,0,1300,adam,5.85956335067749,5.823655128479004,1591605849600.0
RNNLM_lm1b32k_Patch32_LSTM256_Embed128,0,1300,adafactor,6.908959865570068,6.910332679748535,1326338208000.0
RNNLM_lm1b32k_Patch32_LSTM256_Embed128,0,1300,sgd,6.681177139282227,6.671151638031006,1061070566400.0
RNNLM_lm1b32k_Patch32_LSTM256_Embed128,0,1400,celo,4.755741596221924,4.783507823944092,573007276800.0
RNNLM_lm1b32k_Patch32_LSTM256_Embed128,0,1400,celo_prune,5.127721309661865,5.286475658416748,572176483200.0
RNNLM_lm1b32k_Patch32_LSTM256_Embed128,0,1400,celo_q8,4.775352478027344,4.83536958694458,571761086400.0
RNNLM_lm1b32k_Patch32_LSTM256_Embed128,0,1400,adam,5.7257843017578125,5.766168594360352,1714037068800.0
RNNLM_lm1b32k_Patch32_LSTM256_Embed128,0,1400,adafactor,6.776801109313965,6.87326717376709,1428364224000.0
RNNLM_lm1b32k_Patch32_LSTM256_Embed128,0,1400,sgd,6.5544304847717285,6.6028313636779785,1142691379200.0
RNNLM_lm1b32k_Patch32_LSTM256_Embed128,0,1500,celo,4.932953834533691,4.933402061462402,613936368000.0
RNNLM_lm1b32k_Patch32_LSTM256_Embed128,0,1500,celo_prune,5.213613986968994,5.279544353485107,613046232000.0
RNNLM_lm1b32k_Patch32_LSTM256_Embed128,0,1500,celo_q8,4.912508010864258,4.978590488433838,612601164000.0
RNNLM_lm1b32k_Patch32_LSTM256_Embed128,0,1500,adam,5.757540702819824,5.788259983062744,1836468288000.0
RNNLM_lm1b32k_Patch32_LSTM256_Embed128,0,1500,adafactor,6.776655197143555,6.813267707824707,1530390240000.0
RNNLM_lm1b32k_Patch32_LSTM256_Embed128,0,1500,sgd,6.595263957977295,6.611015796661377,1224312192000.0
RNNLM_lm1b32k_Patch32_LSTM256_Embed128,0,1600,celo,4.950008392333984,4.850154399871826,654865459200.0
RNNLM_lm1b32k_Patch32_LSTM256_Embed128,0,1600,celo_prune,5.204956531524658,5.1064252853393555,653915980800.0
RNNLM_lm1b32k_Patch32_LSTM256_Embed128,0,1600,celo_q8,4.943191051483154,4.892448425292969,653441241600.0
RNNLM_lm1b32k_Patch32_LSTM256_Embed128,0,1600,adam,5.757533550262451,5.623574733734131,1958899507200.0
RNNLM_lm1b32k_Patch32_LSTM256_Embed128,0,1600,adafactor,6.786572456359863,6.687257289886475,1632416256000.0
RNNLM_lm1b32k_Patch32_LSTM256_Embed128,0,1600,sgd,6.599376678466797,6.484238147735596,1305933004800.0
RNNLM_lm1b32k_Patch32_LSTM256_Embed128,0,1700,celo,4.839340686798096,4.7786736488342285,695794550400.0
RNNLM_lm1b32k_Patch32_LSTM256_Embed128,0,1700,celo_prune,5.095123291015625,5.0233235359191895,694785729600.0
RNNLM_lm1b32k_Patch32_LSTM256_Embed128,0,1700,celo_q8,4.856359481811523,4.768910884857178,694281319200.0
RNNLM_lm1b32k_Patch32_LSTM256_Embed128,0,1700,adam,5.677417755126953,5.555924415588379,2081330726400.0
RNNLM_lm1b32k_Patch32_LSTM256_Embed128,0,1700,adafactor,6.704751491546631,6.595156192779541,1734442272000.0
RNNLM_lm1b32k_Patch32_LSTM256_Embed128,0,1700,sgd,6.53265380859375,6.411808967590332,1387553817600.0
RNNLM_lm1b32k_Patch32_LSTM256_Embed128,0,1800,celo,4.7169880867004395,4.879251956939697,736723641600.0
RNNLM_lm1b32k_Patch32_LSTM256_Embed128,0,1800,celo_prune,5.036473274230957,5.1585211753845215,735655478400.0
RNNLM_lm1b32k_Patch32_LSTM256_Embed128,0,1800,celo_q8,4.768579483032227,4.913825035095215,735121396800.0
RNNLM_lm1b32k_Patch32_LSTM256_Embed128,0,1800,adam,5.635244846343994,5.671773910522461,2203761945600.0
RNNLM_lm1b32k_Patch32_LSTM256_Embed128,0,1800,adafactor,6.626531600952148,6.66854190826416,1836468288000.0
RNNLM_lm1b32k_Patch32_LSTM256_Embed128,0,1800,sgd,6.462105751037598,6.516544342041016,1469174630400.0
RNNLM_lm1b32k_Patch32_LSTM256_Embed128,0,1900,celo,4.776951313018799,4.854638576507568,777652732800.0
RNNLM_lm1b32k_Patch32_LSTM256_Embed128,0,1900,celo_prune,5.093602180480957,5.170888423919678,776525227200.0
RNNLM_lm1b32k_Patch32_LSTM256_Embed128,0,1900,celo_q8,4.800416946411133,4.861072063446045,775961474400.0
RNNLM_lm1b32k_Patch32_LSTM256_Embed128,0,1900,adam,5.6124467849731445,5.748507499694824,2326193164800.0
RNNLM_lm1b32k_Patch32_LSTM256_Embed128,0,1900,adafactor,6.630848407745361,6.748867988586426,1938494304000.0
RNNLM_lm1b32k_Patch32_LSTM256_Embed128,0,1900,sgd,6.49236536026001,6.6199541091918945,1550795443200.0
RNNLM_lm1b32k_Patch32_LSTM256_Embed128,0,2000,celo,4.713867664337158,4.732416152954102,818581824000.0
RNNLM_lm1b32k_Patch32_LSTM256_Embed128,0,2000,celo_prune,4.992799282073975,5.053524017333984,817394976000.0
RNNLM_lm1b32k_Patch32_LSTM256_Embed128,0,2000,celo_q8,4.695698261260986,4.7430291175842285,816801552000.0
RNNLM_lm1b32k_Patch32_LSTM256_Embed128,0,2000,adam,5.479198455810547,5.526453971862793,2448624384000.0
RNNLM_lm1b32k_Patch32_LSTM256_Embed128,0,2000,adafactor,6.509767055511475,6.531276226043701,2040520320000.0
RNNLM_lm1b32k_Patch32_LSTM256_Embed128,0,2000,sgd,6.348170757293701,6.370368957519531,1632416256000.0
RNNLM_lm1b32k_Patch32_LSTM256_Embed128,1,0,celo,10.39653491973877,10.39653491973877,0.0
RNNLM_lm1b32k_Patch32_LSTM256_Embed128,1,0,celo_prune,10.39653491973877,10.39653491973877,0.0
RNNLM_lm1b32k_Patch32_LSTM256_Embed128,1,0,celo_q8,10.39653491973877,10.39653491973877,0.0
RNNLM_lm1b32k_Patch32_LSTM256_Embed128,1,0,adam,10.39653491973877,10.39653491973877,0.0
RNNLM_lm1b32k_Patch32_LSTM256_Embed128,1,0,adafactor,10.39653491973877,10.39653491973877,0.0
RNNLM_lm1b32k_Patch32_LSTM256_Embed128,1,0,sgd,10.39653491973877,10.39653491973877,0.0
RNNLM_lm1b32k_Patch32_LSTM256_Embed128,1,100,celo,5.516487121582031,5.529168128967285,40929091200.0
RNNLM_lm1b32k_Patch32_LSTM256_Embed128,1,100,celo_prune,5.640072345733643,5.641134738922119,40869748800.0
RNNLM_lm1b32k_Patch32_LSTM256_Embed128,1,100,celo_q8,5.506168365478516,5.511781692504883,40840077600.0
RNNLM_lm1b32k_Patch32_LSTM256_Embed128,1,100,adam,6.759490489959717,6.764064788818359,122431219200.0
RNNLM_lm1b32k_Patch32_LSTM256_Embed128,1,100,adafactor,10.313786506652832,10.32006549835205,102026016000.0
RNNLM_lm1b32k_Patch32_LSTM256_Embed128,1,100,sgd,8.82480239868164,8.894689559936523,81620812800.0
RNNLM_lm1b32k_Patch32_LSTM256_Embed128,1,200,celo,5.347837448120117,5.286179065704346,81858182400.0
RNNLM_lm1b32k_Patch32_LSTM256_Embed128,1,200,celo_prune,5.416001319885254,5.350888252258301,81739497600.0
RNNLM_lm1b32k_Patch32_LSTM256_Embed128,1,200,celo_q8,5.359024524688721,5.281406879425049,81680155200.0
RNNLM_lm1b32k_Patch32_LSTM256_Embed128,1,200,adam,6.428461074829102,6.463606357574463,244862438400.0
RNNLM_lm1b32k_Patch32_LSTM256_Embed128,1,200,adafactor,10.194586753845215,10.198531150817871,204052032000.0
RNNLM_lm1b32k_Patch32_LSTM256_Embed128,1,200,sgd,7.739634037017822,7.794922351837158,163241625600.0
RNNLM_lm1b32k_Patch32_LSTM256_Embed128,1,300,celo,5.182192802429199,5.171267509460449,122787273600.0
RNNLM_lm1b32k_Patch32_LSTM256_Embed128,1,300,celo_prune,5.272700309753418,5.2823076248168945,122609246400.0
RNNLM_lm1b32k_Patch32_LSTM256_Embed128,1,300,celo_q8,5.212831020355225,5.160482883453369,122520232800.0
RNNLM_lm1b32k_Patch32_LSTM256_Embed128,1,300,adam,6.314579486846924,6.349147796630859,367293657600.0
RNNLM_lm1b32k_Patch32_LSTM256_Embed128,1,300,adafactor,9.909039497375488,9.918577194213867,306078048000.0
RNNLM_lm1b32k_Patch32_LSTM256_Embed128,1,300,sgd,7.362433910369873,7.436514377593994,244862438400.0
RNNLM_lm1b32k_Patch32_LSTM256_Embed128,1,400,celo,4.952389717102051,5.210037708282471,163716364800.0
RNNLM_lm1b32k_Patch32_LSTM256_Embed128,1,400,celo_prune,5.02447509765625,5.292872428894043,163478995200.0
RNNLM_lm1b32k_Patch32_LSTM256_Embed128,1,400,celo_q8,4.961005687713623,5.202487468719482,163360310400.0
RNNLM_lm1b32k_Patch32_LSTM256_Embed128,1,400,adam,6.178779602050781,6.327955722808838,489724876800.0
RNNLM_lm1b32k_Patch32_LSTM256_Embed128,1,400,adafactor,9.442559242248535,9.480616569519043,408104064000.0
RNNLM_lm1b32k_Patch32_LSTM256_Embed128,1,400,sgd,7.089649200439453,7.281357288360596,326483251200.0
RNNLM_lm1b32k_Patch32_LSTM256_Embed128,1,500,celo,4.966174125671387,5.197084426879883,204645456000.0
RNNLM_lm1b32k_Patch32_LSTM256_Embed128,1,500,celo_prune,5.106770038604736,5.3372578620910645,204348744000.0
RNNLM_lm1b32k_Patch32_LSTM256_Embed128,1,500,celo_q8,4.994807720184326,5.188543796539307,204200388000.0
RNNLM_lm1b32k_Patch32_LSTM256_Embed128,1,500,adam,6.179147243499756,6.266596794128418,612156096000.0
RNNLM_lm1b32k_Patch32_LSTM256_Embed128,1,500,adafactor,8.878268241882324,8.92487621307373,510130080000.0
RNNLM_lm1b32k_Patch32_LSTM256_Embed128,1,500,sgd,7.048542022705078,7.12926721572876,408104064000.0
RNNLM_lm1b32k_Patch32_LSTM256_Embed128,1,600,celo,5.0829243659973145,5.090157985687256,245574547200.0
RNNLM_lm1b32k_Patch32_LSTM256_Embed128,1,600,celo_prune,5.2157721519470215,5.242486476898193,245218492800.0
RNNLM_lm1b32k_Patch32_LSTM256_Embed128,1,600,celo_q8,5.073962211608887,5.075275421142578,245040465600.0
RNNLM_lm1b32k_Patch32_LSTM256_Embed128,1,600,adam,6.179489612579346,6.194218158721924,734587315200.0
RNNLM_lm1b32k_Patch32_LSTM256_Embed128,1,600,adafactor,8.391571044921875,8.387001037597656,612156096000.0
RNNLM_lm1b32k_Patch32_LSTM256_Embed128,1,600,sgd,6.971043586730957,7.0236687660217285,489724876800.0
RNNLM_lm1b32k_Patch32_LSTM256_Embed128,1,700,celo,4.976891994476318,4.884366512298584,286503638400.0
RNNLM_lm1b32k_Patch32_LSTM256_Embed128,1,700,celo_prune,5.246754169464111,5.178587913513184,286088241600.0
RNNLM_lm1b32k_Patch32_LSTM256_Embed128,1,700,celo_q8,5.017481327056885,4.9106292724609375,285880543200.0
RNNLM_lm1b32k_Patch32_LSTM256_Embed128,1,700,adam,6.011221408843994,5.9835100173950195,857018534400.0
RNNLM_lm1b32k_Patch32_LSTM256_Embed128,1,700,adafactor,7.926845073699951,7.867902755737305,714182112000.0
RNNLM_lm1b32k_Patch32_LSTM256_Embed128,1,700,sgd,6.818105697631836,6.770613193511963,571345689600.0
RNNLM_lm1b32k_Patch32_LSTM256_Embed128,1,800,celo,4.972960472106934,4.940183639526367,327432729600.0
RNNLM_lm1b32k_Patch32_LSTM256_Embed128,1,800,celo_prune,5.202345371246338,5.186849594116211,326957990400.0
RNNLM_lm1b32k_Patch32_LSTM256_Embed128,1,800,celo_q8,4.976851940155029,4.9420857429504395,326720620800.0
RNNLM_lm1b32k_Patch32_LSTM256_Embed128,1,800,adam,6.009871006011963,6.025750160217285,979449753600.0
RNNLM_lm1b32k_Patch32_LSTM256_Embed128,1,800,adafactor,7.588693618774414,7.629601001739502,816208128000.0
RNNLM_lm1b32k_Patch32_LSTM256_Embed128,1,800,sgd,6.760191917419434,6.832940101623535,652966502400.0
RNNLM_lm1b32k_Patch32_LSTM256_Embed128,1,900,celo,4.90792179107666,4.840461254119873,368361820800.0
RNNLM_lm1b32k_Patch32_LSTM256_Embed128,1,900,celo_prune,5.243885517120361,5.143285751342773,367827739200.0
RNNLM_lm1b32k_Patch32_LSTM256_Embed128,1,900,celo_q8,4.905241012573242,4.848977088928223,367560698400.0
RNNLM_lm1b32k_Patch32_LSTM256_Embed128,1,900,adam,5.964076995849609,5.925239562988281,1101880972800.0
RNNLM_lm1b32k_Patch32_LSTM256_Embed128,1,900,adafactor,7.356301307678223,7.352477550506592,918234144000.0
RNNLM_lm1b32k_Patch32_LSTM256_Embed128,1,900,sgd,6.752349376678467,6.7019362449646,734587315200.0
RNNLM_lm1b32k_Patch32_LSTM256_Embed128,1,1000,celo,4.892442226409912,4.966975688934326,409290912000.0
RNNLM_lm1b32k_Patch32_LSTM256_Embed128,1,1000,celo_prune,5.198200225830078,5.306243419647217,408697488000.0
RNNLM_lm1b32k_Patch32_LSTM256_Embed128,1,1000,celo_q8,4.8709869384765625,4.94749641418457,408400776000.0
RNNLM_lm1b32k_Patch32_LSTM256_Embed128,1,1000,adam,5.8835673332214355,6.017354965209961,1224312192000.0
RNNLM_lm1b32k_Patch32_LSTM256_Embed128,1,1000,adafactor,7.166036128997803,7.271385669708252,1020260160000.0
RNNLM_lm1b32k_Patch32_LSTM256_Embed128,1,1000,sgd,6.670011043548584,6.812870979309082,816208128000.0
RNNLM_lm1b32k_Patch32_LSTM256_Embed128,1,1100,celo,4.938594818115234,4.896492004394531,450220003200.0
RNNLM_lm1b32k_Patch32_LSTM256_Embed128,1,1100,celo_prune,5.273679733276367,5.261936187744141,449567236800.0
RNNLM_lm1b32k_Patch32_LSTM256_Embed128,1,1100,celo_q8,4.9585957527160645,4.88399600982666,449240853600.0
RNNLM_lm1b32k_Patch32_LSTM256_Embed128,1,1100,adam,5.915760517120361,5.912443161010742,1346743411200.0
RNNLM_lm1b32k_Patch32_LSTM256_Embed128,1,1100,adafactor,7.028059959411621,7.050879001617432,1122286176000.0
RNNLM_lm1b32k_Patch32_LSTM256_Embed128,1,1100,sgd,6.682956695556641,6.670466899871826,897828940800.0
RNNLM_lm1b32k_Patch32_LSTM256_Embed128,1,1200,celo,4.898946285247803,4.824497699737549,491149094400.0
RNNLM_lm1b32k_Patch32_LSTM256_Embed128,1,1200,celo_prune,5.298638820648193,5.281753063201904,490436985600.0
RNNLM_lm1b32k_Patch32_LSTM256_Embed128,1,1200,celo_q8,4.8841352462768555,4.824447154998779,490080931200.0
RNNLM_lm1b32k_Patch32_LSTM256_Embed128,1,1200,adam,5.809477806091309,5.811054706573486,1469174630400.0
RNNLM_lm1b32k_Patch32_LSTM256_Embed128,1,1200,adafactor,6.88156270980835,6.934340953826904,1224312192000.0
RNNLM_lm1b32k_Patch32_LSTM256_Embed128,1,1200,sgd,6.583911418914795,6.627764701843262,979449753600.0
RNNLM_lm1b32k_Patch32_LSTM256_Embed128,1,1300,celo,4.836215019226074,4.856490612030029,532078185600.0
RNNLM_lm1b32k_Patch32_LSTM256_Embed128,1,1300,celo_prune,5.257497787475586,5.319343090057373,531306734400.0
RNNLM_lm1b32k_Patch32_LSTM256_Embed128,1,1300,celo_q8,4.820902347564697,4.851075172424316,530921008800.0
RNNLM_lm1b32k_Patch32_LSTM256_Embed128,1,1300,adam,5.7777581214904785,5.7954230308532715,1591605849600.0
RNNLM_lm1b32k_Patch32_LSTM256_Embed128,1,1300,adafactor,6.859293460845947,6.850788593292236,1326338208000.0
RNNLM_lm1b32k_Patch32_LSTM256_Embed128,1,1300,sgd,6.578835487365723,6.6158599853515625,1061070566400.0
RNNLM_lm1b32k_Patch32_LSTM256_Embed128,1,1400,celo,4.830670356750488,4.863521575927734,573007276800.0
RNNLM_lm1b32k_Patch32_LSTM256_Embed128,1,1400,celo_prune,5.19687032699585,5.173172950744629,572176483200.0
RNNLM_lm1b32k_Patch32_LSTM256_Embed128,1,1400,celo_q8,4.796489238739014,4.837374210357666,571761086400.0
RNNLM_lm1b32k_Patch32_LSTM256_Embed128,1,1400,adam,5.735710620880127,5.692741870880127,1714037068800.0
RNNLM_lm1b32k_Patch32_LSTM256_Embed128,1,1400,adafactor,6.764908313751221,6.761094570159912,1428364224000.0
RNNLM_lm1b32k_Patch32_LSTM256_Embed128,1,1400,sgd,6.5375518798828125,6.5082197189331055,1142691379200.0
RNNLM_lm1b32k_Patch32_LSTM256_Embed128,1,1500,celo,5.068060398101807,4.88554048538208,613936368000.0
RNNLM_lm1b32k_Patch32_LSTM256_Embed128,1,1500,celo_prune,5.403846263885498,5.167459487915039,613046232000.0
RNNLM_lm1b32k_Patch32_LSTM256_Embed128,1,1500,celo_q8,4.985294818878174,4.799219608306885,612601164000.0
RNNLM_lm1b32k_Patch32_LSTM256_Embed128,1,1500,adam,5.843331336975098,5.5724029541015625,1836468288000.0
RNNLM_lm1b32k_Patch32_LSTM256_Embed128,1,1500,adafactor,6.825155258178711,6.629242420196533,1530390240000.0
RNNLM_lm1b32k_Patch32_LSTM256_Embed128,1,1500,sgd,6.657879829406738,6.381404399871826,1224312192000.0
RNNLM_lm1b32k_Patch32_LSTM256_Embed128,1,1600,celo,4.920717239379883,5.108499050140381,654865459200.0
RNNLM_lm1b32k_Patch32_LSTM256_Embed128,1,1600,celo_prune,5.088567733764648,5.328525543212891,653915980800.0
RNNLM_lm1b32k_Patch32_LSTM256_Embed128,1,1600,celo_q8,4.849104881286621,5.1085944175720215,653441241600.0
RNNLM_lm1b32k_Patch32_LSTM256_Embed128,1,1600,adam,5.670464992523193,5.847822666168213,1958899507200.0
RNNLM_lm1b32k_Patch32_LSTM256_Embed128,1,1600,adafactor,6.723509788513184,6.841423511505127,1632416256000.0
RNNLM_lm1b32k_Patch32_LSTM256_Embed128,1,1600,sgd,6.547671318054199,6.671604156494141,1305933004800.0
RNNLM_lm1b32k_Patch32_LSTM256_Embed128,1,1700,celo,4.882773399353027,4.943841457366943,695794550400.0
RNNLM_lm1b32k_Patch32_LSTM256_Embed128,1,1700,celo_prune,5.157745838165283,5.183226585388184,694785729600.0
RNNLM_lm1b32k_Patch32_LSTM256_Embed128,1,1700,celo_q8,4.837334156036377,4.920708179473877,694281319200.0
RNNLM_lm1b32k_Patch32_LSTM256_Embed128,1,1700,adam,5.670527935028076,5.663873195648193,2081330726400.0
RNNLM_lm1b32k_Patch32_LSTM256_Embed128,1,1700,adafactor,6.685569763183594,6.66998815536499,1734442272000.0
RNNLM_lm1b32k_Patch32_LSTM256_Embed128,1,1700,sgd,6.517549514770508,6.525331020355225,1387553817600.0
RNNLM_lm1b32k_Patch32_LSTM256_Embed128,1,1800,celo,4.863036632537842,4.9509148597717285,736723641600.0
RNNLM_lm1b32k_Patch32_LSTM256_Embed128,1,1800,celo_prune,5.124127388000488,5.1950907707214355,735655478400.0
RNNLM_lm1b32k_Patch32_LSTM256_Embed128,1,1800,celo_q8,4.863053798675537,4.9165520668029785,735121396800.0
RNNLM_lm1b32k_Patch32_LSTM256_Embed128,1,1800,adam,5.652596473693848,5.766369342803955,2203761945600.0
RNNLM_lm1b32k_Patch32_LSTM256_Embed128,1,1800,adafactor,6.622821807861328,6.734270095825195,1836468288000.0
RNNLM_lm1b32k_Patch32_LSTM256_Embed128,1,1800,sgd,6.457794666290283,6.584427833557129,1469174630400.0
RNNLM_lm1b32k_Patch32_LSTM256_Embed128,1,1900,celo,4.895948886871338,4.682614803314209,777652732800.0
RNNLM_lm1b32k_Patch32_LSTM256_Embed128,1,1900,celo_prune,5.226588249206543,4.964732646942139,776525227200.0
RNNLM_lm1b32k_Patch32_LSTM256_Embed128,1,1900,celo_q8,4.871464729309082,4.637712478637695,775961474400.0
RNNLM_lm1b32k_Patch32_LSTM256_Embed128,1,1900,adam,5.649949550628662,5.415743350982666,2326193164800.0
RNNLM_lm1b32k_Patch32_LSTM256_Embed128,1,1900,adafactor,6.6374125480651855,6.444304466247559,1938494304000.0
RNNLM_lm1b32k_Patch32_LSTM256_Embed128,1,1900,sgd,6.477391719818115,6.270721435546875,1550795443200.0
RNNLM_lm1b32k_Patch32_LSTM256_Embed128,1,2000,celo,4.768950939178467,4.84902286529541,818581824000.0
RNNLM_lm1b32k_Patch32_LSTM256_Embed128,1,2000,celo_prune,5.060758113861084,5.1603617668151855,817394976000.0
RNNLM_lm1b32k_Patch32_LSTM256_Embed128,1,2000,celo_q8,4.741116523742676,4.813206195831299,816801552000.0
RNNLM_lm1b32k_Patch32_LSTM256_Embed128,1,2000,adam,5.512318134307861,5.647671222686768,2448624384000.0
RNNLM_lm1b32k_Patch32_LSTM256_Embed128,1,2000,adafactor,6.525173664093018,6.612743854522705,2040520320000.0
RNNLM_lm1b32k_Patch32_LSTM256_Embed128,1,2000,sgd,6.344179153442383,6.485188961029053,1632416256000.0
RNNLM_lm1b32k_Patch32_LSTM256_Embed128,2,0,celo,10.377899169921875,10.377899169921875,0.0
RNNLM_lm1b32k_Patch32_LSTM256_Embed128,2,0,celo_prune,10.377899169921875,10.377899169921875,0.0
RNNLM_lm1b32k_Patch32_LSTM256_Embed128,2,0,celo_q8,10.377899169921875,10.377899169921875,0.0
RNNLM_lm1b32k_Patch32_LSTM256_Embed128,2,0,adam,10.377899169921875,10.377899169921875,0.0
RNNLM_lm1b32k_Patch32_LSTM256_Embed128,2,0,adafactor,10.377899169921875,10.377899169921875,0.0
RNNLM_lm1b32k_Patch32_LSTM256_Embed128,2,0,sgd,10.377899169921875,10.377899169921875,0.0
RNNLM_lm1b32k_Patch32_LSTM256_Embed128,2,100,celo,5.495905876159668,5.528736591339111,40929091200.0
RNNLM_lm1b32k_Patch32_LSTM256_Embed128,2,100,celo_prune,5.617071628570557,5.675251007080078,40869748800.0
RNNLM_lm1b32k_Patch32_LSTM256_Embed128,2,100,celo_q8,5.474520206451416,5.503605842590332,40840077600.0
RNNLM_lm1b32k_Patch32_LSTM256_Embed128,2,100,adam,6.684246063232422,6.7834272384643555,122431219200.0
RNNLM_lm1b32k_Patch32_LSTM256_Embed128,2,100,adafactor,10.298869132995605,10.30827522277832,102026016000.0
RNNLM_lm1b32k_Patch32_LSTM256_Embed128,2,100,sgd,8.824636459350586,8.926739692687988,81620812800.0
RNNLM_lm1b32k_Patch32_LSTM256_Embed128,2,200,celo,5.297603607177734,5.292553424835205,81858182400.0
RNNLM_lm1b32k_Patch32_LSTM256_Embed128,2,200,celo_prune,5.366622447967529,5.3685221672058105,81739497600.0
RNNLM_lm1b32k_Patch32_LSTM256_Embed128,2,200,celo_q8,5.297793388366699,5.290284633636475,81680155200.0
RNNLM_lm1b32k_Patch32_LSTM256_Embed128,2,200,adam,6.408888339996338,6.503332614898682,244862438400.0
RNNLM_lm1b32k_Patch32_LSTM256_Embed128,2,200,adafactor,10.178775787353516,10.196098327636719,204052032000.0
RNNLM_lm1b32k_Patch32_LSTM256_Embed128,2,200,sgd,7.728940010070801,7.862799167633057,163241625600.0
RNNLM_lm1b32k_Patch32_LSTM256_Embed128,2,300,celo,5.095641613006592,5.118566036224365,122787273600.0
RNNLM_lm1b32k_Patch32_LSTM256_Embed128,2,300,celo_prune,5.1962080001831055,5.229335308074951,122609246400.0
RNNLM_lm1b32k_Patch32_LSTM256_Embed128,2,300,celo_q8,5.080031394958496,5.122048377990723,122520232800.0
RNNLM_lm1b32k_Patch32_LSTM256_Embed128,2,300,adam,6.205965042114258,6.289698600769043,367293657600.0
RNNLM_lm1b32k_Patch32_LSTM256_Embed128,2,300,adafactor,9.912070274353027,9.911556243896484,306078048000.0
RNNLM_lm1b32k_Patch32_LSTM256_Embed128,2,300,sgd,7.287461280822754,7.31144905090332,244862438400.0
RNNLM_lm1b32k_Patch32_LSTM256_Embed128,2,400,celo,5.135659217834473,5.091114521026611,163716364800.0
RNNLM_lm1b32k_Patch32_LSTM256_Embed128,2,400,celo_prune,5.178544044494629,5.109000205993652,163478995200.0
RNNLM_lm1b32k_Patch32_LSTM256_Embed128,2,400,celo_q8,5.109768390655518,5.064198970794678,163360310400.0
RNNLM_lm1b32k_Patch32_LSTM256_Embed128,2,400,adam,6.257617950439453,6.194329261779785,489724876800.0
RNNLM_lm1b32k_Patch32_LSTM256_Embed128,2,400,adafactor,9.517385482788086,9.492854118347168,408104064000.0
RNNLM_lm1b32k_Patch32_LSTM256_Embed128,2,400,sgd,7.136044979095459,7.118488311767578,326483251200.0
RNNLM_lm1b32k_Patch32_LSTM256_Embed128,2,500,celo,5.052401542663574,4.971060752868652,204645456000.0
RNNLM_lm1b32k_Patch32_LSTM256_Embed128,2,500,celo_prune,5.097171783447266,5.018030166625977,204348744000.0
RNNLM_lm1b32k_Patch32_LSTM256_Embed128,2,500,celo_q8,4.990854740142822,4.894875526428223,204200388000.0
RNNLM_lm1b32k_Patch32_LSTM256_Embed128,2,500,adam,6.153850555419922,6.107156753540039,612156096000.0
RNNLM_lm1b32k_Patch32_LSTM256_Embed128,2,500,adafactor,9.04305648803711,8.96660041809082,510130080000.0
RNNLM_lm1b32k_Patch32_LSTM256_Embed128,2,500,sgd,7.059743881225586,6.986994743347168,408104064000.0
RNNLM_lm1b32k_Patch32_LSTM256_Embed128,2,600,celo,4.914435863494873,4.954653263092041,245574547200.0
RNNLM_lm1b32k_Patch32_LSTM256_Embed128,2,600,celo_prune,5.115886211395264,5.121592998504639,245218492800.0
RNNLM_lm1b32k_Patch32_LSTM256_Embed128,2,600,celo_q8,4.942553520202637,4.954593658447266,245040465600.0
RNNLM_lm1b32k_Patch32_LSTM256_Embed128,2,600,adam,6.057671070098877,6.106723308563232,734587315200.0
RNNLM_lm1b32k_Patch32_LSTM256_Embed128,2,600,adafactor,8.487244606018066,8.467111587524414,612156096000.0
RNNLM_lm1b32k_Patch32_LSTM256_Embed128,2,600,sgd,6.89612340927124,6.930751323699951,489724876800.0
RNNLM_lm1b32k_Patch32_LSTM256_Embed128,2,700,celo,5.0394697189331055,4.954334735870361,286503638400.0
RNNLM_lm1b32k_Patch32_LSTM256_Embed128,2,700,celo_prune,5.331064224243164,5.257432460784912,286088241600.0
RNNLM_lm1b32k_Patch32_LSTM256_Embed128,2,700,celo_q8,5.051640510559082,4.9612531661987305,285880543200.0
RNNLM_lm1b32k_Patch32_LSTM256_Embed128,2,700,adam,6.173557281494141,6.071313858032227,857018534400.0
RNNLM_lm1b32k_Patch32_LSTM256_Embed128,2,700,adafactor,8.060890197753906,7.994006633758545,714182112000.0
RNNLM_lm1b32k_Patch32_LSTM256_Embed128,2,700,sgd,6.943109512329102,6.861144065856934,571345689600.0
RNNLM_lm1b32k_Patch32_LSTM256_Embed128,2,800,celo,4.997496128082275,5.129070281982422,327432729600.0
RNNLM_lm1b32k_Patch32_LSTM256_Embed128,2,800,celo_prune,5.214876174926758,5.408809185028076,326957990400.0
RNNLM_lm1b32k_Patch32_LSTM256_Embed128,2,800,celo_q8,4.99460506439209,5.164241790771484,326720620800.0
RNNLM_lm1b32k_Patch32_LSTM256_Embed128,2,800,adam,6.068378925323486,6.203176975250244,979449753600.0
RNNLM_lm1b32k_Patch32_LSTM256_Embed128,2,800,adafactor,7.7017035484313965,7.800832271575928,816208128000.0
RNNLM_lm1b32k_Patch32_LSTM256_Embed128,2,800,sgd,6.856563091278076,6.986366271972656,652966502400.0
RNNLM_lm1b32k_Patch32_LSTM256_Embed128,2,900,celo,4.959644794464111,4.96501350402832,368361820800.0
RNNLM_lm1b32k_Patch32_LSTM256_Embed128,2,900,celo_prune,5.236351490020752,5.241100788116455,367827739200.0
RNNLM_lm1b32k_Patch32_LSTM256_Embed128,2,900,celo_q8,4.964025020599365,4.947175025939941,367560698400.0
RNNLM_lm1b32k_Patch32_LSTM256_Embed128,2,900,adam,5.990220546722412,5.9633708000183105,1101880972800.0
RNNLM_lm1b32k_Patch32_LSTM256_Embed128,2,900,adafactor,7.429562568664551,7.435234069824219,918234144000.0
RNNLM_lm1b32k_Patch32_LSTM256_Embed128,2,900,sgd,6.764091968536377,6.807203769683838,734587315200.0
RNNLM_lm1b32k_Patch32_LSTM256_Embed128,2,1000,celo,4.981290817260742,4.953722953796387,409290912000.0
RNNLM_lm1b32k_Patch32_LSTM256_Embed128,2,1000,celo_prune,5.22784423828125,5.236263275146484,408697488000.0
RNNLM_lm1b32k_Patch32_LSTM256_Embed128,2,1000,celo_q8,4.945552349090576,4.9211812019348145,408400776000.0
RNNLM_lm1b32k_Patch32_LSTM256_Embed128,2,1000,adam,5.9400434494018555,6.014442443847656,1224312192000.0
RNNLM_lm1b32k_Patch32_LSTM256_Embed128,2,1000,adafactor,7.266368865966797,7.2931647300720215,1020260160000.0
RNNLM_lm1b32k_Patch32_LSTM256_Embed128,2,1000,sgd,6.751729965209961,6.819436073303223,816208128000.0
RNNLM_lm1b32k_Patch32_LSTM256_Embed128,2,1100,celo,4.901431560516357,4.849471569061279,450220003200.0
RNNLM_lm1b32k_Patch32_LSTM256_Embed128,2,1100,celo_prune,5.191817760467529,5.130959510803223,449567236800.0
RNNLM_lm1b32k_Patch32_LSTM256_Embed128,2,1100,celo_q8,4.905208110809326,4.8249382972717285,449240853600.0
RNNLM_lm1b32k_Patch32_LSTM256_Embed128,2,1100,adam,5.988693714141846,5.828066349029541,1346743411200.0
RNNLM_lm1b32k_Patch32_LSTM256_Embed128,2,1100,adafactor,7.170866966247559,7.0629448890686035,1122286176000.0
RNNLM_lm1b32k_Patch32_LSTM256_Embed128,2,1100,sgd,6.797639846801758,6.645571708679199,897828940800.0
RNNLM_lm1b32k_Patch32_LSTM256_Embed128,2,1200,celo,4.803828239440918,4.94989013671875,491149094400.0
RNNLM_lm1b32k_Patch32_LSTM256_Embed128,2,1200,celo_prune,5.085140705108643,5.267937660217285,490436985600.0
RNNLM_lm1b32k_Patch32_LSTM256_Embed128,2,1200,celo_q8,4.763063907623291,4.936360836029053,490080931200.0
RNNLM_lm1b32k_Patch32_LSTM256_Embed128,2,1200,adam,5.741340160369873,5.82931661605835,1469174630400.0
RNNLM_lm1b32k_Patch32_LSTM256_Embed128,2,1200,adafactor,6.902997970581055,6.989413738250732,1224312192000.0
RNNLM_lm1b32k_Patch32_LSTM256_Embed128,2,1200,sgd,6.550674915313721,6.616701602935791,979449753600.0
RNNLM_lm1b32k_Patch32_LSTM256_Embed128,2,1300,celo,4.835846424102783,4.8494086265563965,532078185600.0
RNNLM_lm1b32k_Patch32_LSTM256_Embed128,2,1300,celo_prune,5.240662097930908,5.244800090789795,531306734400.0
RNNLM_lm1b32k_Patch32_LSTM256_Embed128,2,1300,celo_q8,4.846980571746826,4.826268196105957,530921008800.0
RNNLM_lm1b32k_Patch32_LSTM256_Embed128,2,1300,adam,5.803407669067383,5.770365238189697,1591605849600.0
RNNLM_lm1b32k_Patch32_LSTM256_Embed128,2,1300,adafactor,6.94251012802124,6.90460205078125,1326338208000.0
RNNLM_lm1b32k_Patch32_LSTM256_Embed128,2,1300,sgd,6.646103858947754,6.639452934265137,1061070566400.0
RNNLM_lm1b32k_Patch32_LSTM256_Embed128,2,1400,celo,4.905256271362305,4.864216327667236,573007276800.0
RNNLM_lm1b32k_Patch32_LSTM256_Embed128,2,1400,celo_prune,5.265605449676514,5.121287822723389,572176483200.0
RNNLM_lm1b32k_Patch32_LSTM256_Embed128,2,1400,celo_q8,4.901122570037842,4.8183512687683105,571761086400.0
RNNLM_lm1b32k_Patch32_LSTM256_Embed128,2,1400,adam,5.798793792724609,5.687285900115967,1714037068800.0
RNNLM_lm1b32k_Patch32_LSTM256_Embed128,2,1400,adafactor,6.888996601104736,6.756771087646484,1428364224000.0
RNNLM_lm1b32k_Patch32_LSTM256_Embed128,2,1400,sgd,6.641753196716309,6.511781215667725,1142691379200.0
RNNLM_lm1b32k_Patch32_LSTM256_Embed128,2,1500,celo,4.966231822967529,5.015366554260254,613936368000.0
RNNLM_lm1b32k_Patch32_LSTM256_Embed128,2,1500,celo_prune,5.22974967956543,5.29702615737915,613046232000.0
RNNLM_lm1b32k_Patch32_LSTM256_Embed128,2,1500,celo_q8,4.933670997619629,4.979905128479004,612601164000.0
RNNLM_lm1b32k_Patch32_LSTM256_Embed128,2,1500,adam,5.710210800170898,5.7573676109313965,1836468288000.0
RNNLM_lm1b32k_Patch32_LSTM256_Embed128,2,1500,adafactor,6.781942844390869,6.804536819458008,1530390240000.0
RNNLM_lm1b32k_Patch32_LSTM256_Embed128,2,1500,sgd,6.554464817047119,6.584864616394043,1224312192000.0
RNNLM_lm1b32k_Patch32_LSTM256_Embed128,2,1600,celo,5.004734516143799,5.025247573852539,654865459200.0
RNNLM_lm1b32k_Patch32_LSTM256_Embed128,2,1600,celo_prune,5.256880283355713,5.278876304626465,653915980800.0
RNNLM_lm1b32k_Patch32_LSTM256_Embed128,2,1600,celo_q8,4.9887800216674805,4.988027572631836,653441241600.0
RNNLM_lm1b32k_Patch32_LSTM256_Embed128,2,1600,adam,5.7251200675964355,5.764032363891602,1958899507200.0
RNNLM_lm1b32k_Patch32_LSTM256_Embed128,2,1600,adafactor,6.775704860687256,6.812921524047852,1632416256000.0
RNNLM_lm1b32k_Patch32_LSTM256_Embed128,2,1600,sgd,6.610291957855225,6.630905628204346,1305933004800.0
RNNLM_lm1b32k_Patch32_LSTM256_Embed128,2,1700,celo,4.793133735656738,4.96987247467041,695794550400.0
RNNLM_lm1b32k_Patch32_LSTM256_Embed128,2,1700,celo_prune,5.073896884918213,5.255947589874268,694785729600.0
RNNLM_lm1b32k_Patch32_LSTM256_Embed128,2,1700,celo_q8,4.762516021728516,4.9734392166137695,694281319200.0
RNNLM_lm1b32k_Patch32_LSTM256_Embed128,2,1700,adam,5.572081089019775,5.844964027404785,2081330726400.0
RNNLM_lm1b32k_Patch32_LSTM256_Embed128,2,1700,adafactor,6.672919750213623,6.843232154846191,1734442272000.0
RNNLM_lm1b32k_Patch32_LSTM256_Embed128,2,1700,sgd,6.475610256195068,6.691652774810791,1387553817600.0
RNNLM_lm1b32k_Patch32_LSTM256_Embed128,2,1800,celo,4.8137288093566895,4.871069431304932,736723641600.0
RNNLM_lm1b32k_Patch32_LSTM256_Embed128,2,1800,celo_prune,5.069550514221191,5.0850114822387695,735655478400.0
RNNLM_lm1b32k_Patch32_LSTM256_Embed128,2,1800,celo_q8,4.79973030090332,4.832065582275391,735121396800.0
RNNLM_lm1b32k_Patch32_LSTM256_Embed128,2,1800,adam,5.556357383728027,5.721641540527344,2203761945600.0
RNNLM_lm1b32k_Patch32_LSTM256_Embed128,2,1800,adafactor,6.597170352935791,6.743293285369873,1836468288000.0
RNNLM_lm1b32k_Patch32_LSTM256_Embed128,2,1800,sgd,6.422720909118652,6.585575580596924,1469174630400.0
RNNLM_lm1b32k_Patch32_LSTM256_Embed128,2,1900,celo,4.881913185119629,4.644023418426514,777652732800.0
RNNLM_lm1b32k_Patch32_LSTM256_Embed128,2,1900,celo_prune,5.233503818511963,4.982595443725586,776525227200.0
RNNLM_lm1b32k_Patch32_LSTM256_Embed128,2,1900,celo_q8,4.879358768463135,4.666208267211914,775961474400.0
RNNLM_lm1b32k_Patch32_LSTM256_Embed128,2,1900,adam,5.673460960388184,5.398677349090576,2326193164800.0
RNNLM_lm1b32k_Patch32_LSTM256_Embed128,2,1900,adafactor,6.692633152008057,6.459201335906982,1938494304000.0
RNNLM_lm1b32k_Patch32_LSTM256_Embed128,2,1900,sgd,6.533712387084961,6.291266918182373,1550795443200.0
RNNLM_lm1b32k_Patch32_LSTM256_Embed128,2,2000,celo,4.7257513999938965,4.769402980804443,818581824000.0
RNNLM_lm1b32k_Patch32_LSTM256_Embed128,2,2000,celo_prune,5.005537986755371,5.090383529663086,817394976000.0
RNNLM_lm1b32k_Patch32_LSTM256_Embed128,2,2000,celo_q8,4.720667362213135,4.7824788093566895,816801552000.0
RNNLM_lm1b32k_Patch32_LSTM256_Embed128,2,2000,adam,5.461258411407471,5.596520900726318,2448624384000.0
RNNLM_lm1b32k_Patch32_LSTM256_Embed128,2,2000,adafactor,6.5261430740356445,6.6247239112854,2040520320000.0
RNNLM_lm1b32k_Patch32_LSTM256_Embed128,2,2000,sgd,6.367560386657715,6.482032775878906,1632416256000.0
RNNLM_lm1b32k_Patch32_LSTM256_Embed128,3,0,celo,10.3858642578125,10.3858642578125,0.0
RNNLM_lm1b32k_Patch32_LSTM256_Embed128,3,0,celo_prune,10.3858642578125,10.3858642578125,0.0
RNNLM_lm1b32k_Patch32_LSTM256_Embed128,3,0,celo_q8,10.3858642578125,10.3858642578125,0.0
RNNLM_lm1b32k_Patch32_LSTM256_Embed128,3,0,adam,10.3858642578125,10.3858642578125,0.0
RNNLM_lm1b32k_Patch32_LSTM256_Embed128,3,0,adafactor,10.3858642578125,10.3858642578125,0.0
RNNLM_lm1b32k_Patch32_LSTM256_Embed128,3,0,sgd,10.3858642578125,10.3858642578125,0.0
RNNLM_lm1b32k_Patch32_LSTM256_Embed128,3,100,celo,5.576290130615234,5.494482040405273,40929091200.0
RNNLM_lm1b32k_Patch32_LSTM256_Embed128,3,100,celo_prune,5.706657409667969,5.633612155914307,40869748800.0
RNNLM_lm1b32k_Patch32_LSTM256_Embed128,3,100,celo_q8,5.575920581817627,5.487501621246338,40840077600.0
RNNLM_lm1b32k_Patch32_LSTM256_Embed128,3,100,adam,6.876685619354248,6.728810787200928,122431219200.0
RNNLM_lm1b32k_Patch32_LSTM256_Embed128,3,100,adafactor,10.317458152770996,10.315265655517578,102026016000.0
RNNLM_lm1b32k_Patch32_LSTM256_Embed128,3,100,sgd,8.944809913635254,8.888324737548828,81620812800.0
RNNLM_lm1b32k_Patch32_LSTM256_Embed128,3,200,celo,5.234609603881836,5.198096752166748,81858182400.0
RNNLM_lm1b32k_Patch32_LSTM256_Embed128,3,200,celo_prune,5.326834678649902,5.288950443267822,81739497600.0
RNNLM_lm1b32k_Patch32_LSTM256_Embed128,3,200,celo_q8,5.234288692474365,5.1952996253967285,81680155200.0
RNNLM_lm1b32k_Patch32_LSTM256_Embed128,3,200,adam,6.434586524963379,6.417652130126953,244862438400.0
RNNLM_lm1b32k_Patch32_LSTM256_Embed128,3,200,adafactor,10.187963485717773,10.182489395141602,204052032000.0
RNNLM_lm1b32k_Patch32_LSTM256_Embed128,3,200,sgd,7.720668315887451,7.774252414703369,163241625600.0
RNNLM_lm1b32k_Patch32_LSTM256_Embed128,3,300,celo,5.266222953796387,5.060247898101807,122787273600.0
RNNLM_lm1b32k_Patch32_LSTM256_Embed128,3,300,celo_prune,5.358666896820068,5.158144474029541,122609246400.0
RNNLM_lm1b32k_Patch32_LSTM256_Embed128,3,300,celo_q8,5.281710147857666,5.070512771606445,122520232800.0
RNNLM_lm1b32k_Patch32_LSTM256_Embed128,3,300,adam,6.35897970199585,6.290828227996826,367293657600.0
RNNLM_lm1b32k_Patch32_LSTM256_Embed128,3,300,adafactor,9.936466217041016,9.908257484436035,306078048000.0
RNNLM_lm1b32k_Patch32_LSTM256_Embed128,3,300,sgd,7.417056560516357,7.356539726257324,244862438400.0
RNNLM_lm1b32k_Patch32_LSTM256_Embed128,3,400,celo,4.9889726638793945,5.077239990234375,163716364800.0
RNNLM_lm1b32k_Patch32_LSTM256_Embed128,3,400,celo_prune,5.076448917388916,5.154017448425293,163478995200.0
RNNLM_lm1b32k_Patch32_LSTM256_Embed128,3,400,celo_q8,5.016363143920898,5.088789463043213,163360310400.0
RNNLM_lm1b32k_Patch32_LSTM256_Embed128,3,400,adam,6.133428573608398,6.242023944854736,489724876800.0
RNNLM_lm1b32k_Patch32_LSTM256_Embed128,3,400,adafactor,9.456371307373047,9.511116981506348,408104064000.0
RNNLM_lm1b32k_Patch32_LSTM256_Embed128,3,400,sgd,7.051782608032227,7.213233470916748,326483251200.0
RNNLM_lm1b32k_Patch32_LSTM256_Embed128,3,500,celo,4.9895782470703125,4.982293605804443,204645456000.0
RNNLM_lm1b32k_Patch32_LSTM256_Embed128,3,500,celo_prune,5.122910976409912,5.061373233795166,204348744000.0
RNNLM_lm1b32k_Patch32_LSTM256_Embed128,3,500,celo_q8,5.018571376800537,4.985591411590576,204200388000.0
RNNLM_lm1b32k_Patch32_LSTM256_Embed128,3,500,adam,6.157785415649414,6.082385063171387,612156096000.0
RNNLM_lm1b32k_Patch32_LSTM256_Embed128,3,500,adafactor,8.978803634643555,8.944855690002441,510130080000.0
RNNLM_lm1b32k_Patch32_LSTM256_Embed128,3,500,sgd,7.022634029388428,6.940713882446289,408104064000.0
RNNLM_lm1b32k_Patch32_LSTM256_Embed128,3,600,celo,5.008080005645752,4.97762393951416,245574547200.0
RNNLM_lm1b32k_Patch32_LSTM256_Embed128,3,600,celo_prune,5.168012619018555,5.157226085662842,245218492800.0
RNNLM_lm1b32k_Patch32_LSTM256_Embed128,3,600,celo_q8,5.014190196990967,4.989299297332764,245040465600.0
RNNLM_lm1b32k_Patch32_LSTM256_Embed128,3,600,adam,6.1236796379089355,6.0721116065979,734587315200.0
RNNLM_lm1b32k_Patch32_LSTM256_Embed128,3,600,adafactor,8.405685424804688,8.403693199157715,612156096000.0
RNNLM_lm1b32k_Patch32_LSTM256_Embed128,3,600,sgd,6.945703506469727,6.907115936279297,489724876800.0
RNNLM_lm1b32k_Patch32_LSTM256_Embed128,3,700,celo,4.955268859863281,5.0187201499938965,286503638400.0
RNNLM_lm1b32k_Patch32_LSTM256_Embed128,3,700,celo_prune,5.222642421722412,5.344842910766602,286088241600.0
RNNLM_lm1b32k_Patch32_LSTM256_Embed128,3,700,celo_q8,4.96975040435791,5.037675380706787,285880543200.0
RNNLM_lm1b32k_Patch32_LSTM256_Embed128,3,700,adam,6.059462070465088,6.151512145996094,857018534400.0
RNNLM_lm1b32k_Patch32_LSTM256_Embed128,3,700,adafactor,7.992036819458008,8.071504592895508,714182112000.0
RNNLM_lm1b32k_Patch32_LSTM256_Embed128,3,700,sgd,6.850576877593994,6.96476936340332,571345689600.0
RNNLM_lm1b32k_Patch32_LSTM256_Embed128,3,800,celo,4.9601359367370605,4.8913140296936035,327432729600.0
RNNLM_lm1b32k_Patch32_LSTM256_Embed128,3,800,celo_prune,5.148172378540039,5.122243404388428,326957990400.0
RNNLM_lm1b32k_Patch32_LSTM256_Embed128,3,800,celo_q8,4.953503131866455,4.913030624389648,326720620800.0
RNNLM_lm1b32k_Patch32_LSTM256_Embed128,3,800,adam,6.002427577972412,5.979576587677002,979449753600.0
RNNLM_lm1b32k_Patch32_LSTM256_Embed128,3,800,adafactor,7.668074607849121,7.604910850524902,816208128000.0
RNNLM_lm1b32k_Patch32_LSTM256_Embed128,3,800,sgd,6.778722763061523,6.769383907318115,652966502400.0
RNNLM_lm1b32k_Patch32_LSTM256_Embed128,3,900,celo,4.985252380371094,5.181983947753906,368361820800.0
RNNLM_lm1b32k_Patch32_LSTM256_Embed128,3,900,celo_prune,5.192688465118408,5.445361614227295,367827739200.0
RNNLM_lm1b32k_Patch32_LSTM256_Embed128,3,900,celo_q8,4.965567111968994,5.183090686798096,367560698400.0
RNNLM_lm1b32k_Patch32_LSTM256_Embed128,3,900,adam,5.864530563354492,6.056527137756348,1101880972800.0
RNNLM_lm1b32k_Patch32_LSTM256_Embed128,3,900,adafactor,7.352858543395996,7.475897312164307,918234144000.0
RNNLM_lm1b32k_Patch32_LSTM256_Embed128,3,900,sgd,6.655908107757568,6.828622341156006,734587315200.0
RNNLM_lm1b32k_Patch32_LSTM256_Embed128,3,1000,celo,4.966777324676514,5.043618679046631,409290912000.0
RNNLM_lm1b32k_Patch32_LSTM256_Embed128,3,1000,celo_prune,5.172962665557861,5.21843147277832,408697488000.0
RNNLM_lm1b32k_Patch32_LSTM256_Embed128,3,1000,celo_q8,4.886604309082031,4.946939468383789,408400776000.0
RNNLM_lm1b32k_Patch32_LSTM256_Embed128,3,1000,adam,5.926593780517578,5.942257404327393,1224312192000.0
RNNLM_lm1b32k_Patch32_LSTM256_Embed128,3,1000,adafactor,7.209970474243164,7.215351581573486,1020260160000.0
RNNLM_lm1b32k_Patch32_LSTM256_Embed128,3,1000,sgd,6.724841594696045,6.750295162200928,816208128000.0
RNNLM_lm1b32k_Patch32_LSTM256_Embed128,3,1100,celo,5.1239848136901855,5.174832344055176,450220003200.0
RNNLM_lm1b32k_Patch32_LSTM256_Embed128,3,1100,celo_prune,5.23836612701416,5.260883331298828,449567236800.0
RNNLM_lm1b32k_Patch32_LSTM256_Embed128,3,1100,celo_q8,4.953782081604004,5.030091762542725,449240853600.0
RNNLM_lm1b32k_Patch32_LSTM256_Embed128,3,1100,adam,5.968086242675781,5.944722652435303,1346743411200.0
RNNLM_lm1b32k_Patch32_LSTM256_Embed128,3,1100,adafactor,7.137236595153809,7.106486797332764,1122286176000.0
RNNLM_lm1b32k_Patch32_LSTM256_Embed128,3,1100,sgd,6.7577643394470215,6.7395524978637695,897828940800.0
RNNLM_lm1b32k_Patch32_LSTM256_Embed128,3,1200,celo,5.168029308319092,5.100038051605225,491149094400.0
RNNLM_lm1b32k_Patch32_LSTM256_Embed128,3,1200,celo_prune,5.1616740226745605,5.105582237243652,490436985600.0
RNNLM_lm1b32k_Patch32_LSTM256_Embed128,3,1200,celo_q8,4.8782572746276855,4.790674686431885,490080931200.0
RNNLM_lm1b32k_Patch32_LSTM256_Embed128,3,1200,adam,5.803554534912109,5.749717712402344,1469174630400.0
RNNLM_lm1b32k_Patch32_LSTM256_Embed128,3,1200,adafactor,6.952837944030762,6.887086391448975,1224312192000.0
RNNLM_lm1b32k_Patch32_LSTM256_Embed128,3,1200,sgd,6.594415664672852,6.535473823547363,979449753600.0
RNNLM_lm1b32k_Patch32_LSTM256_Embed128,3,1300,celo,5.070013523101807,5.136996746063232,532078185600.0
RNNLM_lm1b32k_Patch32_LSTM256_Embed128,3,1300,celo_prune,5.2877397537231445,5.336092472076416,531306734400.0
RNNLM_lm1b32k_Patch32_LSTM256_Embed128,3,1300,celo_q8,4.885110855102539,4.953853130340576,530921008800.0
RNNLM_lm1b32k_Patch32_LSTM256_Embed128,3,1300,adam,5.7976555824279785,5.843204975128174,1591605849600.0
RNNLM_lm1b32k_Patch32_LSTM256_Embed128,3,1300,adafactor,6.90902853012085,6.964816093444824,1326338208000.0
RNNLM_lm1b32k_Patch32_LSTM256_Embed128,3,1300,sgd,6.611443042755127,6.689849376678467,1061070566400.0
RNNLM_lm1b32k_Patch32_LSTM256_Embed128,3,1400,celo,5.069236755371094,5.135495185852051,573007276800.0
RNNLM_lm1b32k_Patch32_LSTM256_Embed128,3,1400,celo_prune,5.2744269371032715,5.348872661590576,572176483200.0
RNNLM_lm1b32k_Patch32_LSTM256_Embed128,3,1400,celo_q8,4.911486625671387,4.964887619018555,571761086400.0
RNNLM_lm1b32k_Patch32_LSTM256_Embed128,3,1400,adam,5.799205303192139,5.787452697753906,1714037068800.0
RNNLM_lm1b32k_Patch32_LSTM256_Embed128,3,1400,adafactor,6.866747856140137,6.851731300354004,1428364224000.0
RNNLM_lm1b32k_Patch32_LSTM256_Embed128,3,1400,sgd,6.646678924560547,6.61305046081543,1142691379200.0
RNNLM_lm1b32k_Patch32_LSTM256_Embed128,3,1500,celo,4.965237617492676,5.0986199378967285,613936368000.0
RNNLM_lm1b32k_Patch32_LSTM256_Embed128,3,1500,celo_prune,5.149621486663818,5.292341232299805,613046232000.0
RNNLM_lm1b32k_Patch32_LSTM256_Embed128,3,1500,celo_q8,4.86009407043457,5.0071702003479,612601164000.0
RNNLM_lm1b32k_Patch32_LSTM256_Embed128,3,1500,adam,5.706913948059082,5.787533760070801,1836468288000.0
RNNLM_lm1b32k_Patch32_LSTM256_Embed128,3,1500,adafactor,6.775794506072998,6.828532695770264,1530390240000.0
RNNLM_lm1b32k_Patch32_LSTM256_Embed128,3,1500,sgd,6.5320281982421875,6.593571662902832,1224312192000.0
RNNLM_lm1b32k_Patch32_LSTM256_Embed128,3,1600,celo,5.020223140716553,4.9569244384765625,654865459200.0
RNNLM_lm1b32k_Patch32_LSTM256_Embed128,3,1600,celo_prune,5.202534198760986,5.103699207305908,653915980800.0
RNNLM_lm1b32k_Patch32_LSTM256_Embed128,3,1600,celo_q8,4.9288434982299805,4.909186363220215,653441241600.0
RNNLM_lm1b32k_Patch32_LSTM256_Embed128,3,1600,adam,5.724234580993652,5.568460941314697,1958899507200.0
RNNLM_lm1b32k_Patch32_LSTM256_Embed128,3,1600,adafactor,6.805959701538086,6.630259037017822,1632416256000.0
RNNLM_lm1b32k_Patch32_LSTM256_Embed128,3,1600,sgd,6.609118461608887,6.401564598083496,1305933004800.0
RNNLM_lm1b32k_Patch32_LSTM256_Embed128,3,1700,celo,4.830945014953613,5.05326509475708,695794550400.0
RNNLM_lm1b32k_Patch32_LSTM256_Embed128,3,1700,celo_prune,5.020665645599365,5.247856616973877,694785729600.0
RNNLM_lm1b32k_Patch32_LSTM256_Embed128,3,1700,celo_q8,4.795318126678467,4.9588775634765625,694281319200.0
RNNLM_lm1b32k_Patch32_LSTM256_Embed128,3,1700,adam,5.547266006469727,5.754715442657471,2081330726400.0
RNNLM_lm1b32k_Patch32_LSTM256_Embed128,3,1700,adafactor,6.653331279754639,6.801174640655518,1734442272000.0
RNNLM_lm1b32k_Patch32_LSTM256_Embed128,3,1700,sgd,6.416113376617432,6.624875545501709,1387553817600.0
RNNLM_lm1b32k_Patch32_LSTM256_Embed128,3,1800,celo,4.907190322875977,4.850183486938477,736723641600.0
RNNLM_lm1b32k_Patch32_LSTM256_Embed128,3,1800,celo_prune,5.120965957641602,5.023820877075195,735655478400.0
RNNLM_lm1b32k_Patch32_LSTM256_Embed128,3,1800,celo_q8,4.832386016845703,4.762109279632568,735121396800.0
RNNLM_lm1b32k_Patch32_LSTM256_Embed128,3,1800,adam,5.637163162231445,5.58673095703125,2203761945600.0
RNNLM_lm1b32k_Patch32_LSTM256_Embed128,3,1800,adafactor,6.70875883102417,6.6492791175842285,1836468288000.0
RNNLM_lm1b32k_Patch32_LSTM256_Embed128,3,1800,sgd,6.507864952087402,6.465939521789551,1469174630400.0
RNNLM_lm1b32k_Patch32_LSTM256_Embed128,3,1900,celo,4.97690486907959,4.773977756500244,777652732800.0
RNNLM_lm1b32k_Patch32_LSTM256_Embed128,3,1900,celo_prune,5.153170585632324,4.95369291305542,776525227200.0
RNNLM_lm1b32k_Patch32_LSTM256_Embed128,3,1900,celo_q8,4.8921356201171875,4.682753086090088,775961474400.0
RNNLM_lm1b32k_Patch32_LSTM256_Embed128,3,1900,adam,5.646622657775879,5.520073890686035,2326193164800.0
RNNLM_lm1b32k_Patch32_LSTM256_Embed128,3,1900,adafactor,6.657347679138184,6.616246700286865,1938494304000.0
RNNLM_lm1b32k_Patch32_LSTM256_Embed128,3,1900,sgd,6.51475191116333,6.414167881011963,1550795443200.0
RNNLM_lm1b32k_Patch32_LSTM256_Embed128,3,2000,celo,4.924342155456543,4.908900737762451,818581824000.0
RNNLM_lm1b32k_Patch32_LSTM256_Embed128,3,2000,celo_prune,5.148794651031494,5.078371047973633,817394976000.0
RNNLM_lm1b32k_Patch32_LSTM256_Embed128,3,2000,celo_q8,4.838832855224609,4.814321994781494,816801552000.0
RNNLM_lm1b32k_Patch32_LSTM256_Embed128,3,2000,adam,5.599244117736816,5.601840496063232,2448624384000.0
RNNLM_lm1b32k_Patch32_LSTM256_Embed128,3,2000,adafactor,6.616673946380615,6.669284820556641,2040520320000.0
RNNLM_lm1b32k_Patch32_LSTM256_Embed128,3,2000,sgd,6.4706244468688965,6.50330924987793,1632416256000.0
RNNLM_lm1b32k_Patch32_LSTM256_Embed128,4,0,celo,10.387468338012695,10.387468338012695,0.0
RNNLM_lm1b32k_Patch32_LSTM256_Embed128,4,0,celo_prune,10.387468338012695,10.387468338012695,0.0
RNNLM_lm1b32k_Patch32_LSTM256_Embed128,4,0,celo_q8,10.387468338012695,10.387468338012695,0.0
RNNLM_lm1b32k_Patch32_LSTM256_Embed128,4,0,adam,10.387468338012695,10.387468338012695,0.0
RNNLM_lm1b32k_Patch32_LSTM256_Embed128,4,0,adafactor,10.387468338012695,10.387468338012695,0.0
RNNLM_lm1b32k_Patch32_LSTM256_Embed128,4,0,sgd,10.387468338012695,10.387468338012695,0.0
RNNLM_lm1b32k_Patch32_LSTM256_Embed128,4,100,celo,5.507410049438477,5.43684196472168,40929091200.0
RNNLM_lm1b32k_Patch32_LSTM256_Embed128,4,100,celo_prune,5.627664089202881,5.582770824432373,40869748800.0
RNNLM_lm1b32k_Patch32_LSTM256_Embed128,4,100,celo_q8,5.501901149749756,5.427862644195557,40840077600.0
RNNLM_lm1b32k_Patch32_LSTM256_Embed128,4,100,adam,6.723817825317383,6.762707233428955,122431219200.0
RNNLM_lm1b32k_Patch32_LSTM256_Embed128,4,100,adafactor,10.320528984069824,10.318859100341797,102026016000.0
RNNLM_lm1b32k_Patch32_LSTM256_Embed128,4,100,sgd,9.003165245056152,8.978418350219727,81620812800.0
RNNLM_lm1b32k_Patch32_LSTM256_Embed128,4,200,celo,5.206313610076904,5.231484889984131,81858182400.0
RNNLM_lm1b32k_Patch32_LSTM256_Embed128,4,200,celo_prune,5.308024883270264,5.329900741577148,81739497600.0
RNNLM_lm1b32k_Patch32_LSTM256_Embed128,4,200,celo_q8,5.231206893920898,5.248429298400879,81680155200.0
RNNLM_lm1b32k_Patch32_LSTM256_Embed128,4,200,adam,6.442062854766846,6.481564998626709,244862438400.0
RNNLM_lm1b32k_Patch32_LSTM256_Embed128,4,200,adafactor,10.190890312194824,10.188992500305176,204052032000.0
RNNLM_lm1b32k_Patch32_LSTM256_Embed128,4,200,sgd,7.763329982757568,7.765634059906006,163241625600.0
RNNLM_lm1b32k_Patch32_LSTM256_Embed128,4,300,celo,5.308834075927734,5.143583297729492,122787273600.0
RNNLM_lm1b32k_Patch32_LSTM256_Embed128,4,300,celo_prune,5.396392345428467,5.2544684410095215,122609246400.0
RNNLM_lm1b32k_Patch32_LSTM256_Embed128,4,300,celo_q8,5.327881336212158,5.152030944824219,122520232800.0
RNNLM_lm1b32k_Patch32_LSTM256_Embed128,4,300,adam,6.530707359313965,6.355142593383789,367293657600.0
RNNLM_lm1b32k_Patch32_LSTM256_Embed128,4,300,adafactor,9.959625244140625,9.919482231140137,306078048000.0
RNNLM_lm1b32k_Patch32_LSTM256_Embed128,4,300,sgd,7.601503372192383,7.412412643432617,244862438400.0
RNNLM_lm1b32k_Patch32_LSTM256_Embed128,4,400,celo,5.054269313812256,5.045071601867676,163716364800.0
RNNLM_lm1b32k_Patch32_LSTM256_Embed128,4,400,celo_prune,5.142388820648193,5.107794761657715,163478995200.0
RNNLM_lm1b32k_Patch32_LSTM256_Embed128,4,400,celo_q8,5.074209213256836,5.061540603637695,163360310400.0
RNNLM_lm1b32k_Patch32_LSTM256_Embed128,4,400,adam,6.263615608215332,6.1863203048706055,489724876800.0
RNNLM_lm1b32k_Patch32_LSTM256_Embed128,4,400,adafactor,9.479467391967773,9.43040943145752,408104064000.0
RNNLM_lm1b32k_Patch32_LSTM256_Embed128,4,400,sgd,7.224826335906982,7.109951496124268,326483251200.0
RNNLM_lm1b32k_Patch32_LSTM256_Embed128,4,500,celo,5.041313648223877,5.127397537231445,204645456000.0
RNNLM_lm1b32k_Patch32_LSTM256_Embed128,4,500,celo_prune,5.170037746429443,5.277424335479736,204348744000.0
RNNLM_lm1b32k_Patch32_LSTM256_Embed128,4,500,celo_q8,5.0588908195495605,5.148016929626465,204200388000.0
RNNLM_lm1b32k_Patch32_LSTM256_Embed128,4,500,adam,6.1912150382995605,6.285073757171631,612156096000.0
RNNLM_lm1b32k_Patch32_LSTM256_Embed128,4,500,adafactor,8.985711097717285,8.984127044677734,510130080000.0
RNNLM_lm1b32k_Patch32_LSTM256_Embed128,4,500,sgd,7.045582294464111,7.104671478271484,408104064000.0
RNNLM_lm1b32k_Patch32_LSTM256_Embed128,4,600,celo,4.987978458404541,5.15286111831665,245574547200.0
RNNLM_lm1b32k_Patch32_LSTM256_Embed128,4,600,celo_prune,5.113214015960693,5.310577869415283,245218492800.0
RNNLM_lm1b32k_Patch32_LSTM256_Embed128,4,600,celo_q8,5.065220355987549,5.189109802246094,245040465600.0
RNNLM_lm1b32k_Patch32_LSTM256_Embed128,4,600,adam,6.112308025360107,6.235246181488037,734587315200.0
RNNLM_lm1b32k_Patch32_LSTM256_Embed128,4,600,adafactor,8.427675247192383,8.473761558532715,612156096000.0
RNNLM_lm1b32k_Patch32_LSTM256_Embed128,4,600,sgd,6.9468302726745605,7.006278038024902,489724876800.0
RNNLM_lm1b32k_Patch32_LSTM256_Embed128,4,700,celo,5.004922389984131,4.932112693786621,286503638400.0
RNNLM_lm1b32k_Patch32_LSTM256_Embed128,4,700,celo_prune,5.229238033294678,5.183139324188232,286088241600.0
RNNLM_lm1b32k_Patch32_LSTM256_Embed128,4,700,celo_q8,5.0288615226745605,4.945221900939941,285880543200.0
RNNLM_lm1b32k_Patch32_LSTM256_Embed128,4,700,adam,6.1433515548706055,6.062698841094971,857018534400.0
RNNLM_lm1b32k_Patch32_LSTM256_Embed128,4,700,adafactor,8.050280570983887,8.025622367858887,714182112000.0
RNNLM_lm1b32k_Patch32_LSTM256_Embed128,4,700,sgd,6.917827606201172,6.844868183135986,571345689600.0
RNNLM_lm1b32k_Patch32_LSTM256_Embed128,4,800,celo,5.001323223114014,5.021456718444824,327432729600.0
RNNLM_lm1b32k_Patch32_LSTM256_Embed128,4,800,celo_prune,5.300992488861084,5.314965724945068,326957990400.0
RNNLM_lm1b32k_Patch32_LSTM256_Embed128,4,800,celo_q8,5.031720161437988,5.02702522277832,326720620800.0
RNNLM_lm1b32k_Patch32_LSTM256_Embed128,4,800,adam,6.014105319976807,6.011337757110596,979449753600.0
RNNLM_lm1b32k_Patch32_LSTM256_Embed128,4,800,adafactor,7.692632675170898,7.698838710784912,816208128000.0
RNNLM_lm1b32k_Patch32_LSTM256_Embed128,4,800,sgd,6.796246528625488,6.746771335601807,652966502400.0
RNNLM_lm1b32k_Patch32_LSTM256_Embed128,4,900,celo,5.167924404144287,4.919890403747559,368361820800.0
RNNLM_lm1b32k_Patch32_LSTM256_Embed128,4,900,celo_prune,5.429873943328857,5.12986946105957,367827739200.0
RNNLM_lm1b32k_Patch32_LSTM256_Embed128,4,900,celo_q8,5.121784687042236,4.86221170425415,367560698400.0
RNNLM_lm1b32k_Patch32_LSTM256_Embed128,4,900,adam,6.056006908416748,5.840817928314209,1101880972800.0
RNNLM_lm1b32k_Patch32_LSTM256_Embed128,4,900,adafactor,7.451868534088135,7.331180095672607,918234144000.0
RNNLM_lm1b32k_Patch32_LSTM256_Embed128,4,900,sgd,6.778572082519531,6.600649833679199,734587315200.0
RNNLM_lm1b32k_Patch32_LSTM256_Embed128,4,1000,celo,4.8691487312316895,4.9141845703125,409290912000.0
RNNLM_lm1b32k_Patch32_LSTM256_Embed128,4,1000,celo_prune,5.175238132476807,5.243392467498779,408697488000.0
RNNLM_lm1b32k_Patch32_LSTM256_Embed128,4,1000,celo_q8,4.838626384735107,4.864552974700928,408400776000.0
RNNLM_lm1b32k_Patch32_LSTM256_Embed128,4,1000,adam,5.868719100952148,5.897234916687012,1224312192000.0
RNNLM_lm1b32k_Patch32_LSTM256_Embed128,4,1000,adafactor,7.199573516845703,7.200865745544434,1020260160000.0
RNNLM_lm1b32k_Patch32_LSTM256_Embed128,4,1000,sgd,6.6508588790893555,6.676827907562256,816208128000.0
RNNLM_lm1b32k_Patch32_LSTM256_Embed128,4,1100,celo,5.025892734527588,4.934910297393799,450220003200.0
RNNLM_lm1b32k_Patch32_LSTM256_Embed128,4,1100,celo_prune,5.35977840423584,5.275450706481934,449567236800.0
RNNLM_lm1b32k_Patch32_LSTM256_Embed128,4,1100,celo_q8,5.028426647186279,4.908841133117676,449240853600.0
RNNLM_lm1b32k_Patch32_LSTM256_Embed128,4,1100,adam,5.971848964691162,5.934845447540283,1346743411200.0
RNNLM_lm1b32k_Patch32_LSTM256_Embed128,4,1100,adafactor,7.119822025299072,7.116572380065918,1122286176000.0
RNNLM_lm1b32k_Patch32_LSTM256_Embed128,4,1100,sgd,6.741814613342285,6.731904983520508,897828940800.0
RNNLM_lm1b32k_Patch32_LSTM256_Embed128,4,1200,celo,4.893229961395264,4.806754112243652,491149094400.0
RNNLM_lm1b32k_Patch32_LSTM256_Embed128,4,1200,celo_prune,5.231025218963623,5.18396520614624,490436985600.0
RNNLM_lm1b32k_Patch32_LSTM256_Embed128,4,1200,celo_q8,4.886975288391113,4.819998741149902,490080931200.0
RNNLM_lm1b32k_Patch32_LSTM256_Embed128,4,1200,adam,5.930136203765869,5.861453533172607,1469174630400.0
RNNLM_lm1b32k_Patch32_LSTM256_Embed128,4,1200,adafactor,7.0058207511901855,6.957833766937256,1224312192000.0
RNNLM_lm1b32k_Patch32_LSTM256_Embed128,4,1200,sgd,6.712850570678711,6.672409534454346,979449753600.0
RNNLM_lm1b32k_Patch32_LSTM256_Embed128,4,1300,celo,4.905300617218018,4.859580039978027,532078185600.0
RNNLM_lm1b32k_Patch32_LSTM256_Embed128,4,1300,celo_prune,5.297337532043457,5.253972053527832,531306734400.0
RNNLM_lm1b32k_Patch32_LSTM256_Embed128,4,1300,celo_q8,4.910813808441162,4.844731330871582,530921008800.0
RNNLM_lm1b32k_Patch32_LSTM256_Embed128,4,1300,adam,5.797816753387451,5.825313091278076,1591605849600.0
RNNLM_lm1b32k_Patch32_LSTM256_Embed128,4,1300,adafactor,6.851681232452393,6.861697196960449,1326338208000.0
RNNLM_lm1b32k_Patch32_LSTM256_Embed128,4,1300,sgd,6.563689708709717,6.636599063873291,1061070566400.0
RNNLM_lm1b32k_Patch32_LSTM256_Embed128,4,1400,celo,4.874076843261719,4.915441036224365,573007276800.0
RNNLM_lm1b32k_Patch32_LSTM256_Embed128,4,1400,celo_prune,5.262852191925049,5.300668716430664,572176483200.0
RNNLM_lm1b32k_Patch32_LSTM256_Embed128,4,1400,celo_q8,4.863114833831787,4.8716206550598145,571761086400.0
RNNLM_lm1b32k_Patch32_LSTM256_Embed128,4,1400,adam,5.7928972244262695,5.849710464477539,1714037068800.0
RNNLM_lm1b32k_Patch32_LSTM256_Embed128,4,1400,adafactor,6.826542377471924,6.847142219543457,1428364224000.0
RNNLM_lm1b32k_Patch32_LSTM256_Embed128,4,1400,sgd,6.61793851852417,6.623450756072998,1142691379200.0
RNNLM_lm1b32k_Patch32_LSTM256_Embed128,4,1500,celo,4.95043420791626,4.862227916717529,613936368000.0
RNNLM_lm1b32k_Patch32_LSTM256_Embed128,4,1500,celo_prune,5.371612071990967,5.259300708770752,613046232000.0
RNNLM_lm1b32k_Patch32_LSTM256_Embed128,4,1500,celo_q8,4.937506675720215,4.86667537689209,612601164000.0
RNNLM_lm1b32k_Patch32_LSTM256_Embed128,4,1500,adam,5.790064334869385,5.787288188934326,1836468288000.0
RNNLM_lm1b32k_Patch32_LSTM256_Embed128,4,1500,adafactor,6.759316444396973,6.761965274810791,1530390240000.0
RNNLM_lm1b32k_Patch32_LSTM256_Embed128,4,1500,sgd,6.555421352386475,6.6114983558654785,1224312192000.0
RNNLM_lm1b32k_Patch32_LSTM256_Embed128,4,1600,celo,4.755499362945557,4.932781219482422,654865459200.0
RNNLM_lm1b32k_Patch32_LSTM256_Embed128,4,1600,celo_prune,5.045598983764648,5.198549747467041,653915980800.0
RNNLM_lm1b32k_Patch32_LSTM256_Embed128,4,1600,celo_q8,4.7286481857299805,4.907190799713135,653441241600.0
RNNLM_lm1b32k_Patch32_LSTM256_Embed128,4,1600,adam,5.584001064300537,5.715317726135254,1958899507200.0
RNNLM_lm1b32k_Patch32_LSTM256_Embed128,4,1600,adafactor,6.646655559539795,6.70186185836792,1632416256000.0
RNNLM_lm1b32k_Patch32_LSTM256_Embed128,4,1600,sgd,6.434087753295898,6.530102252960205,1305933004800.0
RNNLM_lm1b32k_Patch32_LSTM256_Embed128,4,1700,celo,5.013014316558838,4.800434589385986,695794550400.0
RNNLM_lm1b32k_Patch32_LSTM256_Embed128,4,1700,celo_prune,5.3545308113098145,5.0843329429626465,694785729600.0
RNNLM_lm1b32k_Patch32_LSTM256_Embed128,4,1700,celo_q8,5.03110408782959,4.784386157989502,694281319200.0
RNNLM_lm1b32k_Patch32_LSTM256_Embed128,4,1700,adam,5.833183765411377,5.5940842628479,2081330726400.0
RNNLM_lm1b32k_Patch32_LSTM256_Embed128,4,1700,adafactor,6.777377128601074,6.596154689788818,1734442272000.0
RNNLM_lm1b32k_Patch32_LSTM256_Embed128,4,1700,sgd,6.644305229187012,6.404536724090576,1387553817600.0
RNNLM_lm1b32k_Patch32_LSTM256_Embed128,4,1800,celo,4.870456695556641,4.721264362335205,736723641600.0
RNNLM_lm1b32k_Patch32_LSTM256_Embed128,4,1800,celo_prune,5.250041484832764,5.066839694976807,735655478400.0
RNNLM_lm1b32k_Patch32_LSTM256_Embed128,4,1800,celo_q8,4.885324001312256,4.756794452667236,735121396800.0
RNNLM_lm1b32k_Patch32_LSTM256_Embed128,4,1800,adam,5.668233871459961,5.565549373626709,2203761945600.0
RNNLM_lm1b32k_Patch32_LSTM256_Embed128,4,1800,adafactor,6.649457931518555,6.586592674255371,1836468288000.0
RNNLM_lm1b32k_Patch32_LSTM256_Embed128,4,1800,sgd,6.4895853996276855,6.439993381500244,1469174630400.0
RNNLM_lm1b32k_Patch32_LSTM256_Embed128,4,1900,celo,4.814638137817383,4.6723103523254395,777652732800.0
RNNLM_lm1b32k_Patch32_LSTM256_Embed128,4,1900,celo_prune,5.155603885650635,5.026595592498779,776525227200.0
RNNLM_lm1b32k_Patch32_LSTM256_Embed128,4,1900,celo_q8,4.817688941955566,4.682895183563232,775961474400.0
RNNLM_lm1b32k_Patch32_LSTM256_Embed128,4,1900,adam,5.6850905418396,5.523008346557617,2326193164800.0
RNNLM_lm1b32k_Patch32_LSTM256_Embed128,4,1900,adafactor,6.648499965667725,6.536067485809326,1938494304000.0
RNNLM_lm1b32k_Patch32_LSTM256_Embed128,4,1900,sgd,6.53191614151001,6.362305164337158,1550795443200.0
RNNLM_lm1b32k_Patch32_LSTM256_Embed128,4,2000,celo,4.6907148361206055,4.723366737365723,818581824000.0
RNNLM_lm1b32k_Patch32_LSTM256_Embed128,4,2000,celo_prune,5.052247047424316,5.0672712326049805,817394976000.0
RNNLM_lm1b32k_Patch32_LSTM256_Embed128,4,2000,celo_q8,4.6710286140441895,4.676370143890381,816801552000.0
RNNLM_lm1b32k_Patch32_LSTM256_Embed128,4,2000,adam,5.516205310821533,5.498739242553711,2448624384000.0
RNNLM_lm1b32k_Patch32_LSTM256_Embed128,4,2000,adafactor,6.518571853637695,6.493738651275635,2040520320000.0
RNNLM_lm1b32k_Patch32_LSTM256_Embed128,4,2000,sgd,6.365468502044678,6.363032817840576,1632416256000.0
RNNLM_wikipediaen32k_Patch32_LSTM256_Embed128,0,0,celo,10.384748458862305,10.384748458862305,0.0
RNNLM_wikipediaen32k_Patch32_LSTM256_Embed128,0,0,celo_prune,10.384748458862305,10.384748458862305,0.0
RNNLM_wikipediaen32k_Patch32_LSTM256_Embed128,0,0,celo_q8,10.384748458862305,10.384748458862305,0.0
RNNLM_wikipediaen32k_Patch32_LSTM256_Embed128,0,0,adam,10.384748458862305,10.384748458862305,0.0
RNNLM_wikipediaen32k_Patch32_LSTM256_Embed128,0,0,adafactor,10.384748458862305,10.384748458862305,0.0
RNNLM_wikipediaen32k_Patch32_LSTM256_Embed128,0,0,sgd,10.384748458862305,10.384748458862305,0.0
RNNLM_wikipediaen32k_Patch32_LSTM256_Embed128,0,100,celo,4.896783828735352,5.189511299133301,40929091200.0
RNNLM_wikipediaen32k_Patch32_LSTM256_Embed128,0,100,celo_prune,5.2032856941223145,5.447874546051025,40869748800.0
RNNLM_wikipediaen32k_Patch32_LSTM256_Embed128,0,100,celo_q8,4.894845962524414,5.1930131912231445,40840077600.0
RNNLM_wikipediaen32k_Patch32_LSTM256_Embed128,0,100,adam,6.998709201812744,7.060074329376221,122431219200.0
RNNLM_wikipediaen32k_Patch32_LSTM256_Embed128,0,100,adafactor,10.330483436584473,10.332132339477539,102026016000.0
RNNLM_wikipediaen32k_Patch32_LSTM256_Embed128,0,100,sgd,10.07351303100586,10.068595886230469,81620812800.0
RNNLM_wikipediaen32k_Patch32_LSTM256_Embed128,0,200,celo,4.670867443084717,4.598421573638916,81858182400.0
RNNLM_wikipediaen32k_Patch32_LSTM256_Embed128,0,200,celo_prune,4.8417067527771,4.795359134674072,81739497600.0
RNNLM_wikipediaen32k_Patch32_LSTM256_Embed128,0,200,celo_q8,4.661448001861572,4.600442409515381,81680155200.0
RNNLM_wikipediaen32k_Patch32_LSTM256_Embed128,0,200,adam,6.791619300842285,6.827162742614746,244862438400.0
RNNLM_wikipediaen32k_Patch32_LSTM256_Embed128,0,200,adafactor,10.248958587646484,10.25115966796875,204052032000.0
RNNLM_wikipediaen32k_Patch32_LSTM256_Embed128,0,200,sgd,8.482172012329102,8.52237319946289,163241625600.0
RNNLM_wikipediaen32k_Patch32_LSTM256_Embed128,0,300,celo,4.528542995452881,4.555201530456543,122787273600.0
RNNLM_wikipediaen32k_Patch32_LSTM256_Embed128,0,300,celo_prune,4.690932273864746,4.679427623748779,122609246400.0
RNNLM_wikipediaen32k_Patch32_LSTM256_Embed128,0,300,celo_q8,4.524515628814697,4.560375690460205,122520232800.0
RNNLM_wikipediaen32k_Patch32_LSTM256_Embed128,0,300,adam,6.684714317321777,6.604062080383301,367293657600.0
RNNLM_wikipediaen32k_Patch32_LSTM256_Embed128,0,300,adafactor,10.059511184692383,10.049755096435547,306078048000.0
RNNLM_wikipediaen32k_Patch32_LSTM256_Embed128,0,300,sgd,7.9918904304504395,7.90248441696167,244862438400.0
RNNLM_wikipediaen32k_Patch32_LSTM256_Embed128,0,400,celo,4.299209117889404,4.456165313720703,163716364800.0
RNNLM_wikipediaen32k_Patch32_LSTM256_Embed128,0,400,celo_prune,4.424563407897949,4.603523254394531,163478995200.0
RNNLM_wikipediaen32k_Patch32_LSTM256_Embed128,0,400,celo_q8,4.273597240447998,4.464713096618652,163360310400.0
RNNLM_wikipediaen32k_Patch32_LSTM256_Embed128,0,400,adam,6.3636860847473145,6.350073337554932,489724876800.0
RNNLM_wikipediaen32k_Patch32_LSTM256_Embed128,0,400,adafactor,9.699576377868652,9.679830551147461,408104064000.0
RNNLM_wikipediaen32k_Patch32_LSTM256_Embed128,0,400,sgd,7.651327133178711,7.591639995574951,326483251200.0
RNNLM_wikipediaen32k_Patch32_LSTM256_Embed128,0,500,celo,4.238526344299316,4.606793403625488,204645456000.0
RNNLM_wikipediaen32k_Patch32_LSTM256_Embed128,0,500,celo_prune,4.4642510414123535,4.815444469451904,204348744000.0
RNNLM_wikipediaen32k_Patch32_LSTM256_Embed128,0,500,celo_q8,4.285717010498047,4.642387866973877,204200388000.0
RNNLM_wikipediaen32k_Patch32_LSTM256_Embed128,0,500,adam,6.307241439819336,6.463395595550537,612156096000.0
RNNLM_wikipediaen32k_Patch32_LSTM256_Embed128,0,500,adafactor,9.268980979919434,9.254844665527344,510130080000.0
RNNLM_wikipediaen32k_Patch32_LSTM256_Embed128,0,500,sgd,7.526790142059326,7.5267181396484375,408104064000.0
RNNLM_wikipediaen32k_Patch32_LSTM256_Embed128,0,600,celo,4.336291790008545,4.466952323913574,245574547200.0
RNNLM_wikipediaen32k_Patch32_LSTM256_Embed128,0,600,celo_prune,4.556881427764893,4.697853088378906,245218492800.0
RNNLM_wikipediaen32k_Patch32_LSTM256_Embed128,0,600,celo_q8,4.3530497550964355,4.4741058349609375,245040465600.0
RNNLM_wikipediaen32k_Patch32_LSTM256_Embed128,0,600,adam,6.192291736602783,6.269492149353027,734587315200.0
RNNLM_wikipediaen32k_Patch32_LSTM256_Embed128,0,600,adafactor,8.766792297363281,8.775097846984863,612156096000.0
RNNLM_wikipediaen32k_Patch32_LSTM256_Embed128,0,600,sgd,7.348570823669434,7.445559501647949,489724876800.0
RNNLM_wikipediaen32k_Patch32_LSTM256_Embed128,0,700,celo,4.546974182128906,4.546360492706299,286503638400.0
RNNLM_wikipediaen32k_Patch32_LSTM256_Embed128,0,700,celo_prune,4.9386186599731445,4.9094038009643555,286088241600.0
RNNLM_wikipediaen32k_Patch32_LSTM256_Embed128,0,700,celo_q8,4.530459403991699,4.517430305480957,285880543200.0
RNNLM_wikipediaen32k_Patch32_LSTM256_Embed128,0,700,adam,6.257054805755615,6.181172847747803,857018534400.0
RNNLM_wikipediaen32k_Patch32_LSTM256_Embed128,0,700,adafactor,8.33933162689209,8.3344144821167,714182112000.0
RNNLM_wikipediaen32k_Patch32_LSTM256_Embed128,0,700,sgd,7.39504861831665,7.362467288970947,571345689600.0
RNNLM_wikipediaen32k_Patch32_LSTM256_Embed128,0,800,celo,4.285827159881592,4.231925010681152,327432729600.0
RNNLM_wikipediaen32k_Patch32_LSTM256_Embed128,0,800,celo_prune,4.56497859954834,4.555614471435547,326957990400.0
RNNLM_wikipediaen32k_Patch32_LSTM256_Embed128,0,800,celo_q8,4.260895252227783,4.203130722045898,326720620800.0
RNNLM_wikipediaen32k_Patch32_LSTM256_Embed128,0,800,adam,5.980815887451172,5.992541790008545,979449753600.0
RNNLM_wikipediaen32k_Patch32_LSTM256_Embed128,0,800,adafactor,7.895557403564453,7.9238176345825195,816208128000.0
RNNLM_wikipediaen32k_Patch32_LSTM256_Embed128,0,800,sgd,7.165862083435059,7.226157188415527,652966502400.0
RNNLM_wikipediaen32k_Patch32_LSTM256_Embed128,0,900,celo,4.504049301147461,4.394125938415527,368361820800.0
RNNLM_wikipediaen32k_Patch32_LSTM256_Embed128,0,900,celo_prune,4.765359878540039,4.709437370300293,367827739200.0
RNNLM_wikipediaen32k_Patch32_LSTM256_Embed128,0,900,celo_q8,4.480362415313721,4.386127471923828,367560698400.0
RNNLM_wikipediaen32k_Patch32_LSTM256_Embed128,0,900,adam,6.027439117431641,6.021214008331299,1101880972800.0
RNNLM_wikipediaen32k_Patch32_LSTM256_Embed128,0,900,adafactor,7.68947172164917,7.651645660400391,918234144000.0
RNNLM_wikipediaen32k_Patch32_LSTM256_Embed128,0,900,sgd,7.217020511627197,7.172146320343018,734587315200.0
RNNLM_wikipediaen32k_Patch32_LSTM256_Embed128,0,1000,celo,4.39504337310791,4.309202194213867,409290912000.0
RNNLM_wikipediaen32k_Patch32_LSTM256_Embed128,0,1000,celo_prune,4.685690402984619,4.56808614730835,408697488000.0
RNNLM_wikipediaen32k_Patch32_LSTM256_Embed128,0,1000,celo_q8,4.375068187713623,4.288754940032959,408400776000.0
RNNLM_wikipediaen32k_Patch32_LSTM256_Embed128,0,1000,adam,5.900020599365234,5.734817981719971,1224312192000.0
RNNLM_wikipediaen32k_Patch32_LSTM256_Embed128,0,1000,adafactor,7.454013347625732,7.373257637023926,1020260160000.0
RNNLM_wikipediaen32k_Patch32_LSTM256_Embed128,0,1000,sgd,7.08414363861084,6.950082302093506,816208128000.0
RNNLM_wikipediaen32k_Patch32_LSTM256_Embed128,0,1100,celo,4.420639991760254,4.641672134399414,450220003200.0
RNNLM_wikipediaen32k_Patch32_LSTM256_Embed128,0,1100,celo_prune,4.667486667633057,4.9154133796691895,449567236800.0
RNNLM_wikipediaen32k_Patch32_LSTM256_Embed128,0,1100,celo_q8,4.396694183349609,4.637309551239014,449240853600.0
RNNLM_wikipediaen32k_Patch32_LSTM256_Embed128,0,1100,adam,5.75364875793457,5.9458489418029785,1346743411200.0
RNNLM_wikipediaen32k_Patch32_LSTM256_Embed128,0,1100,adafactor,7.285038471221924,7.39486837387085,1122286176000.0
RNNLM_wikipediaen32k_Patch32_LSTM256_Embed128,0,1100,sgd,6.960070610046387,7.11951208114624,897828940800.0
RNNLM_wikipediaen32k_Patch32_LSTM256_Embed128,0,1200,celo,4.605772495269775,4.480341911315918,491149094400.0
RNNLM_wikipediaen32k_Patch32_LSTM256_Embed128,0,1200,celo_prune,4.857519626617432,4.751962661743164,490436985600.0
RNNLM_wikipediaen32k_Patch32_LSTM256_Embed128,0,1200,celo_q8,4.611546039581299,4.476860523223877,490080931200.0
RNNLM_wikipediaen32k_Patch32_LSTM256_Embed128,0,1200,adam,5.791905403137207,5.668402194976807,1469174630400.0
RNNLM_wikipediaen32k_Patch32_LSTM256_Embed128,0,1200,adafactor,7.296629905700684,7.200397968292236,1224312192000.0
RNNLM_wikipediaen32k_Patch32_LSTM256_Embed128,0,1200,sgd,7.002408504486084,6.923968315124512,979449753600.0
RNNLM_wikipediaen32k_Patch32_LSTM256_Embed128,0,1300,celo,4.520638465881348,4.534969329833984,532078185600.0
RNNLM_wikipediaen32k_Patch32_LSTM256_Embed128,0,1300,celo_prune,4.734478950500488,4.743703365325928,531306734400.0
RNNLM_wikipediaen32k_Patch32_LSTM256_Embed128,0,1300,celo_q8,4.51518440246582,4.533603668212891,530921008800.0
RNNLM_wikipediaen32k_Patch32_LSTM256_Embed128,0,1300,adam,5.6563920974731445,5.716561317443848,1591605849600.0
RNNLM_wikipediaen32k_Patch32_LSTM256_Embed128,0,1300,adafactor,7.134455680847168,7.162529945373535,1326338208000.0
RNNLM_wikipediaen32k_Patch32_LSTM256_Embed128,0,1300,sgd,6.885202407836914,6.897574424743652,1061070566400.0
RNNLM_wikipediaen32k_Patch32_LSTM256_Embed128,0,1400,celo,4.423814296722412,4.35939359664917,573007276800.0
RNNLM_wikipediaen32k_Patch32_LSTM256_Embed128,0,1400,celo_prune,4.681134223937988,4.6398186683654785,572176483200.0
RNNLM_wikipediaen32k_Patch32_LSTM256_Embed128,0,1400,celo_q8,4.452164649963379,4.360805988311768,571761086400.0
RNNLM_wikipediaen32k_Patch32_LSTM256_Embed128,0,1400,adam,5.520181179046631,5.524166584014893,1714037068800.0
RNNLM_wikipediaen32k_Patch32_LSTM256_Embed128,0,1400,adafactor,7.076727867126465,7.087510585784912,1428364224000.0
RNNLM_wikipediaen32k_Patch32_LSTM256_Embed128,0,1400,sgd,6.768308639526367,6.80190896987915,1142691379200.0
RNNLM_wikipediaen32k_Patch32_LSTM256_Embed128,0,1500,celo,4.423898696899414,4.340945243835449,613936368000.0
RNNLM_wikipediaen32k_Patch32_LSTM256_Embed128,0,1500,celo_prune,4.702855110168457,4.596028804779053,613046232000.0
RNNLM_wikipediaen32k_Patch32_LSTM256_Embed128,0,1500,celo_q8,4.4088311195373535,4.293801307678223,612601164000.0
RNNLM_wikipediaen32k_Patch32_LSTM256_Embed128,0,1500,adam,5.476796627044678,5.476358890533447,1836468288000.0
RNNLM_wikipediaen32k_Patch32_LSTM256_Embed128,0,1500,adafactor,7.071371555328369,7.059370517730713,1530390240000.0
RNNLM_wikipediaen32k_Patch32_LSTM256_Embed128,0,1500,sgd,6.787968635559082,6.761955261230469,1224312192000.0
RNNLM_wikipediaen32k_Patch32_LSTM256_Embed128,0,1600,celo,4.256124973297119,4.3707380294799805,654865459200.0
RNNLM_wikipediaen32k_Patch32_LSTM256_Embed128,0,1600,celo_prune,4.581515312194824,4.655634880065918,653915980800.0
RNNLM_wikipediaen32k_Patch32_LSTM256_Embed128,0,1600,celo_q8,4.272867202758789,4.375517845153809,653441241600.0
RNNLM_wikipediaen32k_Patch32_LSTM256_Embed128,0,1600,adam,5.421764850616455,5.450583457946777,1958899507200.0
RNNLM_wikipediaen32k_Patch32_LSTM256_Embed128,0,1600,adafactor,6.952683925628662,7.030114650726318,1632416256000.0
RNNLM_wikipediaen32k_Patch32_LSTM256_Embed128,0,1600,sgd,6.664427757263184,6.750699520111084,1305933004800.0
RNNLM_wikipediaen32k_Patch32_LSTM256_Embed128,0,1700,celo,4.167044639587402,4.499886512756348,695794550400.0
RNNLM_wikipediaen32k_Patch32_LSTM256_Embed128,0,1700,celo_prune,4.522215366363525,4.861910820007324,694785729600.0
RNNLM_wikipediaen32k_Patch32_LSTM256_Embed128,0,1700,celo_q8,4.150160789489746,4.512803554534912,694281319200.0
RNNLM_wikipediaen32k_Patch32_LSTM256_Embed128,0,1700,adam,5.408878803253174,5.5763163566589355,2081330726400.0
RNNLM_wikipediaen32k_Patch32_LSTM256_Embed128,0,1700,adafactor,6.9634928703308105,7.006346225738525,1734442272000.0
RNNLM_wikipediaen32k_Patch32_LSTM256_Embed128,0,1700,sgd,6.668828010559082,6.74770975112915,1387553817600.0
RNNLM_wikipediaen32k_Patch32_LSTM256_Embed128,0,1800,celo,4.1007561683654785,4.050446033477783,736723641600.0
RNNLM_wikipediaen32k_Patch32_LSTM256_Embed128,0,1800,celo_prune,4.516087532043457,4.470897674560547,735655478400.0
RNNLM_wikipediaen32k_Patch32_LSTM256_Embed128,0,1800,celo_q8,4.0960588455200195,4.0499114990234375,735121396800.0
RNNLM_wikipediaen32k_Patch32_LSTM256_Embed128,0,1800,adam,5.336917877197266,5.245832443237305,2203761945600.0
RNNLM_wikipediaen32k_Patch32_LSTM256_Embed128,0,1800,adafactor,6.933680534362793,6.920439720153809,1836468288000.0
RNNLM_wikipediaen32k_Patch32_LSTM256_Embed128,0,1800,sgd,6.620131492614746,6.581184387207031,1469174630400.0
RNNLM_wikipediaen32k_Patch32_LSTM256_Embed128,0,1900,celo,4.2005157470703125,4.279261589050293,777652732800.0
RNNLM_wikipediaen32k_Patch32_LSTM256_Embed128,0,1900,celo_prune,4.668978691101074,4.69379997253418,776525227200.0
RNNLM_wikipediaen32k_Patch32_LSTM256_Embed128,0,1900,celo_q8,4.179755210876465,4.270992755889893,775961474400.0
RNNLM_wikipediaen32k_Patch32_LSTM256_Embed128,0,1900,adam,5.338428497314453,5.368807792663574,2326193164800.0
RNNLM_wikipediaen32k_Patch32_LSTM256_Embed128,0,1900,adafactor,6.9370622634887695,6.979169845581055,1938494304000.0
RNNLM_wikipediaen32k_Patch32_LSTM256_Embed128,0,1900,sgd,6.629718780517578,6.672544956207275,1550795443200.0
RNNLM_wikipediaen32k_Patch32_LSTM256_Embed128,0,2000,celo,4.282741069793701,4.109399795532227,818581824000.0
RNNLM_wikipediaen32k_Patch32_LSTM256_Embed128,0,2000,celo_prune,4.648736953735352,4.454619407653809,817394976000.0
RNNLM_wikipediaen32k_Patch32_LSTM256_Embed128,0,2000,celo_q8,4.255918979644775,4.093688011169434,816801552000.0
RNNLM_wikipediaen32k_Patch32_LSTM256_Embed128,0,2000,adam,5.356584548950195,5.261338233947754,2448624384000.0
RNNLM_wikipediaen32k_Patch32_LSTM256_Embed128,0,2000,adafactor,6.944801330566406,6.908909320831299,2040520320000.0
RNNLM_wikipediaen32k_Patch32_LSTM256_Embed128,0,2000,sgd,6.647845268249512,6.593362808227539,1632416256000.0
RNNLM_wikipediaen32k_Patch32_LSTM256_Embed128,1,0,celo,10.390595436096191,10.390595436096191,0.0
RNNLM_wikipediaen32k_Patch32_LSTM256_Embed128,1,0,celo_prune,10.390595436096191,10.390595436096191,0.0
RNNLM_wikipediaen32k_Patch32_LSTM256_Embed128,1,0,celo_q8,10.390595436096191,10.390595436096191,0.0
RNNLM_wikipediaen32k_Patch32_LSTM256_Embed128,1,0,adam,10.390595436096191,10.390595436096191,0.0
RNNLM_wikipediaen32k_Patch32_LSTM256_Embed128,1,0,adafactor,10.390595436096191,10.390595436096191,0.0
RNNLM_wikipediaen32k_Patch32_LSTM256_Embed128,1,0,sgd,10.390595436096191,10.390595436096191,0.0
RNNLM_wikipediaen32k_Patch32_LSTM256_Embed128,1,100,celo,5.127943515777588,5.1357011795043945,40929091200.0
RNNLM_wikipediaen32k_Patch32_LSTM256_Embed128,1,100,celo_prune,5.418166160583496,5.440180778503418,40869748800.0
RNNLM_wikipediaen32k_Patch32_LSTM256_Embed128,1,100,celo_q8,5.128698825836182,5.115632057189941,40840077600.0
RNNLM_wikipediaen32k_Patch32_LSTM256_Embed128,1,100,adam,7.120981693267822,7.105931758880615,122431219200.0
RNNLM_wikipediaen32k_Patch32_LSTM256_Embed128,1,100,adafactor,10.330780982971191,10.332727432250977,102026016000.0
RNNLM_wikipediaen32k_Patch32_LSTM256_Embed128,1,100,sgd,9.996136665344238,9.994994163513184,81620812800.0
RNNLM_wikipediaen32k_Patch32_LSTM256_Embed128,1,200,celo,4.82513427734375,4.716821670532227,81858182400.0
RNNLM_wikipediaen32k_Patch32_LSTM256_Embed128,1,200,celo_prune,5.0133233070373535,4.873928546905518,81739497600.0
RNNLM_wikipediaen32k_Patch32_LSTM256_Embed128,1,200,celo_q8,4.832467555999756,4.708105564117432,81680155200.0
RNNLM_wikipediaen32k_Patch32_LSTM256_Embed128,1,200,adam,6.857431411743164,6.7475199699401855,244862438400.0
RNNLM_wikipediaen32k_Patch32_LSTM256_Embed128,1,200,adafactor,10.23383903503418,10.223072052001953,204052032000.0
RNNLM_wikipediaen32k_Patch32_LSTM256_Embed128,1,200,sgd,8.397988319396973,8.338316917419434,163241625600.0
RNNLM_wikipediaen32k_Patch32_LSTM256_Embed128,1,300,celo,4.643688678741455,4.417816638946533,122787273600.0
RNNLM_wikipediaen32k_Patch32_LSTM256_Embed128,1,300,celo_prune,4.790716171264648,4.598840236663818,122609246400.0
RNNLM_wikipediaen32k_Patch32_LSTM256_Embed128,1,300,celo_q8,4.606427192687988,4.422828674316406,122520232800.0
RNNLM_wikipediaen32k_Patch32_LSTM256_Embed128,1,300,adam,6.640547752380371,6.489345550537109,367293657600.0
RNNLM_wikipediaen32k_Patch32_LSTM256_Embed128,1,300,adafactor,9.98815631866455,9.981938362121582,306078048000.0
RNNLM_wikipediaen32k_Patch32_LSTM256_Embed128,1,300,sgd,7.878554344177246,7.813409328460693,244862438400.0
RNNLM_wikipediaen32k_Patch32_LSTM256_Embed128,1,400,celo,4.381760597229004,4.445224761962891,163716364800.0
RNNLM_wikipediaen32k_Patch32_LSTM256_Embed128,1,400,celo_prune,4.5568437576293945,4.608039855957031,163478995200.0
RNNLM_wikipediaen32k_Patch32_LSTM256_Embed128,1,400,celo_q8,4.375101089477539,4.416631698608398,163360310400.0
RNNLM_wikipediaen32k_Patch32_LSTM256_Embed128,1,400,adam,6.403026580810547,6.375874996185303,489724876800.0
RNNLM_wikipediaen32k_Patch32_LSTM256_Embed128,1,400,adafactor,9.548083305358887,9.533928871154785,408104064000.0
RNNLM_wikipediaen32k_Patch32_LSTM256_Embed128,1,400,sgd,7.634818077087402,7.575865268707275,326483251200.0
RNNLM_wikipediaen32k_Patch32_LSTM256_Embed128,1,500,celo,4.545151233673096,4.245395660400391,204645456000.0
RNNLM_wikipediaen32k_Patch32_LSTM256_Embed128,1,500,celo_prune,4.722229480743408,4.452254772186279,204348744000.0
RNNLM_wikipediaen32k_Patch32_LSTM256_Embed128,1,500,celo_q8,4.543105602264404,4.235321521759033,204200388000.0
RNNLM_wikipediaen32k_Patch32_LSTM256_Embed128,1,500,adam,6.421700477600098,6.24649715423584,612156096000.0
RNNLM_wikipediaen32k_Patch32_LSTM256_Embed128,1,500,adafactor,9.070792198181152,9.022768020629883,510130080000.0
RNNLM_wikipediaen32k_Patch32_LSTM256_Embed128,1,500,sgd,7.556684494018555,7.469646453857422,408104064000.0
RNNLM_wikipediaen32k_Patch32_LSTM256_Embed128,1,600,celo,4.2800188064575195,4.203582286834717,245574547200.0
RNNLM_wikipediaen32k_Patch32_LSTM256_Embed128,1,600,celo_prune,4.566827774047852,4.516676902770996,245218492800.0
RNNLM_wikipediaen32k_Patch32_LSTM256_Embed128,1,600,celo_q8,4.253320217132568,4.193000793457031,245040465600.0
RNNLM_wikipediaen32k_Patch32_LSTM256_Embed128,1,600,adam,6.190646171569824,6.135167121887207,734587315200.0
RNNLM_wikipediaen32k_Patch32_LSTM256_Embed128,1,600,adafactor,8.525108337402344,8.496468544006348,612156096000.0
RNNLM_wikipediaen32k_Patch32_LSTM256_Embed128,1,600,sgd,7.357693672180176,7.326190948486328,489724876800.0
RNNLM_wikipediaen32k_Patch32_LSTM256_Embed128,1,700,celo,4.412497043609619,4.440908432006836,286503638400.0
RNNLM_wikipediaen32k_Patch32_LSTM256_Embed128,1,700,celo_prune,4.754372596740723,4.833651542663574,286088241600.0
RNNLM_wikipediaen32k_Patch32_LSTM256_Embed128,1,700,celo_q8,4.386602401733398,4.434579372406006,285880543200.0
RNNLM_wikipediaen32k_Patch32_LSTM256_Embed128,1,700,adam,6.070589065551758,6.189846515655518,857018534400.0
RNNLM_wikipediaen32k_Patch32_LSTM256_Embed128,1,700,adafactor,8.082043647766113,8.109245300292969,714182112000.0
RNNLM_wikipediaen32k_Patch32_LSTM256_Embed128,1,700,sgd,7.277828216552734,7.312297821044922,571345689600.0
RNNLM_wikipediaen32k_Patch32_LSTM256_Embed128,1,800,celo,4.252211093902588,4.351029872894287,327432729600.0
RNNLM_wikipediaen32k_Patch32_LSTM256_Embed128,1,800,celo_prune,4.602763652801514,4.714343547821045,326957990400.0
RNNLM_wikipediaen32k_Patch32_LSTM256_Embed128,1,800,celo_q8,4.250192642211914,4.3095831871032715,326720620800.0
RNNLM_wikipediaen32k_Patch32_LSTM256_Embed128,1,800,adam,5.8749003410339355,6.002405643463135,979449753600.0
RNNLM_wikipediaen32k_Patch32_LSTM256_Embed128,1,800,adafactor,7.727240562438965,7.798799991607666,816208128000.0
RNNLM_wikipediaen32k_Patch32_LSTM256_Embed128,1,800,sgd,7.059206962585449,7.204509735107422,652966502400.0
RNNLM_wikipediaen32k_Patch32_LSTM256_Embed128,1,900,celo,4.30519437789917,4.323542594909668,368361820800.0
RNNLM_wikipediaen32k_Patch32_LSTM256_Embed128,1,900,celo_prune,4.614071369171143,4.598852157592773,367827739200.0
RNNLM_wikipediaen32k_Patch32_LSTM256_Embed128,1,900,celo_q8,4.304280757904053,4.313329696655273,367560698400.0
RNNLM_wikipediaen32k_Patch32_LSTM256_Embed128,1,900,adam,5.834384918212891,5.857670307159424,1101880972800.0
RNNLM_wikipediaen32k_Patch32_LSTM256_Embed128,1,900,adafactor,7.486381530761719,7.521101474761963,918234144000.0
RNNLM_wikipediaen32k_Patch32_LSTM256_Embed128,1,900,sgd,7.019408226013184,7.077339172363281,734587315200.0
RNNLM_wikipediaen32k_Patch32_LSTM256_Embed128,1,1000,celo,4.435373783111572,4.460290908813477,409290912000.0
RNNLM_wikipediaen32k_Patch32_LSTM256_Embed128,1,1000,celo_prune,4.716397285461426,4.689248085021973,408697488000.0
RNNLM_wikipediaen32k_Patch32_LSTM256_Embed128,1,1000,celo_q8,4.297900676727295,4.301048278808594,408400776000.0
RNNLM_wikipediaen32k_Patch32_LSTM256_Embed128,1,1000,adam,5.849976539611816,5.816803932189941,1224312192000.0
RNNLM_wikipediaen32k_Patch32_LSTM256_Embed128,1,1000,adafactor,7.389504432678223,7.391654968261719,1020260160000.0
RNNLM_wikipediaen32k_Patch32_LSTM256_Embed128,1,1000,sgd,7.045037746429443,7.02358341217041,816208128000.0
RNNLM_wikipediaen32k_Patch32_LSTM256_Embed128,1,1100,celo,4.552716255187988,4.493065357208252,450220003200.0
RNNLM_wikipediaen32k_Patch32_LSTM256_Embed128,1,1100,celo_prune,4.735727787017822,4.655835151672363,449567236800.0
RNNLM_wikipediaen32k_Patch32_LSTM256_Embed128,1,1100,celo_q8,4.294280052185059,4.222332000732422,449240853600.0
RNNLM_wikipediaen32k_Patch32_LSTM256_Embed128,1,1100,adam,5.866817474365234,5.796960353851318,1346743411200.0
RNNLM_wikipediaen32k_Patch32_LSTM256_Embed128,1,1100,adafactor,7.346126079559326,7.295571327209473,1122286176000.0
RNNLM_wikipediaen32k_Patch32_LSTM256_Embed128,1,1100,sgd,7.082328796386719,7.025518417358398,897828940800.0
RNNLM_wikipediaen32k_Patch32_LSTM256_Embed128,1,1200,celo,4.6602277755737305,4.601837158203125,491149094400.0
RNNLM_wikipediaen32k_Patch32_LSTM256_Embed128,1,1200,celo_prune,4.74096155166626,4.721449375152588,490436985600.0
RNNLM_wikipediaen32k_Patch32_LSTM256_Embed128,1,1200,celo_q8,4.267899036407471,4.212419033050537,490080931200.0
RNNLM_wikipediaen32k_Patch32_LSTM256_Embed128,1,1200,adam,5.703060150146484,5.661179542541504,1469174630400.0
RNNLM_wikipediaen32k_Patch32_LSTM256_Embed128,1,1200,adafactor,7.178254127502441,7.1531219482421875,1224312192000.0
RNNLM_wikipediaen32k_Patch32_LSTM256_Embed128,1,1200,sgd,6.8972649574279785,6.883001327514648,979449753600.0
RNNLM_wikipediaen32k_Patch32_LSTM256_Embed128,1,1300,celo,4.509385585784912,4.448853015899658,532078185600.0
RNNLM_wikipediaen32k_Patch32_LSTM256_Embed128,1,1300,celo_prune,4.8922858238220215,4.827785491943359,531306734400.0
RNNLM_wikipediaen32k_Patch32_LSTM256_Embed128,1,1300,celo_q8,4.223615646362305,4.179251670837402,530921008800.0
RNNLM_wikipediaen32k_Patch32_LSTM256_Embed128,1,1300,adam,5.696159839630127,5.599432468414307,1591605849600.0
RNNLM_wikipediaen32k_Patch32_LSTM256_Embed128,1,1300,adafactor,7.138347148895264,7.092681884765625,1326338208000.0
RNNLM_wikipediaen32k_Patch32_LSTM256_Embed128,1,1300,sgd,6.894217491149902,6.830961227416992,1061070566400.0
RNNLM_wikipediaen32k_Patch32_LSTM256_Embed128,1,1400,celo,4.456394195556641,4.36823034286499,573007276800.0
RNNLM_wikipediaen32k_Patch32_LSTM256_Embed128,1,1400,celo_prune,4.669632911682129,4.5814528465271,572176483200.0
RNNLM_wikipediaen32k_Patch32_LSTM256_Embed128,1,1400,celo_q8,4.162508010864258,4.101215362548828,571761086400.0
RNNLM_wikipediaen32k_Patch32_LSTM256_Embed128,1,1400,adam,5.517650127410889,5.4405059814453125,1714037068800.0
RNNLM_wikipediaen32k_Patch32_LSTM256_Embed128,1,1400,adafactor,7.044745922088623,7.039115905761719,1428364224000.0
RNNLM_wikipediaen32k_Patch32_LSTM256_Embed128,1,1400,sgd,6.762972354888916,6.72418737411499,1142691379200.0
RNNLM_wikipediaen32k_Patch32_LSTM256_Embed128,1,1500,celo,4.4393391609191895,4.34464693069458,613936368000.0
RNNLM_wikipediaen32k_Patch32_LSTM256_Embed128,1,1500,celo_prune,4.727687358856201,4.624810218811035,613046232000.0
RNNLM_wikipediaen32k_Patch32_LSTM256_Embed128,1,1500,celo_q8,4.3234758377075195,4.242823123931885,612601164000.0
RNNLM_wikipediaen32k_Patch32_LSTM256_Embed128,1,1500,adam,5.578073024749756,5.441452980041504,1836468288000.0
RNNLM_wikipediaen32k_Patch32_LSTM256_Embed128,1,1500,adafactor,7.071347236633301,7.030884265899658,1530390240000.0
RNNLM_wikipediaen32k_Patch32_LSTM256_Embed128,1,1500,sgd,6.822764873504639,6.720187187194824,1224312192000.0
RNNLM_wikipediaen32k_Patch32_LSTM256_Embed128,1,1600,celo,4.47883939743042,4.121760845184326,654865459200.0
RNNLM_wikipediaen32k_Patch32_LSTM256_Embed128,1,1600,celo_prune,4.764143466949463,4.413604259490967,653915980800.0
RNNLM_wikipediaen32k_Patch32_LSTM256_Embed128,1,1600,celo_q8,4.433415412902832,4.039836406707764,653441241600.0
RNNLM_wikipediaen32k_Patch32_LSTM256_Embed128,1,1600,adam,5.522860527038574,5.293953895568848,1958899507200.0
RNNLM_wikipediaen32k_Patch32_LSTM256_Embed128,1,1600,adafactor,7.0891432762146,6.995682239532471,1632416256000.0
RNNLM_wikipediaen32k_Patch32_LSTM256_Embed128,1,1600,sgd,6.810414791107178,6.646647930145264,1305933004800.0
RNNLM_wikipediaen32k_Patch32_LSTM256_Embed128,1,1700,celo,4.396739959716797,4.339943885803223,695794550400.0
RNNLM_wikipediaen32k_Patch32_LSTM256_Embed128,1,1700,celo_prune,4.68264102935791,4.603793144226074,694785729600.0
RNNLM_wikipediaen32k_Patch32_LSTM256_Embed128,1,1700,celo_q8,4.284435749053955,4.2025675773620605,694281319200.0
RNNLM_wikipediaen32k_Patch32_LSTM256_Embed128,1,1700,adam,5.463282108306885,5.495326995849609,2081330726400.0
RNNLM_wikipediaen32k_Patch32_LSTM256_Embed128,1,1700,adafactor,7.017602920532227,7.047008514404297,1734442272000.0
RNNLM_wikipediaen32k_Patch32_LSTM256_Embed128,1,1700,sgd,6.747894287109375,6.78901481628418,1387553817600.0
RNNLM_wikipediaen32k_Patch32_LSTM256_Embed128,1,1800,celo,4.396070957183838,4.305405139923096,736723641600.0
RNNLM_wikipediaen32k_Patch32_LSTM256_Embed128,1,1800,celo_prune,4.714074611663818,4.640579700469971,735655478400.0
RNNLM_wikipediaen32k_Patch32_LSTM256_Embed128,1,1800,celo_q8,4.2702202796936035,4.2369866371154785,735121396800.0
RNNLM_wikipediaen32k_Patch32_LSTM256_Embed128,1,1800,adam,5.451584815979004,5.423678874969482,2203761945600.0
RNNLM_wikipediaen32k_Patch32_LSTM256_Embed128,1,1800,adafactor,7.006695747375488,6.998546123504639,1836468288000.0
RNNLM_wikipediaen32k_Patch32_LSTM256_Embed128,1,1800,sgd,6.709399223327637,6.714620590209961,1469174630400.0
RNNLM_wikipediaen32k_Patch32_LSTM256_Embed128,1,1900,celo,4.159873962402344,4.310686111450195,777652732800.0
RNNLM_wikipediaen32k_Patch32_LSTM256_Embed128,1,1900,celo_prune,4.484251976013184,4.6446332931518555,776525227200.0
RNNLM_wikipediaen32k_Patch32_LSTM256_Embed128,1,1900,celo_q8,4.035106658935547,4.1904683113098145,775961474400.0
RNNLM_wikipediaen32k_Patch32_LSTM256_Embed128,1,1900,adam,5.222820281982422,5.312463760375977,2326193164800.0
RNNLM_wikipediaen32k_Patch32_LSTM256_Embed128,1,1900,adafactor,6.827149391174316,6.916231155395508,1938494304000.0
RNNLM_wikipediaen32k_Patch32_LSTM256_Embed128,1,1900,sgd,6.514335632324219,6.61069917678833,1550795443200.0
RNNLM_wikipediaen32k_Patch32_LSTM256_Embed128,1,2000,celo,4.065047740936279,4.313323020935059,818581824000.0
RNNLM_wikipediaen32k_Patch32_LSTM256_Embed128,1,2000,celo_prune,4.445075988769531,4.651368618011475,817394976000.0
RNNLM_wikipediaen32k_Patch32_LSTM256_Embed128,1,2000,celo_q8,3.988638401031494,4.143368244171143,816801552000.0
RNNLM_wikipediaen32k_Patch32_LSTM256_Embed128,1,2000,adam,5.1984639167785645,5.359763145446777,2448624384000.0
RNNLM_wikipediaen32k_Patch32_LSTM256_Embed128,1,2000,adafactor,6.9045729637146,6.949708938598633,2040520320000.0
RNNLM_wikipediaen32k_Patch32_LSTM256_Embed128,1,2000,sgd,6.591428756713867,6.664206027984619,1632416256000.0
RNNLM_wikipediaen32k_Patch32_LSTM256_Embed128,2,0,celo,10.386039733886719,10.386039733886719,0.0
RNNLM_wikipediaen32k_Patch32_LSTM256_Embed128,2,0,celo_prune,10.386039733886719,10.386039733886719,0.0
RNNLM_wikipediaen32k_Patch32_LSTM256_Embed128,2,0,celo_q8,10.386039733886719,10.386039733886719,0.0
RNNLM_wikipediaen32k_Patch32_LSTM256_Embed128,2,0,adam,10.386039733886719,10.386039733886719,0.0
RNNLM_wikipediaen32k_Patch32_LSTM256_Embed128,2,0,adafactor,10.386039733886719,10.386039733886719,0.0
RNNLM_wikipediaen32k_Patch32_LSTM256_Embed128,2,0,sgd,10.386039733886719,10.386039733886719,0.0
RNNLM_wikipediaen32k_Patch32_LSTM256_Embed128,2,100,celo,5.229646682739258,5.142242431640625,40929091200.0
RNNLM_wikipediaen32k_Patch32_LSTM256_Embed128,2,100,celo_prune,5.50088357925415,5.424941062927246,40869748800.0
RNNLM_wikipediaen32k_Patch32_LSTM256_Embed128,2,100,celo_q8,5.229874610900879,5.13762903213501,40840077600.0
RNNLM_wikipediaen32k_Patch32_LSTM256_Embed128,2,100,adam,7.1193108558654785,7.097080230712891,122431219200.0
RNNLM_wikipediaen32k_Patch32_LSTM256_Embed128,2,100,adafactor,10.329145431518555,10.327625274658203,102026016000.0
RNNLM_wikipediaen32k_Patch32_LSTM256_Embed128,2,100,sgd,10.010912895202637,9.997381210327148,81620812800.0
RNNLM_wikipediaen32k_Patch32_LSTM256_Embed128,2,200,celo,4.633362770080566,4.842384338378906,81858182400.0
RNNLM_wikipediaen32k_Patch32_LSTM256_Embed128,2,200,celo_prune,4.787516117095947,5.025106430053711,81739497600.0
RNNLM_wikipediaen32k_Patch32_LSTM256_Embed128,2,200,celo_q8,4.628427505493164,4.834772109985352,81680155200.0
RNNLM_wikipediaen32k_Patch32_LSTM256_Embed128,2,200,adam,6.739514350891113,6.870415210723877,244862438400.0
RNNLM_wikipediaen32k_Patch32_LSTM256_Embed128,2,200,adafactor,10.234444618225098,10.230246543884277,204052032000.0
RNNLM_wikipediaen32k_Patch32_LSTM256_Embed128,2,200,sgd,8.373713493347168,8.38907527923584,163241625600.0
RNNLM_wikipediaen32k_Patch32_LSTM256_Embed128,2,300,celo,4.547142028808594,4.443125247955322,122787273600.0
RNNLM_wikipediaen32k_Patch32_LSTM256_Embed128,2,300,celo_prune,4.688103199005127,4.558112144470215,122609246400.0
RNNLM_wikipediaen32k_Patch32_LSTM256_Embed128,2,300,celo_q8,4.557537078857422,4.423915863037109,122520232800.0
RNNLM_wikipediaen32k_Patch32_LSTM256_Embed128,2,300,adam,6.668491363525391,6.513830184936523,367293657600.0
RNNLM_wikipediaen32k_Patch32_LSTM256_Embed128,2,300,adafactor,10.006412506103516,9.987394332885742,306078048000.0
RNNLM_wikipediaen32k_Patch32_LSTM256_Embed128,2,300,sgd,7.974822521209717,7.839069843292236,244862438400.0
RNNLM_wikipediaen32k_Patch32_LSTM256_Embed128,2,400,celo,4.47366189956665,4.517838001251221,163716364800.0
RNNLM_wikipediaen32k_Patch32_LSTM256_Embed128,2,400,celo_prune,4.60720682144165,4.636377334594727,163478995200.0
RNNLM_wikipediaen32k_Patch32_LSTM256_Embed128,2,400,celo_q8,4.4462666511535645,4.507607936859131,163360310400.0
RNNLM_wikipediaen32k_Patch32_LSTM256_Embed128,2,400,adam,6.41237211227417,6.435816287994385,489724876800.0
RNNLM_wikipediaen32k_Patch32_LSTM256_Embed128,2,400,adafactor,9.585326194763184,9.561388969421387,408104064000.0
RNNLM_wikipediaen32k_Patch32_LSTM256_Embed128,2,400,sgd,7.596384048461914,7.625764846801758,326483251200.0
RNNLM_wikipediaen32k_Patch32_LSTM256_Embed128,2,500,celo,4.365512847900391,4.473923683166504,204645456000.0
RNNLM_wikipediaen32k_Patch32_LSTM256_Embed128,2,500,celo_prune,4.537106513977051,4.672144889831543,204348744000.0
RNNLM_wikipediaen32k_Patch32_LSTM256_Embed128,2,500,celo_q8,4.351176738739014,4.4580864906311035,204200388000.0
RNNLM_wikipediaen32k_Patch32_LSTM256_Embed128,2,500,adam,6.3351898193359375,6.330199241638184,612156096000.0
RNNLM_wikipediaen32k_Patch32_LSTM256_Embed128,2,500,adafactor,9.121953964233398,9.091784477233887,510130080000.0
RNNLM_wikipediaen32k_Patch32_LSTM256_Embed128,2,500,sgd,7.511513710021973,7.4671196937561035,408104064000.0
RNNLM_wikipediaen32k_Patch32_LSTM256_Embed128,2,600,celo,4.318136692047119,4.373691082000732,245574547200.0
RNNLM_wikipediaen32k_Patch32_LSTM256_Embed128,2,600,celo_prune,4.59687614440918,4.675309181213379,245218492800.0
RNNLM_wikipediaen32k_Patch32_LSTM256_Embed128,2,600,celo_q8,4.311892986297607,4.386407375335693,245040465600.0
RNNLM_wikipediaen32k_Patch32_LSTM256_Embed128,2,600,adam,6.204194068908691,6.241418361663818,734587315200.0
RNNLM_wikipediaen32k_Patch32_LSTM256_Embed128,2,600,adafactor,8.593940734863281,8.57529354095459,612156096000.0
RNNLM_wikipediaen32k_Patch32_LSTM256_Embed128,2,600,sgd,7.4038801193237305,7.38230037689209,489724876800.0
RNNLM_wikipediaen32k_Patch32_LSTM256_Embed128,2,700,celo,4.2237725257873535,4.358808517456055,286503638400.0
RNNLM_wikipediaen32k_Patch32_LSTM256_Embed128,2,700,celo_prune,4.61310338973999,4.698414325714111,286088241600.0
RNNLM_wikipediaen32k_Patch32_LSTM256_Embed128,2,700,celo_q8,4.2150750160217285,4.328123569488525,285880543200.0
RNNLM_wikipediaen32k_Patch32_LSTM256_Embed128,2,700,adam,6.051307678222656,6.100607395172119,857018534400.0
RNNLM_wikipediaen32k_Patch32_LSTM256_Embed128,2,700,adafactor,8.12339973449707,8.153562545776367,714182112000.0
RNNLM_wikipediaen32k_Patch32_LSTM256_Embed128,2,700,sgd,7.231162071228027,7.28472375869751,571345689600.0
RNNLM_wikipediaen32k_Patch32_LSTM256_Embed128,2,800,celo,4.250583648681641,4.159809112548828,327432729600.0
RNNLM_wikipediaen32k_Patch32_LSTM256_Embed128,2,800,celo_prune,4.525644779205322,4.44313907623291,326957990400.0
RNNLM_wikipediaen32k_Patch32_LSTM256_Embed128,2,800,celo_q8,4.259002208709717,4.155996799468994,326720620800.0
RNNLM_wikipediaen32k_Patch32_LSTM256_Embed128,2,800,adam,5.9763994216918945,5.819228172302246,979449753600.0
RNNLM_wikipediaen32k_Patch32_LSTM256_Embed128,2,800,adafactor,7.755850791931152,7.674678802490234,816208128000.0
RNNLM_wikipediaen32k_Patch32_LSTM256_Embed128,2,800,sgd,7.155346870422363,6.986721038818359,652966502400.0
RNNLM_wikipediaen32k_Patch32_LSTM256_Embed128,2,900,celo,4.327421188354492,4.334136009216309,368361820800.0
RNNLM_wikipediaen32k_Patch32_LSTM256_Embed128,2,900,celo_prune,4.549156188964844,4.514962673187256,367827739200.0
RNNLM_wikipediaen32k_Patch32_LSTM256_Embed128,2,900,celo_q8,4.315974712371826,4.3325581550598145,367560698400.0
RNNLM_wikipediaen32k_Patch32_LSTM256_Embed128,2,900,adam,5.874642372131348,5.839743614196777,1101880972800.0
RNNLM_wikipediaen32k_Patch32_LSTM256_Embed128,2,900,adafactor,7.527153491973877,7.479931831359863,918234144000.0
RNNLM_wikipediaen32k_Patch32_LSTM256_Embed128,2,900,sgd,7.079429626464844,7.023231506347656,734587315200.0
RNNLM_wikipediaen32k_Patch32_LSTM256_Embed128,2,1000,celo,4.291227340698242,4.1335906982421875,409290912000.0
RNNLM_wikipediaen32k_Patch32_LSTM256_Embed128,2,1000,celo_prune,4.486270904541016,4.325266361236572,408697488000.0
RNNLM_wikipediaen32k_Patch32_LSTM256_Embed128,2,1000,celo_q8,4.182906627655029,4.017760753631592,408400776000.0
RNNLM_wikipediaen32k_Patch32_LSTM256_Embed128,2,1000,adam,5.742605209350586,5.6521220207214355,1224312192000.0
RNNLM_wikipediaen32k_Patch32_LSTM256_Embed128,2,1000,adafactor,7.315771102905273,7.290206432342529,1020260160000.0
RNNLM_wikipediaen32k_Patch32_LSTM256_Embed128,2,1000,sgd,6.942441940307617,6.898416996002197,816208128000.0
RNNLM_wikipediaen32k_Patch32_LSTM256_Embed128,2,1100,celo,4.479964256286621,4.415865898132324,450220003200.0
RNNLM_wikipediaen32k_Patch32_LSTM256_Embed128,2,1100,celo_prune,4.697760581970215,4.610543251037598,449567236800.0
RNNLM_wikipediaen32k_Patch32_LSTM256_Embed128,2,1100,celo_q8,4.313671588897705,4.2072649002075195,449240853600.0
RNNLM_wikipediaen32k_Patch32_LSTM256_Embed128,2,1100,adam,5.799921989440918,5.776656150817871,1346743411200.0
RNNLM_wikipediaen32k_Patch32_LSTM256_Embed128,2,1100,adafactor,7.284449100494385,7.256972312927246,1122286176000.0
RNNLM_wikipediaen32k_Patch32_LSTM256_Embed128,2,1100,sgd,6.993946552276611,6.985959053039551,897828940800.0
RNNLM_wikipediaen32k_Patch32_LSTM256_Embed128,2,1200,celo,4.7037034034729,4.536473751068115,491149094400.0
RNNLM_wikipediaen32k_Patch32_LSTM256_Embed128,2,1200,celo_prune,4.867884159088135,4.755977153778076,490436985600.0
RNNLM_wikipediaen32k_Patch32_LSTM256_Embed128,2,1200,celo_q8,4.380224227905273,4.210930347442627,490080931200.0
RNNLM_wikipediaen32k_Patch32_LSTM256_Embed128,2,1200,adam,5.811814785003662,5.692984104156494,1469174630400.0
RNNLM_wikipediaen32k_Patch32_LSTM256_Embed128,2,1200,adafactor,7.223252296447754,7.166415691375732,1224312192000.0
RNNLM_wikipediaen32k_Patch32_LSTM256_Embed128,2,1200,sgd,6.975310802459717,6.926319599151611,979449753600.0
RNNLM_wikipediaen32k_Patch32_LSTM256_Embed128,2,1300,celo,4.5063629150390625,4.266174793243408,532078185600.0
RNNLM_wikipediaen32k_Patch32_LSTM256_Embed128,2,1300,celo_prune,4.8493242263793945,4.58756685256958,531306734400.0
RNNLM_wikipediaen32k_Patch32_LSTM256_Embed128,2,1300,celo_q8,4.1988115310668945,3.9935100078582764,530921008800.0
RNNLM_wikipediaen32k_Patch32_LSTM256_Embed128,2,1300,adam,5.68671989440918,5.436256408691406,1591605849600.0
RNNLM_wikipediaen32k_Patch32_LSTM256_Embed128,2,1300,adafactor,7.116188049316406,7.0028157234191895,1326338208000.0
RNNLM_wikipediaen32k_Patch32_LSTM256_Embed128,2,1300,sgd,6.9137372970581055,6.693819999694824,1061070566400.0
RNNLM_wikipediaen32k_Patch32_LSTM256_Embed128,2,1400,celo,4.520925045013428,4.441644668579102,573007276800.0
RNNLM_wikipediaen32k_Patch32_LSTM256_Embed128,2,1400,celo_prune,4.693536758422852,4.720373153686523,572176483200.0
RNNLM_wikipediaen32k_Patch32_LSTM256_Embed128,2,1400,celo_q8,4.247418403625488,4.212780475616455,571761086400.0
RNNLM_wikipediaen32k_Patch32_LSTM256_Embed128,2,1400,adam,5.611476898193359,5.56719446182251,1714037068800.0
RNNLM_wikipediaen32k_Patch32_LSTM256_Embed128,2,1400,adafactor,7.145022392272949,7.060017108917236,1428364224000.0
RNNLM_wikipediaen32k_Patch32_LSTM256_Embed128,2,1400,sgd,6.8994293212890625,6.823324680328369,1142691379200.0
RNNLM_wikipediaen32k_Patch32_LSTM256_Embed128,2,1500,celo,4.6456499099731445,4.270010948181152,613936368000.0
RNNLM_wikipediaen32k_Patch32_LSTM256_Embed128,2,1500,celo_prune,4.8387627601623535,4.6067280769348145,613046232000.0
RNNLM_wikipediaen32k_Patch32_LSTM256_Embed128,2,1500,celo_q8,4.438733100891113,4.142777442932129,612601164000.0
RNNLM_wikipediaen32k_Patch32_LSTM256_Embed128,2,1500,adam,5.670553207397461,5.412044048309326,1836468288000.0
RNNLM_wikipediaen32k_Patch32_LSTM256_Embed128,2,1500,adafactor,7.091860771179199,6.951152324676514,1530390240000.0
RNNLM_wikipediaen32k_Patch32_LSTM256_Embed128,2,1500,sgd,6.861699104309082,6.649841785430908,1224312192000.0
RNNLM_wikipediaen32k_Patch32_LSTM256_Embed128,2,1600,celo,4.241236686706543,4.318648815155029,654865459200.0
RNNLM_wikipediaen32k_Patch32_LSTM256_Embed128,2,1600,celo_prune,4.5265631675720215,4.592390060424805,653915980800.0
RNNLM_wikipediaen32k_Patch32_LSTM256_Embed128,2,1600,celo_q8,4.16784143447876,4.204742908477783,653441241600.0
RNNLM_wikipediaen32k_Patch32_LSTM256_Embed128,2,1600,adam,5.41945219039917,5.491131782531738,1958899507200.0
RNNLM_wikipediaen32k_Patch32_LSTM256_Embed128,2,1600,adafactor,6.994357585906982,7.014195442199707,1632416256000.0
RNNLM_wikipediaen32k_Patch32_LSTM256_Embed128,2,1600,sgd,6.6887288093566895,6.775917053222656,1305933004800.0
RNNLM_wikipediaen32k_Patch32_LSTM256_Embed128,2,1700,celo,4.237945556640625,4.345706939697266,695794550400.0
RNNLM_wikipediaen32k_Patch32_LSTM256_Embed128,2,1700,celo_prune,4.518001079559326,4.621250629425049,694785729600.0
RNNLM_wikipediaen32k_Patch32_LSTM256_Embed128,2,1700,celo_q8,4.109746932983398,4.253307342529297,694281319200.0
RNNLM_wikipediaen32k_Patch32_LSTM256_Embed128,2,1700,adam,5.3942461013793945,5.469189167022705,2081330726400.0
RNNLM_wikipediaen32k_Patch32_LSTM256_Embed128,2,1700,adafactor,6.992696285247803,7.028820991516113,1734442272000.0
RNNLM_wikipediaen32k_Patch32_LSTM256_Embed128,2,1700,sgd,6.702672481536865,6.736855983734131,1387553817600.0
RNNLM_wikipediaen32k_Patch32_LSTM256_Embed128,2,1800,celo,4.426479816436768,4.241061687469482,736723641600.0
RNNLM_wikipediaen32k_Patch32_LSTM256_Embed128,2,1800,celo_prune,4.6861491203308105,4.4964447021484375,735655478400.0
RNNLM_wikipediaen32k_Patch32_LSTM256_Embed128,2,1800,celo_q8,4.309850692749023,4.120577812194824,735121396800.0
RNNLM_wikipediaen32k_Patch32_LSTM256_Embed128,2,1800,adam,5.572838306427002,5.424688339233398,2203761945600.0
RNNLM_wikipediaen32k_Patch32_LSTM256_Embed128,2,1800,adafactor,7.049066543579102,6.979800224304199,1836468288000.0
RNNLM_wikipediaen32k_Patch32_LSTM256_Embed128,2,1800,sgd,6.818882465362549,6.702531814575195,1469174630400.0
RNNLM_wikipediaen32k_Patch32_LSTM256_Embed128,2,1900,celo,4.459668159484863,4.168774604797363,777652732800.0
RNNLM_wikipediaen32k_Patch32_LSTM256_Embed128,2,1900,celo_prune,4.765333652496338,4.539401531219482,776525227200.0
RNNLM_wikipediaen32k_Patch32_LSTM256_Embed128,2,1900,celo_q8,4.315565586090088,4.077665328979492,775961474400.0
RNNLM_wikipediaen32k_Patch32_LSTM256_Embed128,2,1900,adam,5.556246280670166,5.327637195587158,2326193164800.0
RNNLM_wikipediaen32k_Patch32_LSTM256_Embed128,2,1900,adafactor,7.058067798614502,6.9068803787231445,1938494304000.0
RNNLM_wikipediaen32k_Patch32_LSTM256_Embed128,2,1900,sgd,6.813554286956787,6.636195659637451,1550795443200.0
RNNLM_wikipediaen32k_Patch32_LSTM256_Embed128,2,2000,celo,4.042791843414307,4.2848944664001465,818581824000.0
RNNLM_wikipediaen32k_Patch32_LSTM256_Embed128,2,2000,celo_prune,4.336169719696045,4.610387802124023,817394976000.0
RNNLM_wikipediaen32k_Patch32_LSTM256_Embed128,2,2000,celo_q8,3.921797513961792,4.146206855773926,816801552000.0
RNNLM_wikipediaen32k_Patch32_LSTM256_Embed128,2,2000,adam,5.212019920349121,5.313259601593018,2448624384000.0
RNNLM_wikipediaen32k_Patch32_LSTM256_Embed128,2,2000,adafactor,6.895629405975342,6.883268356323242,2040520320000.0
RNNLM_wikipediaen32k_Patch32_LSTM256_Embed128,2,2000,sgd,6.590588092803955,6.577324867248535,1632416256000.0
RNNLM_wikipediaen32k_Patch32_LSTM256_Embed128,3,0,celo,10.38303279876709,10.38303279876709,0.0
RNNLM_wikipediaen32k_Patch32_LSTM256_Embed128,3,0,celo_prune,10.38303279876709,10.38303279876709,0.0
RNNLM_wikipediaen32k_Patch32_LSTM256_Embed128,3,0,celo_q8,10.38303279876709,10.38303279876709,0.0
RNNLM_wikipediaen32k_Patch32_LSTM256_Embed128,3,0,adam,10.38303279876709,10.38303279876709,0.0
RNNLM_wikipediaen32k_Patch32_LSTM256_Embed128,3,0,adafactor,10.38303279876709,10.38303279876709,0.0
RNNLM_wikipediaen32k_Patch32_LSTM256_Embed128,3,0,sgd,10.38303279876709,10.38303279876709,0.0
RNNLM_wikipediaen32k_Patch32_LSTM256_Embed128,3,100,celo,5.147599697113037,4.961267471313477,40929091200.0
RNNLM_wikipediaen32k_Patch32_LSTM256_Embed128,3,100,celo_prune,5.417476654052734,5.266014099121094,40869748800.0
RNNLM_wikipediaen32k_Patch32_LSTM256_Embed128,3,100,celo_q8,5.15204381942749,4.957738399505615,40840077600.0
RNNLM_wikipediaen32k_Patch32_LSTM256_Embed128,3,100,adam,7.091709613800049,6.970691680908203,122431219200.0
RNNLM_wikipediaen32k_Patch32_LSTM256_Embed128,3,100,adafactor,10.327589988708496,10.322063446044922,102026016000.0
RNNLM_wikipediaen32k_Patch32_LSTM256_Embed128,3,100,sgd,9.980161666870117,9.93844985961914,81620812800.0
RNNLM_wikipediaen32k_Patch32_LSTM256_Embed128,3,200,celo,4.805789470672607,4.882691383361816,81858182400.0
RNNLM_wikipediaen32k_Patch32_LSTM256_Embed128,3,200,celo_prune,4.9679365158081055,5.047220706939697,81739497600.0
RNNLM_wikipediaen32k_Patch32_LSTM256_Embed128,3,200,celo_q8,4.808681964874268,4.884324073791504,81680155200.0
RNNLM_wikipediaen32k_Patch32_LSTM256_Embed128,3,200,adam,6.8266072273254395,6.859824180603027,244862438400.0
RNNLM_wikipediaen32k_Patch32_LSTM256_Embed128,3,200,adafactor,10.228450775146484,10.228535652160645,204052032000.0
RNNLM_wikipediaen32k_Patch32_LSTM256_Embed128,3,200,sgd,8.363448143005371,8.398075103759766,163241625600.0
RNNLM_wikipediaen32k_Patch32_LSTM256_Embed128,3,300,celo,4.555357933044434,4.567762851715088,122787273600.0
RNNLM_wikipediaen32k_Patch32_LSTM256_Embed128,3,300,celo_prune,4.697292327880859,4.695473670959473,122609246400.0
RNNLM_wikipediaen32k_Patch32_LSTM256_Embed128,3,300,celo_q8,4.540630340576172,4.555191993713379,122520232800.0
RNNLM_wikipediaen32k_Patch32_LSTM256_Embed128,3,300,adam,6.663511276245117,6.636138916015625,367293657600.0
RNNLM_wikipediaen32k_Patch32_LSTM256_Embed128,3,300,adafactor,9.99988842010498,10.001788139343262,306078048000.0
RNNLM_wikipediaen32k_Patch32_LSTM256_Embed128,3,300,sgd,7.957561016082764,7.948359489440918,244862438400.0
RNNLM_wikipediaen32k_Patch32_LSTM256_Embed128,3,400,celo,4.425022602081299,4.354748249053955,163716364800.0
RNNLM_wikipediaen32k_Patch32_LSTM256_Embed128,3,400,celo_prune,4.614449501037598,4.505630016326904,163478995200.0
RNNLM_wikipediaen32k_Patch32_LSTM256_Embed128,3,400,celo_q8,4.4342522621154785,4.342337608337402,163360310400.0
RNNLM_wikipediaen32k_Patch32_LSTM256_Embed128,3,400,adam,6.450894355773926,6.416044235229492,489724876800.0
RNNLM_wikipediaen32k_Patch32_LSTM256_Embed128,3,400,adafactor,9.589605331420898,9.559774398803711,408104064000.0
RNNLM_wikipediaen32k_Patch32_LSTM256_Embed128,3,400,sgd,7.668481349945068,7.658417701721191,326483251200.0
RNNLM_wikipediaen32k_Patch32_LSTM256_Embed128,3,500,celo,4.5104546546936035,4.517421245574951,204645456000.0
RNNLM_wikipediaen32k_Patch32_LSTM256_Embed128,3,500,celo_prune,4.7061076164245605,4.664676666259766,204348744000.0
RNNLM_wikipediaen32k_Patch32_LSTM256_Embed128,3,500,celo_q8,4.549387454986572,4.515998363494873,204200388000.0
RNNLM_wikipediaen32k_Patch32_LSTM256_Embed128,3,500,adam,6.361324310302734,6.3339619636535645,612156096000.0
RNNLM_wikipediaen32k_Patch32_LSTM256_Embed128,3,500,adafactor,9.091559410095215,9.100607872009277,510130080000.0
RNNLM_wikipediaen32k_Patch32_LSTM256_Embed128,3,500,sgd,7.4990668296813965,7.51138162612915,408104064000.0
RNNLM_wikipediaen32k_Patch32_LSTM256_Embed128,3,600,celo,4.357497215270996,4.400233745574951,245574547200.0
RNNLM_wikipediaen32k_Patch32_LSTM256_Embed128,3,600,celo_prune,4.605991840362549,4.594823837280273,245218492800.0
RNNLM_wikipediaen32k_Patch32_LSTM256_Embed128,3,600,celo_q8,4.41792106628418,4.414556503295898,245040465600.0
RNNLM_wikipediaen32k_Patch32_LSTM256_Embed128,3,600,adam,6.082187652587891,6.233950614929199,734587315200.0
RNNLM_wikipediaen32k_Patch32_LSTM256_Embed128,3,600,adafactor,8.549038887023926,8.549992561340332,612156096000.0
RNNLM_wikipediaen32k_Patch32_LSTM256_Embed128,3,600,sgd,7.2690958976745605,7.3711957931518555,489724876800.0
RNNLM_wikipediaen32k_Patch32_LSTM256_Embed128,3,700,celo,4.349047660827637,4.4671478271484375,286503638400.0
RNNLM_wikipediaen32k_Patch32_LSTM256_Embed128,3,700,celo_prune,4.753905296325684,4.890839099884033,286088241600.0
RNNLM_wikipediaen32k_Patch32_LSTM256_Embed128,3,700,celo_q8,4.397725582122803,4.4484944343566895,285880543200.0
RNNLM_wikipediaen32k_Patch32_LSTM256_Embed128,3,700,adam,6.116868019104004,6.150207042694092,857018534400.0
RNNLM_wikipediaen32k_Patch32_LSTM256_Embed128,3,700,adafactor,8.099929809570312,8.129528045654297,714182112000.0
RNNLM_wikipediaen32k_Patch32_LSTM256_Embed128,3,700,sgd,7.2827935218811035,7.253316402435303,571345689600.0
RNNLM_wikipediaen32k_Patch32_LSTM256_Embed128,3,800,celo,4.383302688598633,4.462761402130127,327432729600.0
RNNLM_wikipediaen32k_Patch32_LSTM256_Embed128,3,800,celo_prune,4.670984268188477,4.777616024017334,326957990400.0
RNNLM_wikipediaen32k_Patch32_LSTM256_Embed128,3,800,celo_q8,4.397941589355469,4.473636627197266,326720620800.0
RNNLM_wikipediaen32k_Patch32_LSTM256_Embed128,3,800,adam,6.026453495025635,6.017943382263184,979449753600.0
RNNLM_wikipediaen32k_Patch32_LSTM256_Embed128,3,800,adafactor,7.78427791595459,7.752656936645508,816208128000.0
RNNLM_wikipediaen32k_Patch32_LSTM256_Embed128,3,800,sgd,7.221866130828857,7.170053482055664,652966502400.0
RNNLM_wikipediaen32k_Patch32_LSTM256_Embed128,3,900,celo,4.278019905090332,4.296473979949951,368361820800.0
RNNLM_wikipediaen32k_Patch32_LSTM256_Embed128,3,900,celo_prune,4.534732818603516,4.552401542663574,367827739200.0
RNNLM_wikipediaen32k_Patch32_LSTM256_Embed128,3,900,celo_q8,4.165477752685547,4.194648742675781,367560698400.0
RNNLM_wikipediaen32k_Patch32_LSTM256_Embed128,3,900,adam,5.818752288818359,5.868452072143555,1101880972800.0
RNNLM_wikipediaen32k_Patch32_LSTM256_Embed128,3,900,adafactor,7.4866943359375,7.518930435180664,918234144000.0
RNNLM_wikipediaen32k_Patch32_LSTM256_Embed128,3,900,sgd,7.036562442779541,7.108845233917236,734587315200.0
RNNLM_wikipediaen32k_Patch32_LSTM256_Embed128,3,1000,celo,4.280710697174072,4.238718509674072,409290912000.0
RNNLM_wikipediaen32k_Patch32_LSTM256_Embed128,3,1000,celo_prune,4.635268688201904,4.585592269897461,408697488000.0
RNNLM_wikipediaen32k_Patch32_LSTM256_Embed128,3,1000,celo_q8,4.247453212738037,4.189321994781494,408400776000.0
RNNLM_wikipediaen32k_Patch32_LSTM256_Embed128,3,1000,adam,5.866114139556885,5.782731533050537,1224312192000.0
RNNLM_wikipediaen32k_Patch32_LSTM256_Embed128,3,1000,adafactor,7.372738838195801,7.387960433959961,1020260160000.0
RNNLM_wikipediaen32k_Patch32_LSTM256_Embed128,3,1000,sgd,7.073875904083252,7.032737731933594,816208128000.0
RNNLM_wikipediaen32k_Patch32_LSTM256_Embed128,3,1100,celo,4.272250652313232,4.204474925994873,450220003200.0
RNNLM_wikipediaen32k_Patch32_LSTM256_Embed128,3,1100,celo_prune,4.65529203414917,4.619597911834717,449567236800.0
RNNLM_wikipediaen32k_Patch32_LSTM256_Embed128,3,1100,celo_q8,4.236661911010742,4.164511680603027,449240853600.0
RNNLM_wikipediaen32k_Patch32_LSTM256_Embed128,3,1100,adam,5.777121543884277,5.743147373199463,1346743411200.0
RNNLM_wikipediaen32k_Patch32_LSTM256_Embed128,3,1100,adafactor,7.2295637130737305,7.25162410736084,1122286176000.0
RNNLM_wikipediaen32k_Patch32_LSTM256_Embed128,3,1100,sgd,6.948156356811523,6.96026611328125,897828940800.0
RNNLM_wikipediaen32k_Patch32_LSTM256_Embed128,3,1200,celo,4.191012859344482,4.42250919342041,491149094400.0
RNNLM_wikipediaen32k_Patch32_LSTM256_Embed128,3,1200,celo_prune,4.599905014038086,4.8468546867370605,490436985600.0
RNNLM_wikipediaen32k_Patch32_LSTM256_Embed128,3,1200,celo_q8,4.13271951675415,4.361095905303955,490080931200.0
RNNLM_wikipediaen32k_Patch32_LSTM256_Embed128,3,1200,adam,5.554019451141357,5.772722244262695,1469174630400.0
RNNLM_wikipediaen32k_Patch32_LSTM256_Embed128,3,1200,adafactor,7.15697717666626,7.223631381988525,1224312192000.0
RNNLM_wikipediaen32k_Patch32_LSTM256_Embed128,3,1200,sgd,6.829940319061279,6.9565110206604,979449753600.0
RNNLM_wikipediaen32k_Patch32_LSTM256_Embed128,3,1300,celo,4.132334232330322,4.2596893310546875,532078185600.0
RNNLM_wikipediaen32k_Patch32_LSTM256_Embed128,3,1300,celo_prune,4.754942417144775,4.877330303192139,531306734400.0
RNNLM_wikipediaen32k_Patch32_LSTM256_Embed128,3,1300,celo_q8,4.130708694458008,4.22339391708374,530921008800.0
RNNLM_wikipediaen32k_Patch32_LSTM256_Embed128,3,1300,adam,5.550230026245117,5.62342643737793,1591605849600.0
RNNLM_wikipediaen32k_Patch32_LSTM256_Embed128,3,1300,adafactor,7.074458122253418,7.137696266174316,1326338208000.0
RNNLM_wikipediaen32k_Patch32_LSTM256_Embed128,3,1300,sgd,6.795407295227051,6.849055290222168,1061070566400.0
RNNLM_wikipediaen32k_Patch32_LSTM256_Embed128,3,1400,celo,4.185657024383545,4.23096227645874,573007276800.0
RNNLM_wikipediaen32k_Patch32_LSTM256_Embed128,3,1400,celo_prune,4.583486557006836,4.659905433654785,572176483200.0
RNNLM_wikipediaen32k_Patch32_LSTM256_Embed128,3,1400,celo_q8,4.154587268829346,4.208463668823242,571761086400.0
RNNLM_wikipediaen32k_Patch32_LSTM256_Embed128,3,1400,adam,5.556845188140869,5.501402854919434,1714037068800.0
RNNLM_wikipediaen32k_Patch32_LSTM256_Embed128,3,1400,adafactor,7.098862648010254,7.035489082336426,1428364224000.0
RNNLM_wikipediaen32k_Patch32_LSTM256_Embed128,3,1400,sgd,6.831068992614746,6.768211841583252,1142691379200.0
RNNLM_wikipediaen32k_Patch32_LSTM256_Embed128,3,1500,celo,4.156330585479736,4.183388710021973,613936368000.0
RNNLM_wikipediaen32k_Patch32_LSTM256_Embed128,3,1500,celo_prune,4.516341686248779,4.548532962799072,613046232000.0
RNNLM_wikipediaen32k_Patch32_LSTM256_Embed128,3,1500,celo_q8,4.131368160247803,4.1609086990356445,612601164000.0
RNNLM_wikipediaen32k_Patch32_LSTM256_Embed128,3,1500,adam,5.312017440795898,5.392240524291992,1836468288000.0
RNNLM_wikipediaen32k_Patch32_LSTM256_Embed128,3,1500,adafactor,6.939876556396484,6.9915852546691895,1530390240000.0
RNNLM_wikipediaen32k_Patch32_LSTM256_Embed128,3,1500,sgd,6.610517978668213,6.714312553405762,1224312192000.0
RNNLM_wikipediaen32k_Patch32_LSTM256_Embed128,3,1600,celo,4.438986301422119,4.356147766113281,654865459200.0
RNNLM_wikipediaen32k_Patch32_LSTM256_Embed128,3,1600,celo_prune,4.728485584259033,4.629916191101074,653915980800.0
RNNLM_wikipediaen32k_Patch32_LSTM256_Embed128,3,1600,celo_q8,4.377847671508789,4.3223772048950195,653441241600.0
RNNLM_wikipediaen32k_Patch32_LSTM256_Embed128,3,1600,adam,5.456135272979736,5.484070777893066,1958899507200.0
RNNLM_wikipediaen32k_Patch32_LSTM256_Embed128,3,1600,adafactor,6.927567481994629,6.998883247375488,1632416256000.0
RNNLM_wikipediaen32k_Patch32_LSTM256_Embed128,3,1600,sgd,6.66000509262085,6.701421737670898,1305933004800.0
RNNLM_wikipediaen32k_Patch32_LSTM256_Embed128,3,1700,celo,4.170736789703369,4.058432579040527,695794550400.0
RNNLM_wikipediaen32k_Patch32_LSTM256_Embed128,3,1700,celo_prune,4.510641098022461,4.395513534545898,694785729600.0
RNNLM_wikipediaen32k_Patch32_LSTM256_Embed128,3,1700,celo_q8,4.121439456939697,4.032671928405762,694281319200.0
RNNLM_wikipediaen32k_Patch32_LSTM256_Embed128,3,1700,adam,5.41034460067749,5.3009233474731445,2081330726400.0
RNNLM_wikipediaen32k_Patch32_LSTM256_Embed128,3,1700,adafactor,6.971718788146973,6.913825988769531,1734442272000.0
RNNLM_wikipediaen32k_Patch32_LSTM256_Embed128,3,1700,sgd,6.718596935272217,6.61042594909668,1387553817600.0
RNNLM_wikipediaen32k_Patch32_LSTM256_Embed128,3,1800,celo,4.011226177215576,4.355091571807861,736723641600.0
RNNLM_wikipediaen32k_Patch32_LSTM256_Embed128,3,1800,celo_prune,4.464691162109375,4.7282304763793945,735655478400.0
RNNLM_wikipediaen32k_Patch32_LSTM256_Embed128,3,1800,celo_q8,4.0034942626953125,4.30906343460083,735121396800.0
RNNLM_wikipediaen32k_Patch32_LSTM256_Embed128,3,1800,adam,5.227179050445557,5.546793460845947,2203761945600.0
RNNLM_wikipediaen32k_Patch32_LSTM256_Embed128,3,1800,adafactor,6.8715362548828125,7.054378032684326,1836468288000.0
RNNLM_wikipediaen32k_Patch32_LSTM256_Embed128,3,1800,sgd,6.5180182456970215,6.798716068267822,1469174630400.0
RNNLM_wikipediaen32k_Patch32_LSTM256_Embed128,3,1900,celo,4.095210552215576,4.269350051879883,777652732800.0
RNNLM_wikipediaen32k_Patch32_LSTM256_Embed128,3,1900,celo_prune,4.5165863037109375,4.703235626220703,776525227200.0
RNNLM_wikipediaen32k_Patch32_LSTM256_Embed128,3,1900,celo_q8,4.065511703491211,4.223817348480225,775961474400.0
RNNLM_wikipediaen32k_Patch32_LSTM256_Embed128,3,1900,adam,5.330219745635986,5.440786361694336,2326193164800.0
RNNLM_wikipediaen32k_Patch32_LSTM256_Embed128,3,1900,adafactor,6.9550557136535645,6.975308895111084,1938494304000.0
RNNLM_wikipediaen32k_Patch32_LSTM256_Embed128,3,1900,sgd,6.620774269104004,6.693805694580078,1550795443200.0
RNNLM_wikipediaen32k_Patch32_LSTM256_Embed128,3,2000,celo,4.169341564178467,4.147916793823242,818581824000.0
RNNLM_wikipediaen32k_Patch32_LSTM256_Embed128,3,2000,celo_prune,4.54409646987915,4.567803382873535,817394976000.0
RNNLM_wikipediaen32k_Patch32_LSTM256_Embed128,3,2000,celo_q8,4.105196952819824,4.126335144042969,816801552000.0
RNNLM_wikipediaen32k_Patch32_LSTM256_Embed128,3,2000,adam,5.33572244644165,5.3880767822265625,2448624384000.0
RNNLM_wikipediaen32k_Patch32_LSTM256_Embed128,3,2000,adafactor,6.906703472137451,6.992573261260986,2040520320000.0
RNNLM_wikipediaen32k_Patch32_LSTM256_Embed128,3,2000,sgd,6.612297058105469,6.707281112670898,1632416256000.0
RNNLM_wikipediaen32k_Patch32_LSTM256_Embed128,4,0,celo,10.383752822875977,10.383752822875977,0.0
RNNLM_wikipediaen32k_Patch32_LSTM256_Embed128,4,0,celo_prune,10.383752822875977,10.383752822875977,0.0
RNNLM_wikipediaen32k_Patch32_LSTM256_Embed128,4,0,celo_q8,10.383752822875977,10.383752822875977,0.0
RNNLM_wikipediaen32k_Patch32_LSTM256_Embed128,4,0,adam,10.383752822875977,10.383752822875977,0.0
RNNLM_wikipediaen32k_Patch32_LSTM256_Embed128,4,0,adafactor,10.383752822875977,10.383752822875977,0.0
RNNLM_wikipediaen32k_Patch32_LSTM256_Embed128,4,0,sgd,10.383752822875977,10.383752822875977,0.0
RNNLM_wikipediaen32k_Patch32_LSTM256_Embed128,4,100,celo,5.140900611877441,5.093446731567383,40929091200.0
RNNLM_wikipediaen32k_Patch32_LSTM256_Embed128,4,100,celo_prune,5.390783309936523,5.351408004760742,40869748800.0
RNNLM_wikipediaen32k_Patch32_LSTM256_Embed128,4,100,celo_q8,5.143310546875,5.097413063049316,40840077600.0
RNNLM_wikipediaen32k_Patch32_LSTM256_Embed128,4,100,adam,7.056280136108398,7.057591438293457,122431219200.0
RNNLM_wikipediaen32k_Patch32_LSTM256_Embed128,4,100,adafactor,10.32481575012207,10.327415466308594,102026016000.0
RNNLM_wikipediaen32k_Patch32_LSTM256_Embed128,4,100,sgd,9.999361038208008,10.01142406463623,81620812800.0
RNNLM_wikipediaen32k_Patch32_LSTM256_Embed128,4,200,celo,4.602906703948975,4.6565093994140625,81858182400.0
RNNLM_wikipediaen32k_Patch32_LSTM256_Embed128,4,200,celo_prune,4.745943069458008,4.816165447235107,81739497600.0
RNNLM_wikipediaen32k_Patch32_LSTM256_Embed128,4,200,celo_q8,4.5833845138549805,4.655107498168945,81680155200.0
RNNLM_wikipediaen32k_Patch32_LSTM256_Embed128,4,200,adam,6.770389556884766,6.728846073150635,244862438400.0
RNNLM_wikipediaen32k_Patch32_LSTM256_Embed128,4,200,adafactor,10.221487998962402,10.211817741394043,204052032000.0
RNNLM_wikipediaen32k_Patch32_LSTM256_Embed128,4,200,sgd,8.406107902526855,8.330195426940918,163241625600.0
RNNLM_wikipediaen32k_Patch32_LSTM256_Embed128,4,300,celo,4.620975494384766,4.610236167907715,122787273600.0
RNNLM_wikipediaen32k_Patch32_LSTM256_Embed128,4,300,celo_prune,4.782763481140137,4.731688022613525,122609246400.0
RNNLM_wikipediaen32k_Patch32_LSTM256_Embed128,4,300,celo_q8,4.6331024169921875,4.594480037689209,122520232800.0
RNNLM_wikipediaen32k_Patch32_LSTM256_Embed128,4,300,adam,6.663232803344727,6.657583236694336,367293657600.0
RNNLM_wikipediaen32k_Patch32_LSTM256_Embed128,4,300,adafactor,9.972232818603516,9.989141464233398,306078048000.0
RNNLM_wikipediaen32k_Patch32_LSTM256_Embed128,4,300,sgd,7.951169490814209,7.951474189758301,244862438400.0
RNNLM_wikipediaen32k_Patch32_LSTM256_Embed128,4,400,celo,4.548976421356201,4.448285102844238,163716364800.0
RNNLM_wikipediaen32k_Patch32_LSTM256_Embed128,4,400,celo_prune,4.691806316375732,4.5873823165893555,163478995200.0
RNNLM_wikipediaen32k_Patch32_LSTM256_Embed128,4,400,celo_q8,4.54172945022583,4.436094284057617,163360310400.0
RNNLM_wikipediaen32k_Patch32_LSTM256_Embed128,4,400,adam,6.429185390472412,6.367420196533203,489724876800.0
RNNLM_wikipediaen32k_Patch32_LSTM256_Embed128,4,400,adafactor,9.568255424499512,9.539872169494629,408104064000.0
RNNLM_wikipediaen32k_Patch32_LSTM256_Embed128,4,400,sgd,7.664360046386719,7.579582691192627,326483251200.0
RNNLM_wikipediaen32k_Patch32_LSTM256_Embed128,4,500,celo,4.47569465637207,4.512104511260986,204645456000.0
RNNLM_wikipediaen32k_Patch32_LSTM256_Embed128,4,500,celo_prune,4.6791534423828125,4.679421424865723,204348744000.0
RNNLM_wikipediaen32k_Patch32_LSTM256_Embed128,4,500,celo_q8,4.524528503417969,4.5711259841918945,204200388000.0
RNNLM_wikipediaen32k_Patch32_LSTM256_Embed128,4,500,adam,6.347316265106201,6.3448967933654785,612156096000.0
RNNLM_wikipediaen32k_Patch32_LSTM256_Embed128,4,500,adafactor,9.115355491638184,9.087713241577148,510130080000.0
RNNLM_wikipediaen32k_Patch32_LSTM256_Embed128,4,500,sgd,7.584739685058594,7.516989707946777,408104064000.0
RNNLM_wikipediaen32k_Patch32_LSTM256_Embed128,4,600,celo,4.385213851928711,4.51020622253418,245574547200.0
RNNLM_wikipediaen32k_Patch32_LSTM256_Embed128,4,600,celo_prune,4.638764381408691,4.7918219566345215,245218492800.0
RNNLM_wikipediaen32k_Patch32_LSTM256_Embed128,4,600,celo_q8,4.358506679534912,4.487987995147705,245040465600.0
RNNLM_wikipediaen32k_Patch32_LSTM256_Embed128,4,600,adam,6.162180423736572,6.219223976135254,734587315200.0
RNNLM_wikipediaen32k_Patch32_LSTM256_Embed128,4,600,adafactor,8.54401683807373,8.582040786743164,612156096000.0
RNNLM_wikipediaen32k_Patch32_LSTM256_Embed128,4,600,sgd,7.318619251251221,7.389683246612549,489724876800.0
RNNLM_wikipediaen32k_Patch32_LSTM256_Embed128,4,700,celo,4.253320217132568,4.352531433105469,286503638400.0
RNNLM_wikipediaen32k_Patch32_LSTM256_Embed128,4,700,celo_prune,4.739559173583984,4.795375347137451,286088241600.0
RNNLM_wikipediaen32k_Patch32_LSTM256_Embed128,4,700,celo_q8,4.289999008178711,4.353590965270996,285880543200.0
RNNLM_wikipediaen32k_Patch32_LSTM256_Embed128,4,700,adam,6.017857074737549,6.053340911865234,857018534400.0
RNNLM_wikipediaen32k_Patch32_LSTM256_Embed128,4,700,adafactor,8.115255355834961,8.141542434692383,714182112000.0
RNNLM_wikipediaen32k_Patch32_LSTM256_Embed128,4,700,sgd,7.241052627563477,7.284013748168945,571345689600.0
RNNLM_wikipediaen32k_Patch32_LSTM256_Embed128,4,800,celo,4.217202663421631,4.4657158851623535,327432729600.0
RNNLM_wikipediaen32k_Patch32_LSTM256_Embed128,4,800,celo_prune,4.470489025115967,4.809135437011719,326957990400.0
RNNLM_wikipediaen32k_Patch32_LSTM256_Embed128,4,800,celo_q8,4.201694965362549,4.425148010253906,326720620800.0
RNNLM_wikipediaen32k_Patch32_LSTM256_Embed128,4,800,adam,5.840572357177734,6.110140800476074,979449753600.0
RNNLM_wikipediaen32k_Patch32_LSTM256_Embed128,4,800,adafactor,7.761282920837402,7.869978427886963,816208128000.0
RNNLM_wikipediaen32k_Patch32_LSTM256_Embed128,4,800,sgd,7.081060409545898,7.25944709777832,652966502400.0
RNNLM_wikipediaen32k_Patch32_LSTM256_Embed128,4,900,celo,4.370715141296387,4.381767749786377,368361820800.0
RNNLM_wikipediaen32k_Patch32_LSTM256_Embed128,4,900,celo_prune,4.566783428192139,4.601369857788086,367827739200.0
RNNLM_wikipediaen32k_Patch32_LSTM256_Embed128,4,900,celo_q8,4.242464065551758,4.249317646026611,367560698400.0
RNNLM_wikipediaen32k_Patch32_LSTM256_Embed128,4,900,adam,5.885836601257324,5.890524387359619,1101880972800.0
RNNLM_wikipediaen32k_Patch32_LSTM256_Embed128,4,900,adafactor,7.539187908172607,7.569252014160156,918234144000.0
RNNLM_wikipediaen32k_Patch32_LSTM256_Embed128,4,900,sgd,7.0780110359191895,7.102618217468262,734587315200.0
RNNLM_wikipediaen32k_Patch32_LSTM256_Embed128,4,1000,celo,4.332528114318848,4.195886611938477,409290912000.0
RNNLM_wikipediaen32k_Patch32_LSTM256_Embed128,4,1000,celo_prune,4.533638954162598,4.432651042938232,408697488000.0
RNNLM_wikipediaen32k_Patch32_LSTM256_Embed128,4,1000,celo_q8,4.124631404876709,4.029210090637207,408400776000.0
RNNLM_wikipediaen32k_Patch32_LSTM256_Embed128,4,1000,adam,5.792313575744629,5.75522518157959,1224312192000.0
RNNLM_wikipediaen32k_Patch32_LSTM256_Embed128,4,1000,adafactor,7.378544807434082,7.347350120544434,1020260160000.0
RNNLM_wikipediaen32k_Patch32_LSTM256_Embed128,4,1000,sgd,7.012694358825684,7.022789001464844,816208128000.0
RNNLM_wikipediaen32k_Patch32_LSTM256_Embed128,4,1100,celo,4.463252067565918,4.450706958770752,450220003200.0
RNNLM_wikipediaen32k_Patch32_LSTM256_Embed128,4,1100,celo_prune,4.673459053039551,4.670940399169922,449567236800.0
RNNLM_wikipediaen32k_Patch32_LSTM256_Embed128,4,1100,celo_q8,4.241824150085449,4.220168113708496,449240853600.0
RNNLM_wikipediaen32k_Patch32_LSTM256_Embed128,4,1100,adam,5.7698259353637695,5.780694961547852,1346743411200.0
RNNLM_wikipediaen32k_Patch32_LSTM256_Embed128,4,1100,adafactor,7.271828651428223,7.268136024475098,1122286176000.0
RNNLM_wikipediaen32k_Patch32_LSTM256_Embed128,4,1100,sgd,6.991763114929199,6.994965553283691,897828940800.0
RNNLM_wikipediaen32k_Patch32_LSTM256_Embed128,4,1200,celo,4.771547317504883,4.628346920013428,491149094400.0
RNNLM_wikipediaen32k_Patch32_LSTM256_Embed128,4,1200,celo_prune,4.817215919494629,4.721385478973389,490436985600.0
RNNLM_wikipediaen32k_Patch32_LSTM256_Embed128,4,1200,celo_q8,4.322127342224121,4.219546318054199,490080931200.0
RNNLM_wikipediaen32k_Patch32_LSTM256_Embed128,4,1200,adam,5.7861785888671875,5.701126575469971,1469174630400.0
RNNLM_wikipediaen32k_Patch32_LSTM256_Embed128,4,1200,adafactor,7.224445343017578,7.204158306121826,1224312192000.0
RNNLM_wikipediaen32k_Patch32_LSTM256_Embed128,4,1200,sgd,6.977103233337402,6.9314727783203125,979449753600.0
RNNLM_wikipediaen32k_Patch32_LSTM256_Embed128,4,1300,celo,4.500593662261963,4.4694318771362305,532078185600.0
RNNLM_wikipediaen32k_Patch32_LSTM256_Embed128,4,1300,celo_prune,4.7953619956970215,4.765977382659912,531306734400.0
RNNLM_wikipediaen32k_Patch32_LSTM256_Embed128,4,1300,celo_q8,4.1604132652282715,4.121527671813965,530921008800.0
RNNLM_wikipediaen32k_Patch32_LSTM256_Embed128,4,1300,adam,5.608206272125244,5.5829057693481445,1591605849600.0
RNNLM_wikipediaen32k_Patch32_LSTM256_Embed128,4,1300,adafactor,7.1312994956970215,7.072564601898193,1326338208000.0
RNNLM_wikipediaen32k_Patch32_LSTM256_Embed128,4,1300,sgd,6.86552619934082,6.793758869171143,1061070566400.0
RNNLM_wikipediaen32k_Patch32_LSTM256_Embed128,4,1400,celo,4.52532958984375,4.400107383728027,573007276800.0
RNNLM_wikipediaen32k_Patch32_LSTM256_Embed128,4,1400,celo_prune,4.741575241088867,4.5883097648620605,572176483200.0
RNNLM_wikipediaen32k_Patch32_LSTM256_Embed128,4,1400,celo_q8,4.232245922088623,4.126718521118164,571761086400.0
RNNLM_wikipediaen32k_Patch32_LSTM256_Embed128,4,1400,adam,5.634822845458984,5.561480522155762,1714037068800.0
RNNLM_wikipediaen32k_Patch32_LSTM256_Embed128,4,1400,adafactor,7.163728713989258,7.100188255310059,1428364224000.0
RNNLM_wikipediaen32k_Patch32_LSTM256_Embed128,4,1400,sgd,6.908312797546387,6.870276927947998,1142691379200.0
RNNLM_wikipediaen32k_Patch32_LSTM256_Embed128,4,1500,celo,4.414813995361328,4.312375068664551,613936368000.0
RNNLM_wikipediaen32k_Patch32_LSTM256_Embed128,4,1500,celo_prune,4.704402923583984,4.58006477355957,613046232000.0
RNNLM_wikipediaen32k_Patch32_LSTM256_Embed128,4,1500,celo_q8,4.307114601135254,4.196381568908691,612601164000.0
RNNLM_wikipediaen32k_Patch32_LSTM256_Embed128,4,1500,adam,5.451608180999756,5.373721122741699,1836468288000.0
RNNLM_wikipediaen32k_Patch32_LSTM256_Embed128,4,1500,adafactor,6.978299617767334,6.939053535461426,1530390240000.0
RNNLM_wikipediaen32k_Patch32_LSTM256_Embed128,4,1500,sgd,6.706583023071289,6.670871257781982,1224312192000.0
RNNLM_wikipediaen32k_Patch32_LSTM256_Embed128,4,1600,celo,4.349822998046875,4.386124134063721,654865459200.0
RNNLM_wikipediaen32k_Patch32_LSTM256_Embed128,4,1600,celo_prune,4.63450813293457,4.657406330108643,653915980800.0
RNNLM_wikipediaen32k_Patch32_LSTM256_Embed128,4,1600,celo_q8,4.264928817749023,4.289416313171387,653441241600.0
RNNLM_wikipediaen32k_Patch32_LSTM256_Embed128,4,1600,adam,5.436036109924316,5.419803619384766,1958899507200.0
RNNLM_wikipediaen32k_Patch32_LSTM256_Embed128,4,1600,adafactor,7.029103755950928,6.985045433044434,1632416256000.0
RNNLM_wikipediaen32k_Patch32_LSTM256_Embed128,4,1600,sgd,6.739685535430908,6.69036865234375,1305933004800.0
RNNLM_wikipediaen32k_Patch32_LSTM256_Embed128,4,1700,celo,4.28325891494751,4.401912689208984,695794550400.0
RNNLM_wikipediaen32k_Patch32_LSTM256_Embed128,4,1700,celo_prune,4.532749176025391,4.679393768310547,694785729600.0
RNNLM_wikipediaen32k_Patch32_LSTM256_Embed128,4,1700,celo_q8,4.140925884246826,4.259116172790527,694281319200.0
RNNLM_wikipediaen32k_Patch32_LSTM256_Embed128,4,1700,adam,5.352826118469238,5.430777072906494,2081330726400.0
RNNLM_wikipediaen32k_Patch32_LSTM256_Embed128,4,1700,adafactor,6.949652194976807,6.970284461975098,1734442272000.0
RNNLM_wikipediaen32k_Patch32_LSTM256_Embed128,4,1700,sgd,6.688990592956543,6.678462028503418,1387553817600.0
RNNLM_wikipediaen32k_Patch32_LSTM256_Embed128,4,1800,celo,4.409601211547852,4.464003562927246,736723641600.0
RNNLM_wikipediaen32k_Patch32_LSTM256_Embed128,4,1800,celo_prune,4.742918491363525,4.771339416503906,735655478400.0
RNNLM_wikipediaen32k_Patch32_LSTM256_Embed128,4,1800,celo_q8,4.309397220611572,4.311437606811523,735121396800.0
RNNLM_wikipediaen32k_Patch32_LSTM256_Embed128,4,1800,adam,5.50466775894165,5.559484958648682,2203761945600.0
RNNLM_wikipediaen32k_Patch32_LSTM256_Embed128,4,1800,adafactor,7.016215801239014,7.034737586975098,1836468288000.0
RNNLM_wikipediaen32k_Patch32_LSTM256_Embed128,4,1800,sgd,6.778817176818848,6.820603847503662,1469174630400.0
RNNLM_wikipediaen32k_Patch32_LSTM256_Embed128,4,1900,celo,4.264352798461914,4.325909614562988,777652732800.0
RNNLM_wikipediaen32k_Patch32_LSTM256_Embed128,4,1900,celo_prune,4.604686260223389,4.6582489013671875,776525227200.0
RNNLM_wikipediaen32k_Patch32_LSTM256_Embed128,4,1900,celo_q8,4.1450581550598145,4.17481803894043,775961474400.0
RNNLM_wikipediaen32k_Patch32_LSTM256_Embed128,4,1900,adam,5.365147590637207,5.433199882507324,2326193164800.0
RNNLM_wikipediaen32k_Patch32_LSTM256_Embed128,4,1900,adafactor,6.959258079528809,6.972810745239258,1938494304000.0
RNNLM_wikipediaen32k_Patch32_LSTM256_Embed128,4,1900,sgd,6.685974597930908,6.7111334800720215,1550795443200.0
RNNLM_wikipediaen32k_Patch32_LSTM256_Embed128,4,2000,celo,4.0607476234436035,4.222836494445801,818581824000.0
RNNLM_wikipediaen32k_Patch32_LSTM256_Embed128,4,2000,celo_prune,4.41929817199707,4.585355281829834,817394976000.0
RNNLM_wikipediaen32k_Patch32_LSTM256_Embed128,4,2000,celo_q8,3.942272901535034,4.069613933563232,816801552000.0
RNNLM_wikipediaen32k_Patch32_LSTM256_Embed128,4,2000,adam,5.160337448120117,5.36818790435791,2448624384000.0
RNNLM_wikipediaen32k_Patch32_LSTM256_Embed128,4,2000,adafactor,6.889362335205078,6.948541164398193,2040520320000.0
RNNLM_wikipediaen32k_Patch32_LSTM256_Embed128,4,2000,sgd,6.5667405128479,6.6790876388549805,1632416256000.0
