step,celo_train,celo_val,celo_accum_sec,celo_hit_sec,celo_prune_train,celo_prune_val,celo_prune_accum_sec,celo_prune_hit_sec,celo_q8_train,celo_q8_val,celo_q8_accum_sec,celo_q8_hit_sec,adam_train,adam_val,adam_accum_sec,adam_hit_sec,adafactor_train,adafactor_val,adafactor_accum_sec,adafactor_hit_sec,sgd_train,sgd_val,sgd_accum_sec,sgd_hit_sec,celo2_train,celo2_val,celo2_accum_sec,celo2_hit_sec,celo2_prune_train,celo2_prune_val,celo2_prune_accum_sec,celo2_prune_hit_sec,celo2_q8_train,celo2_q8_val,celo2_q8_accum_sec,celo2_q8_hit_sec
1,10.90050983428955,nan,9.949889113999234,inf,10.889842987060547,nan,8.62413174699941,inf,10.83534049987793,nan,8.94906807100051,inf,10.883790969848633,nan,1.7130764520006778,inf,10.838858604431152,nan,2.454464021999229,inf,10.783918380737305,nan,0.005311388000336592,inf,10.82931900024414,nan,8.502524674000597,inf,10.893357276916504,nan,8.571689181999318,inf,10.832744598388672,nan,8.660356776999834,inf
2,10.440401077270508,nan,9.954754135998883,inf,10.406951904296875,nan,8.629265882000254,inf,10.385229110717773,nan,8.95453538000038,inf,10.395962715148926,nan,1.7356557190014428,inf,10.428634643554688,nan,2.5170211759977974,inf,10.495409965515137,nan,0.01133115400079987,inf,10.327495574951172,nan,8.508389898001042,inf,10.270347595214844,nan,8.577306183000474,inf,10.365962982177734,nan,8.663926543000343,inf
3,10.629411697387695,nan,9.958344271999522,inf,10.620145797729492,nan,8.632961187999172,inf,10.678871154785156,nan,8.958077415001753,inf,10.791036605834961,nan,1.7588094930015359,inf,10.861699104309082,nan,2.578816809998898,inf,10.784749984741211,nan,0.016489799001647043,inf,10.586495399475098,nan,8.511914062999494,inf,10.644779205322266,nan,8.580740337001771,inf,10.556949615478516,nan,8.66746497799977,inf
4,10.691335678100586,nan,9.961804845999723,inf,10.637505531311035,nan,8.636422741999922,inf,10.590938568115234,nan,8.961626610001986,inf,10.870187759399414,nan,1.7816560630017193,inf,10.79233169555664,nan,2.6391069249984866,inf,10.855369567871094,nan,0.02158099400185165,inf,10.601776123046875,nan,8.515532308998445,inf,10.625110626220703,nan,8.58425002200238,inf,10.628582954406738,nan,8.670967492998898,inf
5,10.320584297180176,nan,9.965364270999999,inf,10.112171173095703,nan,8.639923507000276,inf,10.191015243530273,nan,8.965167955000652,inf,10.496685028076172,nan,1.8063502370023343,inf,10.540237426757812,nan,2.692637553996974,inf,10.568353652954102,nan,0.027728252001907094,inf,10.158958435058594,nan,8.519041862999075,inf,10.134176254272461,nan,8.58772948600199,inf,10.146096229553223,nan,8.674626569998509,inf
6,10.49817943572998,nan,9.968832525000835,inf,10.275456428527832,nan,8.643446492000294,inf,10.438448905944824,nan,8.968754050001735,inf,10.891610145568848,nan,1.8262034690033033,inf,10.817525863647461,nan,2.7445709529984015,inf,10.861530303955078,nan,0.03263403500204731,inf,10.547680854797363,nan,8.522498147000078,inf,10.537826538085938,nan,8.591191960002106,inf,10.500259399414062,nan,8.678108103998966,inf
7,10.351930618286133,nan,9.972341099000914,inf,10.275611877441406,nan,8.647062258000005,inf,10.441777229309082,nan,8.972253584002829,inf,10.771652221679688,nan,1.8496297070032597,inf,10.80577278137207,nan,2.7983627949979564,inf,10.765702247619629,nan,0.038711172001058,inf,10.211051940917969,nan,8.525928261000445,inf,10.164728164672852,nan,8.594568983002318,inf,10.300792694091797,nan,8.681657788998564,inf
8,10.253328323364258,nan,9.975776713001324,inf,10.244770050048828,nan,8.650584921999325,inf,10.290376663208008,nan,8.975824669003487,inf,10.834100723266602,nan,1.872229424003308,inf,10.847366333007812,nan,2.8516013209991797,inf,10.750818252563477,nan,0.044033080001099734,inf,10.449874877929688,nan,8.52940396500162,inf,10.356099128723145,nan,8.597990997001034,inf,10.423113822937012,nan,8.68520995399922,inf
9,10.47016429901123,nan,9.979224447000888,inf,10.427881240844727,nan,8.65402293599982,inf,10.484615325927734,nan,8.979455215003327,inf,10.608247756958008,nan,1.8948795920041448,inf,10.605303764343262,nan,2.905269581999164,inf,10.57783031463623,nan,0.05015889800051809,inf,10.456216812133789,nan,8.532838889001141,inf,10.331514358520508,nan,8.60137197000222,inf,10.421310424804688,nan,8.68863927699931,inf
10,10.375503540039062,nan,9.982673161001003,inf,10.345726013183594,nan,8.65744443999938,inf,10.270092010498047,nan,8.982968969003196,inf,10.665210723876953,nan,1.9183338300044852,inf,10.663324356079102,nan,2.962088512998889,inf,10.670622825622559,nan,0.055571867000253405,inf,10.474063873291016,nan,8.536456685000303,inf,10.498579025268555,nan,8.604864334001832,inf,10.518896102905273,nan,8.692112400998667,inf
11,10.153417587280273,nan,9.986202716001571,inf,10.19019603729248,nan,8.66090522399827,inf,10.372365951538086,nan,8.986548335002226,inf,10.787674903869629,nan,1.9382760930038785,inf,11.008489608764648,nan,3.0132779229988955,inf,10.809507369995117,nan,0.06044645899964962,inf,10.458288192749023,nan,8.539938849000464,inf,10.384212493896484,nan,8.608315367002433,inf,10.526991844177246,nan,8.695580804998826,inf
12,9.591391563415527,nan,9.989686470000379,inf,9.437161445617676,nan,8.66436501699718,inf,9.462890625,nan,8.990094970002247,inf,10.788167953491211,nan,1.9582955570040212,inf,10.768268585205078,nan,3.066406026999175,inf,10.711979866027832,nan,0.06528265999986615,inf,9.714049339294434,nan,8.54339879300096,inf,9.707984924316406,nan,8.612396699003511,inf,10.0831298828125,nan,8.69908803999897,inf
13,9.44327163696289,nan,9.993250915000317,inf,9.691492080688477,nan,8.667864120996455,inf,9.817241668701172,nan,8.993725676002214,inf,10.746623992919922,nan,1.9782062500034954,inf,10.780265808105469,nan,3.1173451029990247,inf,10.62059211730957,nan,0.07016360200032068,inf,9.855615615844727,nan,8.54683686700082,inf,9.935872077941895,nan,8.615738612004861,inf,10.027103424072266,nan,8.702483692997703,inf
14,9.95923900604248,nan,9.996655148001082,inf,9.685237884521484,nan,8.671407634996285,inf,9.937814712524414,nan,8.99717136900108,inf,10.756547927856445,nan,1.998515977002171,inf,10.948898315429688,nan,3.1688449369976297,inf,10.860023498535156,nan,0.0750175829998625,inf,10.412389755249023,nan,8.550289370999963,inf,10.466569900512695,nan,8.619136825005626,inf,10.40745735168457,nan,8.70592880699769,inf
15,8.851255416870117,nan,10.000165862000358,inf,8.749808311462402,nan,8.6748584989964,inf,9.049493789672852,nan,9.000744094000765,inf,10.407953262329102,nan,2.0182958880031947,inf,10.432122230529785,nan,3.2203712509981415,inf,10.370819091796875,nan,0.0799676360002195,inf,9.327363967895508,nan,8.553707273998953,inf,9.7305326461792,nan,8.622557348006012,inf,9.946857452392578,nan,8.709352130998013,inf
16,9.047502517700195,nan,10.00363029500113,inf,9.083452224731445,nan,8.678302812997572,inf,9.327425956726074,nan,9.004272218000551,inf,10.791435241699219,nan,2.038188971004274,inf,10.835472106933594,nan,3.271810963999087,inf,10.82643985748291,nan,0.08490794799945434,inf,9.537985801696777,nan,8.557075296999756,inf,9.754007339477539,nan,8.625954371005719,inf,10.063827514648438,nan,8.712722633998055,inf
17,8.409881591796875,nan,10.007111689001249,inf,8.341695785522461,nan,8.681716405997577,inf,8.427696228027344,nan,9.007813812999302,inf,10.85239028930664,nan,2.0580117230038013,inf,10.890299797058105,nan,3.32601373199941,inf,10.736676216125488,nan,0.09022195499892405,inf,8.956822395324707,nan,8.560672923000311,inf,9.147785186767578,nan,8.629464925006687,inf,9.520318984985352,nan,8.7162743889985,inf
18,7.61558198928833,nan,10.010663454000678,inf,7.525627136230469,nan,8.685351491998517,inf,7.495771408081055,nan,9.011256746000072,inf,10.435522079467773,nan,2.0789256780044525,inf,10.633613586425781,nan,3.3797879939993436,inf,10.314473152160645,nan,0.09511561699946469,inf,8.290406227111816,nan,8.564091686999745,inf,8.450597763061523,nan,8.632915799007606,inf,8.609207153320312,nan,8.720186618998923,inf
19,7.538152694702148,nan,10.014282269999967,inf,7.6867523193359375,nan,8.689206020999336,inf,7.587283134460449,nan,9.015258397001162,inf,10.845574378967285,nan,2.0992370060048415,inf,10.801198959350586,nan,3.4311236449993885,inf,10.571624755859375,nan,0.10010325999792258,inf,8.425477981567383,nan,8.56771269300043,inf,8.537309646606445,nan,8.636458214008599,inf,9.30795669555664,nan,8.723850085998492,inf
20,7.838141441345215,nan,10.019949331999669,inf,7.956639289855957,nan,8.69263240500004,inf,7.722975730895996,nan,9.018676640002013,inf,10.691856384277344,nan,2.119140219003384,inf,10.694074630737305,nan,3.482051491000675,inf,10.594802856445312,nan,0.10496536199752882,inf,8.727118492126465,nan,8.571202367002115,inf,8.863401412963867,nan,8.639899288009474,inf,9.277034759521484,nan,8.72731205999844,inf
21,8.141347885131836,nan,10.023456435999833,inf,7.9378252029418945,nan,8.696242030999201,inf,8.156959533691406,nan,9.022177385002578,inf,10.381860733032227,nan,2.139000801003931,inf,10.448101997375488,nan,3.5328406860007817,inf,10.155458450317383,nan,0.10987834399747953,inf,8.865665435791016,nan,8.57466221100367,inf,9.160286903381348,nan,8.643279601008544,inf,9.233489990234375,nan,8.730840034997527,inf
22,7.588931083679199,nan,10.027489996999066,inf,7.646889686584473,nan,8.699709424998218,inf,7.711930751800537,nan,9.025812131003477,inf,10.67214584350586,nan,2.158995865003817,inf,10.722335815429688,nan,3.5844789010006934,inf,10.52430534362793,nan,0.11472599499757052,inf,8.340251922607422,nan,8.578122945003997,inf,8.327701568603516,nan,8.646676424008547,inf,8.647008895874023,nan,8.734260727997025,inf
23,9.18607234954834,nan,10.031026811999254,inf,9.177303314208984,nan,8.703155058998163,inf,9.327882766723633,nan,9.029333865004446,inf,10.717473983764648,nan,2.178791987003933,inf,10.739747047424316,nan,3.63527081599932,inf,10.434306144714355,nan,0.11959124599889037,inf,9.553285598754883,nan,8.581533679003769,inf,9.512009620666504,nan,8.65007162700931,inf,9.62789535522461,nan,8.737703280998176,inf
24,8.57044792175293,nan,10.034476464998079,inf,8.525543212890625,nan,8.7067034039992,inf,8.758752822875977,nan,9.032757529004812,inf,10.78500747680664,nan,2.19878765100475,inf,10.737056732177734,nan,3.6855497549986467,inf,10.639350891113281,nan,0.12440201599929424,inf,9.256246566772461,nan,8.5849324730043,inf,9.494791030883789,nan,8.653530411009342,inf,9.797757148742676,nan,8.741489688998627,inf
25,7.994808197021484,nan,10.038231792997976,inf,8.108747482299805,nan,8.710275108998758,inf,7.872233867645264,nan,9.036406495004485,inf,10.700961112976074,nan,2.219032758004687,inf,10.688773155212402,nan,3.736742544999288,inf,10.316211700439453,nan,0.12931627899888554,inf,8.652127265930176,nan,8.588491438003985,inf,8.674490928649902,nan,8.65706753600898,inf,8.706558227539062,nan,8.744986932999382,inf
26,8.316003799438477,nan,10.041729827999006,inf,8.367734909057617,nan,8.713754872998834,inf,8.300771713256836,nan,9.040059031003693,inf,10.59721851348877,nan,2.239103342004455,inf,10.680891990661621,nan,3.787937544999295,inf,10.364021301269531,nan,0.1342016809994675,inf,8.926291465759277,nan,8.591981622003004,inf,9.23031997680664,nan,8.660494599009326,inf,9.352624893188477,nan,8.74851839800067,inf
27,8.6612548828125,nan,10.045205201999124,inf,8.440132141113281,nan,8.717260056999294,inf,8.56644058227539,nan,9.04362458700416,inf,10.648303985595703,nan,2.2588696030034043,inf,10.706500053405762,nan,3.839012772999922,inf,10.807012557983398,nan,0.13903348199892207,inf,9.254753112792969,nan,8.595371075001822,inf,9.51507568359375,nan,8.663851871009683,inf,9.694639205932617,nan,8.751914911001222,inf
28,7.979372024536133,nan,10.048613264998494,inf,7.972317695617676,nan,8.720891012999346,inf,8.0286865234375,nan,9.047103232003792,inf,10.726627349853516,nan,2.278656544003752,inf,10.773677825927734,nan,3.8924299310001516,inf,10.598709106445312,nan,0.1440087749997474,inf,9.046121597290039,nan,8.598910650001926,inf,9.266225814819336,nan,8.667303685009756,inf,9.389118194580078,nan,8.755391926000812,inf
29,7.464080333709717,nan,10.05212581899832,inf,7.310063362121582,nan,8.72451887799798,inf,7.396583557128906,nan,9.050536396003736,inf,10.812331199645996,nan,2.2986291170036566,inf,10.907167434692383,nan,3.9448621360006655,inf,10.702219009399414,nan,0.14922284100066463,inf,8.247257232666016,nan,8.602433244001077,inf,8.318318367004395,nan,8.670727589009402,inf,8.525644302368164,nan,8.758843670000715,inf
30,7.55062198638916,nan,10.05567388399868,inf,7.601541042327881,nan,8.727949991996866,inf,7.718576908111572,nan,9.054022510003051,inf,10.669244766235352,nan,2.318554610003048,inf,10.73436164855957,nan,3.9962324379994243,inf,10.52320671081543,nan,0.15412665300027584,inf,8.811443328857422,nan,8.605845407000743,inf,8.847326278686523,nan,8.674088931009464,inf,8.907254219055176,nan,8.76224405299945,inf
31,7.592843532562256,nan,10.059134498000276,inf,7.50902795791626,nan,8.731338454997967,inf,7.711564064025879,nan,9.057490353003232,inf,10.512404441833496,nan,2.3390062600046804,inf,10.588957786560059,nan,4.046994262998851,inf,10.354825973510742,nan,0.15912911600025836,inf,8.13752555847168,nan,8.609442743001637,inf,8.487200736999512,nan,8.677531914010615,inf,8.32502269744873,nan,8.76572499699978,inf
32,7.437378883361816,nan,10.062633293000545,inf,7.474612712860107,nan,8.734998060997896,inf,7.436708450317383,nan,9.060985747002633,inf,10.684347152709961,nan,2.3594164890037064,inf,10.843477249145508,nan,4.097655985999154,inf,10.288145065307617,nan,0.1640922890001093,inf,7.720459938049316,nan,8.612854067001535,inf,7.692391395568848,nan,8.68089659701036,inf,7.546521186828613,nan,8.769131779999952,inf
33,7.510037899017334,nan,10.066081786000723,inf,7.4871826171875,nan,8.738611616998242,inf,7.5622429847717285,nan,9.064437481001733,inf,10.731396675109863,nan,2.3797305970037996,inf,10.835165023803711,nan,4.149765237998508,inf,10.521537780761719,nan,0.16906782199839654,inf,8.224794387817383,nan,8.616276670001753,inf,8.329521179199219,nan,8.684260110010655,inf,8.361472129821777,nan,8.7726768550001,inf
34,7.420312881469727,nan,10.069501838999713,inf,7.385127067565918,nan,8.742079450999881,inf,7.423500061035156,nan,9.067839614001059,inf,10.757050514221191,nan,2.399997214002724,inf,10.862935066223145,nan,4.202289033999477,inf,10.380194664001465,nan,0.17400438499862503,inf,7.906920433044434,nan,8.619700544000807,inf,7.860268592834473,nan,8.688176430010571,inf,8.166788101196289,nan,8.776176469000347,inf
35,9.102701187133789,nan,10.073078743998849,inf,9.129247665405273,nan,8.74570294699879,inf,9.065622329711914,nan,9.071343708001223,inf,10.619885444641113,nan,2.4200979090037436,inf,10.797752380371094,nan,4.255120693998833,inf,10.568492889404297,nan,0.17901852899922233,inf,9.634468078613281,nan,8.623302380001405,inf,9.45675277709961,nan,8.691788755009838,inf,9.698493957519531,nan,8.779892145999838,inf
36,7.688772678375244,nan,10.07681464199959,inf,7.724600315093994,nan,8.749419934998514,inf,7.6156229972839355,nan,9.074927363000825,inf,10.833763122558594,nan,2.440042632002587,inf,10.734976768493652,nan,4.307453927998722,inf,10.445100784301758,nan,0.18398930199873575,inf,8.07886791229248,nan,8.626845985001637,inf,8.302213668823242,nan,8.695223439010078,inf,8.241528511047363,nan,8.783497442000225,inf
37,7.480666160583496,nan,10.080272065999452,inf,7.46940279006958,nan,8.752932209998107,inf,7.447338581085205,nan,9.078476407999915,inf,10.822036743164062,nan,2.4603842310025357,inf,10.851423263549805,nan,4.360212197998408,inf,10.366670608520508,nan,0.18896775499888463,inf,8.084259986877441,nan,8.63026279800215,inf,7.976003646850586,nan,8.698614092010757,inf,8.145349502563477,nan,8.78708321799968,inf
38,8.291485786437988,nan,10.083693589000177,inf,8.322052001953125,nan,8.756435644998419,inf,8.426654815673828,nan,9.082017553000696,inf,10.58454704284668,nan,2.4806722680023086,inf,10.54875373840332,nan,4.412287408998964,inf,10.525030136108398,nan,0.19391912699938985,inf,8.820535659790039,nan,8.633632111002953,inf,8.884407043457031,nan,8.701956985010838,inf,8.97911262512207,nan,8.790617033000672,inf
39,8.170910835266113,nan,10.087110442000267,inf,8.123006820678711,nan,8.759930278998581,inf,8.191866874694824,nan,9.08570360000158,inf,10.644065856933594,nan,2.50101298500158,inf,10.70072078704834,nan,4.464434960998915,inf,10.441812515258789,nan,0.19892444099968998,inf,8.313404083251953,nan,8.637034464003591,inf,8.30875015258789,nan,8.705332588011515,inf,8.66085147857666,nan,8.794064146000892,inf
40,7.536965370178223,nan,10.09059127600085,inf,7.17490291595459,nan,8.763344201999644,inf,7.423766136169434,nan,9.089228395001555,inf,10.77841567993164,nan,2.5213558630021,inf,10.891252517700195,nan,4.516754655998739,inf,10.466609954833984,nan,0.20393912499821454,inf,7.855710983276367,nan,8.640555908004899,inf,7.881569862365723,nan,8.708782762010742,inf,8.188161849975586,nan,8.797752943000887,inf
41,5.719013214111328,nan,10.094066900001053,inf,5.667417049407959,nan,8.766945316998317,inf,5.511406421661377,nan,9.092663278001055,inf,10.706658363342285,nan,2.5417572620026476,inf,10.899845123291016,nan,4.568876367997291,inf,9.990974426269531,nan,0.2088429469986295,inf,5.629161834716797,nan,8.643975512004545,inf,5.752005577087402,nan,8.712176675011506,inf,5.71729850769043,nan,8.801269777000925,inf
42,7.830171585083008,nan,10.097540725000727,inf,7.82804012298584,nan,8.770369410998683,inf,7.694881439208984,nan,9.09619110300082,inf,10.578481674194336,nan,2.5632604850034113,inf,10.703548431396484,nan,4.629152582996539,inf,10.323402404785156,nan,0.21499808499902429,inf,8.113862991333008,nan,8.64737293500366,inf,7.894879341125488,nan,8.715544338010659,inf,8.074453353881836,nan,8.804785071999504,inf
43,6.884564399719238,nan,10.101389254001333,inf,6.898331642150879,nan,8.773748653999064,inf,6.888278961181641,nan,9.099721998001769,inf,10.697668075561523,nan,2.584842569001921,inf,10.712541580200195,nan,4.692413175995171,inf,9.977519989013672,nan,0.22125620399856416,inf,6.779659271240234,nan,8.650849159002973,inf,6.864908218383789,nan,8.718937451010788,inf,6.996058940887451,nan,8.808221045999744,inf
44,7.575162887573242,nan,10.104835017000369,inf,7.619809150695801,nan,8.777235157998803,inf,7.622347831726074,nan,9.103297633002512,inf,10.702716827392578,nan,2.6087711720010702,inf,10.907938003540039,nan,4.751862950995928,inf,10.158334732055664,nan,0.2271179179988394,inf,7.863866806030273,nan,8.654348443003983,inf,8.191581726074219,nan,8.722380535011325,inf,8.029577255249023,nan,8.811698330000581,inf
45,6.4377923011779785,nan,10.108978330001264,inf,6.630978584289551,nan,8.780737921999389,inf,6.605703353881836,nan,9.107103861002543,inf,10.602737426757812,nan,2.6289570790013386,inf,10.795997619628906,nan,4.809129747996849,inf,9.950719833374023,nan,0.23333406599886075,inf,6.792385101318359,nan,8.657865897002921,inf,6.781205177307129,nan,8.725748338010817,inf,7.02808952331543,nan,8.815208764001,inf
46,8.688848495483398,nan,10.112800748001973,inf,8.684807777404785,nan,8.784098004998668,inf,8.58522891998291,nan,9.11128868400192,inf,10.576088905334473,nan,2.6499134750010853,inf,10.77031135559082,nan,4.863081052997586,inf,10.190450668334961,nan,0.2383212389977416,inf,8.749261856079102,nan,8.661241800002244,inf,8.708673477172852,nan,8.729109271011112,inf,8.990453720092773,nan,8.818616347001807,inf
47,7.36837100982666,nan,10.116216001000794,inf,7.334560394287109,nan,8.787635609998688,inf,7.4331769943237305,nan,9.114711507003449,inf,10.596193313598633,nan,2.6705743370002892,inf,10.612675666809082,nan,4.923482699996384,inf,10.089306831359863,nan,0.243791708997378,inf,7.6843953132629395,nan,8.664701724001134,inf,7.542822360992432,nan,8.732537924011922,inf,7.621026515960693,nan,8.822280554002646,inf
48,7.3878326416015625,nan,10.119698975002393,inf,7.4016499519348145,nan,8.791063822998694,inf,7.352029323577881,nan,9.118247842003257,inf,10.795326232910156,nan,2.6932072839990724,inf,10.986309051513672,nan,4.975860684997315,inf,9.990795135498047,nan,0.2492923579975468,inf,7.594240665435791,nan,8.668331591001333,inf,7.655135631561279,nan,8.736020749012823,inf,7.666698455810547,nan,8.825946531003865,inf
49,8.695051193237305,nan,10.123199699000907,inf,8.617974281311035,nan,8.794608137997784,inf,8.759315490722656,nan,9.121866298004534,inf,10.80639934539795,nan,2.7131627179987845,inf,10.82673454284668,nan,5.028451191998101,inf,10.613567352294922,nan,0.25425475199881475,inf,8.862984657287598,nan,8.671732704000533,inf,8.78215217590332,nan,8.739382311014197,inf,8.997505187988281,nan,8.829453935004494,inf
50,7.740236759185791,nan,10.126676203000898,inf,7.755162239074707,nan,8.797961130996555,inf,7.67925500869751,nan,9.125310222005282,inf,10.67390251159668,nan,2.7333558349982923,inf,10.748979568481445,nan,5.0839612769996165,inf,10.154685974121094,nan,0.2595294489983644,inf,7.76777458190918,nan,8.675179637999463,inf,7.960071563720703,nan,8.742828134014417,inf,7.954221725463867,nan,8.833014501005891,inf
51,7.701764106750488,nan,10.130127637001351,inf,7.595190525054932,nan,8.801462404995618,inf,7.588376045227051,nan,9.128852567004287,inf,10.542652130126953,nan,2.7546841359999235,inf,10.802943229675293,nan,5.139464052001131,inf,10.027800559997559,nan,0.26485640699866053,inf,7.557104587554932,nan,8.678597790998538,inf,7.689737796783447,nan,8.74617468701399,inf,7.758038520812988,nan,8.836505526005567,inf
52,7.1994829177856445,nan,10.133596791001764,inf,7.043247222900391,nan,8.804905908995352,inf,7.084790229797363,nan,9.132392032004645,inf,10.652521133422852,nan,2.7753369080000994,inf,10.776248931884766,nan,5.191313459999947,inf,10.237284660339355,nan,0.2697726890000922,inf,7.365897178649902,nan,8.682064184999035,inf,7.4759368896484375,nan,8.749592440015476,inf,7.6255388259887695,nan,8.83996023000691,inf
53,6.5997314453125,nan,10.137117916001444,inf,6.568842887878418,nan,8.808410792995346,inf,6.5625200271606445,nan,9.135939937004878,inf,10.569072723388672,nan,2.7956156350010133,inf,10.797059059143066,nan,5.242915246000848,inf,9.810667037963867,nan,0.2746382099994662,inf,6.81716251373291,nan,8.685595299997658,inf,6.617327690124512,nan,8.753058834015974,inf,6.540321350097656,nan,8.843620796007599,inf
54,7.0854902267456055,nan,10.140596220002408,inf,7.141814231872559,nan,8.811876766994828,inf,7.1285295486450195,nan,9.139489612003672,inf,10.639494895935059,nan,2.816376828999637,inf,10.888193130493164,nan,5.29541575300027,inf,9.858146667480469,nan,0.2795628219992068,inf,7.325228691101074,nan,8.689007243998276,inf,7.264410972595215,nan,8.756459947016992,inf,7.425341606140137,nan,8.847130351008673,inf
55,7.911980628967285,nan,10.144137435003358,inf,7.953627586364746,nan,8.815249269995547,inf,7.957444667816162,nan,9.142981186003453,inf,10.627237319946289,nan,2.8366488560004655,inf,10.687002182006836,nan,5.347983790001308,inf,9.817292213439941,nan,0.2844868439988204,inf,8.108562469482422,nan,8.69237180699929,inf,7.9364848136901855,nan,8.759814760016525,inf,8.009885787963867,nan,8.85052804400766,inf
56,8.701642036437988,nan,10.147875862003275,inf,8.738752365112305,nan,8.818934515995352,inf,8.818973541259766,nan,9.146666793003533,inf,10.407035827636719,nan,2.856533137999577,inf,10.432428359985352,nan,5.400055011001314,inf,10.135421752929688,nan,0.28946603699841944,inf,8.844064712524414,nan,8.695747519999713,inf,8.993006706237793,nan,8.763166162016205,inf,8.973958015441895,nan,8.853938287007622,inf
57,6.7502899169921875,nan,10.151277165003194,inf,6.706147193908691,nan,8.822571802995299,inf,6.879505157470703,nan,9.150289489003626,inf,10.784908294677734,nan,2.876501400998677,inf,10.881208419799805,nan,5.45194143000117,inf,10.069437026977539,nan,0.29439726999953564,inf,6.671844482421875,nan,8.699264514998504,inf,6.700303077697754,nan,8.766639857016344,inf,6.843823432922363,nan,8.857428201008588,inf
58,7.01896333694458,nan,10.154818020002494,inf,7.028042793273926,nan,8.826064027995017,inf,7.042379379272461,nan,9.153849644004367,inf,10.453203201293945,nan,2.896616336000079,inf,10.610876083374023,nan,5.504288145000828,inf,9.966222763061523,nan,0.2993079019997822,inf,6.962883949279785,nan,8.702623147999475,inf,7.169387340545654,nan,8.769962379015851,inf,7.189460754394531,nan,8.860811454009308,inf
59,7.530062675476074,nan,10.158217093003259,inf,7.454526901245117,nan,8.829658442995424,inf,7.4179792404174805,nan,9.157307277004293,inf,10.55825424194336,nan,2.9167708519998996,inf,10.737727165222168,nan,5.556084422001732,inf,9.869813919067383,nan,0.3044498969993583,inf,7.37729549407959,nan,8.706004890998884,inf,7.4513750076293945,nan,8.773335172016232,inf,7.51641845703125,nan,8.864201178008443,inf
60,7.609828472137451,nan,10.161676217001514,inf,7.690424919128418,nan,8.83306802599509,inf,7.74943733215332,nan,9.160811031004414,inf,10.418266296386719,nan,2.936300059998757,inf,10.558692932128906,nan,5.607851549002589,inf,10.058937072753906,nan,0.30927054899984796,inf,7.653861999511719,nan,8.709347193998838,inf,7.743415832519531,nan,8.776659515016945,inf,7.7652082443237305,nan,8.867651182008558,inf
61,6.732958793640137,nan,10.165084211002977,inf,6.719976902008057,nan,8.836513129996092,inf,6.958481788635254,nan,9.164274595004827,inf,10.58345890045166,nan,2.9558721279991005,inf,10.765480995178223,nan,5.6582156580025185,inf,9.658180236816406,nan,0.3140827500010346,inf,7.016451835632324,nan,8.712797127998783,inf,6.8852458000183105,nan,8.780076838016612,inf,6.706309795379639,nan,8.871205257008114,inf
62,6.822619438171387,nan,10.168534964002902,inf,6.703581809997559,nan,8.84005519499624,inf,6.8259148597717285,nan,9.167917821003357,inf,10.691102981567383,nan,2.9765660199991544,inf,10.817797660827637,nan,5.711750727003164,inf,9.949066162109375,nan,0.318935302000682,inf,6.969220161437988,nan,8.71625308199873,inf,6.919903755187988,nan,8.783497892016385,inf,6.74936580657959,nan,8.874766483007988,inf
63,6.4308929443359375,nan,10.172010158003104,inf,6.367236137390137,nan,8.84360268999626,inf,6.583974361419678,nan,9.1715929280017,inf,10.44370174407959,nan,2.9965370739992068,inf,10.554197311401367,nan,5.762480801002312,inf,9.840824127197266,nan,0.32386172500082466,inf,6.32591438293457,nan,8.719629944998815,inf,6.585115432739258,nan,8.786872045016935,inf,6.637376308441162,nan,8.87817538600757,inf
64,8.57301139831543,nan,10.175469931004045,inf,8.423866271972656,nan,8.847009572997194,inf,8.407567024230957,nan,9.175097303001166,inf,10.596983909606934,nan,3.016408085997682,inf,10.668795585632324,nan,5.814142627001274,inf,10.098283767700195,nan,0.3287002659999416,inf,8.541717529296875,nan,8.723027868998543,inf,8.386686325073242,nan,8.79023493801651,inf,8.408248901367188,nan,8.881587189007405,inf
65,7.941104888916016,nan,10.178888214004473,inf,8.12788200378418,nan,8.850603358996523,inf,7.933653354644775,nan,9.178515417001108,inf,10.701837539672852,nan,3.036295837997386,inf,10.981977462768555,nan,5.864293833001284,inf,10.031620025634766,nan,0.3334913170001528,inf,8.032000541687012,nan,8.72639404199981,inf,7.937047004699707,nan,8.793581511017692,inf,8.299388885498047,nan,8.88508130300579,inf
66,7.4954833984375,nan,10.182337398004165,inf,7.55771541595459,nan,8.853994851997413,inf,7.599939346313477,nan,9.181981342000654,inf,10.580047607421875,nan,3.056167299997469,inf,10.691469192504883,nan,5.914632482001252,inf,9.833654403686523,nan,0.3383316380004544,inf,7.878603935241699,nan,8.72983598599967,inf,7.837276458740234,nan,8.796963984017566,inf,8.002945899963379,nan,8.888707388006878,inf
67,6.279083251953125,nan,10.185849222005345,inf,6.222051620483398,nan,8.857486705997871,inf,6.298590660095215,nan,9.185609388001467,inf,10.307939529418945,nan,3.076138673997775,inf,10.561920166015625,nan,5.965484218000711,inf,9.261602401733398,nan,0.34318870000060997,inf,6.279231071472168,nan,8.733304400000634,inf,6.194618225097656,nan,8.800392978018863,inf,6.176878452301025,nan,8.892125461006799,inf
68,7.458536148071289,nan,10.189808062004886,inf,7.39283561706543,nan,8.860973869997906,inf,7.428552627563477,nan,9.189575818001686,inf,10.6051607131958,nan,3.1003298809973785,inf,10.72298812866211,nan,6.019263661000878,inf,9.898712158203125,nan,0.34810994200051937,inf,7.443662166595459,nan,8.736697643000298,inf,7.383022308349609,nan,8.803765151020343,inf,7.3450517654418945,nan,8.89552053400621,inf
69,6.572319030761719,nan,10.19326329600517,inf,6.4625163078308105,nan,8.864398412997616,inf,6.721314907073975,nan,9.193060122001043,inf,10.191864013671875,nan,3.1201347329970304,inf,10.595390319824219,nan,6.07005487600145,inf,9.416401863098145,nan,0.35294262299976253,inf,6.5173139572143555,nan,8.74005744600072,inf,6.55640983581543,nan,8.807102773020233,inf,6.532377243041992,nan,8.898885206004707,inf
70,6.276403903961182,nan,10.196663059005004,inf,6.119725227355957,nan,8.867965548997745,inf,6.188639163970947,nan,9.196523176000483,inf,10.403216361999512,nan,3.1397340019975672,inf,10.660957336425781,nan,6.1258532740012015,inf,8.908886909484863,nan,0.3587400160013203,inf,6.083650588989258,nan,8.74350214000151,inf,6.179556369781494,nan,8.810482745020636,inf,6.199831485748291,nan,8.90253441200548,inf
71,8.362985610961914,nan,10.200116393005374,inf,8.357450485229492,nan,8.87165243599702,inf,8.280912399291992,nan,9.200190572000793,inf,10.501609802246094,nan,3.1596464949980145,inf,10.671699523925781,nan,6.177373248001459,inf,10.083194732666016,nan,0.363791770001626,inf,8.271782875061035,nan,8.747236837001765,inf,8.278986930847168,nan,8.814065650019984,inf,8.382759094238281,nan,8.906110798005102,inf
72,6.91499137878418,nan,10.203719259005084,inf,7.03703498840332,nan,8.875362862996553,inf,6.905163288116455,nan,9.203809898001055,inf,10.269845962524414,nan,3.1809719759985455,inf,10.55534553527832,nan,6.229015824001181,inf,9.367826461791992,nan,0.36872389200107136,inf,6.8784589767456055,nan,8.750664141001835,inf,6.851778984069824,nan,8.817484244020307,inf,6.922951698303223,nan,8.90952631100663,inf
73,7.299844741821289,nan,10.20717048300503,inf,7.475364685058594,nan,8.878738085995792,inf,7.498533725738525,nan,9.20729778200257,inf,10.50710678100586,nan,3.2009317989977717,inf,10.641071319580078,nan,6.280627659001766,inf,9.74498176574707,nan,0.3736386240016145,inf,7.439347267150879,nan,8.754096725002455,inf,7.578158378601074,nan,8.82088159702107,inf,7.625049591064453,nan,8.912948984007016,inf
74,7.61549186706543,nan,10.210594807003872,inf,7.520348072052002,nan,8.88226262099488,inf,7.605535984039307,nan,9.210772886002815,inf,10.617481231689453,nan,3.221029283997268,inf,10.803877830505371,nan,6.332315235000351,inf,9.341409683227539,nan,0.37874524800099607,inf,7.761425018310547,nan,8.757444518001648,inf,7.616044044494629,nan,8.824189589020534,inf,7.648366928100586,nan,8.916395828005989,inf
75,7.097655773162842,nan,10.214033061003647,inf,7.09698486328125,nan,8.885626882994984,inf,7.148265838623047,nan,9.214213450002717,inf,10.488141059875488,nan,3.2412523009970755,inf,10.833328247070312,nan,6.385349778000091,inf,8.840174674987793,nan,0.38363442000081704,inf,7.246298789978027,nan,8.760885162000704,inf,7.242084503173828,nan,8.827579142020113,inf,7.207371711730957,nan,8.919938993007236,inf
76,6.687804222106934,nan,10.217577756004175,inf,6.640145301818848,nan,8.889357849995577,inf,6.732239246368408,nan,9.217754365003202,inf,10.597809791564941,nan,3.262862364998,inf,10.916372299194336,nan,6.440293355000904,inf,9.481300354003906,nan,0.38893018800081336,inf,6.576694965362549,nan,8.764361186000315,inf,6.638720512390137,nan,8.831022786020185,inf,6.811115264892578,nan,8.92336354600775,inf
77,6.544168472290039,nan,10.221045390004292,inf,6.417991638183594,nan,8.892734742996254,inf,6.469078063964844,nan,9.221177608003927,inf,10.402437210083008,nan,3.2842361869988963,inf,10.599600791931152,nan,6.492073583000092,inf,9.20010757446289,nan,0.393845891001547,inf,6.298764228820801,nan,8.767776679000235,inf,6.347740173339844,nan,8.83440136902027,inf,6.354397296905518,nan,8.926768460007224,inf
78,6.643856048583984,nan,10.224508904004324,inf,6.568732261657715,nan,8.896128045997102,inf,6.6892900466918945,nan,9.224657812004807,inf,10.763815879821777,nan,3.304308291997586,inf,11.067018508911133,nan,6.543783679000626,inf,9.08639907836914,nan,0.3987359330021718,inf,6.752535820007324,nan,8.771167962000618,inf,6.8237996101379395,nan,8.83778391101987,inf,6.9489006996154785,nan,8.930150383006549,inf
79,6.290994644165039,nan,10.22786360700411,inf,6.286242485046387,nan,8.899577798996688,inf,6.14847469329834,nan,9.228037485005189,inf,10.357101440429688,nan,3.3248278919982113,inf,10.621508598327637,nan,6.595588965999923,inf,8.144213676452637,nan,0.4043597550025879,inf,6.194732666015625,nan,8.774679086000106,inf,6.31944465637207,nan,8.841207835021123,inf,6.330451011657715,nan,8.933625787007259,inf
80,8.858686447143555,nan,10.231359532004717,inf,8.712211608886719,nan,8.90325784599554,inf,8.770482063293457,nan,9.231961624005635,inf,10.581755638122559,nan,3.345266221998827,inf,10.81612777709961,nan,6.648088813000868,inf,10.124171257019043,nan,0.40924600700236624,inf,8.909991264343262,nan,8.77817621000031,inf,8.960214614868164,nan,8.844660259021111,inf,8.79674243927002,nan,8.937090981007714,inf
81,7.394717216491699,nan,10.234910967004907,inf,7.4214582443237305,nan,8.906758929995704,inf,7.422358512878418,nan,9.235529769006462,inf,10.501091003417969,nan,3.3680248109994864,inf,10.624343872070312,nan,6.6998746799999935,inf,9.179266929626465,nan,0.41409589900285937,inf,7.359836578369141,nan,8.781571602999975,inf,7.428847312927246,nan,8.848021762021745,inf,7.391357898712158,nan,8.940493684007379,inf
82,5.674399375915527,nan,10.23832691100506,inf,5.745500564575195,nan,8.910328664995177,inf,5.750881195068359,nan,9.238985123005477,inf,10.293025970458984,nan,3.3882206869984657,inf,10.586580276489258,nan,6.754567074000079,inf,8.024805068969727,nan,0.4194016960027511,inf,5.727562427520752,nan,8.78497872600019,inf,5.80525016784668,nan,8.851399654022316,inf,5.808790683746338,nan,8.943907017006495,inf
83,8.109994888305664,nan,10.241764465004962,inf,8.245196342468262,nan,8.913865749995239,inf,8.108500480651855,nan,9.242442507005762,inf,10.501838684082031,nan,3.4091902739983198,inf,10.668078422546387,nan,6.809463661000336,inf,10.016096115112305,nan,0.42468247300348594,inf,8.29255485534668,nan,8.788405958999647,inf,8.149415016174316,nan,8.854754186022546,inf,8.26002311706543,nan,8.947528383005192,inf
84,8.861510276794434,nan,10.245157748004203,inf,8.937376976013184,nan,8.917359433995443,inf,8.905778884887695,nan,9.24589144100537,inf,10.632410049438477,nan,3.43020212099691,inf,10.895620346069336,nan,6.864236786001129,inf,10.297136306762695,nan,0.43002148100276827,inf,9.049437522888184,nan,8.79206414500004,inf,9.051597595214844,nan,8.858286121023411,inf,9.128789901733398,nan,8.951049678003983,inf
85,8.571556091308594,nan,10.248680912005511,inf,8.630417823791504,nan,8.920871157995862,inf,8.508893966674805,nan,9.249492667004233,inf,10.647625923156738,nan,3.4514688809977088,inf,10.823081016540527,nan,6.919464387001426,inf,10.123197555541992,nan,0.43535145800342434,inf,8.73465347290039,nan,8.795539790000475,inf,8.78955078125,nan,8.86169804502424,inf,8.546529769897461,nan,8.954667024003356,inf
86,7.7531280517578125,nan,10.252114055005222,inf,7.743831157684326,nan,8.924373001995264,inf,7.660777568817139,nan,9.252874230005546,inf,10.501625061035156,nan,3.4724354479967587,inf,10.679121017456055,nan,6.974180961000457,inf,9.37078857421875,nan,0.44062055500216957,inf,7.692155361175537,nan,8.798932193001747,inf,7.689947128295898,nan,8.865068348024579,inf,7.747247219085693,nan,8.958072407003783,inf
87,7.281308174133301,nan,10.255536089005545,inf,7.3110857009887695,nan,8.927864516994305,inf,7.370156764984131,nan,9.256254963005631,inf,10.582414627075195,nan,3.4926009539976803,inf,10.68105697631836,nan,7.025927008000508,inf,9.04151725769043,nan,0.44559468800252944,inf,7.191570281982422,nan,8.802268756000558,inf,7.237290859222412,nan,8.868377700024212,inf,7.25123929977417,nan,8.961464730004082,inf
88,8.120092391967773,nan,10.258955112005424,inf,8.254842758178711,nan,8.93123110999295,inf,7.9769392013549805,nan,9.259677396006737,inf,10.675750732421875,nan,3.512542617996587,inf,10.908720016479492,nan,7.077639674000238,inf,9.55206298828125,nan,0.4505648110025504,inf,8.019078254699707,nan,8.805714690000968,inf,8.052433013916016,nan,8.871800794024239,inf,7.977787017822266,nan,8.965093226004683,inf
89,6.886810779571533,nan,10.262394456005495,inf,6.849406719207764,nan,8.934758364992376,inf,6.791338920593262,nan,9.263161290007702,inf,10.470743179321289,nan,3.532435960996736,inf,10.65587329864502,nan,7.132965056998728,inf,8.87858772277832,nan,0.4559304290032742,inf,7.135236740112305,nan,8.80928898500133,inf,6.91499137878418,nan,8.875278218023595,inf,6.945068359375,nan,8.968589580004846,inf
90,8.195091247558594,nan,10.265949621005348,inf,8.080986022949219,nan,8.938281608992838,inf,8.177301406860352,nan,9.266698275007002,inf,10.679951667785645,nan,3.553733991997433,inf,10.771784782409668,nan,7.187580690999312,inf,9.774301528930664,nan,0.46131968700319703,inf,8.097089767456055,nan,8.812718379000216,inf,8.12823486328125,nan,8.878657991024738,inf,8.178136825561523,nan,8.972005244004322,inf
91,7.487921237945557,nan,10.269373075005205,inf,7.508450508117676,nan,8.941858993992355,inf,7.437942028045654,nan,9.2700897380073,inf,10.273189544677734,nan,3.5762809479983844,inf,10.475953102111816,nan,7.248580145000233,inf,9.09682559967041,nan,0.46663808500306914,inf,7.6329426765441895,nan,8.81617098300012,inf,7.490230560302734,nan,8.882060074023684,inf,7.604429244995117,nan,8.975438818004477,inf
92,7.662868499755859,nan,10.272876749004354,inf,7.864343166351318,nan,8.945284976991388,inf,7.671919822692871,nan,9.273530911006674,inf,10.640848159790039,nan,3.598081234997153,inf,10.776708602905273,nan,7.301463986999806,inf,10.11343002319336,nan,0.4715595180023229,inf,7.711060047149658,nan,8.819529745000182,inf,7.779635429382324,nan,8.885380226023699,inf,7.8073577880859375,nan,8.978991543004668,inf
93,8.639274597167969,nan,10.276334412004871,inf,8.744731903076172,nan,8.948834081991663,inf,8.640606880187988,nan,9.277002025008187,inf,10.538169860839844,nan,3.622262240996861,inf,10.658904075622559,nan,7.356756268998652,inf,10.118675231933594,nan,0.47686468500251067,inf,8.69057846069336,nan,8.823274632000903,inf,8.693812370300293,nan,8.888971592023154,inf,8.627069473266602,nan,8.982572269005686,inf
94,7.6982927322387695,nan,10.279910778004705,inf,7.5519819259643555,nan,8.95237564699164,inf,7.607395648956299,nan,9.280720292008482,inf,10.255863189697266,nan,3.646329846997105,inf,10.525331497192383,nan,7.422731135999129,inf,8.729360580444336,nan,0.4831053140023869,inf,7.555422782897949,nan,8.82673968600102,inf,7.531222343444824,nan,8.892358265024086,inf,7.66523551940918,nan,8.98599627200565,inf
95,6.908668518066406,nan,10.283410142004868,inf,6.956959247589111,nan,8.955801000991414,inf,6.873991012573242,nan,9.284191576007288,inf,10.501921653747559,nan,3.670807597996827,inf,10.964126586914062,nan,7.483185052999033,inf,8.535284042358398,nan,0.48816288800298935,inf,7.004310607910156,nan,8.830108309000934,inf,6.827922344207764,nan,8.895706768025775,inf,6.823077201843262,nan,8.989456146005978,inf
96,6.431399345397949,nan,10.286776184006158,inf,6.3623504638671875,nan,8.959223073992689,inf,6.3848748207092285,nan,9.287651780006854,inf,10.434934616088867,nan,3.6908794329974626,inf,10.862821578979492,nan,7.534271620999789,inf,8.33331298828125,nan,0.4932025920043088,inf,6.481335163116455,nan,8.833440800999597,inf,6.40178108215332,nan,8.899013720025323,inf,6.425093650817871,nan,8.992907740006558,inf
97,7.007260322570801,nan,10.290147847004846,inf,7.0292558670043945,nan,8.962661787991237,inf,7.2077155113220215,nan,9.291123944007268,inf,10.55388069152832,nan,3.711014308997619,inf,10.915684700012207,nan,7.586113898998519,inf,9.639033317565918,nan,0.4983120360029716,inf,7.16105318069458,nan,8.836880075001318,inf,7.180388927459717,nan,8.90241036302541,inf,7.058635711669922,nan,8.996442475006916,inf
98,7.498039245605469,nan,10.29365912200592,inf,7.511666774749756,nan,8.966072710991284,inf,7.480012893676758,nan,9.29482016100701,inf,10.341980934143066,nan,3.7314006379983766,inf,10.478660583496094,nan,7.64352851699914,inf,9.321345329284668,nan,0.5036027330024808,inf,7.464364528656006,nan,8.840395759001694,inf,7.52517032623291,nan,8.905868317024215,inf,7.540929794311523,nan,8.999940130006507,inf
99,6.7793378829956055,nan,10.297203507005179,inf,7.079897403717041,nan,8.969533064991992,inf,7.060128211975098,nan,9.29835167600686,inf,10.639115333557129,nan,3.751673684997513,inf,10.916227340698242,nan,7.695051401000455,inf,9.161466598510742,nan,0.508573516000979,inf,6.9052324295043945,nan,8.843813442001192,inf,7.0209784507751465,nan,8.909262541024873,inf,6.974788188934326,nan,9.003398544005904,inf
100,7.278950214385986,6.859237194061279,10.300630460005777,inf,7.360492706298828,6.94834041595459,8.97300179899321,inf,7.162627220153809,6.045615196228027,9.30183663000571,inf,10.155271530151367,10.33315658569336,3.7685744099981093,inf,10.449886322021484,10.64767837524414,7.747170882001228,inf,8.72554874420166,9.02297592163086,0.5135036790015874,inf,7.418764114379883,7.947824001312256,8.847343917001126,inf,7.411451816558838,6.656024932861328,8.913599156025157,inf,7.475674629211426,6.17863130569458,9.007378884005448,inf
101,7.349896430969238,nan,10.304469568005516,inf,7.297660827636719,nan,8.976542973994583,inf,7.5239057540893555,nan,9.305577138004082,inf,10.512815475463867,nan,3.7925163639974926,inf,10.734498023986816,nan,7.8009574440020515,inf,9.533282279968262,nan,0.5183784010023373,inf,7.539134979248047,nan,8.851259156999731,inf,7.632343292236328,nan,8.917224152026392,inf,7.549238204956055,nan,9.010995160004313,inf
102,7.043999671936035,nan,10.308034774006956,inf,7.071251392364502,nan,8.980150999994294,inf,7.032374382019043,nan,9.309315886004697,inf,10.135896682739258,nan,3.8152534529981494,inf,10.515953063964844,nan,7.856507189002514,inf,8.473498344421387,nan,0.5232886730009341,inf,7.179459571838379,nan,8.854788352000469,inf,6.981666564941406,nan,8.92069613602689,inf,7.077754974365234,nan,9.014990020004916,inf
103,6.846395015716553,nan,10.311459727006877,inf,6.875809669494629,nan,8.983805006993862,inf,6.905548095703125,nan,9.312773639005172,inf,10.55395793914795,nan,3.835884554997392,inf,11.108171463012695,nan,7.909101726003428,inf,8.562749862670898,nan,0.5285080789999483,inf,6.956812858581543,nan,8.85870223100028,inf,6.913184642791748,nan,8.92443496402666,inf,6.942953109741211,nan,9.01865386600366,inf
104,7.881376266479492,nan,10.315085033007563,inf,7.835181713104248,nan,8.987541664993842,inf,7.781210899353027,nan,9.31634380500509,inf,10.702510833740234,nan,3.856263573998149,inf,10.835840225219727,nan,7.9601951650020055,inf,9.954078674316406,nan,0.533521612000186,inf,7.587685585021973,nan,8.862166295999486,inf,7.635118007659912,nan,8.927857218026475,inf,7.596172332763672,nan,9.022401683003409,inf
105,7.219606399536133,nan,10.318483297007333,inf,7.217862129211426,nan,8.991025678993537,inf,7.2592926025390625,nan,9.31987833000494,inf,10.373356819152832,nan,3.8760390149982413,inf,10.639366149902344,nan,8.012672551001742,inf,8.933818817138672,nan,0.5383899330008717,inf,7.495388031005859,nan,8.865666199999396,inf,7.257383823394775,nan,8.93129233102627,inf,7.300934791564941,nan,9.025975298003686,inf
106,7.833471775054932,nan,10.321910410008059,inf,7.865381240844727,nan,8.994536232994506,inf,8.014497756958008,nan,9.323408145004578,inf,10.608840942382812,nan,3.8958898869987024,inf,10.878586769104004,nan,8.065086066000731,inf,9.838157653808594,nan,0.5432647050020023,inf,7.8066205978393555,nan,8.869194834000155,inf,7.738684177398682,nan,8.934764335026557,inf,7.814489364624023,nan,9.029479873004675,inf
107,6.672074317932129,nan,10.325377604007372,inf,6.666160583496094,nan,8.998004426994157,inf,6.649471282958984,nan,9.326952310006163,inf,10.321778297424316,nan,3.915598466997835,inf,10.697158813476562,nan,8.116477848001523,inf,9.112984657287598,nan,0.548179807001361,inf,6.723238468170166,nan,8.872755648999373,inf,6.735703468322754,nan,8.938259899026889,inf,6.596489906311035,nan,9.032967758004816,inf
108,7.892376899719238,nan,10.328934529006801,inf,7.881901264190674,nan,9.00144915099554,inf,7.9023637771606445,nan,9.330503395005508,inf,10.423027992248535,nan,3.935540629998286,inf,10.687333106994629,nan,8.16761140700146,inf,9.77292537689209,nan,0.5530499590004183,inf,7.680719375610352,nan,8.876330904000497,inf,7.842337131500244,nan,8.941794683027183,inf,7.814869403839111,nan,9.03647578300479,inf
109,7.286910533905029,nan,10.332440183006838,inf,7.385214805603027,nan,9.004925224995532,inf,7.30377197265625,nan,9.334052250005698,inf,10.653043746948242,nan,3.955375761999676,inf,10.787758827209473,nan,8.218020436001098,inf,9.457304954528809,nan,0.5579768719999265,inf,7.306198596954346,nan,8.879725707001853,inf,7.396829605102539,nan,8.945188946026974,inf,7.296363830566406,nan,9.039999908005484,inf
110,7.221978187561035,nan,10.335844256007476,inf,7.057958126068115,nan,9.008398988995395,inf,7.087653160095215,nan,9.337562425005672,inf,10.431829452514648,nan,3.975042810998275,inf,10.6168212890625,nan,8.269039553000766,inf,9.48043441772461,nan,0.5628678839984786,inf,7.219367980957031,nan,8.883097030002318,inf,7.304917335510254,nan,8.94855153802746,inf,7.169951438903809,nan,9.043406801005403,inf
111,7.397595405578613,nan,10.33926696000708,inf,7.422118186950684,nan,9.01175864099605,inf,7.371091842651367,nan,9.340989298007116,inf,10.657560348510742,nan,3.994657749997714,inf,10.933698654174805,nan,8.320617318000586,inf,9.556634902954102,nan,0.5678342869996413,inf,7.2369890213012695,nan,8.886515493002662,inf,7.41480827331543,nan,8.951941661027377,inf,7.379856109619141,nan,9.04691225600618,inf
112,7.788153648376465,nan,10.342722144006984,inf,7.866262435913086,nan,9.015188543997283,inf,7.889547348022461,nan,9.344456352006091,inf,10.59040641784668,nan,4.014487721997284,inf,10.71057415008545,nan,8.378656484001112,inf,9.444355010986328,nan,0.5730436329995428,inf,7.840315818786621,nan,8.890130768002564,inf,7.7459211349487305,nan,8.9554553960279,inf,7.7894487380981445,nan,9.050579153006765,inf
113,6.613127708435059,nan,10.346245799006283,inf,6.541841506958008,nan,9.018813260996467,inf,6.639186859130859,nan,9.347929656005363,inf,10.315921783447266,nan,4.038626358997135,inf,10.56008243560791,nan,8.434298710000803,inf,8.703906059265137,nan,0.5781900479996693,inf,6.513227462768555,nan,8.893586092002806,inf,6.598178386688232,nan,8.958869709029386,inf,6.626278877258301,nan,9.05403388700688,inf
114,7.136329174041748,nan,10.35018862000652,inf,7.136356830596924,nan,9.02282793199629,inf,7.149914264678955,nan,9.351907576005033,inf,10.447525024414062,nan,4.06164804099717,inf,10.81353759765625,nan,8.48728469300113,inf,9.291204452514648,nan,0.5831473609996465,inf,7.058051109313965,nan,8.896989585002302,inf,7.166773319244385,nan,8.962274792031167,inf,7.158374309539795,nan,9.057471750005789,inf
115,5.74503231048584,nan,10.353663004005284,inf,5.619587421417236,nan,9.02620559499519,inf,5.62274694442749,nan,9.355360360004852,inf,10.33062744140625,nan,4.081586493995928,inf,10.914994239807129,nan,8.539376414002618,inf,8.118529319763184,nan,0.588263105999431,inf,5.609480857849121,nan,8.900394989001143,inf,5.733062744140625,nan,8.965666965030323,inf,5.737743854522705,nan,9.060865993005791,inf
116,7.103939056396484,nan,10.357087878004677,inf,7.232048988342285,nan,9.029578956995465,inf,7.175626754760742,nan,9.358839874004843,inf,10.188835144042969,nan,4.1021150649958145,inf,10.525857925415039,nan,8.592236945003606,inf,8.37709903717041,nan,0.593257929000174,inf,7.314102649688721,nan,8.903942204000487,inf,7.25901985168457,nan,8.969146310029828,inf,7.226402282714844,nan,9.064536540006884,inf
117,8.372987747192383,nan,10.360562673004097,inf,8.355302810668945,nan,9.033161961995575,inf,8.458952903747559,nan,9.362341198006106,inf,10.408065795898438,nan,4.121973746994627,inf,10.750265121459961,nan,8.644632410003396,inf,9.719820976257324,nan,0.5984378850007488,inf,8.325380325317383,nan,8.907363957001508,inf,8.553070068359375,nan,8.97251829303059,inf,8.585281372070312,nan,9.068039785008295,inf
118,7.5358147621154785,nan,10.364053337005316,inf,7.662649631500244,nan,9.036559854996085,inf,7.583996772766113,nan,9.365838672007158,inf,10.568648338317871,nan,4.142121141994721,inf,10.779388427734375,nan,8.696655270003248,inf,9.358591079711914,nan,0.603336357002263,inf,7.534302234649658,nan,8.910736290001296,inf,7.721012115478516,nan,8.975876306030841,inf,7.632311820983887,nan,9.071581190008146,inf
119,6.3837480545043945,nan,10.367439970006672,inf,6.371278762817383,nan,9.040030448995822,inf,6.372063636779785,nan,9.369472818007125,inf,10.284097671508789,nan,4.1619166629952815,inf,10.691219329833984,nan,8.748243965002985,inf,7.949724197387695,nan,0.6091249900036928,inf,6.46465539932251,nan,8.914105512001697,inf,6.5258283615112305,nan,8.97924758903173,inf,6.541111469268799,nan,9.075123205007912,inf
120,7.511966228485107,nan,10.3708343730068,inf,7.47222900390625,nan,9.04351621299611,inf,7.578535556793213,nan,9.37286315100755,inf,10.493221282958984,nan,4.181765174995235,inf,10.767679214477539,nan,8.804462368003442,inf,9.688982009887695,nan,0.6150468850046309,inf,7.535288333892822,nan,8.917649757002437,inf,7.487388610839844,nan,8.982740983032272,inf,7.515551567077637,nan,9.078757981007584,inf
121,5.67903995513916,nan,10.374312767005904,inf,5.760757923126221,nan,9.047073857995201,inf,5.819620132446289,nan,9.376506837006673,inf,10.325482368469238,nan,4.202108672994655,inf,10.84528923034668,nan,8.858274181004163,inf,7.914185523986816,nan,0.6199783680040127,inf,5.8936944007873535,nan,8.921270333001303,inf,5.955069065093994,nan,8.986270708031952,inf,5.8207550048828125,nan,9.082344137008477,inf
122,7.572436809539795,nan,10.377944143006971,inf,7.492866516113281,nan,9.050805564995244,inf,7.525331497192383,nan,9.380180004005524,inf,10.275504112243652,nan,4.222162926993406,inf,10.498486518859863,nan,8.910226490004789,inf,8.725472450256348,nan,0.6251180330036732,inf,7.519575119018555,nan,8.92466702600177,inf,7.760662078857422,nan,8.989625791031358,inf,7.6789326667785645,nan,9.085878402007438,inf
123,8.37436294555664,nan,10.381439147007768,inf,8.297945022583008,nan,9.054238518996499,inf,8.308180809020996,nan,9.383696939004949,inf,10.164852142333984,nan,4.242155680993164,inf,10.255376815795898,nan,8.962119199004519,inf,9.21992301940918,nan,0.630016125003749,inf,8.330528259277344,nan,8.928038699001263,inf,8.329859733581543,nan,8.993004804031443,inf,8.375292778015137,nan,9.089464627008056,inf
124,7.059920787811279,nan,10.38478271000713,inf,7.0266618728637695,nan,9.057721242996195,inf,6.998407363891602,nan,9.38712595200559,inf,10.368209838867188,nan,4.261999181993815,inf,10.671887397766113,nan,9.016912674005653,inf,9.028221130371094,nan,0.6349234280041856,inf,7.0279645919799805,nan,8.931356811001024,inf,6.96388578414917,nan,8.996297986030186,inf,6.9376749992370605,nan,9.092910330007726,inf
125,7.114529609680176,nan,10.388224123007603,inf,7.061094760894775,nan,9.06112647599548,inf,7.095162868499756,nan,9.390645737006707,inf,10.311230659484863,nan,4.283392652992916,inf,10.771332740783691,nan,9.07009697900503,inf,8.653627395629883,nan,0.6399407320041064,inf,6.9974284172058105,nan,8.934895216001678,inf,7.176511287689209,nan,8.999776110029416,inf,7.0388712882995605,nan,9.096423434008102,inf
126,6.8827314376831055,nan,10.391714547007723,inf,6.808743953704834,nan,9.064715010994405,inf,6.744895935058594,nan,9.39413655100725,inf,10.239347457885742,nan,4.303279355992345,inf,10.667186737060547,nan,9.122267101005491,inf,8.304760932922363,nan,0.6449294150042988,inf,6.911341190338135,nan,8.938344270001835,inf,6.930667877197266,nan,9.00317999402796,inf,6.842518329620361,nan,9.099845197008108,inf
127,5.982541084289551,nan,10.395087460006835,inf,5.824976921081543,nan,9.06824109599438,inf,5.919816493988037,nan,9.397598575007578,inf,10.615875244140625,nan,4.323209408992625,inf,11.074247360229492,nan,9.17458557500504,inf,8.649896621704102,nan,0.6498345870040794,inf,5.784845352172852,nan,8.941714003001834,inf,5.832243919372559,nan,9.006525577029606,inf,5.7759904861450195,nan,9.103469153007609,inf
128,7.959175109863281,nan,10.39845990300637,inf,7.946846008300781,nan,9.07170653999492,inf,7.931375026702881,nan,9.401014259008662,inf,10.544073104858398,nan,4.3436493879926275,inf,10.804171562194824,nan,9.226530525005728,inf,9.600011825561523,nan,0.654748130004009,inf,7.933337211608887,nan,8.945036915001765,inf,8.12106704711914,nan,9.009832219029704,inf,8.035741806030273,nan,9.10696970700701,inf
129,7.24155855178833,nan,10.401825935006855,inf,7.177104949951172,nan,9.075171033995503,inf,7.272239685058594,nan,9.404419772008623,inf,10.36680793762207,nan,4.36373172299318,inf,10.636774063110352,nan,9.277877646007255,inf,9.061379432678223,nan,0.6596863430022495,inf,7.27955961227417,nan,8.948409438002273,inf,7.312280654907227,nan,9.013199672030169,inf,7.281760215759277,nan,9.110484132008423,inf
130,6.832365036010742,nan,10.405232778006393,inf,6.688746452331543,nan,9.078651158994035,inf,6.764218330383301,nan,9.407952377008769,inf,10.421555519104004,nan,4.383857977993102,inf,10.884654998779297,nan,9.32996467700832,inf,9.511361122131348,nan,0.6646476360037923,inf,6.580187797546387,nan,8.951840732001074,inf,6.717179298400879,nan,9.016585835030128,inf,6.679771423339844,nan,9.11401640700933,inf
131,7.657381534576416,nan,10.408678201007206,inf,7.748952865600586,nan,9.082098102995587,inf,7.736751079559326,nan,9.411502422008198,inf,10.422170639038086,nan,4.405643803993371,inf,10.686565399169922,nan,9.384724032008307,inf,9.185495376586914,nan,0.6696695900045597,inf,7.83036994934082,nan,8.955220504001772,inf,7.798853397369385,nan,9.01994580802966,inf,7.668345928192139,nan,9.117413780009883,inf
132,6.897982120513916,nan,10.412285747008355,inf,7.034384727478027,nan,9.085729158994582,inf,7.039121627807617,nan,9.415024427007666,inf,10.201824188232422,nan,4.42603799299286,inf,10.666766166687012,nan,9.436430458008545,inf,8.282678604125977,nan,0.6745825530051661,inf,7.159789562225342,nan,8.958594937003,inf,7.073005199432373,nan,9.02326866103067,inf,7.012884616851807,nan,9.120810383010394,inf
133,6.871732711791992,nan,10.415757431008387,inf,6.860647201538086,nan,9.089100530994983,inf,6.82880973815918,nan,9.418497991006006,inf,10.350753784179688,nan,4.447145270993133,inf,10.664937973022461,nan,9.491228554008558,inf,8.587804794311523,nan,0.6797479180040682,inf,6.864850997924805,nan,8.96195247900323,inf,6.965498447418213,nan,9.026582513031826,inf,6.999573707580566,nan,9.124291897009243,inf
134,7.465051651000977,nan,10.419131334008853,inf,7.51899528503418,nan,9.092562874993746,inf,7.4168009757995605,nan,9.421998416006318,inf,10.55781364440918,nan,4.468284288994255,inf,10.859060287475586,nan,9.546516735008481,inf,9.497047424316406,nan,0.685144916003992,inf,7.416863918304443,nan,8.965545114004271,inf,7.3922343254089355,nan,9.030081958031587,inf,7.389779090881348,nan,9.127805032010656,inf
135,6.851387977600098,nan,10.422648069010393,inf,6.942105770111084,nan,9.096062268994501,inf,6.9303131103515625,nan,9.42557454200687,inf,10.234710693359375,nan,4.489420256993981,inf,10.75257682800293,nan,9.601730216008946,inf,7.93878698348999,nan,0.6904567740039056,inf,7.0108795166015625,nan,8.968992237003476,inf,7.014573097229004,nan,9.033497801032354,inf,6.961858749389648,nan,9.13126458601073,inf
136,6.750510215759277,nan,10.426105613008986,inf,6.926738739013672,nan,9.09962300499501,inf,6.946644306182861,nan,9.429023836006309,inf,10.147163391113281,nan,4.509384809995026,inf,10.605395317077637,nan,9.653028817008817,inf,8.786453247070312,nan,0.69539474600424,inf,6.854734420776367,nan,8.972495192003407,inf,6.993699550628662,nan,9.036939174031431,inf,6.867467403411865,nan,9.134911722010656,inf
137,7.387351989746094,nan,10.429569537009229,inf,7.347740173339844,nan,9.103177129994947,inf,7.389217853546143,nan,9.432493740005157,inf,10.558269500732422,nan,4.529399453995211,inf,10.766683578491211,nan,9.705076497008122,inf,9.487611770629883,nan,0.7003772890038817,inf,7.414068222045898,nan,8.975866245004,inf,7.400204181671143,nan,9.04028087603183,inf,7.454840660095215,nan,9.138309535010194,inf
138,6.538205146789551,nan,10.433001761010019,inf,6.576462745666504,nan,9.106695964994287,inf,6.420783996582031,nan,9.435954644004596,inf,10.441646575927734,nan,4.549469328994746,inf,10.922364234924316,nan,9.756661182009339,inf,8.59265422821045,nan,0.7052735010038305,inf,6.545839309692383,nan,8.979336489004709,inf,6.475228786468506,nan,9.043681119032044,inf,6.47916316986084,nan,9.141837450009916,inf
139,6.80112361907959,nan,10.43644084501102,inf,6.858023643493652,nan,9.110144738993768,inf,6.844255447387695,nan,9.439517889004492,inf,9.855779647827148,nan,4.569570663994455,inf,10.470728874206543,nan,9.808474200010096,inf,8.354618072509766,nan,0.7102559240029223,inf,6.913711071014404,nan,8.982850724005402,inf,7.006713390350342,nan,9.047123982030826,inf,6.866815567016602,nan,9.145494536011029,inf
140,5.931596755981445,nan,10.43992524901114,inf,5.953265190124512,nan,9.114358722994439,inf,6.099024772644043,nan,9.443060534003962,inf,10.10231876373291,nan,4.590663121995021,inf,10.7506103515625,nan,9.86024222701053,inf,7.775643348693848,nan,0.7152279170022666,inf,6.030385971069336,nan,8.986315178004588,inf,6.111708164215088,nan,9.050538875029815,inf,6.076808452606201,nan,9.149080072011202,inf
141,7.921674728393555,nan,10.443376223011,inf,7.906271457672119,nan,9.117933178995372,inf,8.105995178222656,nan,9.446697950004818,inf,10.303841590881348,nan,4.610686765994615,inf,10.649747848510742,nan,9.912024865010608,inf,9.627704620361328,nan,0.7202294200014876,inf,8.13546371459961,nan,8.989707091004675,inf,8.0274658203125,nan,9.053890298029728,inf,8.077960014343262,nan,9.15248204501222,inf
142,7.476980209350586,nan,10.446764266011087,inf,7.502399444580078,nan,9.121443303994965,inf,7.411898612976074,nan,9.450152594004976,inf,10.50206184387207,nan,4.630614348994641,inf,10.826112747192383,nan,9.963774801010004,inf,9.67858600616455,nan,0.7251070820002496,inf,7.602456092834473,nan,8.993034633003845,inf,7.586389541625977,nan,9.057196730029318,inf,7.575252532958984,nan,9.156044990011651,inf
143,7.045148849487305,nan,10.45012865901117,inf,6.857916831970215,nan,9.124972358995365,inf,6.886399269104004,nan,9.453593348005597,inf,10.291471481323242,nan,4.650639422994573,inf,10.629133224487305,nan,10.015947034009514,inf,8.668395042419434,nan,0.7300605049986189,inf,7.017732620239258,nan,8.996709710003415,inf,6.8638434410095215,nan,9.060736165029084,inf,6.950077533721924,nan,9.159569334013213,inf
144,8.574043273925781,nan,10.453694155010453,inf,8.529837608337402,nan,9.128452753995589,inf,8.587574005126953,nan,9.457170504005262,inf,10.489404678344727,nan,4.671484077995046,inf,10.683427810668945,nan,10.068042095010242,inf,10.046381950378418,nan,0.7350073279976641,inf,8.5166597366333,nan,9.000145664003867,inf,8.581781387329102,nan,9.06413473802968,inf,8.444656372070312,nan,9.163144219011883,inf
145,7.965861797332764,nan,10.45714850900913,inf,8.03477668762207,nan,9.132021808994978,inf,7.865637302398682,nan,9.460726110006362,inf,10.249676704406738,nan,4.691772504995242,inf,10.573715209960938,nan,10.118888740009425,inf,9.293401718139648,nan,0.7399397709978075,inf,8.230454444885254,nan,9.003560477003703,inf,8.165699005126953,nan,9.067516001028707,inf,8.037553787231445,nan,9.166720005010575,inf
146,6.748547554016113,nan,10.460554772009345,inf,6.664724349975586,nan,9.135519722995014,inf,6.724443435668945,nan,9.4641600830073,inf,10.297873497009277,nan,4.711867089994485,inf,10.621662139892578,nan,10.170119710010113,inf,8.742053985595703,nan,0.7449628749964177,inf,6.781980991363525,nan,9.006937210002434,inf,6.813183784484863,nan,9.070854913030416,inf,6.784763336181641,nan,9.17025442900922,inf
147,6.043667316436768,nan,10.463945085009982,inf,5.947708606719971,nan,9.13899745699382,inf,6.196070194244385,nan,9.467679428007614,inf,10.253164291381836,nan,4.731978804995379,inf,10.872810363769531,nan,10.221697294009573,inf,8.904496192932129,nan,0.7498727969959873,inf,6.075032711029053,nan,9.01035853400208,inf,6.310887336730957,nan,9.074219846030246,inf,5.987834453582764,nan,9.173676032009098,inf
148,7.687197685241699,nan,10.467396369009293,inf,7.624808311462402,nan,9.142408689995136,inf,7.857469081878662,nan,9.471172242008834,inf,10.441808700561523,nan,4.752678627994101,inf,10.803555488586426,nan,10.273261348009328,inf,9.381643295288086,nan,0.7549153709969687,inf,7.8026628494262695,nan,9.013758777002295,inf,7.68588399887085,nan,9.077596388031452,inf,7.649661540985107,nan,9.177160956009175,inf
149,6.9608612060546875,nan,10.47080391300915,inf,6.932427406311035,nan,9.146020985996074,inf,6.785767078399658,nan,9.474656466007218,inf,9.985218048095703,nan,4.772942725994653,inf,10.62858772277832,nan,10.32586501600963,inf,7.983575820922852,nan,0.7598656139962259,inf,7.169966697692871,nan,9.017275112000789,inf,6.995355606079102,nan,9.081075502032036,inf,7.026267051696777,nan,9.180686071009404,inf
150,7.25889778137207,nan,10.47431621700889,inf,7.12578821182251,nan,9.149616960994535,inf,7.412214756011963,nan,9.478230042006544,inf,10.121654510498047,nan,4.792749996995553,inf,10.780481338500977,nan,10.378785388009419,inf,8.702901840209961,nan,0.7649601189968962,inf,7.1690826416015625,nan,9.020689686001788,inf,7.318826198577881,nan,9.084464675031995,inf,7.311241149902344,nan,9.18410500500795,inf
151,7.527327060699463,nan,10.47775553100837,inf,7.403450965881348,nan,9.15321012599452,inf,7.542607307434082,nan,9.481734916007554,inf,10.273402214050293,nan,4.813028904995008,inf,10.629207611083984,nan,10.442057141008263,inf,9.115171432495117,nan,0.7717060739978479,inf,7.5726189613342285,nan,9.0241525800011,inf,7.661554336547852,nan,9.087847188031446,inf,7.41296911239624,nan,9.18764648000797,inf
152,6.852949142456055,nan,10.481153314009134,inf,6.803308486938477,nan,9.156711779993202,inf,6.851072311401367,nan,9.485341751007581,inf,9.878658294677734,nan,4.836074837994602,inf,10.424541473388672,nan,10.501599586008524,inf,8.091329574584961,nan,0.7766610069975286,inf,6.944685935974121,nan,9.027754345001085,inf,6.873615264892578,nan,9.091397663030875,inf,6.833146095275879,nan,9.191397178008629,inf
153,7.382570266723633,nan,10.484701739009324,inf,7.3841352462768555,nan,9.160336475992153,inf,7.292486667633057,nan,9.488858635008,inf,10.276010513305664,nan,4.856235913994169,inf,10.613773345947266,nan,10.563275359008912,inf,9.628389358520508,nan,0.7819382539964863,inf,7.494887351989746,nan,9.031212909001624,inf,7.389489650726318,nan,9.094821606031473,inf,7.503909111022949,nan,9.195142045007742,inf
154,7.253108978271484,nan,10.488166263010498,inf,7.229582786560059,nan,9.164073493991964,inf,7.208338737487793,nan,9.492814615008683,inf,10.507240295410156,nan,4.877180789993872,inf,11.124096870422363,nan,10.615330470007393,inf,9.065746307373047,nan,0.7869453769981192,inf,7.279549598693848,nan,9.034925346000819,inf,7.251557350158691,nan,9.09842050203224,inf,7.115602493286133,nan,9.19872027000747,inf
155,7.244107246398926,nan,10.49222867401113,inf,7.261368751525879,nan,9.167647329992178,inf,7.298554420471191,nan,9.496466161008357,inf,10.032966613769531,nan,4.897624708994044,inf,10.578052520751953,nan,10.667708865008535,inf,8.65871810913086,nan,0.7918666489968018,inf,7.296545028686523,nan,9.038317259000905,inf,7.22925329208374,nan,9.101809464031248,inf,7.306989669799805,nan,9.202156073006336,inf
156,8.784797668457031,nan,10.495651028009888,inf,8.859062194824219,nan,9.171270775990706,inf,8.74403190612793,nan,9.499954085009449,inf,10.253652572631836,nan,4.920692490994043,inf,10.708187103271484,nan,10.725231275009719,inf,9.619094848632812,nan,0.79699391399663,inf,8.839527130126953,nan,9.04171683200002,inf,8.818235397338867,nan,9.105208097031209,inf,8.814615249633789,nan,9.20630138600609,inf
157,6.338731288909912,nan,10.499787220009239,inf,6.387940883636475,nan,9.17493918199034,inf,6.518955230712891,nan,9.504113048009458,inf,10.020814895629883,nan,4.942777191992718,inf,10.586610794067383,nan,10.780653238010927,inf,8.381170272827148,nan,0.8023338219973084,inf,6.424252510070801,nan,9.045314466999116,inf,6.46778678894043,nan,9.108719002031648,inf,6.469927787780762,nan,9.209947352006566,inf
158,7.41498327255249,nan,10.503323345008539,inf,7.500845909118652,nan,9.17844269598936,inf,7.490452766418457,nan,9.507716724008787,inf,10.244256973266602,nan,4.965143215991702,inf,10.632369995117188,nan,10.841926586010231,inf,8.905624389648438,nan,0.8082236469963391,inf,7.412173271179199,nan,9.048884952999288,inf,7.410115718841553,nan,9.112313677031125,inf,7.275111675262451,nan,9.21349055700557,inf
159,7.939316749572754,nan,10.50686647000839,inf,7.897393226623535,nan,9.182361384990145,inf,7.9815826416015625,nan,9.511457851009254,inf,10.410615921020508,nan,4.986190852992877,inf,10.724482536315918,nan,10.894860068008711,inf,9.544060707092285,nan,0.8142056829965441,inf,7.921583652496338,nan,9.05236912699911,inf,7.9392828941345215,nan,9.116072794031425,inf,7.992151260375977,nan,9.216901161005808,inf
160,6.977940559387207,nan,10.51028750300975,inf,6.976449966430664,nan,9.185907279988896,inf,7.108851909637451,nan,9.514896335009325,inf,10.145082473754883,nan,5.008688297994013,inf,10.5261812210083,nan,10.952329327008556,inf,9.018848419189453,nan,0.8199053849966731,inf,6.957729339599609,nan,9.055792049999582,inf,7.056524276733398,nan,9.1194627670302,inf,6.932480335235596,nan,9.220370386006834,inf
161,7.053799152374268,nan,10.513780337010758,inf,7.132460117340088,nan,9.189313072989535,inf,7.142457008361816,nan,9.518398549009362,inf,10.210527420043945,nan,5.031671078993895,inf,10.645137786865234,nan,11.014215453009456,inf,9.019920349121094,nan,0.826408287995946,inf,7.103870868682861,nan,9.059899092000705,inf,7.134672164916992,nan,9.123201904030793,inf,7.250437259674072,nan,9.224055942006089,inf
162,7.80565071105957,nan,10.517472203011494,inf,7.861184120178223,nan,9.192874347991165,inf,7.7093353271484375,nan,9.522010235008565,inf,10.19515323638916,nan,5.054536838993954,inf,10.65759563446045,nan,11.077484326007834,inf,8.652881622314453,nan,0.832437253997341,inf,7.724537372589111,nan,9.06353222800135,inf,7.87559700012207,nan,9.126720089030641,inf,7.828120231628418,nan,9.227577807007037,inf
163,7.655399322509766,nan,10.521360283011745,inf,7.634909629821777,nan,9.196381821990144,inf,7.6139421463012695,nan,9.525519700007862,inf,10.265859603881836,nan,5.075191780993919,inf,10.800539016723633,nan,11.12952908700936,inf,8.73980712890625,nan,0.8373282259981352,inf,7.690887451171875,nan,9.066927591000422,inf,7.686540603637695,nan,9.130080342030851,inf,7.645888328552246,nan,9.231077741007539,inf
164,7.602307319641113,nan,10.524844237012076,inf,7.39576530456543,nan,9.199744294990523,inf,7.531120777130127,nan,9.529023154007518,inf,10.240226745605469,nan,5.096611552993636,inf,10.613129615783691,nan,11.183546053009195,inf,8.915005683898926,nan,0.8425124019977375,inf,7.40204381942749,nan,9.070346425001844,inf,7.484147071838379,nan,9.133463555031994,inf,7.496024131774902,nan,9.234863249008413,inf
165,6.921172618865967,nan,10.528935799011379,inf,6.998166084289551,nan,9.20333538099112,inf,6.949364185333252,nan,9.532727691006585,inf,10.316888809204102,nan,5.118572391993439,inf,10.740928649902344,nan,11.24382385800891,inf,8.865506172180176,nan,0.8481189829981304,inf,6.982635021209717,nan,9.074199804001182,inf,6.937198638916016,nan,9.137239313031387,inf,6.9238433837890625,nan,9.238326793007218,inf
166,6.557415008544922,nan,10.532875839011467,inf,6.487621307373047,nan,9.20685552599025,inf,6.474170684814453,nan,9.536246495006708,inf,9.87321662902832,nan,5.138891339993279,inf,10.532217025756836,nan,11.303999612009648,inf,8.08955192565918,nan,0.8534467209992727,inf,6.517117500305176,nan,9.078330517002541,inf,6.537121772766113,nan,9.141112672030431,inf,6.506623268127441,nan,9.241775766007777,inf
167,6.113186359405518,nan,10.536334892012746,inf,6.107376575469971,nan,9.210249648991521,inf,6.141161918640137,nan,9.539714088006804,inf,10.082345962524414,nan,5.162854624993997,inf,10.628758430480957,nan,11.370129001008536,inf,8.01309585571289,nan,0.8599402130003,inf,6.011806011199951,nan,9.081870502002857,inf,6.007082939147949,nan,9.145046093030032,inf,6.114811420440674,nan,9.245293621008386,inf
168,6.318456172943115,nan,10.539841176012487,inf,6.3792524337768555,nan,9.21368108299066,inf,6.414619445800781,nan,9.543225182005699,inf,9.93729305267334,nan,5.1855202529932285,inf,10.557197570800781,nan,11.430973963008,inf,7.891706943511963,nan,0.8658787690001191,inf,6.408103942871094,nan,9.085304996004197,inf,6.31485652923584,nan,9.14845317603067,inf,6.243211269378662,nan,9.248712184007672,inf
169,7.389049530029297,nan,10.543322160012394,inf,7.470656394958496,nan,9.21726668799056,inf,7.476528167724609,nan,9.546724157005883,inf,10.239898681640625,nan,5.208132269994167,inf,10.50779914855957,nan,11.491147476008337,inf,9.358261108398438,nan,0.8719527260000177,inf,7.466457366943359,nan,9.089093594004225,inf,7.438014507293701,nan,9.152064382031313,inf,7.385327339172363,nan,9.252311720008947,inf
170,6.819778919219971,nan,10.546901975010769,inf,6.747701644897461,nan,9.220792351990895,inf,6.8181047439575195,nan,9.55025355100588,inf,10.076822280883789,nan,5.231998212993858,inf,10.634778022766113,nan,11.552536025008521,inf,8.189985275268555,nan,0.8781159850004769,inf,6.726927757263184,nan,9.092585278003753,inf,6.895127296447754,nan,9.155490265031403,inf,6.734483242034912,nan,9.255773634009529,inf
171,6.518438339233398,nan,10.550412139009495,inf,6.564812660217285,nan,9.224210334990858,inf,6.612658500671387,nan,9.5537595360056,inf,9.675572395324707,nan,5.254006812992884,inf,10.692315101623535,nan,11.613917714008494,inf,7.875494956970215,nan,0.8842806329994346,inf,6.715571403503418,nan,9.096052202005012,inf,6.450009346008301,nan,9.158896039032697,inf,6.669255256652832,nan,9.259340409009383,inf
172,6.83157205581665,nan,10.553840383008719,inf,6.715651512145996,nan,9.22774674998982,inf,6.866925239562988,nan,9.557336211006259,inf,9.952077865600586,nan,5.276815022993105,inf,10.506299018859863,nan,11.666637014008302,inf,8.130919456481934,nan,0.8911696699997265,inf,6.851201057434082,nan,9.099746119005431,inf,6.834247589111328,nan,9.162548126032561,inf,6.748610496520996,nan,9.262791503009794,inf
173,7.433856964111328,nan,10.557296997008962,inf,7.418510437011719,nan,9.231332465989908,inf,7.495538711547852,nan,9.560856706006234,inf,10.144147872924805,nan,5.299952556993958,inf,10.522296905517578,nan,11.730030479007837,inf,8.595233917236328,nan,0.8971151149999059,inf,7.344411373138428,nan,9.103395015004935,inf,7.614999294281006,nan,9.166089341033512,inf,7.412594318389893,nan,9.266336018010406,inf
174,6.627280235290527,nan,10.560902403009095,inf,6.806934356689453,nan,9.234869630989124,inf,6.740859508514404,nan,9.564483392006878,inf,10.367692947387695,nan,5.32378581899502,inf,10.83217716217041,nan,11.783364436007105,inf,8.641597747802734,nan,0.9031721920000564,inf,6.644388198852539,nan,9.106875910005328,inf,6.729215621948242,nan,9.16952325503371,inf,6.666747093200684,nan,9.269784912010437,inf
175,7.2198076248168945,nan,10.564372387008916,inf,7.282437801361084,nan,9.2383173449889,inf,7.278318405151367,nan,9.568005626006197,inf,10.080799102783203,nan,5.348182128995177,inf,10.707822799682617,nan,11.846261634005714,inf,8.296619415283203,nan,0.9080711850001535,inf,7.230914115905762,nan,9.11034294300407,inf,7.1558685302734375,nan,9.172967269034416,inf,7.060752868652344,nan,9.273247646009622,inf
176,7.175533294677734,nan,10.567870272008804,inf,7.164229393005371,nan,9.241889420989537,inf,7.21870231628418,nan,9.571466600007625,inf,10.113492965698242,nan,5.3698907749949285,inf,10.6686429977417,nan,11.912094649005667,inf,8.540416717529297,nan,0.9140672910016292,inf,7.197360038757324,nan,9.114016160003303,inf,7.2333478927612305,nan,9.176599905034891,inf,7.255125045776367,nan,9.276669259010305,inf
177,7.4611616134643555,nan,10.571334826008751,inf,7.429315567016602,nan,9.24529024498952,inf,7.487161159515381,nan,9.574925814007656,inf,10.262227058410645,nan,5.389867037994918,inf,10.710756301879883,nan,11.967428602007203,inf,9.071046829223633,nan,0.9193490380021103,inf,7.471003532409668,nan,9.117664677003631,inf,7.420694351196289,nan,9.180345283035422,inf,7.450934410095215,nan,9.280164634010362,inf
178,7.794773101806641,nan,10.574949411009584,inf,7.730374336242676,nan,9.248747098989043,inf,7.7255859375,nan,9.578485810006896,inf,10.189476013183594,nan,5.410505339994415,inf,10.611141204833984,nan,12.0187943140063,inf,9.477779388427734,nan,0.9243954830017174,inf,7.816534519195557,nan,9.121010839002338,inf,7.712861061096191,nan,9.183694056035165,inf,7.747358798980713,nan,9.283658528011074,inf
179,7.791287899017334,nan,10.578361145009694,inf,7.888542652130127,nan,9.252226252989203,inf,7.844745635986328,nan,9.581980054006635,inf,10.201282501220703,nan,5.4307480069946905,inf,10.685201644897461,nan,12.071454152006481,inf,9.665173530578613,nan,0.9294070570012991,inf,7.82805061340332,nan,9.124394392003524,inf,7.829941749572754,nan,9.18707292903673,inf,7.799770355224609,nan,9.287247163010761,inf
180,5.839709758758545,nan,10.582052362009563,inf,5.858467102050781,nan,9.25562868698944,inf,5.956372261047363,nan,9.585525059006613,inf,9.880367279052734,nan,5.451348058995791,inf,10.829279899597168,nan,12.124030799006505,inf,7.329255104064941,nan,0.9345000720022654,inf,5.813624858856201,nan,9.127755974002866,inf,5.969480514526367,nan,9.190401891037254,inf,5.907266616821289,nan,9.290778778009553,inf
181,7.5526275634765625,nan,10.58551844601061,inf,7.626043796539307,nan,9.259023789989442,inf,7.573598861694336,nan,9.58903330400608,inf,9.917415618896484,nan,5.47116893999555,inf,10.46492862701416,nan,12.176547496006606,inf,8.864873886108398,nan,0.9394248940025136,inf,7.585444450378418,nan,9.131189507003,inf,7.644347190856934,nan,9.193799704036792,inf,7.521121978759766,nan,9.294204242009073,inf
182,7.562562942504883,nan,10.588995920010348,inf,7.4504265785217285,nan,9.262444943989976,inf,7.422033309936523,nan,9.592532059004952,inf,10.186748504638672,nan,5.491631609995238,inf,10.947843551635742,nan,12.228522846005944,inf,8.678081512451172,nan,0.944290876002924,inf,7.534234046936035,nan,9.134646031003285,inf,7.623566150665283,nan,9.197201877037514,inf,7.540085792541504,nan,9.297633656009566,inf
183,6.788449287414551,nan,10.592519935011296,inf,6.6941351890563965,nan,9.266107580990138,inf,6.756380558013916,nan,9.596044873003848,inf,9.77531623840332,nan,5.515121757996894,inf,10.378064155578613,nan,12.28190868400634,inf,8.000162124633789,nan,0.9503049120030482,inf,6.729587078094482,nan,9.138063495003735,inf,6.760289192199707,nan,9.20060253003794,inf,6.6948699951171875,nan,9.301121890010108,inf
184,8.561984062194824,nan,10.596280193010898,inf,8.44320297241211,nan,9.269605395989856,inf,8.531343460083008,nan,9.59962913900381,inf,10.486837387084961,nan,5.539739449995977,inf,10.894063949584961,nan,12.334531512005924,inf,9.35878849029541,nan,0.9558634930035623,inf,8.5382719039917,nan,9.141514339002242,inf,8.515520095825195,nan,9.203986383037773,inf,8.495235443115234,nan,9.304663355009325,inf
185,8.445173263549805,nan,10.599699617010629,inf,8.511075973510742,nan,9.273237811990839,inf,8.430252075195312,nan,9.603430387003755,inf,10.48030948638916,nan,5.559884465994401,inf,10.610904693603516,nan,12.388977103006255,inf,10.070516586303711,nan,0.9622544840040064,inf,8.52564525604248,nan,9.145433908002815,inf,8.560436248779297,nan,9.207393146038157,inf,8.468877792358398,nan,9.308083369009182,inf
186,6.433856964111328,nan,10.603145971012054,inf,6.354331970214844,nan,9.276824366990695,inf,6.522100925445557,nan,9.606916671002182,inf,10.024600982666016,nan,5.580320375995143,inf,10.867420196533203,nan,12.443325773007018,inf,7.481422424316406,nan,0.9677318430040032,inf,6.540178298950195,nan,9.148924672002977,inf,6.560098648071289,nan,9.211373637037468,inf,6.531797885894775,nan,9.311597113010066,inf
187,7.332787990570068,nan,10.60666252601186,inf,7.206167221069336,nan,9.28034843099158,inf,7.3310699462890625,nan,9.610449526000593,inf,10.175285339355469,nan,5.603929284994592,inf,10.900629043579102,nan,12.501956388006874,inf,8.716743469238281,nan,0.9729569290047948,inf,7.391504764556885,nan,9.152321475003191,inf,7.313197612762451,nan,9.214748140038864,inf,7.342942237854004,nan,9.31522434900944,inf
188,7.019622802734375,nan,10.61013315001037,inf,7.023157119750977,nan,9.283758474992283,inf,7.154863357543945,nan,9.613972711000315,inf,10.022480010986328,nan,5.624042959994767,inf,10.606239318847656,nan,12.555735900006766,inf,8.813514709472656,nan,0.9778663310044067,inf,7.086316108703613,nan,9.155692218002514,inf,7.079042911529541,nan,9.218081243037886,inf,7.050899982452393,nan,9.31881928501025,inf
189,7.021504878997803,nan,10.613822417011761,inf,7.074453353881836,nan,9.287157367991313,inf,6.957934856414795,nan,9.617532755999491,inf,10.184450149536133,nan,5.643819190994691,inf,10.764958381652832,nan,12.607513577006102,inf,8.416318893432617,nan,0.9829568960030883,inf,7.050497055053711,nan,9.159059600002365,inf,6.952820301055908,nan,9.221430585037524,inf,7.152827262878418,nan,9.322222378010338,inf
190,4.99603271484375,nan,10.617248280012063,inf,5.048618316650391,nan,9.29054811099195,inf,5.062907695770264,nan,9.621000749999439,inf,9.416702270507812,nan,5.664334731995041,inf,10.342279434204102,nan,12.659413996005242,inf,6.742659568786621,nan,0.9879748900038976,inf,4.928536415100098,nan,9.16244372300207,inf,4.947319030761719,nan,9.2247908980371,inf,4.965789794921875,nan,9.32562579101068,inf
191,6.070682525634766,nan,10.620768014012356,inf,6.013186454772949,nan,9.29417655699217,inf,6.098170280456543,nan,9.624569195000731,inf,9.721351623535156,nan,5.688109883994912,inf,10.519692420959473,nan,12.713428122004188,inf,7.398504257202148,nan,0.9940460070047266,inf,5.929140090942383,nan,9.166055349001908,inf,5.956820011138916,nan,9.228293023035803,inf,6.0833024978637695,nan,9.329199197010894,inf
192,6.730186462402344,nan,10.62428686801286,inf,6.700639724731445,nan,9.297822542992435,inf,6.581666469573975,nan,9.628490615001283,inf,10.23752212524414,nan,5.710807892994126,inf,10.969490051269531,nan,12.7749893240034,inf,8.44852352142334,nan,0.9999805220049893,inf,6.653061866760254,nan,9.1695690630022,inf,6.633841037750244,nan,9.231742957035749,inf,6.558093070983887,nan,9.332847483010482,inf
193,5.723512649536133,nan,10.62775666201378,inf,5.693619251251221,nan,9.301440738991005,inf,5.703327178955078,nan,9.632132121001632,inf,9.876154899597168,nan,5.733663542994691,inf,10.613752365112305,nan,12.836368323003626,inf,8.250978469848633,nan,1.005930248005825,inf,5.807373046875,nan,9.173092238001118,inf,5.596576690673828,nan,9.235236812037328,inf,5.90789794921875,nan,9.336325877011404,inf
194,7.884064674377441,nan,10.631326177013761,inf,8.0194091796875,nan,9.304964593990007,inf,7.773830413818359,nan,9.635730867001257,inf,10.123199462890625,nan,5.756875486995341,inf,10.697629928588867,nan,12.898443771004168,inf,8.775341033935547,nan,1.011984865006525,inf,7.707781791687012,nan,9.176600303000669,inf,7.78380823135376,nan,9.238642426036677,inf,7.692929744720459,nan,9.339911653012678,inf
195,6.737997055053711,nan,10.634779161013284,inf,6.787765026092529,nan,9.308516458990198,inf,6.90052604675293,nan,9.640003002001322,inf,10.100570678710938,nan,5.779928159996416,inf,10.760498046875,nan,12.96037816700482,inf,8.332380294799805,nan,1.0179245310064289,inf,6.806581497192383,nan,9.18023211900072,inf,6.885451316833496,nan,9.242187841036866,inf,6.793525218963623,nan,9.34359937001318,inf
196,7.815067768096924,nan,10.638320486013981,inf,7.919792175292969,nan,9.312010423989705,inf,7.85773229598999,nan,9.64362262800023,inf,10.089879989624023,nan,5.80275607999647,inf,10.593606948852539,nan,13.022175081005116,inf,8.993339538574219,nan,1.0238539460060565,inf,8.066080093383789,nan,9.183792664001885,inf,7.934641361236572,nan,9.245657515037237,inf,8.079980850219727,nan,9.347099144013555,inf
197,7.012552261352539,nan,10.641841361015395,inf,6.971095561981201,nan,9.315599118990576,inf,6.973630428314209,nan,9.647075980999944,inf,10.078106880187988,nan,5.825412916996356,inf,10.846485137939453,nan,13.083520750004027,inf,9.092230796813965,nan,1.0297860320060863,inf,7.039231300354004,nan,9.187311929003044,inf,7.057599067687988,nan,9.249097348038049,inf,7.021928787231445,nan,9.350580978014477,inf
198,8.095014572143555,nan,10.645297405015299,inf,7.925777912139893,nan,9.319154624990915,inf,7.92413330078125,nan,9.65054141499968,inf,9.85692024230957,nan,5.84776583099665,inf,10.521543502807617,nan,13.135499130004973,inf,9.146571159362793,nan,1.0346902240053168,inf,7.876596450805664,nan,9.191218639001818,inf,7.895411491394043,nan,9.252525871039325,inf,7.965395450592041,nan,9.353976061014691,inf
199,7.076110363006592,nan,10.64912393301529,inf,7.096811294555664,nan,9.322609178991115,inf,7.142735481262207,nan,9.654084149999107,inf,10.003850936889648,nan,5.871708923996266,inf,10.547231674194336,nan,13.189729939003882,inf,8.091215133666992,nan,1.041081725004915,inf,7.166782379150391,nan,9.194799035001779,inf,7.155821800231934,nan,9.256379640039086,inf,7.004339694976807,nan,9.357506916014245,inf
200,7.43831729888916,7.518800735473633,10.652725569014365,inf,7.2809906005859375,7.5192389488220215,9.32611410399113,inf,7.362799644470215,7.168717861175537,9.657567643998846,inf,10.269998550415039,9.9673490524292,5.893111125995347,inf,10.738097190856934,10.367806434631348,13.25029766800435,inf,9.421819686889648,9.839241027832031,1.0472506030055229,inf,7.219070911407471,6.487246990203857,9.19842569100183,inf,7.110713958740234,7.163688659667969,9.259879325039947,inf,7.285419940948486,6.831194877624512,9.36100140101371,inf
201,6.070122718811035,nan,10.656221613015077,inf,6.100989818572998,nan,9.32964833899132,inf,6.093221664428711,nan,9.6613131719987,inf,9.649503707885742,nan,5.9157434629942145,inf,10.626469612121582,nan,13.311890840004708,inf,7.205737590789795,nan,1.0531257270049537,inf,6.201986789703369,nan,9.202172968001832,inf,6.089338302612305,nan,9.26348031103953,inf,6.218284606933594,nan,9.364605867014689,inf
202,5.975918769836426,nan,10.65984666901386,inf,5.946434020996094,nan,9.333217083991258,inf,5.9734272956848145,nan,9.664832336000472,inf,9.99392318725586,nan,5.938744424995093,inf,10.84449577331543,nan,13.366706555003475,inf,8.130437850952148,nan,1.0581694110042008,inf,6.2094573974609375,nan,9.205948506001732,inf,6.175405025482178,nan,9.267105407039708,inf,6.094381809234619,nan,9.36822963301347,inf
203,5.772579193115234,nan,10.66347984501408,inf,5.9471540451049805,nan,9.336759848991278,inf,5.880638122558594,nan,9.66855141400083,inf,9.630270957946777,nan,5.9594024479956715,inf,10.66766357421875,nan,13.41839542100388,inf,7.485393524169922,nan,1.0630525530050363,inf,5.993807315826416,nan,9.209536511001716,inf,5.80835485458374,nan,9.27063110204108,inf,5.885655403137207,nan,9.371760737014483,inf
204,8.1614990234375,nan,10.667068421013028,inf,7.940891265869141,nan,9.34023614299258,inf,8.091893196105957,nan,9.672120130000621,inf,10.145853042602539,nan,5.979139647995908,inf,10.655664443969727,nan,13.470410691004872,inf,9.354595184326172,nan,1.0680032960062817,inf,8.038701057434082,nan,9.21293410400176,inf,8.071878433227539,nan,9.274029135041928,inf,8.001678466796875,nan,9.375190711014511,inf
205,6.96071720123291,nan,10.670510305011703,inf,6.940947532653809,nan,9.343786647992602,inf,7.109807014465332,nan,9.67556781300118,inf,10.127853393554688,nan,5.998703776995171,inf,10.874319076538086,nan,13.521499659003894,inf,8.449501991271973,nan,1.0729864400072984,inf,6.8745951652526855,nan,9.21637151700088,inf,6.860349655151367,nan,9.277491609042045,inf,6.81030797958374,nan,9.37864769501357,inf
206,9.185818672180176,nan,10.674053570011893,inf,9.28680419921875,nan,9.34722388199225,inf,9.209920883178711,nan,9.67911520800044,inf,10.444023132324219,nan,6.018688549995204,inf,10.682126998901367,nan,13.572066671003995,inf,9.854768753051758,nan,1.0780521240067173,inf,9.26987361907959,nan,9.219866491001085,inf,9.294412612915039,nan,9.28096184304195,inf,9.22431468963623,nan,9.382122139013518,inf
207,7.402283191680908,nan,10.677530784010742,inf,7.41266393661499,nan,9.350796696991893,inf,7.41742467880249,nan,9.682557271000405,inf,9.948190689086914,nan,6.039096738993976,inf,10.502366065979004,nan,13.62337032200412,inf,8.508259773254395,nan,1.0829428060078499,inf,7.483048439025879,nan,9.223423316001572,inf,7.358809471130371,nan,9.284450957042282,inf,7.341052532196045,nan,9.385623963013131,inf
208,6.910017967224121,nan,10.68103922901173,inf,7.052644729614258,nan,9.354333311992377,inf,7.014946937561035,nan,9.686181028000647,inf,10.092031478881836,nan,6.058914190993164,inf,10.941454887390137,nan,13.677577060003387,inf,8.149984359741211,nan,1.0880449110081827,inf,6.944389343261719,nan,9.226832519001618,inf,6.885990142822266,nan,9.287832649042684,inf,6.987568378448486,nan,9.389072867012146,inf
209,6.655743598937988,nan,10.684511513012694,inf,6.584622383117676,nan,9.357766064991665,inf,6.7852864265441895,nan,9.689722692999567,inf,9.948753356933594,nan,6.078919794994363,inf,10.751924514770508,nan,13.72953943900393,inf,8.211894989013672,nan,1.0929148030081706,inf,6.640392780303955,nan,9.230260252001244,inf,6.57709264755249,nan,9.291236422042857,inf,6.58750057220459,nan,9.392622482013394,inf
210,6.949926853179932,nan,10.687952007012427,inf,7.036888599395752,nan,9.36127512899111,inf,6.99127197265625,nan,9.693283008000435,inf,9.911535263061523,nan,6.102961249995133,inf,10.630830764770508,nan,13.784373325004708,inf,8.493480682373047,nan,1.0980061770078464,inf,7.032340049743652,nan,9.23378633700122,inf,6.968631267547607,nan,9.294665685043583,inf,7.223297595977783,nan,9.396223628013104,inf
211,7.423349380493164,nan,10.691405471012331,inf,7.450410842895508,nan,9.364843313989695,inf,7.403603553771973,nan,9.696894644001077,inf,10.301057815551758,nan,6.122813011994367,inf,10.761478424072266,nan,13.83610529100406,inf,9.220602035522461,nan,1.102936009008772,inf,7.311891078948975,nan,9.237326862001282,inf,7.528144359588623,nan,9.298153249043025,inf,7.566166877746582,nan,9.39969355201356,inf
212,7.959113121032715,nan,10.69491805501275,inf,8.014872550964355,nan,9.368345688988484,inf,7.996306896209717,nan,9.700487590000193,inf,9.914539337158203,nan,6.142447990994697,inf,10.625580787658691,nan,13.88725591000366,inf,8.816886901855469,nan,1.1078413910090603,inf,7.990139484405518,nan,9.240696005001155,inf,7.819980621337891,nan,9.301522962043236,inf,7.964400291442871,nan,9.403245437013538,inf
213,7.43980598449707,nan,10.69833666901286,inf,7.490351676940918,nan,9.371866563988078,inf,7.590285301208496,nan,9.70404693599994,inf,10.087553024291992,nan,6.162470024994036,inf,10.768024444580078,nan,13.937409127003775,inf,9.087102890014648,nan,1.112683082010335,inf,7.546938419342041,nan,9.244076828001198,inf,7.518711090087891,nan,9.304887495043658,inf,7.463447570800781,nan,9.40666116101238,inf
214,7.079174041748047,nan,10.701749383011702,inf,6.955145835876465,nan,9.375398908987336,inf,7.061993598937988,nan,9.707511560000057,inf,9.928023338317871,nan,6.182103503993858,inf,10.666950225830078,nan,13.988652568004909,inf,8.177522659301758,nan,1.1175895350115752,inf,6.973826885223389,nan,9.24748337100209,inf,7.018252849578857,nan,9.308306549044573,inf,6.952243804931641,nan,9.410126645012497,inf
215,8.033695220947266,nan,10.705268737010556,inf,7.9857659339904785,nan,9.37886780298686,inf,7.970551490783691,nan,9.71107047499936,inf,10.243078231811523,nan,6.2022166489950905,inf,10.797346115112305,nan,14.04564157200366,inf,9.088272094726562,nan,1.122892192011932,inf,7.942516326904297,nan,9.25111749700227,inf,7.959752559661865,nan,9.311832313043851,inf,8.041375160217285,nan,9.41379701101323,inf
216,7.557000160217285,nan,10.708806602009645,inf,7.459538459777832,nan,9.382396046987196,inf,7.58920431137085,nan,9.714698670999496,inf,10.139325141906738,nan,6.2224903459955385,inf,10.684074401855469,nan,14.097689462003473,inf,8.911925315856934,nan,1.1277778140120063,inf,7.494454383850098,nan,9.254582481002217,inf,7.748332500457764,nan,9.315259537044767,inf,7.410135269165039,nan,9.41737459601427,inf
217,7.138140678405762,nan,10.712346897009411,inf,7.059456825256348,nan,9.385895380986767,inf,7.078204154968262,nan,9.71829602699836,inf,9.599922180175781,nan,6.242629871996542,inf,10.390768051147461,nan,14.149827304005157,inf,7.9541521072387695,nan,1.1326863660124218,inf,7.102799415588379,nan,9.257955044002301,inf,7.044652938842773,nan,9.318637650045275,inf,7.031715393066406,nan,9.420894910013885,inf
218,6.57585334777832,nan,10.715750311008378,inf,6.5760817527771,nan,9.389387005987373,inf,6.642927169799805,nan,9.72188155299773,inf,9.427647590637207,nan,6.262675295996814,inf,10.392627716064453,nan,14.201665762004268,inf,7.20124626159668,nan,1.1375938080109336,inf,6.467912673950195,nan,9.261367847000656,inf,6.708128929138184,nan,9.321986612045293,inf,6.629519939422607,nan,9.4243051240137,inf
219,8.579879760742188,nan,10.719183325008999,inf,8.585073471069336,nan,9.39294249098748,inf,8.661144256591797,nan,9.725331206996998,inf,10.222050666809082,nan,6.282846731997779,inf,10.6996431350708,nan,14.253183516004356,inf,9.48029613494873,nan,1.1424905900112208,inf,8.642433166503906,nan,9.26478890100043,inf,8.684186935424805,nan,9.325381065043985,inf,8.590214729309082,nan,9.427834128013274,inf
220,6.824691295623779,nan,10.722697150007662,inf,6.798724174499512,nan,9.396359643988035,inf,6.869384288787842,nan,9.728887691995624,inf,9.591951370239258,nan,6.305599699997401,inf,10.559115409851074,nan,14.313586073003535,inf,7.943587303161621,nan,1.1476921150097041,inf,6.842837333679199,nan,9.26835824599948,inf,6.994351387023926,nan,9.328891719043895,inf,6.881049156188965,nan,9.43134033201386,inf
221,6.6798200607299805,nan,10.726209154008757,inf,6.575716018676758,nan,9.400052220988073,inf,6.654217720031738,nan,9.73238080599549,inf,9.810470581054688,nan,6.3256803049971495,inf,10.6484375,nan,14.366157650003515,inf,8.233478546142578,nan,1.152857410010256,inf,6.48050594329834,nan,9.27177945999938,inf,6.679781436920166,nan,9.332255882043683,inf,6.399689197540283,nan,9.434760685013316,inf
222,7.046881675720215,nan,10.72968248800862,inf,6.943700790405273,nan,9.403421673989214,inf,6.959681987762451,nan,9.735854699994889,inf,9.749911308288574,nan,6.345594507996793,inf,10.608222007751465,nan,14.417926617003104,inf,9.198198318481445,nan,1.1577718920088955,inf,7.01815938949585,nan,9.275189202999172,inf,7.034685134887695,nan,9.335662205043263,inf,6.9641828536987305,nan,9.438173448012094,inf
223,6.3288116455078125,nan,10.733138342007805,inf,6.249375343322754,nan,9.406989058988984,inf,6.390433311462402,nan,9.73932351399526,inf,9.683218002319336,nan,6.365564061998157,inf,10.60301399230957,nan,14.471841251002843,inf,7.359810829162598,nan,1.162865217007493,inf,6.292654037475586,nan,9.27854949599896,inf,6.3016862869262695,nan,9.339007217044127,inf,6.193744659423828,nan,9.441651432012804,inf
224,6.386541366577148,nan,10.737142323008811,inf,6.332401275634766,nan,9.410427771990726,inf,6.406405925750732,nan,9.742897549995178,inf,9.598155975341797,nan,6.385443454997585,inf,10.596551895141602,nan,14.524052594004388,inf,8.250059127807617,nan,1.167846610007473,inf,6.361677169799805,nan,9.28197388999979,inf,6.382911682128906,nan,9.342423171043265,inf,6.316719055175781,nan,9.44509446601296,inf
225,5.416346549987793,nan,10.740617047009437,inf,5.407169342041016,nan,9.413873055989825,inf,5.45100212097168,nan,9.74641211499511,inf,9.543906211853027,nan,6.405773972997849,inf,10.482497215270996,nan,14.576814464004201,inf,6.635103225708008,nan,1.1727622230064298,inf,5.429440498352051,nan,9.285651526000947,inf,5.373865127563477,nan,9.346039657042638,inf,5.35091495513916,nan,9.448706982011572,inf
226,5.724064826965332,nan,10.74415177201081,inf,5.743216037750244,nan,9.41753941199022,inf,5.792001247406006,nan,9.74995308999496,inf,9.566985130310059,nan,6.428449040997293,inf,10.672096252441406,nan,14.63115489300435,inf,6.987576484680176,nan,1.1779577990073449,inf,5.708652496337891,nan,9.289105949999794,inf,5.782517433166504,nan,9.349466980042052,inf,5.817607879638672,nan,9.452324598012638,inf
227,6.485387802124023,nan,10.747571706011513,inf,6.276562690734863,nan,9.421020105990465,inf,6.357681751251221,nan,9.75335580299543,inf,9.586064338684082,nan,6.448453424998661,inf,10.62035083770752,nan,14.682062309004323,inf,6.917600631713867,nan,1.1828775310077617,inf,6.347360610961914,nan,9.292515552999248,inf,6.308590412139893,nan,9.352856193043408,inf,6.343196392059326,nan,9.45575888201347,inf
228,6.663129806518555,nan,10.751011810012642,inf,6.5792236328125,nan,9.424441309989561,inf,6.5998334884643555,nan,9.756794805995014,inf,9.456562042236328,nan,6.4682369559996005,inf,10.524983406066895,nan,14.733203068004514,inf,7.490496635437012,nan,1.1893023320080829,inf,6.657704830169678,nan,9.295970776998729,inf,6.621362209320068,nan,9.356261537044702,inf,6.6179070472717285,nan,9.459371508013646,inf
229,6.818809509277344,nan,10.754415733012138,inf,6.751937389373779,nan,9.427987784989455,inf,6.90154504776001,nan,9.760240248995615,inf,9.696657180786133,nan,6.491683493999517,inf,10.684652328491211,nan,14.785352470005819,inf,7.84321928024292,nan,1.1947877910079114,inf,6.885793685913086,nan,9.299602522998612,inf,6.671750068664551,nan,9.35977904104584,inf,6.720802307128906,nan,9.462856152013046,inf
230,8.435625076293945,nan,10.757954478012834,inf,8.387838363647461,nan,9.431442438988597,inf,8.342657089233398,nan,9.763802064995616,inf,10.001128196716309,nan,6.514750546999494,inf,10.669736862182617,nan,14.850336105004317,inf,10.012200355529785,nan,1.2011073020075855,inf,8.395601272583008,nan,9.303285179999875,inf,8.388400077819824,nan,9.363191224047114,inf,8.116312980651855,nan,9.466247395012033,inf
231,7.358044624328613,nan,10.761770966011682,inf,7.337070465087891,nan,9.434905432988671,inf,7.347472190856934,nan,9.767238518996237,inf,9.992446899414062,nan,6.537486055000045,inf,10.719449043273926,nan,14.911084036004468,inf,9.171880722045898,nan,1.2076876050086867,inf,7.353222846984863,nan,9.306694322998737,inf,7.378801345825195,nan,9.366518276048737,inf,7.295080184936523,nan,9.469763490013065,inf
232,5.076389312744141,nan,10.765336562011726,inf,4.990645408630371,nan,9.438558738989741,inf,5.042303085327148,nan,9.7708717949954,inf,9.367746353149414,nan,6.557856264000293,inf,10.729585647583008,nan,14.974266268005522,inf,6.968332290649414,nan,1.2148422460086294,inf,5.141915321350098,nan,9.311200399999507,inf,4.977939605712891,nan,9.370452566048698,inf,5.043051719665527,nan,9.473543158013854,inf
233,8.398311614990234,nan,10.7690938900123,inf,8.317567825317383,nan,9.44220308498916,inf,8.270112037658691,nan,9.774621031996503,inf,10.17335319519043,nan,6.580802425000002,inf,10.77147388458252,nan,15.030865456004904,inf,10.09123706817627,nan,1.2199550510085828,inf,8.40269660949707,nan,9.315013497998734,inf,8.165998458862305,nan,9.373964401049307,inf,8.299320220947266,nan,9.477061203013363,inf
234,7.409562110900879,nan,10.77260294401276,inf,7.309909820556641,nan,9.445771769987914,inf,7.3064656257629395,nan,9.778207166995344,inf,10.162643432617188,nan,6.603575283999817,inf,10.733327865600586,nan,15.092100053003378,inf,9.124628067016602,nan,1.2258712360089703,inf,7.329329490661621,nan,9.318686284999785,inf,7.399765968322754,nan,9.377397434049271,inf,7.337323188781738,nan,9.480503727014366,inf
235,6.802962303161621,nan,10.776111008013686,inf,6.996485710144043,nan,9.449222112987627,inf,6.82775354385376,nan,9.781720590995974,inf,9.748113632202148,nan,6.626392404001308,inf,10.570300102233887,nan,15.15404624000439,inf,8.158406257629395,nan,1.2318167520097631,inf,6.7014970779418945,nan,9.322141128999647,inf,6.817476272583008,nan,9.380819488047564,inf,6.791877746582031,nan,9.483957471014946,inf
236,6.552363395690918,nan,10.779922747015007,inf,6.447325706481934,nan,9.452591525987373,inf,6.536865234375,nan,9.785439187995507,inf,9.416755676269531,nan,6.650563001001501,inf,10.36559772491455,nan,15.220808927004327,inf,7.804866790771484,nan,1.2384618560099625,inf,6.501969814300537,nan,9.325883396999416,inf,6.428073883056641,nan,9.384264822048863,inf,6.53671932220459,nan,9.487493306014585,inf
237,6.333368301391602,nan,10.783625554015089,inf,6.1577043533325195,nan,9.456005708987504,inf,6.405579090118408,nan,9.788952252994932,inf,9.927242279052734,nan,6.6733493310021,inf,10.578871726989746,nan,15.282702262004022,inf,8.880765914916992,nan,1.2436850720096118,inf,6.312540054321289,nan,9.329817376999927,inf,6.269710540771484,nan,9.387865888049419,inf,6.249248504638672,nan,9.49102579101418,inf
238,6.8643083572387695,nan,10.787532643016675,inf,7.010000705718994,nan,9.459712325988221,inf,6.899960994720459,nan,9.79300480499478,inf,9.836033821105957,nan,6.697401877003358,inf,10.535629272460938,nan,15.346918887003994,inf,8.132213592529297,nan,1.2496572980107885,inf,6.877263069152832,nan,9.3333014309992,inf,6.769848346710205,nan,9.39189963904937,inf,6.901623725891113,nan,9.494584717014732,inf
239,7.642348289489746,nan,10.791392172015549,inf,7.6996564865112305,nan,9.46324926098896,inf,7.659067153930664,nan,9.796616520994576,inf,9.856256484985352,nan,6.720499320003,inf,10.449609756469727,nan,15.410385873003179,inf,9.068710327148438,nan,1.25564964401201,inf,7.684294700622559,nan,9.336770996000268,inf,7.6559624671936035,nan,9.395317273048931,inf,7.658285140991211,nan,9.498014810014865,inf
240,7.355886459350586,nan,10.794824846016127,inf,7.361964225769043,nan,9.466808816989214,inf,7.427117347717285,nan,9.800110905995098,inf,9.926236152648926,nan,6.743320280002081,inf,10.73520278930664,nan,15.470126101003189,inf,8.865853309631348,nan,1.2605696460123,inf,7.499521255493164,nan,9.34018216000186,inf,7.509408950805664,nan,9.398695036048593,inf,7.340514183044434,nan,9.501560735014209,inf
241,8.054828643798828,nan,10.798254539015034,inf,8.080948829650879,nan,9.470934738988944,inf,8.033330917358398,nan,9.804197957995711,inf,10.205062866210938,nan,6.763466566002535,inf,10.770700454711914,nan,15.52209287000369,inf,9.290518760681152,nan,1.2654809490122716,inf,7.899918079376221,nan,9.343783446001908,inf,8.008705139160156,nan,9.402199760048461,inf,7.957184314727783,nan,9.505736168013755,inf
242,6.843517303466797,nan,10.801926236015788,inf,6.827187538146973,nan,9.474530984987723,inf,6.985743999481201,nan,9.807843674996548,inf,9.674315452575684,nan,6.784216449001178,inf,10.60092830657959,nan,15.574160381003821,inf,8.863225936889648,nan,1.2706113540116348,inf,6.872759819030762,nan,9.347341561000576,inf,6.881450176239014,nan,9.405697754047651,inf,6.737548351287842,nan,9.5093518740141,inf
243,7.29807710647583,nan,10.80544739101606,inf,7.321944236755371,nan,9.478028718986025,inf,7.352160930633545,nan,9.811415470996508,inf,9.82120132446289,nan,6.804300104000504,inf,10.503069877624512,nan,15.626112631003707,inf,8.750454902648926,nan,1.2754953460116667,inf,7.295686721801758,nan,9.350767305000772,inf,7.411953449249268,nan,9.409105297047063,inf,7.275574207305908,nan,9.512938170013513,inf
244,7.250647068023682,nan,10.809585754015643,inf,7.152233123779297,nan,9.481555173986635,inf,7.148375511169434,nan,9.81506087699745,inf,10.074155807495117,nan,6.82408350500009,inf,10.62478256225586,nan,15.678265063004801,inf,9.111096382141113,nan,1.2815294730116875,inf,7.088046550750732,nan,9.354179198000566,inf,6.951037406921387,nan,9.412489310047022,inf,6.976439476013184,nan,9.51651787501396,inf
245,6.947756767272949,nan,10.813017017015227,inf,6.99053955078125,nan,9.485071008986779,inf,7.054951190948486,nan,9.818929085997297,inf,10.202516555786133,nan,6.844138439999369,inf,10.929292678833008,nan,15.73085731100582,inf,8.980257987976074,nan,1.2864045340120356,inf,7.2001447677612305,nan,9.357654473000366,inf,7.166867256164551,nan,9.415912933047366,inf,7.201038360595703,nan,9.519967019014075,inf
246,7.107142925262451,nan,10.816543992015795,inf,7.094442367553711,nan,9.488509102988246,inf,7.068878173828125,nan,9.822491480997996,inf,9.589272499084473,nan,6.864092032999906,inf,10.609193801879883,nan,15.784686014005274,inf,8.143655776977539,nan,1.291322436010887,inf,7.0655951499938965,nan,9.36119712800064,inf,7.139651298522949,nan,9.419393997048246,inf,7.062915325164795,nan,9.523596845014254,inf
247,6.450083255767822,nan,10.820024796015787,inf,6.489989757537842,nan,9.492066487988268,inf,6.441023826599121,nan,9.825929113998427,inf,9.546998977661133,nan,6.886755510999137,inf,10.678686141967773,nan,15.843481760004579,inf,7.918595790863037,nan,1.2972055200116301,inf,6.460778713226318,nan,9.364672882000377,inf,6.444354057312012,nan,9.422818750048464,inf,6.418789863586426,nan,9.5270562390142,inf
248,6.495001792907715,nan,10.823579411016908,inf,6.546783447265625,nan,9.49548317198969,inf,6.634070873260498,nan,9.82946280899887,inf,9.625904083251953,nan,6.909491018999688,inf,10.617650032043457,nan,15.905390136003916,inf,7.841597557067871,nan,1.302487197011942,inf,6.535350799560547,nan,9.368028594999487,inf,6.550195693969727,nan,9.426148572048987,inf,6.509692192077637,nan,9.530553223014067,inf
249,6.032075881958008,nan,10.82694629301659,inf,6.00601863861084,nan,9.49895235698932,inf,5.948812484741211,nan,9.832968523998716,inf,9.55033016204834,nan,6.931247064998388,inf,10.7188720703125,nan,15.967329802004315,inf,7.54195499420166,nan,1.3089422890116111,inf,5.885143280029297,nan,9.37284656599877,inf,5.8248114585876465,nan,9.431265827048264,inf,5.825677871704102,nan,9.534477003013308,inf
250,7.901371479034424,nan,10.830634230016585,inf,7.978750705718994,nan,9.502851926990843,inf,7.992766857147217,nan,9.837310598999466,inf,9.873207092285156,nan,6.951608942998064,inf,10.679924964904785,nan,16.025565641004505,inf,9.146535873413086,nan,1.3154072410125082,inf,8.083093643188477,nan,9.37709206999898,inf,7.937640190124512,nan,9.435155696048241,inf,8.081537246704102,nan,9.538224041014473,inf
251,7.5517964363098145,nan,10.834827794016746,inf,7.582265377044678,nan,9.506999929990343,inf,7.507482528686523,nan,9.841082895998625,inf,9.765233993530273,nan,6.973709083997164,inf,10.698698043823242,nan,16.091420567003297,inf,8.864535331726074,nan,1.3214787280139717,inf,7.410179138183594,nan,9.381060830999559,inf,7.621678829193115,nan,9.439081226048074,inf,7.589323043823242,nan,9.541832436014374,inf
252,7.273502349853516,nan,10.839165949015296,inf,7.088985919952393,nan,9.51075991799189,inf,7.137261390686035,nan,9.844617180999194,inf,9.803999900817871,nan,6.994762760998128,inf,10.837298393249512,nan,16.148674794003455,inf,8.69736385345459,nan,1.328129452014764,inf,7.159226417541504,nan,9.384694026999568,inf,7.104531288146973,nan,9.44254272004764,inf,7.135306358337402,nan,9.545592874013892,inf
253,7.131463050842285,nan,10.842612432013993,inf,6.909970283508301,nan,9.514305172991953,inf,6.9771881103515625,nan,9.848167185999046,inf,9.553838729858398,nan,7.018337969999266,inf,10.739812850952148,nan,16.21103733500422,inf,8.338505744934082,nan,1.3344397220153041,inf,7.04915714263916,nan,9.388130660998286,inf,6.918231964111328,nan,9.445961003048069,inf,7.0315141677856445,nan,9.54903446701428,inf
254,6.348659992218018,nan,10.846123156014073,inf,6.147705078125,nan,9.517745036991982,inf,6.226396560668945,nan,9.851698310998472,inf,9.548307418823242,nan,7.044000195997796,inf,10.5261869430542,nan,16.276602967003782,inf,7.8082098960876465,nan,1.339686289014935,inf,6.318604469299316,nan,9.391902068999116,inf,6.1653289794921875,nan,9.449543349048326,inf,6.158931255340576,nan,9.55261631301255,inf
255,6.193600654602051,nan,10.849705902013739,inf,6.206794738769531,nan,9.52128493199234,inf,6.099116802215576,nan,9.855367667998507,inf,9.265052795410156,nan,7.06730818199685,inf,10.529626846313477,nan,16.33840313100336,inf,7.696751594543457,nan,1.3446397020161385,inf,5.972872734069824,nan,9.395535415000268,inf,6.012660503387451,nan,9.452956142047697,inf,5.908023834228516,nan,9.55641158101389,inf
256,6.322701454162598,nan,10.853181047014004,inf,6.3960981369018555,nan,9.524743095993472,inf,6.446287155151367,nan,9.858928032999756,inf,9.338665008544922,nan,7.088489760997618,inf,10.363469123840332,nan,16.398147150002842,inf,7.498989105224609,nan,1.3507545900156401,inf,6.329324722290039,nan,9.39892647799934,inf,6.30611515045166,nan,9.456354865047615,inf,6.284292697906494,nan,9.559927755013632,inf
257,8.806203842163086,nan,10.856586760015489,inf,8.930990219116211,nan,9.52823310999338,inf,8.800102233886719,nan,9.862529987998641,inf,9.873804092407227,nan,7.1127562889978435,inf,10.381234169006348,nan,16.458008430003247,inf,9.41789436340332,nan,1.3556130420147383,inf,8.761366844177246,nan,9.402439741999842,inf,8.70637035369873,nan,9.459909170047467,inf,8.738358497619629,nan,9.56336972801364,inf
258,6.427405834197998,nan,10.860043823015076,inf,6.49550724029541,nan,9.531772504993569,inf,6.359800815582275,nan,9.866007931999775,inf,9.650175094604492,nan,7.137086476997865,inf,10.641069412231445,nan,16.516144047003763,inf,7.483881950378418,nan,1.3606601260144089,inf,6.203914642333984,nan,9.406284920998587,inf,6.272669792175293,nan,9.463613427047676,inf,6.226056098937988,nan,9.567159396014176,inf
259,7.7454094886779785,nan,10.863599028014505,inf,7.721177577972412,nan,9.535383940994507,inf,7.829743385314941,nan,9.869504795999092,inf,9.767496109008789,nan,7.15707098999701,inf,10.72188949584961,nan,16.572191248003946,inf,9.254789352416992,nan,1.3657141100138688,inf,7.8542585372924805,nan,9.410035488997892,inf,7.861366271972656,nan,9.467217133047598,inf,7.827584743499756,nan,9.570736702013164,inf
260,6.290203094482422,nan,10.867224934014303,inf,6.334228038787842,nan,9.53891152599499,inf,6.329097747802734,nan,9.873138221997579,inf,9.6754150390625,nan,7.177646361997176,inf,10.472092628479004,nan,16.624251578004987,inf,7.8714704513549805,nan,1.3706490430140548,inf,6.18058967590332,nan,9.413493872996696,inf,6.376686096191406,nan,9.470645007048006,inf,6.302942276000977,nan,9.57417469601387,inf
261,7.563196182250977,nan,10.870681358013826,inf,7.462229251861572,nan,9.542486070995437,inf,7.593728065490723,nan,9.876620425997316,inf,9.869098663330078,nan,7.197712535997198,inf,10.866443634033203,nan,16.682853742006046,inf,8.93535041809082,nan,1.3759487800125498,inf,7.480006694793701,nan,9.416915465995771,inf,7.627701282501221,nan,9.474047260047882,inf,7.598138809204102,nan,9.577588219013705,inf
262,7.621947288513184,nan,10.87412972101265,inf,7.594099998474121,nan,9.545894933995442,inf,7.693085670471191,nan,9.880129419996592,inf,9.7461576461792,nan,7.221214404997227,inf,10.590269088745117,nan,16.737761238005987,inf,8.807507514953613,nan,1.381835554011559,inf,7.5764312744140625,nan,9.4204029409957,inf,7.572117805480957,nan,9.47746458304755,inf,7.6573262214660645,nan,9.581056023014753,inf
263,6.955976486206055,nan,10.877686116013138,inf,6.948577880859375,nan,9.549569619995964,inf,7.143077850341797,nan,9.883634423997137,inf,9.624731063842773,nan,7.241185687997131,inf,10.369485855102539,nan,16.78976943800626,inf,8.764337539672852,nan,1.3867824470125925,inf,6.888914585113525,nan,9.423858244996154,inf,6.898533344268799,nan,9.480893867048508,inf,6.839357376098633,nan,9.58452088701415,inf
264,8.349512100219727,nan,10.881108909012255,inf,8.229833602905273,nan,9.55296196299605,inf,8.227117538452148,nan,9.887102577997211,inf,9.747360229492188,nan,7.261136340997837,inf,10.481856346130371,nan,16.84244376600691,inf,9.358808517456055,nan,1.3930884370129206,inf,8.227224349975586,nan,9.427313858996058,inf,8.239370346069336,nan,9.484272889047134,inf,8.194093704223633,nan,9.587954400012677,inf
265,7.532709121704102,nan,10.884617404013625,inf,7.425073146820068,nan,9.556400976995064,inf,7.498654365539551,nan,9.890625752997948,inf,9.813581466674805,nan,7.2828659569968295,inf,10.939728736877441,nan,16.896953848006888,inf,8.45425033569336,nan,1.398367894011244,inf,7.465854167938232,nan,9.43068997199589,inf,7.543767929077148,nan,9.48763508104821,inf,7.435072898864746,nan,9.591346153012637,inf
266,7.14279842376709,nan,10.887999767013753,inf,6.907341003417969,nan,9.56000279199543,inf,7.025674819946289,nan,9.894066476997978,inf,9.501581192016602,nan,7.302803069997026,inf,10.708829879760742,nan,16.94915519000824,inf,8.185245513916016,nan,1.4032774760107714,inf,7.064810752868652,nan,9.434102585995788,inf,6.986303329467773,nan,9.491028354048467,inf,7.047468185424805,nan,9.594776517013088,inf
267,6.642881393432617,nan,10.891440221013909,inf,6.692991256713867,nan,9.563604766995923,inf,6.756425857543945,nan,9.897559530998478,inf,9.397893905639648,nan,7.322926155997266,inf,10.574947357177734,nan,17.00075468500836,inf,7.918807029724121,nan,1.4082576000109839,inf,6.678032398223877,nan,9.437760881995928,inf,6.686700344085693,nan,9.49459077004758,inf,6.617334365844727,nan,9.59832241201184,inf
268,8.214056015014648,nan,10.895020426012707,inf,8.315370559692383,nan,9.567150801995012,inf,8.34863567352295,nan,9.901158115999351,inf,10.043479919433594,nan,7.343113701997936,inf,10.576135635375977,nan,17.053485325008296,inf,9.717236518859863,nan,1.4131896730104927,inf,8.156030654907227,nan,9.441227535995495,inf,8.146389961242676,nan,9.498036264047187,inf,8.149656295776367,nan,9.601860237011351,inf
269,8.039501190185547,nan,10.89855976101353,inf,7.840583324432373,nan,9.570605505994536,inf,7.938685417175293,nan,9.904726560998824,inf,9.70553207397461,nan,7.363262156997735,inf,10.660710334777832,nan,17.10784710500775,inf,9.101921081542969,nan,1.4183873490110273,inf,7.904070854187012,nan,9.44476303999545,inf,7.913346290588379,nan,9.501502388047811,inf,7.89803409576416,nan,9.605492563010557,inf
270,7.095426082611084,nan,10.902023035014281,inf,6.944857597351074,nan,9.574182760994518,inf,7.099520683288574,nan,9.908436348998293,inf,9.650677680969238,nan,7.383683485997608,inf,10.760611534118652,nan,17.159643823006263,inf,8.028388977050781,nan,1.423274841010425,inf,6.961420059204102,nan,9.44812612199712,inf,6.935246467590332,nan,9.5048382900477,inf,6.992623805999756,nan,9.609032808009943,inf
271,7.375295639038086,nan,10.905387008015168,inf,7.254385948181152,nan,9.577694944995528,inf,7.378716945648193,nan,9.911868772998787,inf,9.233476638793945,nan,7.403789050997148,inf,10.490161895751953,nan,17.21279317700646,inf,8.032824516296387,nan,1.4284530270106188,inf,7.317381381988525,nan,9.451633805998426,inf,7.280607223510742,nan,9.508301524048875,inf,7.251089096069336,nan,9.61280208601056,inf
272,7.7142839431762695,nan,10.908970953014432,inf,7.683252334594727,nan,9.581458462997034,inf,7.670912742614746,nan,9.915695100999073,inf,9.873479843139648,nan,7.424015356997188,inf,10.763792037963867,nan,17.26469291500689,inf,8.915821075439453,nan,1.4333584790110763,inf,7.66812801361084,nan,9.455168900998615,inf,7.569177627563477,nan,9.511780269049268,inf,7.534970283508301,nan,9.61629165001068,inf
273,7.225708961486816,nan,10.912429257014082,inf,7.16353178024292,nan,9.584935126997152,inf,7.270656585693359,nan,9.919151504998808,inf,9.770262718200684,nan,7.443949319997046,inf,10.76577091217041,nan,17.316710435006826,inf,8.218673706054688,nan,1.4382622010107298,inf,7.1977434158325195,nan,9.458580933998746,inf,7.100499629974365,nan,9.515194152048934,inf,7.156059265136719,nan,9.61987132601098,inf
274,7.220163822174072,nan,10.915916851014117,inf,7.140817642211914,nan,9.588489211997512,inf,7.168487071990967,nan,9.92260806900049,inf,9.384546279907227,nan,7.4637242009976035,inf,10.503576278686523,nan,17.36860889300624,inf,7.858442306518555,nan,1.4431527030101279,inf,7.117299556732178,nan,9.461937346999548,inf,6.985138893127441,nan,9.518549635047748,inf,7.051298141479492,nan,9.623361970012411,inf
275,7.2425432205200195,nan,10.919333954014292,inf,7.265081882476807,nan,9.591900464996797,inf,7.202744007110596,nan,9.926172884999687,inf,9.461128234863281,nan,7.483554152997385,inf,10.541756629943848,nan,17.420605613006046,inf,8.41250228881836,nan,1.4482782080103789,inf,7.277027606964111,nan,9.465469281998594,inf,7.32551383972168,nan,9.522012119048668,inf,7.299993515014648,nan,9.62685793401215,inf
276,6.314423561096191,nan,10.922923949014148,inf,6.247766494750977,nan,9.595392698996875,inf,6.267584800720215,nan,9.929994262998662,inf,9.037034034729004,nan,7.5048614329989505,inf,10.660879135131836,nan,17.472448302005432,inf,7.191932201385498,nan,1.4534304030112253,inf,6.132863521575928,nan,9.469200418998298,inf,6.256056785583496,nan,9.525605834049202,inf,6.277503967285156,nan,9.630453839012262,inf
277,7.085397720336914,nan,10.926518345013392,inf,7.029294490814209,nan,9.599108636997698,inf,7.084496974945068,nan,9.933528027999273,inf,9.560562133789062,nan,7.524755834998359,inf,10.679859161376953,nan,17.522575208004127,inf,8.162479400634766,nan,1.4583272350118932,inf,6.867805480957031,nan,9.472605591998217,inf,6.88832950592041,nan,9.529012167049586,inf,6.8920369148254395,nan,9.633876493011485,inf
278,6.426113128662109,nan,10.929972709012873,inf,6.435514450073242,nan,9.602549079996606,inf,6.422351360321045,nan,9.937022771999182,inf,9.548286437988281,nan,7.544777678998798,inf,10.533950805664062,nan,17.575454409003214,inf,7.804839611053467,nan,1.4634159000106592,inf,6.586995601654053,nan,9.47604695499831,inf,6.405804634094238,nan,9.53243034004845,inf,6.555631637573242,nan,9.637386898009936,inf
279,7.780890464782715,nan,10.933488464012044,inf,7.904207229614258,nan,9.605982763996508,inf,7.932990074157715,nan,9.940563376998398,inf,9.804269790649414,nan,7.564695111999754,inf,10.584480285644531,nan,17.627563060003013,inf,9.023517608642578,nan,1.4683490120096394,inf,7.87813663482666,nan,9.479504118997284,inf,7.86007022857666,nan,9.535856873048033,inf,7.872692108154297,nan,9.640968063009495,inf
280,7.844503879547119,nan,10.936938578011905,inf,7.759455680847168,nan,9.609509428995807,inf,7.743379592895508,nan,9.944152341997324,inf,9.673739433288574,nan,7.58455712399882,inf,10.617069244384766,nan,17.679133285004355,inf,8.68839168548584,nan,1.4731968530104496,inf,7.86431884765625,nan,9.482940682995832,inf,7.658123016357422,nan,9.539285846049097,inf,7.680943489074707,nan,9.644493848009006,inf
281,6.6451096534729,nan,10.940367992012398,inf,6.608270168304443,nan,9.612949672997274,inf,6.649654865264893,nan,9.947846428996854,inf,9.44102668762207,nan,7.604419875999156,inf,10.595849990844727,nan,17.731517949005138,inf,8.292484283447266,nan,1.4781443060091988,inf,6.580121040344238,nan,9.486626599995361,inf,6.472348690032959,nan,9.542884702048468,inf,6.41796875,nan,9.648063953009114,inf
282,8.110635757446289,nan,10.943972968012531,inf,8.06649398803711,nan,9.61650744799772,inf,8.110286712646484,nan,9.951426114996138,inf,9.681167602539062,nan,7.624265767999532,inf,10.643837928771973,nan,17.78245717500431,inf,8.985604286193848,nan,1.483009708010286,inf,8.153249740600586,nan,9.490035692995662,inf,8.098217010498047,nan,9.546261955048976,inf,8.010610580444336,nan,9.651657618009267,inf
283,7.492502689361572,nan,10.947432452012436,inf,7.281211853027344,nan,9.620012042996677,inf,7.392823696136475,nan,9.954982029996245,inf,9.819387435913086,nan,7.643940006999401,inf,10.71281623840332,nan,17.833737926004687,inf,8.541438102722168,nan,1.4878174490113452,inf,7.357719421386719,nan,9.493377834995044,inf,7.360383033752441,nan,9.549587647048611,inf,7.450784683227539,nan,9.65504102100931,inf
284,7.9405364990234375,nan,10.950813105013367,inf,7.886478424072266,nan,9.623363534996315,inf,8.01778793334961,nan,9.958425652996084,inf,9.80499267578125,nan,7.663608505998127,inf,10.724385261535645,nan,17.88520098900335,inf,9.377768516540527,nan,1.492710321012055,inf,7.875540733337402,nan,9.496763826995448,inf,7.829846382141113,nan,9.552955220047807,inf,7.892387866973877,nan,9.658539916008522,inf
285,7.017794132232666,nan,10.954287049014965,inf,6.872882843017578,nan,9.626759857996149,inf,6.954948425292969,nan,9.961929137994957,inf,9.716530799865723,nan,7.683582238998497,inf,10.716744422912598,nan,17.936492600003476,inf,8.595220565795898,nan,1.4975722120107093,inf,6.9075517654418945,nan,9.500215610994928,inf,6.822597026824951,nan,9.556390243047645,inf,6.696809768676758,nan,9.661986150007579,inf
286,6.60046911239624,nan,10.957814154015068,inf,6.456191062927246,nan,9.630242901996098,inf,6.52553653717041,nan,9.965681374995256,inf,9.247673034667969,nan,7.703336799999306,inf,10.521681785583496,nan,17.987929413004167,inf,8.094983100891113,nan,1.5024406340107817,inf,6.32445764541626,nan,9.50364540499504,inf,6.382106304168701,nan,9.559812916048031,inf,6.467104434967041,nan,9.66553769600796,inf
287,6.975404262542725,nan,10.96123812701444,inf,6.999741077423096,nan,9.63373974699607,inf,7.025081157684326,nan,9.969265299994731,inf,9.547361373901367,nan,7.722908277999522,inf,10.847432136535645,nan,18.039349396003672,inf,9.03387451171875,nan,1.5073434660098428,inf,6.7671918869018555,nan,9.50704983799551,inf,6.912237167358398,nan,9.563186719047735,inf,6.8395676612854,nan,9.669193182007803,inf
288,6.845135688781738,nan,10.964690301014343,inf,6.803497314453125,nan,9.637286231996768,inf,6.9028639793396,nan,9.972726063993832,inf,9.23104476928711,nan,7.742826609999611,inf,10.631336212158203,nan,18.09045305500331,inf,8.1466064453125,nan,1.5122192580111005,inf,6.673175811767578,nan,9.510392530995887,inf,6.51302433013916,nan,9.566518761048428,inf,6.4387617111206055,nan,9.6725708850081,inf
289,7.024633407592773,nan,10.968092504013839,inf,6.887141704559326,nan,9.640880397997535,inf,7.055544853210449,nan,9.976166077993184,inf,9.045991897583008,nan,7.7632713000002695,inf,10.277620315551758,nan,18.141895998003747,inf,7.586688041687012,nan,1.5171946410100645,inf,6.875322341918945,nan,9.513958416995592,inf,6.832467079162598,nan,9.570034606047557,inf,6.85129976272583,nan,9.67606763000731,inf
290,7.303375244140625,nan,10.971611529013899,inf,7.02844762802124,nan,9.644375442998353,inf,6.966696262359619,nan,9.979699702993457,inf,9.582655906677246,nan,7.783523486999911,inf,10.727371215820312,nan,18.194088791004106,inf,8.357062339782715,nan,1.5222252850107907,inf,7.103492736816406,nan,9.51758585299649,inf,7.007684707641602,nan,9.573551671048335,inf,7.057404518127441,nan,9.679713107007046,inf
291,7.010659217834473,nan,10.975151034013834,inf,6.915645599365234,nan,9.647924157998204,inf,6.828993797302246,nan,9.983353139992687,inf,9.385154724121094,nan,7.803775074000441,inf,10.777359008789062,nan,18.24622166300287,inf,7.812895774841309,nan,1.5271840280092874,inf,6.731361389160156,nan,9.521036666996224,inf,6.885469436645508,nan,9.576967825048996,inf,6.711130142211914,nan,9.683254371007934,inf
292,5.9906511306762695,nan,10.97861196701524,inf,5.991295337677002,nan,9.651368371996796,inf,5.8374528884887695,nan,9.986907834992962,inf,9.318962097167969,nan,7.823743757000557,inf,10.731948852539062,nan,18.297336461002487,inf,7.526488304138184,nan,1.5320875800080103,inf,5.896781921386719,nan,9.524397319995842,inf,5.798458099365234,nan,9.580320567049057,inf,5.877243995666504,nan,9.68677484600812,inf
293,7.040695667266846,nan,10.982024531016577,inf,7.054240703582764,nan,9.654864135996831,inf,6.905942440032959,nan,9.990499180994448,inf,9.382223129272461,nan,7.843687921002129,inf,10.515851020812988,nan,18.349270190003153,inf,8.590523719787598,nan,1.537028453007224,inf,6.86555290222168,nan,9.5277710129958,inf,7.122199058532715,nan,9.583660169049836,inf,6.927883148193359,nan,9.690167969009053,inf
294,7.395208358764648,nan,10.985464644016247,inf,7.348362922668457,nan,9.658495841997137,inf,7.443117141723633,nan,9.99398877499334,inf,9.587427139282227,nan,7.8636266340017755,inf,10.607648849487305,nan,18.40096787600305,inf,8.990767478942871,nan,1.5434744050071458,inf,7.16500186920166,nan,9.531544030996884,inf,7.22036075592041,nan,9.587423717050115,inf,7.3328447341918945,nan,9.693817645007584,inf
295,7.755734443664551,nan,10.98919413101612,inf,7.777251243591309,nan,9.66214265799681,inf,7.799460411071777,nan,9.997784272993158,inf,9.71232795715332,nan,7.887950433001606,inf,10.904499053955078,nan,18.467895096004213,inf,8.734698295593262,nan,1.5499201560069196,inf,7.605298042297363,nan,9.535258607997093,inf,7.640697479248047,nan,9.590992663050201,inf,7.615401744842529,nan,9.697399340007905,inf
296,7.159043788909912,nan,10.992749187014851,inf,7.1902313232421875,nan,9.665709513998081,inf,7.155036926269531,nan,10.00141749899376,inf,9.214216232299805,nan,7.908193880002727,inf,10.4093017578125,nan,18.52187900100398,inf,7.789209365844727,nan,1.5550885610064142,inf,7.078525066375732,nan,9.538724051997633,inf,6.994827747344971,nan,9.59442842604949,inf,7.035552501678467,nan,9.70084788400709,inf
297,6.805559158325195,nan,10.99623268101459,inf,6.735502243041992,nan,9.669178177999129,inf,6.816559314727783,nan,10.004919352993966,inf,9.272443771362305,nan,7.931029139002931,inf,10.442516326904297,nan,18.582698903002893,inf,7.708388328552246,nan,1.5602276870049536,inf,6.658862113952637,nan,9.54208268399816,inf,6.681838035583496,nan,9.597767239049062,inf,6.656111717224121,nan,9.704337078008393,inf
298,8.076912879943848,nan,10.99969172501551,inf,8.024476051330566,nan,9.672637312000006,inf,7.990622043609619,nan,10.008429036992311,inf,9.79216480255127,nan,7.951532229002623,inf,10.846959114074707,nan,18.636270693003098,inf,9.00378131866455,nan,1.5651578700053506,inf,7.998493194580078,nan,9.5454633069985,inf,7.869861125946045,nan,9.601142832048936,inf,7.86939811706543,nan,9.707860113008792,inf
299,6.424869537353516,nan,11.003664165016744,inf,6.253091335296631,nan,9.676215817000411,inf,6.270942687988281,nan,10.012136433992055,inf,9.182581901550293,nan,7.972220722002021,inf,10.604203224182129,nan,18.693330318003063,inf,7.724361419677734,nan,1.57103804500548,inf,6.124173164367676,nan,9.549087552999481,inf,6.311345100402832,nan,9.604662036048467,inf,6.175833702087402,nan,9.711410467009046,inf
300,7.198291778564453,6.670493125915527,11.007196260017736,inf,7.225102424621582,7.296424865722656,9.679713551999157,inf,7.347204208374023,8.142982482910156,10.015633418992365,inf,9.103699684143066,9.370254516601562,7.9890627460026735,inf,10.332990646362305,10.891465187072754,18.745342659003654,inf,8.149439811706543,7.572469711303711,1.5759752680060046,inf,7.0595316886901855,6.9785685539245605,9.552644108000095,inf,7.070283889770508,6.5486650466918945,9.608161470048799,inf,7.070996284484863,8.417428016662598,9.714894941009334,inf
301,7.053729057312012,nan,11.010676874018827,inf,6.945545196533203,nan,9.683205545998135,inf,6.970221519470215,nan,10.019379006991585,inf,9.272019386291504,nan,8.009173351003483,inf,10.600991249084473,nan,18.79967204800414,inf,7.540102005004883,nan,1.5810261820060987,inf,6.898048400878906,nan,9.556293435000043,inf,6.903736114501953,nan,9.611752725049882,inf,6.94320011138916,nan,9.71848253700955,inf
302,6.754761695861816,nan,11.014314510019176,inf,6.652581691741943,nan,9.686737160998746,inf,6.631481170654297,nan,10.022962111990637,inf,9.331303596496582,nan,8.029142835004677,inf,10.35151481628418,nan,18.851210572003765,inf,7.959365367889404,nan,1.5859753450076823,inf,6.725391864776611,nan,9.559827510000105,inf,6.738339424133301,nan,9.61522515905017,inf,6.718484878540039,nan,9.722118333009348,inf
303,7.223306655883789,nan,11.017792284019379,inf,7.172090530395508,nan,9.690282615998512,inf,7.171567440032959,nan,10.026403434991153,inf,9.329643249511719,nan,8.048928596004771,inf,10.765081405639648,nan,18.90269252500366,inf,8.1326265335083,nan,1.5908896080072736,inf,7.204663276672363,nan,9.563231353000447,inf,7.025378227233887,nan,9.61860440205055,inf,7.155643463134766,nan,9.725669518009454,inf
304,7.022134780883789,nan,11.0212159470193,inf,7.178552150726318,nan,9.693782379998083,inf,7.092473983764648,nan,10.029879078991144,inf,9.264276504516602,nan,8.068649726004878,inf,10.7330961227417,nan,18.95403048600383,inf,8.21230411529541,nan,1.5957180600071297,inf,7.063535690307617,nan,9.56665012600024,inf,7.041754722595215,nan,9.621974495050381,inf,6.951576232910156,nan,9.729068781009119,inf
305,6.759909629821777,nan,11.024693351018868,inf,6.752006530761719,nan,9.697375374997137,inf,6.76055383682251,nan,10.03334695299236,inf,9.139508247375488,nan,8.08951508100472,inf,10.430456161499023,nan,19.00809109200418,inf,7.943251132965088,nan,1.6009196160066494,inf,6.5878400802612305,nan,9.569985227999496,inf,6.5942769050598145,nan,9.625327437050146,inf,6.504108905792236,nan,9.732438284008822,inf
306,6.7422332763671875,nan,11.028090974019506,inf,6.640346527099609,nan,9.700968320996253,inf,6.874974250793457,nan,10.036797006992856,inf,9.21951675415039,nan,8.109126470004412,inf,10.499662399291992,nan,19.05919580000591,inf,7.846283435821533,nan,1.605844829005946,inf,6.592752456665039,nan,9.573407830999713,inf,6.553228855133057,nan,9.62869551005133,inf,6.7660980224609375,nan,9.735976789008419,inf
307,8.493252754211426,nan,11.031488347020058,inf,8.500983238220215,nan,9.704483955994874,inf,8.613897323608398,nan,10.040320021993466,inf,9.798941612243652,nan,8.129244345003826,inf,10.397383689880371,nan,19.111025157004406,inf,9.646055221557617,nan,1.6108658320063114,inf,8.20427417755127,nan,9.576931786001296,inf,8.266153335571289,nan,9.632155463052186,inf,8.256745338439941,nan,9.739581245008594,inf
308,6.660050868988037,nan,11.034968161020515,inf,6.592530727386475,nan,9.708031710995783,inf,6.588022232055664,nan,10.043908577994443,inf,9.156402587890625,nan,8.149482632003128,inf,10.604694366455078,nan,19.162923395004327,inf,7.2860260009765625,nan,1.6157224540056632,inf,6.7292585372924805,nan,9.58041202000095,inf,6.572955131530762,nan,9.635564966050879,inf,6.65789270401001,nan,9.743152380009633,inf
309,8.368227005004883,nan,11.038416385021264,inf,8.311784744262695,nan,9.711577085994577,inf,8.36257266998291,nan,10.047514372994556,inf,9.470706939697266,nan,8.16917767200357,inf,10.511098861694336,nan,19.21364349900432,inf,9.574121475219727,nan,1.6206166260053578,inf,8.36541748046875,nan,9.583744712001135,inf,8.232820510864258,nan,9.638913749051426,inf,8.272753715515137,nan,9.746641464009372,inf
310,7.973719596862793,nan,11.04182123802093,inf,8.01194953918457,nan,9.715047609994144,inf,7.940301895141602,nan,10.051089187994876,inf,9.812829971313477,nan,8.189220877004118,inf,10.560638427734375,nan,19.26461315600318,inf,9.440664291381836,nan,1.6255012180045014,inf,7.769210338592529,nan,9.587160406001203,inf,7.864522933959961,nan,9.642259902051592,inf,7.832095623016357,nan,9.750212729008126,inf
311,6.302504062652588,nan,11.045226251020722,inf,6.5273284912109375,nan,9.718584354994164,inf,6.587657451629639,nan,10.054541131996302,inf,8.99819564819336,nan,8.208838636002838,inf,10.6336669921875,nan,19.315797085004306,inf,7.110736846923828,nan,1.6303819900040253,inf,6.409268379211426,nan,9.590572799001166,inf,6.3513336181640625,nan,9.645846498051469,inf,6.233771324157715,nan,9.75370526300685,inf
312,6.3816680908203125,nan,11.048732905021097,inf,6.550046920776367,nan,9.722027428993897,inf,6.552038192749023,nan,10.058075736997125,inf,9.18178653717041,nan,8.228652187002808,inf,10.538995742797852,nan,19.367170427003657,inf,7.735759735107422,nan,1.6354380940047122,inf,6.431491374969482,nan,9.594064303000778,inf,6.558874130249023,nan,9.649309402051585,inf,6.489389896392822,nan,9.757151206005801,inf
313,7.356525421142578,nan,11.052188649020536,inf,7.331038951873779,nan,9.725577863993749,inf,7.413422584533691,nan,10.06151153099745,inf,9.475189208984375,nan,8.248352546002934,inf,10.834792137145996,nan,19.41888224300419,inf,8.437295913696289,nan,1.6402918760031753,inf,7.190480709075928,nan,9.597485386000699,inf,7.244091033935547,nan,9.652673654050886,inf,7.176461219787598,nan,9.760607680005705,inf
314,7.423567771911621,nan,11.055601793021196,inf,7.405979156494141,nan,9.729130778994659,inf,7.442409515380859,nan,10.06495575399822,inf,9.345890998840332,nan,8.268264608002937,inf,10.51979923248291,nan,19.47016806400461,inf,8.671875,nan,1.6451811280039692,inf,7.332416534423828,nan,9.600868728999558,inf,7.280635833740234,nan,9.656449172050998,inf,7.1581830978393555,nan,9.764243066005292,inf
315,7.759068965911865,nan,11.059006257022702,inf,7.88123893737793,nan,9.732657943994127,inf,7.7831315994262695,nan,10.06837623699721,inf,9.466903686523438,nan,8.288678137003444,inf,10.818032264709473,nan,19.522556429004908,inf,8.713562965393066,nan,1.6501208910049172,inf,7.6024041175842285,nan,9.604331642998659,inf,7.631048202514648,nan,9.659870206050982,inf,7.668838977813721,nan,9.767722220005453,inf
316,7.637642860412598,nan,11.062544332022298,inf,7.671056747436523,nan,9.736099567993733,inf,7.678458213806152,nan,10.07192843199664,inf,9.48617935180664,nan,8.30863913000212,inf,10.474517822265625,nan,19.5754133990049,inf,8.218908309936523,nan,1.655027353004698,inf,7.593904495239258,nan,9.607898537999063,inf,7.706762313842773,nan,9.663328230051775,inf,7.663509368896484,nan,9.771308906005288,inf
317,6.791286945343018,nan,11.066013126022881,inf,6.743287086486816,nan,9.739633402994514,inf,6.635659217834473,nan,10.075493626996831,inf,9.040925979614258,nan,8.328733035001278,inf,10.64272403717041,nan,19.62738161800553,inf,7.648279190063477,nan,1.6599378860046272,inf,6.719227313995361,nan,9.611322960998223,inf,6.659019470214844,nan,9.66676379305136,inf,6.570371150970459,nan,9.774948542006314,inf
318,7.557799339294434,nan,11.069460670023545,inf,7.596397399902344,nan,9.743153206994975,inf,7.5408935546875,nan,10.079145592995701,inf,9.561338424682617,nan,8.349038873002428,inf,10.411211967468262,nan,19.679765793005572,inf,8.444084167480469,nan,1.6649890900043829,inf,7.504584312438965,nan,9.614844265997817,inf,7.5183281898498535,nan,9.670277757051736,inf,7.493200778961182,nan,9.778561658005856,inf
319,7.533951759338379,nan,11.072910874023364,inf,7.549412727355957,nan,9.746786012994562,inf,7.445451736450195,nan,10.082619546994465,inf,9.240009307861328,nan,8.369374491003327,inf,10.391434669494629,nan,19.73246567100432,inf,8.692646026611328,nan,1.6700403040049423,inf,7.524070739746094,nan,9.618352889998278,inf,7.394248962402344,nan,9.67372623105257,inf,7.455372333526611,nan,9.782066592004412,inf
320,7.693898677825928,nan,11.076404528022977,inf,7.508903503417969,nan,9.750482539995573,inf,7.599862098693848,nan,10.086094040994794,inf,9.443279266357422,nan,8.389365735003594,inf,10.705892562866211,nan,19.78436375000456,inf,8.753049850463867,nan,1.675220690005517,inf,7.422048091888428,nan,9.621970894997503,inf,7.361216068267822,nan,9.677206225051123,inf,7.330204010009766,nan,9.785715379004614,inf
321,7.235325813293457,nan,11.079942682023102,inf,7.170600891113281,nan,9.754081374994712,inf,7.261297702789307,nan,10.089585435995104,inf,9.529253959655762,nan,8.4096457320029,inf,10.71194839477539,nan,19.836062176003907,inf,8.087669372558594,nan,1.6801618420049635,inf,7.053804874420166,nan,9.625437957998656,inf,7.0801615715026855,nan,9.680630309050684,inf,7.071894645690918,nan,9.789186943004097,inf
322,6.640781879425049,nan,11.083399696022752,inf,6.508998870849609,nan,9.757665389995964,inf,6.526459693908691,nan,10.093032709994077,inf,8.921236038208008,nan,8.431170125002609,inf,10.44161605834961,nan,19.889534404004735,inf,8.152414321899414,nan,1.6852753270050016,inf,6.287980079650879,nan,9.628876531998685,inf,6.467072486877441,nan,9.684014572050728,inf,6.375341892242432,nan,9.792634327002816,inf
323,7.641725540161133,nan,11.086931531022856,inf,7.61038875579834,nan,9.761244414994508,inf,7.694816589355469,nan,10.096506563993898,inf,9.634984970092773,nan,8.452984052002648,inf,10.75948715209961,nan,19.94423183800609,inf,8.828202247619629,nan,1.6903169410052215,inf,7.595107078552246,nan,9.632249254998897,inf,7.611014366149902,nan,9.687374344051932,inf,7.48852014541626,nan,9.796122862002449,inf
324,7.047516822814941,nan,11.090369225023096,inf,7.084928512573242,nan,9.764640667994172,inf,7.112494468688965,nan,10.100003067995203,inf,9.386513710021973,nan,8.473561053002413,inf,10.539070129394531,nan,19.995705961006024,inf,8.272054672241211,nan,1.695318745005352,inf,6.991075038909912,nan,9.635637597999448,inf,7.048025608062744,nan,9.690725667051083,inf,7.066955089569092,nan,9.79963539700293,inf
325,6.954230308532715,nan,11.093899220024468,inf,6.975645065307617,nan,9.768049750995488,inf,7.056852340698242,nan,10.103548832996239,inf,9.174200057983398,nan,8.494032872002208,inf,10.578593254089355,nan,20.04836680900553,inf,8.136125564575195,nan,1.7002871290042094,inf,6.8856000900268555,nan,9.639170242000546,inf,6.853150844573975,nan,9.694223541049723,inf,6.8668951988220215,nan,9.803115152002647,inf
326,6.432768821716309,nan,11.09744382502322,inf,6.203669548034668,nan,9.771514953994483,inf,6.232139587402344,nan,10.10712842799694,inf,8.945011138916016,nan,8.514157728002829,inf,10.564452171325684,nan,20.09998147400438,inf,7.715746879577637,nan,1.7052933420054615,inf,6.159059524536133,nan,9.642575685000338,inf,6.074954986572266,nan,9.697602514050232,inf,6.128724098205566,nan,9.806716517003224,inf
327,6.54788875579834,nan,11.100885378024032,inf,6.7914557456970215,nan,9.775062788994546,inf,6.78120231628418,nan,10.110581121996802,inf,9.033239364624023,nan,8.533938259002753,inf,10.54899787902832,nan,20.151513528006035,inf,7.638023853302002,nan,1.7102572450057778,inf,6.741091251373291,nan,9.645948928000507,inf,6.569700241088867,nan,9.700943496050968,inf,6.640591621398926,nan,9.810282282001936,inf
328,7.257861137390137,nan,11.104267711023567,inf,7.222894668579102,nan,9.778568842993991,inf,7.245911121368408,nan,10.114194747997317,inf,9.271621704101562,nan,8.553835791002712,inf,10.683915138244629,nan,20.20322503400712,inf,8.111027717590332,nan,1.7152637580056762,inf,7.124119758605957,nan,9.649361292000322,inf,7.020473957061768,nan,9.70430630905139,inf,7.024113178253174,nan,9.813709496002048,inf
329,7.6763997077941895,nan,11.10773244502343,inf,7.64422607421875,nan,9.782010636992709,inf,7.690025329589844,nan,10.117695131997607,inf,9.330698013305664,nan,8.574719786001879,inf,10.665157318115234,nan,20.25684338400788,inf,8.704977035522461,nan,1.7204104940065008,inf,7.438782691955566,nan,9.652785915001004,inf,7.406360626220703,nan,9.707708592051858,inf,7.598299980163574,nan,9.817290111001057,inf
330,8.051883697509766,nan,11.111273250024169,inf,8.099953651428223,nan,9.7857808549943,inf,8.121210098266602,nan,10.121370208997178,inf,9.702404022216797,nan,8.595704432000275,inf,10.696569442749023,nan,20.30895253600829,inf,9.221362113952637,nan,1.7253699970060552,inf,8.001964569091797,nan,9.656402471000547,inf,7.944146156311035,nan,9.711252277051244,inf,8.017496109008789,nan,9.820837327000845,inf
331,7.062185764312744,nan,11.11480161502368,inf,7.107117652893066,nan,9.789256278994799,inf,7.165341377258301,nan,10.125012395996237,inf,8.990606307983398,nan,8.61604522000016,inf,10.684564590454102,nan,20.36202332000903,inf,7.89268684387207,nan,1.7302724690052855,inf,6.997425079345703,nan,9.659845344001951,inf,6.812661170959473,nan,9.714676290052012,inf,6.858523368835449,nan,9.824424722000913,inf
332,7.501217842102051,nan,11.11836776002383,inf,7.4951066970825195,nan,9.792670181994254,inf,7.533805847167969,nan,10.128598090996093,inf,9.010801315307617,nan,8.636464619001345,inf,10.368178367614746,nan,20.41429989300923,inf,7.754161357879639,nan,1.7353167830042366,inf,7.34930944442749,nan,9.663216707001993,inf,7.495552062988281,nan,9.718050063051123,inf,7.5279645919799805,nan,9.827839916000812,inf
333,7.078624248504639,nan,11.121748823023154,inf,7.275692939758301,nan,9.796237687995017,inf,7.106608867645264,nan,10.132059434996336,inf,9.223226547241211,nan,8.656968459001291,inf,10.597049713134766,nan,20.465248820008128,inf,7.857864856719971,nan,1.7403640670036111,inf,7.099331855773926,nan,9.66662751000149,inf,7.290508270263672,nan,9.721433456052182,inf,7.1894731521606445,nan,9.831395101002272,inf
334,6.670218467712402,nan,11.125193686022612,inf,6.6840667724609375,nan,9.799750162994314,inf,6.620359897613525,nan,10.135615389996019,inf,8.95173454284668,nan,8.67701234300148,inf,10.385917663574219,nan,20.51764655500665,inf,7.558473587036133,nan,1.745308000003206,inf,6.570446014404297,nan,9.670216126001833,inf,6.6092071533203125,nan,9.724934811052663,inf,6.600768089294434,nan,9.834901485000955,inf
335,6.918888092041016,nan,11.12868377002269,inf,6.739767074584961,nan,9.80319598699316,inf,6.978859901428223,nan,10.139110913996774,inf,8.918704986572266,nan,8.69699454700094,inf,10.290452003479004,nan,20.569696465006928,inf,7.872045040130615,nan,1.750174352004251,inf,6.910336494445801,nan,9.673667420001948,inf,6.869087219238281,nan,9.728347444051906,inf,6.821763038635254,nan,9.838362779000818,inf
336,6.800033092498779,nan,11.132188704023065,inf,6.756921291351318,nan,9.806802002993209,inf,6.731975555419922,nan,10.142654188995948,inf,8.976593971252441,nan,8.717054232001828,inf,10.658823013305664,nan,20.621578564006995,inf,7.804645538330078,nan,1.7551199850058765,inf,6.519609451293945,nan,9.677089173002969,inf,6.600507736206055,nan,9.731735418052267,inf,6.713377475738525,nan,9.842003005000151,inf
337,7.090306758880615,nan,11.135609847022351,inf,6.988869667053223,nan,9.810300477993223,inf,7.014756202697754,nan,10.146056341996882,inf,9.053543090820312,nan,8.73698359500122,inf,10.696866989135742,nan,20.673001257007854,inf,7.486748218536377,nan,1.7600875980060664,inf,6.982409954071045,nan,9.68043847500303,inf,6.927529335021973,nan,9.735080791053406,inf,6.833381652832031,nan,9.845521788998667,inf
338,6.521915435791016,nan,11.138997360023495,inf,6.407984256744385,nan,9.813744811994184,inf,6.442329406738281,nan,10.149583116997746,inf,8.985271453857422,nan,8.757214992001536,inf,10.648872375488281,nan,20.72503656700792,inf,8.16170883178711,nan,1.7651447920052306,inf,6.5538330078125,nan,9.683881479002594,inf,6.465808868408203,nan,9.73850613405375,inf,6.528872489929199,nan,9.849048873998981,inf
339,7.3611907958984375,nan,11.142491874023108,inf,7.239089488983154,nan,9.817230345994176,inf,7.428825378417969,nan,10.153172842998174,inf,9.377357482910156,nan,8.777652571001454,inf,10.727462768554688,nan,20.77649518000726,inf,8.861035346984863,nan,1.770038034004756,inf,7.259059429168701,nan,9.687324903001354,inf,7.204192638397217,nan,9.741938187053165,inf,7.300856113433838,nan,9.852647169998818,inf
340,7.670290946960449,nan,11.145934968024449,inf,7.491668701171875,nan,9.820781650994832,inf,7.548223495483398,nan,10.156614906996765,inf,9.403562545776367,nan,8.798260763001963,inf,10.506545066833496,nan,20.82823821700731,inf,9.016532897949219,nan,1.775015657005497,inf,7.332674503326416,nan,9.69083689800209,inf,7.428474426269531,nan,9.745397781052816,inf,7.498387813568115,nan,9.856296955998914,inf
341,5.930704593658447,nan,11.14950508302536,inf,5.899475574493408,nan,9.824280625995016,inf,5.902256965637207,nan,10.160305163995872,inf,8.558019638061523,nan,8.818430648001595,inf,10.565000534057617,nan,20.881301401008386,inf,6.985063552856445,nan,1.780141712006298,inf,5.849948883056641,nan,9.694274231003874,inf,5.901153564453125,nan,9.748823974052357,inf,5.877776145935059,nan,9.859722728999259,inf
342,6.702465057373047,nan,11.152980957025648,inf,6.823178768157959,nan,9.82767804899413,inf,6.887803554534912,nan,10.163832558995637,inf,9.097271919250488,nan,8.838681945002463,inf,10.630002975463867,nan,20.932272298008684,inf,7.924354553222656,nan,1.7850063240057352,inf,6.772006034851074,nan,9.697667254004045,inf,6.886533260345459,nan,9.752210377053416,inf,6.839150905609131,nan,9.863234323000142,inf
343,6.501321315765381,nan,11.156408811024448,inf,6.490682125091553,nan,9.831148942994332,inf,6.517386436462402,nan,10.167395173995828,inf,8.993386268615723,nan,8.859071484002925,inf,10.671873092651367,nan,20.984446760008723,inf,7.520047187805176,nan,1.7899736470044445,inf,6.518649101257324,nan,9.701212319003389,inf,6.3952131271362305,nan,9.755688861054296,inf,6.362421035766602,nan,9.866728637000051,inf
344,6.65465784072876,nan,11.159934936024001,inf,6.633860111236572,nan,9.834819898993373,inf,6.5877685546875,nan,10.170932298995467,inf,8.922489166259766,nan,8.879401822003274,inf,10.587106704711914,nan,21.036132666009507,inf,7.636171340942383,nan,1.7949297000050137,inf,6.604173183441162,nan,9.704688213003465,inf,6.559484958648682,nan,9.759120945054747,inf,6.663249492645264,nan,9.870179600999109,inf
345,7.563384532928467,nan,11.163413220023358,inf,7.457386493682861,nan,9.838424374993338,inf,7.357362747192383,nan,10.174450383994554,inf,9.128450393676758,nan,8.899419076002232,inf,10.583977699279785,nan,21.08831371900851,inf,8.23801040649414,nan,1.7999987840066751,inf,7.358397006988525,nan,9.708126306002669,inf,7.3524861335754395,nan,9.762548239055832,inf,7.388631820678711,nan,9.873792815998968,inf
346,7.602022171020508,nan,11.166870134022247,inf,7.7245330810546875,nan,9.842003479992854,inf,7.731115341186523,nan,10.177924517995052,inf,9.369889259338379,nan,8.919674013002805,inf,10.628180503845215,nan,21.140314229007345,inf,8.490584373474121,nan,1.8049427870064392,inf,7.552457809448242,nan,9.711499439003092,inf,7.6131720542907715,nan,9.765898272056802,inf,7.483736515045166,nan,9.87741109199851,inf
347,6.799895286560059,nan,11.170258667021699,inf,6.544798851013184,nan,9.84555535499203,inf,6.771662712097168,nan,10.181320680994759,inf,8.92219352722168,nan,8.93978756800243,inf,10.794672966003418,nan,21.193071459007115,inf,7.879780292510986,nan,1.80995911100581,inf,6.609505653381348,nan,9.714947173002656,inf,6.636488914489746,nan,9.76929601505799,inf,6.611051559448242,nan,9.880851465997694,inf
348,6.342029571533203,nan,11.173721971021223,inf,6.330824851989746,nan,9.849202800991407,inf,6.435605525970459,nan,10.184779583994896,inf,8.622357368469238,nan,8.961052568003652,inf,10.33012580871582,nan,21.24902065900642,inf,6.874673843383789,nan,1.8153398400063452,inf,6.372572898864746,nan,9.718467767002949,inf,6.390668869018555,nan,9.772753399058274,inf,6.32289981842041,nan,9.884362709997731,inf
349,7.232422828674316,nan,11.177290896021077,inf,7.2723917961120605,nan,9.85267424499034,inf,7.290191650390625,nan,10.188365519996296,inf,9.08059310913086,nan,8.982245927003532,inf,10.557600021362305,nan,21.304148029006683,inf,8.394133567810059,nan,1.8211574740053038,inf,7.143593788146973,nan,9.721931891002896,inf,7.25357723236084,nan,9.776149832057854,inf,7.168589115142822,nan,9.88779175399759,inf
350,7.19466495513916,nan,11.180799501020374,inf,7.248257637023926,nan,9.856095088991424,inf,7.244806289672852,nan,10.191940694996447,inf,9.026174545288086,nan,9.003649859003417,inf,10.7579984664917,nan,21.357700629007013,inf,7.653122901916504,nan,1.8261019560050045,inf,7.0547332763671875,nan,9.72550161700201,inf,7.00811767578125,nan,9.779774848058878,inf,7.213700294494629,nan,9.891511310996066,inf
351,7.6666436195373535,nan,11.184754501020507,inf,7.661675930023193,nan,9.859975027991823,inf,7.708222389221191,nan,10.195809703996929,inf,9.235719680786133,nan,9.024340951003978,inf,10.547677993774414,nan,21.40927929400641,inf,8.594011306762695,nan,1.8310990490044787,inf,7.6723246574401855,nan,9.729070212000806,inf,7.728856086730957,nan,9.783304333059277,inf,7.70711088180542,nan,9.895074515996384,inf
352,5.295889854431152,nan,11.188273096020566,inf,5.288215160369873,nan,9.86361139399196,inf,5.329412460327148,nan,10.199288937998062,inf,8.29119873046875,nan,9.044760370004951,inf,10.406315803527832,nan,21.461404435005534,inf,5.932407379150391,nan,1.8362646550049249,inf,5.367309093475342,nan,9.732672828000432,inf,5.519392490386963,nan,9.786815357059822,inf,5.285432815551758,nan,9.898592680996444,inf
353,6.121200084686279,nan,11.192162425020797,inf,5.968681812286377,nan,9.86706618799144,inf,6.0702619552612305,nan,10.203422939997836,inf,8.849605560302734,nan,9.064884175004408,inf,10.769048690795898,nan,21.513111041005686,inf,7.258386135101318,nan,1.8411757880057849,inf,6.167030334472656,nan,9.736080660999505,inf,6.067853927612305,nan,9.790218820058726,inf,5.999136447906494,nan,9.902105895995192,inf
354,6.3262104988098145,nan,11.195586398020168,inf,6.418778419494629,nan,9.870408639992093,inf,6.406167984008789,nan,10.20694312499836,inf,8.667850494384766,nan,9.085124812005233,inf,10.357735633850098,nan,21.566039503004504,inf,7.304441452026367,nan,1.8468398200056981,inf,6.467960357666016,nan,9.73967749699841,inf,6.328474044799805,nan,9.793692504059436,inf,6.267171859741211,nan,9.905711771994902,inf
355,7.759990692138672,nan,11.199044592020073,inf,7.630514621734619,nan,9.873914394993335,inf,7.580793380737305,nan,10.210471829999733,inf,9.1724214553833,nan,9.107603037005902,inf,10.61121654510498,nan,21.62123844400412,inf,8.61410140991211,nan,1.8517331920065772,inf,7.495419502258301,nan,9.74310117999812,inf,7.445243835449219,nan,9.79709742705927,inf,7.5890913009643555,nan,9.909135135994802,inf
356,7.4588470458984375,nan,11.202481896021709,inf,7.487020015716553,nan,9.877340007993553,inf,7.46619176864624,nan,10.213931753998622,inf,9.387604713439941,nan,9.127691052004593,inf,10.777572631835938,nan,21.673499937003726,inf,8.689118385314941,nan,1.856632934006484,inf,7.517287254333496,nan,9.746487282996895,inf,7.304817199707031,nan,9.800456310060326,inf,7.304838180541992,nan,9.912541099994996,inf
357,8.014713287353516,nan,11.20591909902032,inf,7.936736583709717,nan,9.880835261992615,inf,7.862823486328125,nan,10.217466508998768,inf,9.263999938964844,nan,9.14752138300355,inf,10.43175983428955,nan,21.731010537003385,inf,9.320460319519043,nan,1.8617625290062279,inf,7.895439147949219,nan,9.749875265995797,inf,7.9106621742248535,nan,9.803840083061004,inf,7.887396812438965,nan,9.916118014994936,inf
358,7.543459415435791,nan,11.209354733020518,inf,7.368645191192627,nan,9.884345705992018,inf,7.463706970214844,nan,10.220926441998017,inf,9.223413467407227,nan,9.167502156004048,inf,10.606054306030273,nan,21.78275772300185,inf,8.203821182250977,nan,1.866606651004986,inf,7.373507499694824,nan,9.753252198996051,inf,7.378617286682129,nan,9.807208045061998,inf,7.474620819091797,nan,9.920499630994527,inf
359,6.069965362548828,nan,11.213046300019414,inf,6.0041022300720215,nan,9.887746328991852,inf,6.011399745941162,nan,10.22448499699749,inf,8.398530006408691,nan,9.187653122004122,inf,10.377128601074219,nan,21.835144048001894,inf,6.685948848724365,nan,1.8716127050047362,inf,6.049630165100098,nan,9.75672043299528,inf,6.025139808654785,nan,9.81063642906156,inf,5.887425422668457,nan,9.923968034994687,inf
360,6.856632232666016,nan,11.216478584019569,inf,6.762482166290283,nan,9.891258972991636,inf,6.671119689941406,nan,10.22787359999711,inf,8.88045883178711,nan,9.209157985003912,inf,10.535774230957031,nan,21.888861119003195,inf,7.835346221923828,nan,1.8769333830041433,inf,6.573296546936035,nan,9.760109835995536,inf,6.574810981750488,nan,9.814025512061562,inf,6.6477460861206055,nan,9.927468008994765,inf
361,6.953932762145996,nan,11.219977358019605,inf,6.857065200805664,nan,9.894655885991597,inf,6.782810211181641,nan,10.23141777499768,inf,8.761924743652344,nan,9.229324691004877,inf,10.463022232055664,nan,21.943612414002928,inf,8.082841873168945,nan,1.8820917880038905,inf,6.771393775939941,nan,9.76366109099581,inf,6.828744888305664,nan,9.817512396062739,inf,6.817708969116211,nan,9.930964033994314,inf
362,6.126961708068848,nan,11.223511002019222,inf,6.092742919921875,nan,9.898066208990713,inf,6.048327922821045,nan,10.234970999996222,inf,8.336356163024902,nan,9.249438697004734,inf,10.447921752929688,nan,21.99640530400211,inf,6.814947128295898,nan,1.8870394900040992,inf,6.133351802825928,nan,9.767043993995685,inf,6.116350173950195,nan,9.820892039062528,inf,6.00555944442749,nan,9.934561719994235,inf
363,7.654646396636963,nan,11.226946616019632,inf,7.453830718994141,nan,9.901600913990478,inf,7.489577770233154,nan,10.238355922996561,inf,9.161877632141113,nan,9.269342250005138,inf,10.525279998779297,nan,22.04903164100142,inf,8.13835334777832,nan,1.8919657330043265,inf,7.674933910369873,nan,9.770503987994744,inf,7.647581100463867,nan,9.824314563062217,inf,7.501286506652832,nan,9.938092034994042,inf
364,6.753903865814209,nan,11.230444580020048,inf,6.586984634399414,nan,9.904998876991158,inf,6.789752960205078,nan,10.241875887997594,inf,9.120966911315918,nan,9.28927192300398,inf,10.632237434387207,nan,22.10073401700174,inf,8.04831600189209,nan,1.8969147150055505,inf,6.760684013366699,nan,9.773862850994192,inf,6.782918453216553,nan,9.82765478606234,inf,6.818689823150635,nan,9.941486947995145,inf
365,7.307476043701172,nan,11.233843823019924,inf,7.076316833496094,nan,9.908551351991264,inf,7.369800090789795,nan,10.245326430997011,inf,9.202123641967773,nan,9.30912816500495,inf,10.672606468200684,nan,22.15596188800191,inf,8.321820259094238,nan,1.9018317480058613,inf,7.189741134643555,nan,9.77727948399479,inf,7.059566497802734,nan,9.831043850062997,inf,7.1038055419921875,nan,9.94489056099519,inf
366,6.290789604187012,nan,11.237380978020155,inf,6.176535129547119,nan,9.91221557899189,inf,6.340193271636963,nan,10.249021237996203,inf,8.53863525390625,nan,9.329653375003545,inf,10.357845306396484,nan,22.208547576003184,inf,7.664695739746094,nan,1.9071390560056898,inf,6.2857666015625,nan,9.780920449995392,inf,6.189681529998779,nan,9.834584115062171,inf,6.3358635902404785,nan,9.94863571899441,inf
367,7.998987197875977,nan,11.240894923021187,inf,8.110725402832031,nan,9.915744173991698,inf,8.207387924194336,nan,10.25246684099693,inf,9.497329711914062,nan,9.350578031004261,inf,10.637016296386719,nan,22.26196599400464,inf,8.699651718139648,nan,1.9121869700047682,inf,8.097169876098633,nan,9.78433029399639,inf,8.139694213867188,nan,9.83796805806378,inf,8.009283065795898,nan,9.95214405299339,inf
368,5.943221569061279,nan,11.244380248021116,inf,5.83524227142334,nan,9.919383079990439,inf,5.940338611602783,nan,10.256203918997926,inf,8.481027603149414,nan,9.37049585400382,inf,10.454816818237305,nan,22.316555767003592,inf,6.940566062927246,nan,1.917867162004768,inf,6.034977912902832,nan,9.787725526995928,inf,5.919612884521484,nan,9.841355601063697,inf,5.844239234924316,nan,9.955651647993363,inf
369,7.081969261169434,nan,11.247857652020684,inf,7.053944110870361,nan,9.92276583299099,inf,7.073772430419922,nan,10.259704082998724,inf,8.799513816833496,nan,9.390783171003932,inf,10.497474670410156,nan,22.367880218003847,inf,7.915130615234375,nan,1.922847025003648,inf,7.053726673126221,nan,9.791118249995634,inf,6.9076385498046875,nan,9.844730534063274,inf,7.056313514709473,nan,9.959050610992563,inf
370,7.7309370040893555,nan,11.251302475022385,inf,7.648940086364746,nan,9.926313197991476,inf,7.657959938049316,nan,10.263167376997444,inf,9.151705741882324,nan,9.410653043003549,inf,10.184795379638672,nan,22.420814770004654,inf,8.512971878051758,nan,1.9278352680030366,inf,7.603684425354004,nan,9.794658004995654,inf,7.601371765136719,nan,9.848209598063477,inf,7.658808708190918,nan,9.962538264991963,inf
371,8.414567947387695,nan,11.254825529022128,inf,8.3541841506958,nan,9.929768891990534,inf,8.395708084106445,nan,10.26672491199679,inf,9.89838695526123,nan,9.430581346003237,inf,10.675699234008789,nan,22.4722057720046,inf,9.910593032836914,nan,1.932694729002833,inf,8.19398307800293,nan,9.798055928995382,inf,8.307661056518555,nan,9.851600260062696,inf,8.318550109863281,nan,9.965982768992035,inf
372,6.933320045471191,nan,11.258325894023073,inf,6.801950454711914,nan,9.933180374990116,inf,6.810288429260254,nan,10.270255356996131,inf,8.800834655761719,nan,9.450527950002652,inf,10.534507751464844,nan,22.528544447004606,inf,7.855932235717773,nan,1.9376232620033988,inf,6.840253829956055,nan,9.80152089299554,inf,6.892388343811035,nan,9.85503778306338,inf,6.854790687561035,nan,9.969434002992784,inf
373,6.622005462646484,nan,11.261826018022475,inf,6.640074729919434,nan,9.936619587990208,inf,6.653539657592773,nan,10.273790631996235,inf,8.826559066772461,nan,9.473762075003833,inf,10.43120288848877,nan,22.58232214000418,inf,7.488433837890625,nan,1.9425576650046423,inf,6.620318412780762,nan,9.804893935996006,inf,6.5705413818359375,nan,9.858377786064011,inf,6.647796154022217,nan,9.972940147992631,inf
374,6.97257137298584,nan,11.265209081022476,inf,6.970807075500488,nan,9.940053721989898,inf,6.898654937744141,nan,10.277383367996663,inf,8.927535057067871,nan,9.493600287003574,inf,10.606759071350098,nan,22.633806314004687,inf,7.925729751586914,nan,1.9474702370043815,inf,6.784473419189453,nan,9.80831656999544,inf,6.974424362182617,nan,9.8617572390649,inf,6.974908828735352,nan,9.976534532992446,inf
375,6.93111515045166,nan,11.268726886022705,inf,6.926692008972168,nan,9.94349915599014,inf,6.96855354309082,nan,10.280953662995671,inf,8.890446662902832,nan,9.513669482003024,inf,10.274142265319824,nan,22.68484475200421,inf,7.253676414489746,nan,1.9523195280053187,inf,6.815753936767578,nan,9.811733773995002,inf,7.013760566711426,nan,9.865145902063887,inf,7.099864959716797,nan,9.980109097990862,inf
376,6.61637544631958,nan,11.272158949021104,inf,6.623761177062988,nan,9.946995089991105,inf,6.52324914932251,nan,10.284616689996255,inf,8.838979721069336,nan,9.5337515370029,inf,10.47698974609375,nan,22.735402943004374,inf,8.358942031860352,nan,1.9573271320059575,inf,6.660624980926514,nan,9.815088695995655,inf,6.51899528503418,nan,9.868483274063692,inf,6.430421352386475,nan,9.983516120990316,inf
377,5.907960891723633,nan,11.275582393021978,inf,5.616727352142334,nan,9.950606735990732,inf,5.880588531494141,nan,10.2880134229963,inf,8.293794631958008,nan,9.553403157002322,inf,10.287309646606445,nan,22.787864489004278,inf,6.953253746032715,nan,1.9622470840058668,inf,5.861867904663086,nan,9.818537669996658,inf,5.7380452156066895,nan,9.871890277065177,inf,5.849020004272461,nan,9.986966803990072,inf
378,4.962632656097412,nan,11.27909184802229,inf,4.894886016845703,nan,9.954023658990991,inf,4.860498905181885,nan,10.291534886995578,inf,8.189547538757324,nan,9.573266019002403,inf,10.53532600402832,nan,22.83830453900373,inf,6.179871559143066,nan,1.9671288360059407,inf,4.927729606628418,nan,9.821920192995094,inf,4.869316577911377,nan,9.87524354006564,inf,4.900967597961426,nan,9.990365546989779,inf
379,6.886715888977051,nan,11.282552022021264,inf,6.926985740661621,nan,9.957422252991819,inf,6.961093902587891,nan,10.295045331995425,inf,8.705604553222656,nan,9.59290024800248,inf,10.427297592163086,nan,22.88904853400345,inf,7.610084533691406,nan,1.9719921170071757,inf,7.003408432006836,nan,9.825405716994283,inf,6.983149528503418,nan,9.878690473065944,inf,6.859945297241211,nan,9.993828550988837,inf
380,7.419825553894043,nan,11.28607612702217,inf,7.360164642333984,nan,9.960908986991853,inf,7.397028923034668,nan,10.298586595996312,inf,9.072296142578125,nan,9.613054164003188,inf,10.4803466796875,nan,22.939685967003243,inf,8.30838394165039,nan,1.9768866090071242,inf,7.464800834655762,nan,9.828770489993985,inf,7.470768928527832,nan,9.881995035066211,inf,7.305872917175293,nan,9.997351505990082,inf
381,7.2676825523376465,nan,11.289465980022214,inf,7.23681116104126,nan,9.964356679991397,inf,7.415455341339111,nan,10.30203287999575,inf,9.3306303024292,nan,9.633004848003111,inf,10.828866004943848,nan,22.9912868920037,inf,8.706744194030762,nan,1.9817643710084667,inf,7.2907633781433105,nan,9.832132091994936,inf,7.280006408691406,nan,9.885362758066549,inf,7.230166435241699,nan,10.000857600989548,inf
382,7.374960422515869,nan,11.292956814022546,inf,7.1595778465271,nan,9.967793312991489,inf,7.1450324058532715,nan,10.305740496994986,inf,8.890281677246094,nan,9.65295534100369,inf,10.2733154296875,nan,23.042620053003702,inf,8.137359619140625,nan,1.9867723550087248,inf,7.0912699699401855,nan,9.835477624994382,inf,7.22492790222168,nan,9.88870640006644,inf,7.185553073883057,nan,10.004329554989454,inf
383,6.991170883178711,nan,11.296946895023211,inf,7.057455062866211,nan,9.971489358991676,inf,7.046233654022217,nan,10.309256280994305,inf,8.997188568115234,nan,9.673056766005175,inf,10.787469863891602,nan,23.09338055700391,inf,8.462186813354492,nan,1.9916329370080348,inf,6.905610084533691,nan,9.838872227994216,inf,6.986132621765137,nan,9.892080923067624,inf,6.963637351989746,nan,10.007896139988588,inf
384,6.86044454574585,nan,11.30036906802161,inf,6.757729530334473,nan,9.975021642991123,inf,6.941973686218262,nan,10.312699974994757,inf,8.636002540588379,nan,9.693372163004824,inf,10.451507568359375,nan,23.14509860400358,inf,7.859051704406738,nan,1.9965233090078982,inf,6.677028656005859,nan,9.842399042994657,inf,6.83146858215332,nan,9.895534077068078,inf,6.839534759521484,nan,10.011544415987373,inf
385,6.865023612976074,nan,11.303869093022513,inf,6.866952896118164,nan,9.97860152899193,inf,6.82192850112915,nan,10.316165767995699,inf,8.834976196289062,nan,9.713858203003838,inf,10.524434089660645,nan,23.196968122003454,inf,7.685472011566162,nan,2.001584093008205,inf,6.761251449584961,nan,9.84579789599411,inf,6.814672470092773,nan,9.898912610069601,inf,6.849327087402344,nan,10.015055699986988,inf
386,7.119907379150391,nan,11.307339587021488,inf,7.1411004066467285,nan,9.981963230991823,inf,7.2114362716674805,nan,10.31961440199484,inf,8.840761184692383,nan,9.734791509003117,inf,10.70138931274414,nan,23.248761110004125,inf,8.33012580871582,nan,2.0066745780095516,inf,6.984524726867676,nan,9.849249738994331,inf,7.14066743850708,nan,9.902327543069987,inf,7.189364433288574,nan,10.01863768498697,inf
387,6.848624229431152,nan,11.310773831022743,inf,6.8469390869140625,nan,9.98548960599146,inf,6.828450679779053,nan,10.323072555995168,inf,8.65287971496582,nan,9.755365600003643,inf,10.464159965515137,nan,23.29999625000346,inf,8.015687942504883,nan,2.0117370120096894,inf,6.901716232299805,nan,9.852622021993739,inf,6.925220489501953,nan,9.905691706069774,inf,6.84264612197876,nan,10.022039348987164,inf
388,7.870138645172119,nan,11.314205585023956,inf,7.709860801696777,nan,9.989047100991229,inf,7.765565872192383,nan,10.32652584999596,inf,9.113271713256836,nan,9.775842250002825,inf,10.544891357421875,nan,23.35255234700344,inf,8.800479888916016,nan,2.017098241010899,inf,7.876278877258301,nan,9.856149846995322,inf,7.782093048095703,nan,9.909160660068665,inf,7.8993239402771,nan,10.025665684986961,inf
389,7.180550575256348,nan,11.317691419024413,inf,7.115496635437012,nan,9.9925912759918,inf,7.150781631469727,nan,10.330048134996105,inf,8.858439445495605,nan,9.795632812001713,inf,10.456197738647461,nan,23.404968652002935,inf,8.590693473815918,nan,2.0220952150120866,inf,7.241186618804932,nan,9.859612770995227,inf,7.172024726867676,nan,9.912548063068243,inf,7.222955226898193,nan,10.029251429987198,inf
390,6.798694610595703,nan,11.321169433025716,inf,6.689087867736816,nan,9.996113529992726,inf,6.695140838623047,nan,10.33369154099637,inf,8.39975357055664,nan,9.817379368001639,inf,10.258174896240234,nan,23.457348216003084,inf,7.8388261795043945,nan,2.0270091480124393,inf,6.723398208618164,nan,9.863030103995698,inf,6.830657005310059,nan,9.91594980706941,inf,6.921657085418701,nan,10.032887945986658,inf
391,7.06302547454834,nan,11.324624007025704,inf,6.926867485046387,nan,9.999663194992536,inf,7.109619140625,nan,10.337184004996743,inf,8.944555282592773,nan,9.842066791001344,inf,10.595675468444824,nan,23.519210191001548,inf,8.292149543762207,nan,2.032316556013029,inf,6.950168132781982,nan,9.86644070699549,inf,6.979811668395996,nan,9.919335759070236,inf,6.962285995483398,nan,10.036305098985395,inf
392,6.747467994689941,nan,11.328053771025225,inf,6.772609233856201,nan,10.003221479992135,inf,6.669526100158691,nan,10.340666918997158,inf,8.577442169189453,nan,9.861848712002029,inf,10.281310081481934,nan,23.57561111600262,inf,7.384255886077881,nan,2.038066239012551,inf,6.857114791870117,nan,9.86983904999579,inf,6.753028392791748,nan,9.922688451069916,inf,6.823683261871338,nan,10.03971928298597,inf
393,6.868363380432129,nan,11.33148827502555,inf,6.962076663970947,nan,10.006892216992128,inf,6.824704170227051,nan,10.344179303998317,inf,8.639309883117676,nan,9.882409963001919,inf,10.726247787475586,nan,23.62871087000167,inf,8.27657413482666,nan,2.0432278550124465,inf,6.824062347412109,nan,9.873237192994566,inf,6.948728561401367,nan,9.926082604069961,inf,6.945346355438232,nan,10.043219266986853,inf
394,6.806465148925781,nan,11.334981699024866,inf,6.893865585327148,nan,10.010275299991918,inf,6.895130634307861,nan,10.347681787998226,inf,8.668493270874023,nan,9.90329489800206,inf,10.558246612548828,nan,23.69299213600243,inf,8.708600997924805,nan,2.0494088330124214,inf,6.847002029418945,nan,9.87682862899419,inf,6.909609317779541,nan,9.929555948070629,inf,6.84399938583374,nan,10.04667520098701,inf
395,6.258864402770996,nan,11.338462544024878,inf,6.196137428283691,nan,10.013843124990672,inf,6.425778388977051,nan,10.351150191996567,inf,8.678106307983398,nan,9.926398271003563,inf,10.803892135620117,nan,23.75187209300202,inf,7.667163848876953,nan,2.0546526690122846,inf,6.5763654708862305,nan,9.880260212994472,inf,6.258693218231201,nan,9.932975331070338,inf,6.274786949157715,nan,10.050271076986974,inf
396,6.725682735443115,nan,11.341885477024334,inf,6.7454071044921875,nan,10.017371469990394,inf,7.1342620849609375,nan,10.354585135997695,inf,8.879171371459961,nan,9.94644756600428,inf,10.793859481811523,nan,23.80389627400109,inf,8.182971000671387,nan,2.0599250350132934,inf,6.867002010345459,nan,9.883673286994963,inf,6.9073004722595215,nan,9.936343764069534,inf,6.847031593322754,nan,10.053769550986544,inf
397,5.941973686218262,nan,11.345292451023852,inf,5.919685363769531,nan,10.020809523990465,inf,5.919717311859131,nan,10.358110520997798,inf,8.422845840454102,nan,9.966488401005336,inf,10.363330841064453,nan,23.8561766970015,inf,7.405829429626465,nan,2.064861478012972,inf,6.024090766906738,nan,9.887174730994957,inf,5.996550559997559,nan,9.939788428069733,inf,6.055941581726074,nan,10.057267404985396,inf
398,7.3255767822265625,nan,11.349185621023935,inf,7.293318271636963,nan,10.024541951990614,inf,7.437525749206543,nan,10.36167836599634,inf,8.835325241088867,nan,9.986311423004736,inf,10.531366348266602,nan,23.90798942500078,inf,8.483967781066895,nan,2.069725310011563,inf,7.4234089851379395,nan,9.890605143995344,inf,7.218292236328125,nan,9.94366272706975,inf,7.240374565124512,nan,10.060965040986048,inf
399,6.425767421722412,nan,11.35314263102373,inf,6.405108451843262,nan,10.028020375990309,inf,6.467321395874023,nan,10.365141439995568,inf,8.451478004455566,nan,10.006845703004728,inf,10.372255325317383,nan,23.95960598000056,inf,7.508787155151367,nan,2.074636643010308,inf,6.434638023376465,nan,9.893951336995087,inf,6.559938907623291,nan,9.946999300071184,inf,6.559366226196289,nan,10.064348923986472,inf
400,8.234636306762695,6.195122241973877,11.356538544023351,inf,8.220252990722656,6.226592063903809,10.031429919989023,inf,8.235410690307617,6.134514808654785,10.368599583995092,inf,9.185067176818848,8.97176456451416,10.02369333700517,inf,10.63413143157959,10.664083480834961,24.01338455199948,inf,9.180401802062988,7.859622955322266,2.0808132710117206,inf,8.205411911010742,7.0492401123046875,9.897624222996456,inf,8.276298522949219,5.433635234832764,9.950512984070883,inf,8.239768981933594,7.307251930236816,10.06786760898649,inf
401,8.160593032836914,nan,11.360556245022963,inf,8.119256973266602,nan,10.034921774989925,inf,8.244070053100586,nan,10.37256356499529,inf,9.205904006958008,nan,10.0465787570065,inf,10.484006881713867,nan,24.07843171699824,inf,9.26092529296875,nan,2.0870974700119405,inf,8.356395721435547,nan,9.901447391996044,inf,8.249286651611328,nan,9.954160610071995,inf,8.296245574951172,nan,10.071541725987117,inf
402,6.265802383422852,nan,11.364692517023286,inf,6.078181266784668,nan,10.038517159990079,inf,6.037408828735352,nan,10.37647522399493,inf,8.46247673034668,nan,10.069418267006768,inf,10.393144607543945,nan,24.133844079999108,inf,7.749938488006592,nan,2.092914364011449,inf,6.095218658447266,nan,9.904968885995913,inf,6.187318325042725,nan,9.95760058407177,inf,6.148470878601074,nan,10.075151281987928,inf
403,6.263672828674316,nan,11.368140831023993,inf,6.281184196472168,nan,10.042060494988618,inf,6.291210174560547,nan,10.379955677995895,inf,8.617393493652344,nan,10.091852993007706,inf,10.507120132446289,nan,24.18775284399817,inf,7.3397016525268555,nan,2.0978942770125286,inf,6.273767948150635,nan,9.90845041999637,inf,6.188835144042969,nan,9.961021857070591,inf,6.3047308921813965,nan,10.078697256987653,inf
404,6.24202299118042,nan,11.371673196023039,inf,6.206878662109375,nan,10.04544933798752,inf,6.406706809997559,nan,10.383457511996312,inf,8.17485237121582,nan,10.114023615007682,inf,10.367029190063477,nan,24.241790809999657,inf,7.490266799926758,nan,2.1030025920135813,inf,6.281494140625,nan,9.911894223996569,inf,6.262386322021484,nan,9.964463420072207,inf,6.287745475769043,nan,10.08211240998753,inf
405,6.131094455718994,nan,11.375160861023687,inf,6.040314197540283,nan,10.048844770986761,inf,6.0884552001953125,nan,10.386997806996078,inf,8.357766151428223,nan,10.13377855600811,inf,10.599973678588867,nan,24.29400463300044,inf,7.587115287780762,nan,2.10790426501444,inf,6.2315216064453125,nan,9.915459148996888,inf,5.955859661102295,nan,9.967963074072031,inf,6.130808353424072,nan,10.085624383988034,inf
406,6.924159049987793,nan,11.378723326024556,inf,6.905928134918213,nan,10.052808270986134,inf,6.922364234924316,nan,10.390621982995071,inf,8.463288307189941,nan,10.153617118008697,inf,10.446355819702148,nan,24.345139601999108,inf,7.676024436950684,nan,2.1129242190145305,inf,6.8543701171875,nan,9.918909542997426,inf,6.891269683837891,nan,9.97138337807337,inf,6.70042610168457,nan,10.089199048987211,inf
407,6.924254417419434,nan,11.382147219024773,inf,7.0142388343811035,nan,10.056307265986106,inf,6.9829301834106445,nan,10.394170317995304,inf,8.273107528686523,nan,10.174809547008408,inf,10.292749404907227,nan,24.39822233599989,inf,7.739931106567383,nan,2.118033163013024,inf,7.07390022277832,nan,9.9223240659976,inf,6.995753288269043,nan,9.97471748107455,inf,7.00056266784668,nan,10.092580461987382,inf
408,7.191499710083008,nan,11.38558362202457,inf,7.16932487487793,nan,10.05969004898725,inf,7.232672691345215,nan,10.397635021996393,inf,8.677703857421875,nan,10.194858151009612,inf,10.49848747253418,nan,24.45078506400023,inf,8.721847534179688,nan,2.1234648520130577,inf,7.085528373718262,nan,9.925810779996027,inf,7.0321807861328125,nan,9.978137514073751,inf,7.084216594696045,nan,10.096040144988365,inf
409,7.084782600402832,nan,11.389116217023911,inf,7.0068359375,nan,10.063193683987265,inf,6.8359479904174805,nan,10.401262438996127,inf,8.577410697937012,nan,10.215383091010153,inf,10.327207565307617,nan,24.502171386000555,inf,7.8822808265686035,nan,2.128360844013514,inf,7.087835311889648,nan,9.929878461995031,inf,6.953263282775879,nan,9.981603119073043,inf,7.042314529418945,nan,10.099516398988271,inf
410,6.546695709228516,nan,11.392605071025173,inf,6.515987396240234,nan,10.066869720987597,inf,6.572510719299316,nan,10.40478039399568,inf,8.609896659851074,nan,10.235108432010747,inf,10.57600212097168,nan,24.55437009900197,inf,7.533767223358154,nan,2.13328606601317,inf,6.544716835021973,nan,9.933301215995016,inf,6.5358171463012695,nan,9.985046242072713,inf,6.524401664733887,nan,10.102981312989868,inf
411,7.129125595092773,nan,11.39613631602515,inf,7.030072212219238,nan,10.070352865986933,inf,7.083970546722412,nan,10.408336018996124,inf,8.700313568115234,nan,10.255072956011645,inf,10.513456344604492,nan,24.60552353800267,inf,8.295345306396484,nan,2.1383045190123084,inf,7.184366226196289,nan,9.936754699994708,inf,6.965656757354736,nan,9.988422525071655,inf,7.132382869720459,nan,10.106413646990404,inf
412,7.506519317626953,nan,11.400044205025551,inf,7.460464000701904,nan,10.07378930998675,inf,7.434871673583984,nan,10.411876113996186,inf,9.192436218261719,nan,10.275054659012312,inf,10.65969467163086,nan,24.65670773700367,inf,8.388915061950684,nan,2.1431453410132235,inf,7.67892599105835,nan,9.940142362995175,inf,7.437923908233643,nan,9.991766657070912,inf,7.448352336883545,nan,10.109910380990186,inf
413,5.474850654602051,nan,11.403437228025723,inf,5.435943603515625,nan,10.077265614987482,inf,5.443991184234619,nan,10.41559901099572,inf,7.996883392333984,nan,10.299191755011634,inf,10.474666595458984,nan,24.72068708900406,inf,6.6122355461120605,nan,2.1481561150121706,inf,5.502843856811523,nan,9.943572576994484,inf,5.462968826293945,nan,9.99513615007163,inf,5.506735801696777,nan,10.11334226399049,inf
414,6.894351482391357,nan,11.40728310702616,inf,6.898919582366943,nan,10.080691708986706,inf,6.966070652008057,nan,10.419118754994997,inf,8.533019065856934,nan,10.322139926011005,inf,10.769281387329102,nan,24.7833610850048,inf,7.815234184265137,nan,2.154153812012737,inf,6.813699722290039,nan,9.947140291993492,inf,6.847599029541016,nan,9.998615314070776,inf,6.919907093048096,nan,10.116956299989397,inf
415,6.700675010681152,nan,11.410781322027105,inf,6.644465446472168,nan,10.084209572987675,inf,6.825861930847168,nan,10.422772541995073,inf,8.675741195678711,nan,10.343926983010533,inf,10.56666374206543,nan,24.843565770004716,inf,7.477901458740234,nan,2.1599075550129783,inf,6.792021751403809,nan,9.950581485993098,inf,6.681144714355469,nan,10.002000906069952,inf,6.707077980041504,nan,10.120388693989298,inf
416,7.5110273361206055,nan,11.41419669602692,inf,7.384032249450684,nan,10.087763727986385,inf,7.4372053146362305,nan,10.426251585995487,inf,8.801289558410645,nan,10.366271437009345,inf,10.709341049194336,nan,24.903894706005303,inf,9.061671257019043,nan,2.1657020180136897,inf,7.385781288146973,nan,9.95394947899149,inf,7.453605651855469,nan,10.00533190806891,inf,7.332300186157227,nan,10.123854418990959,inf
417,7.829107284545898,nan,11.417566579026243,inf,7.609724044799805,nan,10.091220041986162,inf,7.685055732727051,nan,10.429736609994507,inf,9.240012168884277,nan,10.392233877009858,inf,10.536050796508789,nan,24.956799277006212,inf,8.819829940795898,nan,2.170615571012604,inf,7.676268577575684,nan,9.957404342992959,inf,7.881996154785156,nan,10.008742941068704,inf,7.573573112487793,nan,10.127424953991067,inf
418,6.58939266204834,nan,11.4210468230267,inf,6.608285903930664,nan,10.094744406986138,inf,6.500663757324219,nan,10.433409846995346,inf,8.322711944580078,nan,10.41263650601104,inf,10.418401718139648,nan,25.01102848600567,inf,7.9153523445129395,nan,2.1760014990122727,inf,6.540518760681152,nan,9.960989917994084,inf,6.5772809982299805,nan,10.012229925068823,inf,6.4443864822387695,nan,10.131034909991286,inf
419,6.436327934265137,nan,11.425019193027765,inf,6.299513816833496,nan,10.098582874987187,inf,6.481962203979492,nan,10.437206514994614,inf,8.52091121673584,nan,10.43453432401111,inf,10.556171417236328,nan,25.070420419004222,inf,7.72012996673584,nan,2.1817828720122634,inf,6.512734889984131,nan,9.964621113995236,inf,6.478003025054932,nan,10.015596828068738,inf,6.5926642417907715,nan,10.134512433991404,inf
420,6.37632417678833,nan,11.428459887029021,inf,6.269550323486328,nan,10.101947617988117,inf,6.238837718963623,nan,10.440655918995617,inf,8.329465866088867,nan,10.45700564001163,inf,10.508329391479492,nan,25.131305532004262,inf,7.483537673950195,nan,2.1875917260113056,inf,6.521275520324707,nan,9.968049567994967,inf,6.474563121795654,nan,10.01898830106802,inf,6.508175849914551,nan,10.137939117990754,inf
421,5.865882873535156,nan,11.431928581028842,inf,5.803677082061768,nan,10.10532266098744,inf,5.810301303863525,nan,10.444106882996493,inf,7.953186511993408,nan,10.479695638012345,inf,10.540061950683594,nan,25.19192136100355,inf,6.8149261474609375,nan,2.1925044280123984,inf,5.938192844390869,nan,9.971506260995739,inf,5.864390850067139,nan,10.022433195068515,inf,5.798584461212158,nan,10.141395171991462,inf
422,6.939628601074219,nan,11.435749949028832,inf,7.027523040771484,nan,10.108765004986708,inf,7.034734725952148,nan,10.448237884995251,inf,8.792352676391602,nan,10.499777852011903,inf,10.436199188232422,nan,25.243968072003554,inf,8.101457595825195,nan,2.197481051012801,inf,6.923735618591309,nan,9.97503811599563,inf,6.8040032386779785,nan,10.025913809069607,inf,7.021121978759766,nan,10.144886845990186,inf
423,7.721057891845703,nan,11.439263064028637,inf,7.683480262756348,nan,10.11245914198662,inf,7.811633110046387,nan,10.451773349996074,inf,8.782248497009277,nan,10.521823362012583,inf,10.541287422180176,nan,25.30148931200347,inf,8.949524879455566,nan,2.202376623012242,inf,7.635763168334961,nan,9.978399448995333,inf,7.625404357910156,nan,10.029253131069709,inf,7.6545586585998535,nan,10.148523831989223,inf
424,6.120404243469238,nan,11.44266301702919,inf,6.163791179656982,nan,10.115962076986762,inf,6.104435920715332,nan,10.455198972997096,inf,8.304012298583984,nan,10.542280401012249,inf,10.293837547302246,nan,25.354122490003647,inf,7.486739158630371,nan,2.2073537860123906,inf,6.103569030761719,nan,9.981795081994278,inf,6.196197509765625,nan,10.032616814070934,inf,6.300088882446289,nan,10.151931494989185,inf
425,8.0792236328125,nan,11.446081400028561,inf,7.965351581573486,nan,10.11955543298609,inf,7.861964702606201,nan,10.458612735996212,inf,9.311939239501953,nan,10.563225577012417,inf,10.881754875183105,nan,25.40626245200474,inf,9.347797393798828,nan,2.212328169012835,inf,8.05843734741211,nan,9.985142004994486,inf,7.932316780090332,nan,10.035934216070018,inf,8.089898109436035,nan,10.155328907989315,inf
426,7.678283214569092,nan,11.44980323702839,inf,7.802127838134766,nan,10.123586914987754,inf,7.847942352294922,nan,10.462166280996826,inf,8.955114364624023,nan,10.584546088011848,inf,10.531742095947266,nan,25.458145601005526,inf,9.141857147216797,nan,2.217283962014335,inf,7.851016998291016,nan,9.988552697994237,inf,7.975723743438721,nan,10.03931030907006,inf,7.6909942626953125,nan,10.15875129098822,inf
427,7.201041221618652,nan,11.453269840027133,inf,7.135746002197266,nan,10.127239871988422,inf,7.1857194900512695,nan,10.465728265995494,inf,8.916621208190918,nan,10.607725452011437,inf,10.571046829223633,nan,25.517380423007126,inf,8.306943893432617,nan,2.223395959013942,inf,7.298672199249268,nan,9.992027331994905,inf,7.3799357414245605,nan,10.042748092069814,inf,7.234292984008789,nan,10.162309035988073,inf
428,7.357032775878906,nan,11.456697384028303,inf,7.394309997558594,nan,10.130732176989113,inf,7.343058109283447,nan,10.469726925995928,inf,8.73178482055664,nan,10.63402010601203,inf,10.607253074645996,nan,25.573688948006748,inf,8.295581817626953,nan,2.2301481750146195,inf,7.483863353729248,nan,9.995426374995077,inf,7.370962142944336,nan,10.046147915070833,inf,7.362296104431152,nan,10.165737029987213,inf
429,6.1480207443237305,nan,11.460151047027466,inf,6.043661117553711,nan,10.13435877298798,inf,6.050048828125,nan,10.473211889995582,inf,8.293837547302246,nan,10.654417625011774,inf,10.484783172607422,nan,25.634370848007165,inf,7.559958457946777,nan,2.236012399014726,inf,6.130940914154053,nan,9.998821257995587,inf,6.166441917419434,nan,10.049523457069881,inf,6.010220050811768,nan,10.16912789298658,inf
430,6.173357963562012,nan,11.464163268026823,inf,6.199650764465332,nan,10.138260422987514,inf,6.155092716217041,nan,10.477012077995823,inf,8.462182998657227,nan,10.67714643301224,inf,10.500048637390137,nan,25.69578248700782,inf,7.577614784240723,nan,2.242104126014965,inf,6.232779502868652,nan,10.002311481996003,inf,6.147412300109863,nan,10.052939190070902,inf,6.150653839111328,nan,10.172709378986838,inf
431,8.15243148803711,nan,11.46761953202622,inf,8.207632064819336,nan,10.141786727986982,inf,8.194068908691406,nan,10.480667343996174,inf,8.946233749389648,nan,10.697338630012382,inf,10.42506217956543,nan,25.747204620007324,inf,8.84903335571289,nan,2.247003738015337,inf,8.203058242797852,nan,10.005814606995045,inf,8.155343055725098,nan,10.056391344071017,inf,8.163765907287598,nan,10.176182402987251,inf
432,6.1631903648376465,nan,11.47111614602727,inf,6.185121536254883,nan,10.145275552986277,inf,6.182994365692139,nan,10.484199918995728,inf,7.880544185638428,nan,10.717273403013678,inf,10.328672409057617,nan,25.798784275006255,inf,7.716084957122803,nan,2.2521527930148295,inf,6.032718658447266,nan,10.009194109996315,inf,6.038529872894287,nan,10.059756337070212,inf,6.139759063720703,nan,10.17977592898751,inf
433,5.699154376983643,nan,11.4745114090274,inf,5.654250144958496,nan,10.148771656986355,inf,5.749745845794678,nan,10.487848324995866,inf,8.237945556640625,nan,10.737645361014074,inf,10.501949310302734,nan,25.85136615200645,inf,7.377824783325195,nan,2.2570829060132382,inf,5.733871936798096,nan,10.01256728199769,inf,5.750521183013916,nan,10.063071989068703,inf,5.687533855438232,nan,10.18315395198806,inf
434,8.063353538513184,nan,11.477896602027613,inf,7.988941669464111,nan,10.152342581986886,inf,8.035076141357422,nan,10.491303968996363,inf,9.249061584472656,nan,10.757567153013952,inf,10.676165580749512,nan,25.903220670006704,inf,9.363546371459961,nan,2.2619766680127213,inf,8.113884925842285,nan,10.01602398599789,inf,7.914582252502441,nan,10.066503533069408,inf,7.867852687835693,nan,10.18687633898844,inf
435,6.530858039855957,nan,11.481335346026754,inf,6.58718729019165,nan,10.15584604698779,inf,6.65507698059082,nan,10.494851323996045,inf,8.586748123168945,nan,10.77744089501357,inf,10.40319538116455,nan,25.9551690300068,inf,7.749920845031738,nan,2.267029332011589,inf,6.7397308349609375,nan,10.019604051998613,inf,6.773179531097412,nan,10.070038048068454,inf,6.759176254272461,nan,10.1906678769883,inf
436,6.505175590515137,nan,11.484961982027016,inf,6.414809226989746,nan,10.159644504987227,inf,6.337588310241699,nan,10.498716192994834,inf,8.090822219848633,nan,10.79758649001451,inf,10.305034637451172,nan,26.007219661007184,inf,7.360781669616699,nan,2.2719789750117343,inf,6.463788986206055,nan,10.023064875998898,inf,6.479426383972168,nan,10.073481621067913,inf,6.498029708862305,nan,10.194226351988618,inf
437,6.38718318939209,nan,11.488391146025606,inf,6.307785987854004,nan,10.163100268986454,inf,6.4432597160339355,nan,10.502268928994454,inf,8.11201000213623,nan,10.817796826015183,inf,10.655684471130371,nan,26.058829456007516,inf,7.663701057434082,nan,2.276901348011961,inf,6.5298566818237305,nan,10.026470139000594,inf,6.457308769226074,nan,10.07687685406745,inf,6.3036580085754395,nan,10.197663014987484,inf
438,7.185224533081055,nan,11.49183389902646,inf,7.126941204071045,nan,10.166735664985026,inf,7.065658092498779,nan,10.505775922994872,inf,8.837628364562988,nan,10.837866501015014,inf,10.615337371826172,nan,26.111464074007017,inf,7.85390567779541,nan,2.2820425830122986,inf,7.087040901184082,nan,10.029901083000368,inf,7.076456546783447,nan,10.080250947066816,inf,7.187331676483154,nan,10.201080697986981,inf
439,7.651574611663818,nan,11.495320493026156,inf,7.541965484619141,nan,10.170138148985643,inf,7.62025785446167,nan,10.509300177995101,inf,8.842290878295898,nan,10.858284460015057,inf,10.566784858703613,nan,26.164225154008818,inf,8.247814178466797,nan,2.2871649180124223,inf,7.562884330749512,nan,10.033422177999455,inf,7.615515232086182,nan,10.083717671066552,inf,7.591093063354492,nan,10.204542321987901,inf
440,6.352778911590576,nan,11.498817817026065,inf,6.350687026977539,nan,10.173617852984535,inf,6.3884687423706055,nan,10.512850132994572,inf,8.382401466369629,nan,10.878188692015101,inf,10.662954330444336,nan,26.218798947009418,inf,7.141369819641113,nan,2.2924964660123806,inf,6.50727653503418,nan,10.036929581998265,inf,6.305020332336426,nan,10.087173315065229,inf,6.35990047454834,nan,10.208029785986582,inf
441,6.909670829772949,nan,11.502375582025707,inf,6.8329877853393555,nan,10.177079336983297,inf,6.842593669891357,nan,10.516431318994364,inf,8.570930480957031,nan,10.899454741014779,inf,10.384228706359863,nan,26.27380942500895,inf,8.125310897827148,nan,2.2977403920122015,inf,6.8760881423950195,nan,10.040406415999314,inf,6.786572456359863,nan,10.090565248065104,inf,6.729194641113281,nan,10.211462999986907,inf
442,7.217582702636719,nan,11.505812465025883,inf,7.348964691162109,nan,10.180707222983983,inf,7.25716495513916,nan,10.519924182994146,inf,8.51350212097168,nan,10.920652550015802,inf,10.311500549316406,nan,26.32786113100883,inf,7.9963483810424805,nan,2.302755065011297,inf,7.32369327545166,nan,10.04375956900003,inf,7.394822120666504,nan,10.09390415006419,inf,7.328082084655762,nan,10.214848572986739,inf
443,7.816550254821777,nan,11.509212208025929,inf,7.9550323486328125,nan,10.184234607984763,inf,7.806184768676758,nan,10.523394026993628,inf,9.030750274658203,nan,10.940584023015617,inf,10.683324813842773,nan,26.379776209008924,inf,8.977630615234375,nan,2.307630017010524,inf,7.817356586456299,nan,10.047134321999692,inf,7.805622100830078,nan,10.097254292064463,inf,7.988630294799805,nan,10.218356187986501,inf
444,7.168260097503662,nan,11.512733072026094,inf,7.129507064819336,nan,10.187702561985134,inf,7.283817768096924,nan,10.527149494993864,inf,8.858155250549316,nan,10.960956492015612,inf,10.69202709197998,nan,26.431411394009046,inf,9.442451477050781,nan,2.3125160700110428,inf,7.1330389976501465,nan,10.050633426999411,inf,7.215099811553955,nan,10.100704895065064,inf,7.158937454223633,nan,10.221939032986484,inf
445,6.936402320861816,nan,11.516217857026277,inf,6.866185665130615,nan,10.191229996986294,inf,6.937566757202148,nan,10.530749379993722,inf,8.177212715148926,nan,10.981475372014756,inf,10.303962707519531,nan,26.482698235009593,inf,7.315176963806152,nan,2.317617684011566,inf,6.753840923309326,nan,10.0540576709991,inf,6.662782669067383,nan,10.104073588065148,inf,6.843778610229492,nan,10.225499877986294,inf
446,7.856751918792725,nan,11.519627411025795,inf,7.907474040985107,nan,10.194737240986797,inf,7.927219867706299,nan,10.534203883993541,inf,9.029376983642578,nan,11.001664498015089,inf,10.478458404541016,nan,26.534100667009625,inf,8.75049877166748,nan,2.3226153180112306,inf,7.972743511199951,nan,10.057546385000023,inf,7.855282783508301,nan,10.107520752066193,inf,8.003204345703125,nan,10.228963021985692,inf
447,7.427286148071289,nan,11.52313479602526,inf,7.420876502990723,nan,10.198215504986365,inf,7.40834903717041,nan,10.53775292899445,inf,8.933212280273438,nan,11.02164308101419,inf,10.740208625793457,nan,26.585876184009976,inf,8.506512641906738,nan,2.3275345400106744,inf,7.49517822265625,nan,10.060907697999937,inf,7.3921308517456055,nan,10.110845574066843,inf,7.227813720703125,nan,10.232558177985993,inf
448,7.542197227478027,nan,11.526536049024799,inf,7.444379806518555,nan,10.201734309986932,inf,7.395357131958008,nan,10.541145442994093,inf,8.444340705871582,nan,11.041583024014471,inf,10.555849075317383,nan,26.637934355008838,inf,8.169585227966309,nan,2.3325246640106343,inf,7.621735572814941,nan,10.064360102000137,inf,7.486995697021484,nan,10.114263808067335,inf,7.4172892570495605,nan,10.236002171985092,inf
449,7.550261497497559,nan,11.529987873023856,inf,7.6249284744262695,nan,10.205264934988008,inf,7.554045677185059,nan,10.544562115994268,inf,8.722434043884277,nan,11.061671079014559,inf,10.392232894897461,nan,26.689999246007574,inf,8.530686378479004,nan,2.3375493380117405,inf,7.444916725158691,nan,10.067881515999034,inf,7.3560380935668945,nan,10.117707602068549,inf,7.534580707550049,nan,10.23955221698634,inf
450,6.722934722900391,nan,11.533572679023564,inf,6.544113636016846,nan,10.208720358989012,inf,6.75929594039917,nan,10.54814459199406,inf,8.526169776916504,nan,11.082628985015617,inf,10.742707252502441,nan,26.74166170200806,inf,8.758800506591797,nan,2.3425106600116123,inf,6.782090663909912,nan,10.071307959999103,inf,6.9436564445495605,nan,10.121080845068718,inf,6.637515068054199,nan,10.242985990986199,inf
451,5.6535725593566895,nan,11.537002053022661,inf,5.718454837799072,nan,10.212268783989202,inf,5.709125518798828,nan,10.551619125993966,inf,7.963595390319824,nan,11.102524217016253,inf,10.455127716064453,nan,26.793208966009843,inf,7.0221452713012695,nan,2.34742466201169,inf,5.647177219390869,nan,10.074714992999361,inf,5.859703063964844,nan,10.124450527069712,inf,5.726391792297363,nan,10.246534675987277,inf
452,7.0567169189453125,nan,11.54040468702442,inf,7.146036148071289,nan,10.21574520798822,inf,7.088257312774658,nan,10.55500744899291,inf,8.760311126708984,nan,11.122455700016872,inf,10.635623931884766,nan,26.85499869000887,inf,8.612936019897461,nan,2.3533917080130777,inf,7.274013519287109,nan,10.078196247999585,inf,7.1345343589782715,nan,10.127857931071048,inf,7.1938323974609375,nan,10.249958118985887,inf
453,6.727269172668457,nan,11.544257526024012,inf,6.653980731964111,nan,10.219263561988555,inf,6.804304122924805,nan,10.558522613991954,inf,8.54411792755127,nan,11.143407316018056,inf,10.734071731567383,nan,26.906908299008137,inf,8.230508804321289,nan,2.358300590014551,inf,6.855053901672363,nan,10.081855944999916,inf,6.931789398193359,nan,10.13141574607107,inf,6.846654415130615,nan,10.253808227986156,inf
454,7.539438724517822,nan,11.548053324024295,inf,7.666970252990723,nan,10.223066299988204,inf,7.671749114990234,nan,10.562158389991964,inf,8.979165077209473,nan,11.163332869018632,inf,10.586175918579102,nan,26.959172382008546,inf,8.419451713562012,nan,2.3646926610144874,inf,7.704742431640625,nan,10.085356049999973,inf,7.679563999176025,nan,10.134847479070231,inf,7.595191478729248,nan,10.257450683986463,inf
455,6.731359004974365,nan,11.551479967025443,inf,6.7879228591918945,nan,10.226606633988922,inf,6.8075056076049805,nan,10.565833426991958,inf,8.319687843322754,nan,11.184521978017074,inf,10.495238304138184,nan,27.02415457700772,inf,7.9825639724731445,nan,2.370727268014889,inf,6.655731201171875,nan,10.088783544000762,inf,6.797236442565918,nan,10.138235282071037,inf,6.937917709350586,nan,10.260973187985655,inf
456,7.428504943847656,nan,11.554895860024772,inf,7.371463298797607,nan,10.23010538798917,inf,7.503967761993408,nan,10.569370041990624,inf,8.879074096679688,nan,11.208108327016816,inf,10.82080364227295,nan,27.088250350007,inf,8.303221702575684,nan,2.3760352750141465,inf,7.668096542358398,nan,10.092626282999845,inf,7.629973411560059,nan,10.1416205950718,inf,7.607144355773926,nan,10.264402790984605,inf
457,7.1272406578063965,nan,11.558691878024547,inf,6.955379962921143,nan,10.233671893989595,inf,6.8303985595703125,nan,10.573113568989356,inf,8.096342086791992,nan,11.231391782015635,inf,10.278560638427734,nan,27.14180889000818,inf,8.37045955657959,nan,2.382018941014394,inf,7.088974952697754,nan,10.096082646001378,inf,7.012605667114258,nan,10.14501848807231,inf,7.004265308380127,nan,10.26793675598492,inf
458,7.6286115646362305,nan,11.56227698402472,inf,7.438699722290039,nan,10.23719883898957,inf,7.418834209442139,nan,10.57673748498928,inf,8.805548667907715,nan,11.252435849015455,inf,10.262674331665039,nan,27.19372992900753,inf,8.299379348754883,nan,2.3868494530161115,inf,7.458430290222168,nan,10.0994935000017,inf,7.4399824142456055,nan,10.148430211072991,inf,7.477198600769043,nan,10.27152087198374,inf
459,7.26291561126709,nan,11.565744248024203,inf,7.078122615814209,nan,10.240701083988824,inf,7.155519485473633,nan,10.5801723179884,inf,8.24785327911377,nan,11.276135589016121,inf,10.275959014892578,nan,27.25832907800759,inf,8.331642150878906,nan,2.3929737210164603,inf,7.139407157897949,nan,10.102969754001606,inf,7.11284065246582,nan,10.151806694073457,inf,7.088517189025879,nan,10.27550464198248,inf
460,6.391272068023682,nan,11.56945705502585,inf,6.510532855987549,nan,10.244168437988264,inf,6.483537197113037,nan,10.58372571298969,inf,8.211517333984375,nan,11.29892481801653,inf,10.573419570922852,nan,27.31928373100709,inf,7.884498596191406,nan,2.398885886015705,inf,6.437262058258057,nan,10.106347527000253,inf,6.267621040344238,nan,10.155110806073935,inf,6.262578010559082,nan,10.278921574983542,inf
461,6.66456413269043,nan,11.57283545802602,inf,6.753778457641602,nan,10.24763991198779,inf,6.742762565612793,nan,10.587316917990393,inf,8.147796630859375,nan,11.32157724501667,inf,10.346147537231445,nan,27.379656267006794,inf,7.6303019523620605,nan,2.404787250015943,inf,6.751507759094238,nan,10.10983784200107,inf,6.7428507804870605,nan,10.15852797007392,inf,6.8391499519348145,nan,10.282477839982676,inf
462,6.9940643310546875,nan,11.576275801025986,inf,6.7876482009887695,nan,10.251165926987596,inf,6.985548973083496,nan,10.591031924988783,inf,8.290454864501953,nan,11.344915591016616,inf,10.381134033203125,nan,27.433281108005758,inf,8.012821197509766,nan,2.4107885460161924,inf,6.961605072021484,nan,10.113297256002625,inf,6.97091007232666,nan,10.16192136407517,inf,6.937344074249268,nan,10.286020604982696,inf
463,6.507034778594971,nan,11.579706374024681,inf,6.4062018394470215,nan,10.25468515198736,inf,6.457540035247803,nan,10.5945939209887,inf,8.113840103149414,nan,11.367608179016315,inf,10.4401216506958,nan,27.49346570200578,inf,7.457688331604004,nan,2.415775659015708,inf,6.572963237762451,nan,10.116650369001945,inf,6.507221221923828,nan,10.165250476075016,inf,6.529546737670898,nan,10.289420907984095,inf
464,7.104247570037842,nan,11.583101577025445,inf,7.2638630867004395,nan,10.258221806987422,inf,7.199227333068848,nan,10.59837301898915,inf,8.76392650604248,nan,11.387349110016658,inf,10.537894248962402,nan,27.54405041400605,inf,8.341907501220703,nan,2.4206466210162034,inf,7.158661365509033,nan,10.120031452001058,inf,7.1941423416137695,nan,10.168620009075312,inf,7.3613667488098145,nan,10.292809559983652,inf
465,7.163792610168457,nan,11.586503681026443,inf,6.926140785217285,nan,10.261820352987343,inf,6.951059341430664,nan,10.60185508298855,inf,8.425619125366211,nan,11.40841448701758,inf,10.20366096496582,nan,27.594738417006738,inf,8.136957168579102,nan,2.4254918720162095,inf,6.998861312866211,nan,10.12340983500144,inf,7.075078010559082,nan,10.171988662075819,inf,7.072079658508301,nan,10.296309193983689,inf
466,6.954522609710693,nan,11.589945635027107,inf,6.9110894203186035,nan,10.265268626986654,inf,6.770059585571289,nan,10.605422717988404,inf,8.622968673706055,nan,11.428250679018674,inf,10.674386024475098,nan,27.64714420200653,inf,8.241722106933594,nan,2.430470655017416,inf,6.859419822692871,nan,10.126951460002601,inf,7.08046817779541,nan,10.175469396075641,inf,6.960227966308594,nan,10.299791337984061,inf
467,7.468907356262207,nan,11.593503180027255,inf,7.3834614753723145,nan,10.268747920985334,inf,7.343459606170654,nan,10.608948202989268,inf,8.230953216552734,nan,11.448254943019492,inf,10.339383125305176,nan,27.69905180000569,inf,8.067060470581055,nan,2.435497409018353,inf,7.483546257019043,nan,10.130350263003493,inf,7.310506343841553,nan,10.178821639075977,inf,7.573403358459473,nan,10.303307341984691,inf
468,7.8928446769714355,nan,11.59688895302861,inf,7.86630916595459,nan,10.272245134985496,inf,7.89727783203125,nan,10.612436026989599,inf,8.973901748657227,nan,11.468466160018579,inf,10.447067260742188,nan,27.751459685005102,inf,9.05567741394043,nan,2.4404492920166376,inf,7.6905975341796875,nan,10.133721456002604,inf,7.80745792388916,nan,10.182165742076904,inf,7.739211559295654,nan,10.306700104985794,inf
469,6.817217826843262,nan,11.600313237027876,inf,6.769134044647217,nan,10.27562017798482,inf,6.816418647766113,nan,10.615890030989249,inf,8.14648723602295,nan,11.488820968019354,inf,10.303018569946289,nan,27.80347343500398,inf,7.6322736740112305,nan,2.445414605015685,inf,6.787348747253418,nan,10.137071408002157,inf,6.834870338439941,nan,10.185504314076752,inf,6.844313621520996,nan,10.310077887985244,inf
470,6.768513202667236,nan,11.604093495026973,inf,6.706437110900879,nan,10.279313503984667,inf,6.768691062927246,nan,10.619679928988262,inf,8.433721542358398,nan,11.509226567019141,inf,10.586324691772461,nan,27.858354162004616,inf,7.793759346008301,nan,2.450420039014716,inf,6.757573127746582,nan,10.140920877001918,inf,6.895475387573242,nan,10.189120590077437,inf,6.814331531524658,nan,10.314004377985839,inf
471,7.4714131355285645,nan,11.607668840026236,inf,7.4767746925354,nan,10.282860038985746,inf,7.510551452636719,nan,10.623449766988415,inf,8.713923454284668,nan,11.532121377018484,inf,10.694645881652832,nan,27.915227264005807,inf,8.93362045288086,nan,2.455726966014481,inf,7.4683146476745605,nan,10.144718145002116,inf,7.587447166442871,nan,10.19276092707696,inf,7.555619716644287,nan,10.31764469398513,inf
472,7.071943283081055,nan,11.61129958602578,inf,6.8805036544799805,nan,10.286567965984432,inf,6.968103408813477,nan,10.626990461987589,inf,8.46840763092041,nan,11.55207460101883,inf,10.622312545776367,nan,27.967655790005665,inf,8.48094654083252,nan,2.460640378014432,inf,7.048216819763184,nan,10.14817487900109,inf,7.132472038269043,nan,10.196181531076945,inf,7.2752790451049805,nan,10.321218398985366,inf
473,6.929160118103027,nan,11.614779400026237,inf,6.805132865905762,nan,10.290061279984002,inf,6.889819145202637,nan,10.630561956988458,inf,8.095812797546387,nan,11.57214264601862,inf,10.649696350097656,nan,28.02021887700539,inf,7.693394660949707,nan,2.4656393110144563,inf,6.912240028381348,nan,10.15155665200109,inf,6.765964508056641,nan,10.199557354077115,inf,6.85230827331543,nan,10.324707512985697,inf
474,6.942960739135742,nan,11.61846599702585,inf,6.850451469421387,nan,10.293541723984163,inf,6.859221458435059,nan,10.634081451988095,inf,8.257816314697266,nan,11.594902055017883,inf,10.65545654296875,nan,28.08143743400433,inf,7.809375286102295,nan,2.4709362580142624,inf,6.746987819671631,nan,10.155029996001758,inf,6.880470275878906,nan,10.202984638077396,inf,6.8857526779174805,nan,10.328304288985237,inf
475,6.251789093017578,nan,11.621965261027071,inf,6.152268409729004,nan,10.29705845798344,inf,6.221108436584473,nan,10.637526735989013,inf,8.22373104095459,nan,11.614764347017626,inf,10.622386932373047,nan,28.133747378005864,inf,7.856812000274658,nan,2.4758863500137522,inf,6.096462249755859,nan,10.158603242001846,inf,6.005692958831787,nan,10.206549523078138,inf,6.136863708496094,nan,10.33198067498597,inf
476,6.602903366088867,nan,11.625474265027151,inf,6.522275447845459,nan,10.300845185982325,inf,6.736333847045898,nan,10.641281433987388,inf,8.274063110351562,nan,11.634971133018553,inf,10.608292579650879,nan,28.186274495006728,inf,7.737557411193848,nan,2.4808431130131794,inf,6.583576202392578,nan,10.162147487002585,inf,6.707186222076416,nan,10.21005050707754,inf,6.763843536376953,nan,10.335505379985989,inf
477,7.0371575355529785,nan,11.62902166002641,inf,7.114789009094238,nan,10.304519011982848,inf,7.014613151550293,nan,10.644789368987404,inf,8.379934310913086,nan,11.655487533018459,inf,10.53550910949707,nan,28.238830442007384,inf,8.15494155883789,nan,2.4857587050137226,inf,6.959742069244385,nan,10.165567871003077,inf,6.959943771362305,nan,10.213431540076272,inf,6.855737209320068,nan,10.33892393298629,inf
478,7.043458461761475,nan,11.632426463027514,inf,7.205062389373779,nan,10.307911074982258,inf,7.194149971008301,nan,10.648195512987513,inf,8.058834075927734,nan,11.675355725019472,inf,10.472562789916992,nan,28.290395287007414,inf,7.972159385681152,nan,2.490893271013192,inf,7.146853446960449,nan,10.168929563002166,inf,7.139457702636719,nan,10.21679090307589,inf,7.061336040496826,nan,10.342474537987073,inf
479,6.799219131469727,nan,11.635804706027557,inf,6.611066818237305,nan,10.311409468982674,inf,6.6443705558776855,nan,10.651582445987515,inf,8.025217056274414,nan,11.695802584019475,inf,10.270520210266113,nan,28.340969559007135,inf,7.573819637298584,nan,2.495979025014094,inf,6.711760520935059,nan,10.172356837001644,inf,6.634759902954102,nan,10.220253457076979,inf,6.620385646820068,nan,10.34617869498652,inf
480,7.19918155670166,nan,11.639300110027762,inf,7.121918678283691,nan,10.315054424982009,inf,7.042498588562012,nan,10.655221731987695,inf,8.327288627624512,nan,11.716101762020116,inf,10.307042121887207,nan,28.391681173006873,inf,7.642252445220947,nan,2.500959678014624,inf,7.047060012817383,nan,10.17577305100167,inf,7.054879665374756,nan,10.223641880076684,inf,7.133128643035889,nan,10.349580877986227,inf
481,7.589417457580566,nan,11.642715803027386,inf,7.527126312255859,nan,10.318665259981572,inf,7.594105243682861,nan,10.658654595988992,inf,8.68910026550293,nan,11.736224047019277,inf,10.355690002441406,nan,28.442735421007455,inf,8.539448738098145,nan,2.505922731013925,inf,7.551177978515625,nan,10.1791764840018,inf,7.610060691833496,nan,10.2270171930777,inf,7.4932756423950195,nan,10.353009061986086,inf
482,7.044682502746582,nan,11.646156367027288,inf,6.905257701873779,nan,10.322194994982056,inf,6.910330295562744,nan,10.662124919988855,inf,7.91702938079834,nan,11.756563675018697,inf,10.47524642944336,nan,28.49502606500755,inf,8.243778228759766,nan,2.510983345013301,inf,7.052382946014404,nan,10.182568747002733,inf,6.976505279541016,nan,10.23037453607867,inf,6.927074432373047,nan,10.356495036987326,inf
483,8.266815185546875,nan,11.649659092026923,inf,8.133967399597168,nan,10.325633127982655,inf,8.077980041503906,nan,10.66563840398885,inf,8.839969635009766,nan,11.776688081019529,inf,10.548585891723633,nan,28.54709352600912,inf,9.277759552001953,nan,2.5161799310135393,inf,8.162103652954102,nan,10.185946350002268,inf,8.092159271240234,nan,10.233748129077867,inf,8.156450271606445,nan,10.359911329986062,inf
484,6.588250637054443,nan,11.653115376027927,inf,6.636397838592529,nan,10.329615218983236,inf,6.6283464431762695,nan,10.669165258988869,inf,8.061565399169922,nan,11.79675862501972,inf,10.588005065917969,nan,28.602153255009398,inf,7.489473342895508,nan,2.5219045630128676,inf,6.626816272735596,nan,10.189849879003305,inf,6.454305648803711,nan,10.237951002078262,inf,6.638788223266602,nan,10.363531905986747,inf
485,7.169527053833008,nan,11.656751002026795,inf,7.154728889465332,nan,10.333167313981903,inf,7.148402214050293,nan,10.67272560398851,inf,8.452396392822266,nan,11.81767549001961,inf,10.378839492797852,nan,28.654058834010357,inf,7.823914051055908,nan,2.527970990013273,inf,7.221129894256592,nan,10.193239012003687,inf,7.046900272369385,nan,10.241323875077796,inf,7.150012016296387,nan,10.366980939987116,inf
486,7.987734317779541,nan,11.660213726026996,inf,7.985458850860596,nan,10.33672086898332,inf,7.839573383331299,nan,10.676182937988415,inf,8.99346923828125,nan,11.837903997018657,inf,10.730009078979492,nan,28.716528786009803,inf,9.28281021118164,nan,2.533269777013629,inf,7.972537040710449,nan,10.196699766003803,inf,8.174600601196289,nan,10.244790389077025,inf,8.073622703552246,nan,10.37068690698834,inf
487,6.300532341003418,nan,11.663675470026647,inf,6.285403728485107,nan,10.340338054982567,inf,6.309183120727539,nan,10.679647840988764,inf,7.821255683898926,nan,11.857936371017786,inf,10.448042869567871,nan,28.769799603009233,inf,7.31636381149292,nan,2.5386400850129576,inf,6.360321044921875,nan,10.200060339002448,inf,6.301299095153809,nan,10.248127672077317,inf,6.395148277282715,nan,10.374176451987296,inf
488,6.088298797607422,nan,11.667068474027474,inf,6.05164909362793,nan,10.343826848982644,inf,6.017205238342285,nan,10.683256585987692,inf,7.671413421630859,nan,11.87909740901705,inf,10.399002075195312,nan,28.82495217300857,inf,7.315286636352539,nan,2.5439497330135055,inf,6.002211570739746,nan,10.203610404001665,inf,6.096590042114258,nan,10.251611026076716,inf,6.1120100021362305,nan,10.377683046986931,inf
489,5.572898864746094,nan,11.67060470902834,inf,5.536391735076904,nan,10.347427443983179,inf,5.643982887268066,nan,10.687054364987489,inf,7.812500476837158,nan,11.900471971017396,inf,10.509215354919434,nan,28.88453190900873,inf,6.908924102783203,nan,2.5498129470124695,inf,5.65560245513916,nan,10.207081308000852,inf,5.655462741851807,nan,10.255024429076002,inf,5.786727428436279,nan,10.381107600987889,inf
490,6.738641262054443,nan,11.674062793028497,inf,6.803921699523926,nan,10.351020389984114,inf,6.785226821899414,nan,10.690587949988185,inf,8.015016555786133,nan,11.922788545018193,inf,10.61855697631836,nan,28.94488860501042,inf,7.769883155822754,nan,2.5556295810129086,inf,6.921875,nan,10.210516832001304,inf,6.823541641235352,nan,10.258425443076703,inf,6.914678573608398,nan,10.384668075988884,inf
491,6.5297346115112305,nan,11.677480956028376,inf,6.399759769439697,nan,10.354505463983514,inf,6.462573051452637,nan,10.69416096498935,inf,7.934178829193115,nan,11.94390117401963,inf,10.542469024658203,nan,28.9983435640097,inf,7.660395622253418,nan,2.5608869380121178,inf,6.478375434875488,nan,10.213852904000305,inf,6.585387229919434,nan,10.261753076076275,inf,6.473180770874023,nan,10.388067928988676,inf
492,6.8703413009643555,nan,11.68087971902969,inf,6.800527572631836,nan,10.358020097983172,inf,6.800854682922363,nan,10.69761601898972,inf,8.30504322052002,nan,11.963726406018395,inf,10.572031021118164,nan,29.05005797000922,inf,8.604864120483398,nan,2.5660081630121567,inf,7.021471977233887,nan,10.217235797001194,inf,6.788470268249512,nan,10.26512772807655,inf,6.926163673400879,nan,10.391536012988581,inf
493,6.653733253479004,nan,11.684361743029513,inf,6.571703910827637,nan,10.361430761982774,inf,6.492020130157471,nan,10.701169324991497,inf,7.959806442260742,nan,11.983738210017691,inf,10.270577430725098,nan,29.10490095601017,inf,7.4447760581970215,nan,2.571799977013143,inf,6.441882133483887,nan,10.220817953000733,inf,6.4899115562438965,nan,10.268613012076457,inf,6.4456281661987305,nan,10.395159728988801,inf
494,7.607087135314941,nan,11.68786289803029,inf,7.47755765914917,nan,10.365008326982206,inf,7.4686598777771,nan,10.704783870991378,inf,8.51010513305664,nan,12.00505111001803,inf,10.504146575927734,nan,29.160766825010796,inf,8.259912490844727,nan,2.5775932210144674,inf,7.498623847961426,nan,10.224318667000261,inf,7.505277156829834,nan,10.27204483607784,inf,7.453333854675293,nan,10.398732313989967,inf
495,7.258565902709961,nan,11.69129518103,inf,7.277288913726807,nan,10.368505671982348,inf,7.3319091796875,nan,10.708334535991526,inf,8.635945320129395,nan,12.027191141018193,inf,10.80194091796875,nan,29.214942222009995,inf,8.90880298614502,nan,2.582722156013915,inf,7.477786064147949,nan,10.227682890001233,inf,7.290985107421875,nan,10.275390988077561,inf,7.346575736999512,nan,10.402193217989407,inf
496,6.348366737365723,nan,11.69511487903037,inf,6.463077545166016,nan,10.371870504981416,inf,6.386798858642578,nan,10.712205765992621,inf,7.594806671142578,nan,12.047391967018484,inf,10.22397518157959,nan,29.26669611800935,inf,7.298791885375977,nan,2.5875905680131837,inf,6.289427280426025,nan,10.231100373001027,inf,6.367412567138672,nan,10.2788049510782,inf,6.360468864440918,nan,10.405746842989174,inf
497,6.871486663818359,nan,11.69854293203025,inf,6.840764045715332,nan,10.37533294898094,inf,6.870286464691162,nan,10.715728960993147,inf,8.33566665649414,nan,12.067600903019411,inf,10.568941116333008,nan,29.31819843201083,inf,9.156352996826172,nan,2.5924789500131737,inf,6.65415096282959,nan,10.23454037600095,inf,6.804736614227295,nan,10.282225214077698,inf,6.801936149597168,nan,10.409190116988611,inf
498,7.559786796569824,nan,11.70201250602986,inf,7.514545440673828,nan,10.37891360498179,inf,7.5610857009887695,nan,10.71924665599363,inf,8.459368705749512,nan,12.087431014018875,inf,10.4613618850708,nan,29.369836177009347,inf,9.036579132080078,nan,2.5973627020121057,inf,7.731593608856201,nan,10.23793852900053,inf,7.651747703552246,nan,10.285591576077422,inf,7.572854518890381,nan,10.41260581998722,inf
499,6.425046443939209,nan,11.705389749029564,inf,6.358506202697754,nan,10.38248884098175,inf,6.435034275054932,nan,10.722690729993701,inf,7.902950286865234,nan,12.107183554018775,inf,10.405765533447266,nan,29.421150078009305,inf,7.18283748626709,nan,2.6023241550119565,inf,6.397485733032227,nan,10.241335842001718,inf,6.4804487228393555,nan,10.288995960076136,inf,6.325414657592773,nan,10.41602697298731,inf
500,6.170691967010498,6.693033218383789,11.708832083029847,inf,6.329036235809326,6.97335147857666,10.385917403980784,inf,6.26830530166626,6.918859481811523,10.726160843993057,inf,7.460598468780518,7.688726425170898,12.124001168018367,inf,10.40330696105957,10.443366050720215,29.473149908008054,inf,7.464817047119141,6.959372520446777,2.6073047180107096,inf,6.181319236755371,8.042658805847168,10.244884017001823,inf,6.28199577331543,7.907970905303955,10.292502415075433,inf,6.19870138168335,6.739434242248535,10.41954158698718,inf
501,8.071588516235352,nan,11.712366148029105,inf,8.090917587280273,nan,10.389442058980421,inf,8.19595718383789,nan,10.729797059992052,inf,8.632312774658203,nan,12.144079183017311,inf,10.437762260437012,nan,29.52445145900674,inf,8.715567588806152,nan,2.612273801010815,inf,8.023723602294922,nan,10.248628325001846,inf,8.007955551147461,nan,10.296121501076414,inf,7.968481063842773,nan,10.423151422988667,inf
502,6.899637222290039,nan,11.715951933028919,inf,6.87901496887207,nan,10.39299817398205,inf,6.9363908767700195,nan,10.733562997993431,inf,8.326370239257812,nan,12.164255999017769,inf,10.448966979980469,nan,29.57603084400762,inf,8.32239055633545,nan,2.617158973011101,inf,6.953894138336182,nan,10.252070658003504,inf,6.874801158905029,nan,10.299532475075466,inf,6.815969467163086,nan,10.426620906988319,inf
503,6.51718807220459,nan,11.71938955702899,inf,6.503586292266846,nan,10.396595409982183,inf,6.6123762130737305,nan,10.737016561992277,inf,8.060466766357422,nan,12.183903958017254,inf,10.487156867980957,nan,29.62624127100753,inf,7.503654956817627,nan,2.622088395011815,inf,6.597065448760986,nan,10.255474371004311,inf,6.454389572143555,nan,10.302933438075343,inf,6.375505447387695,nan,10.430133221989308,inf
504,6.342735290527344,nan,11.722777120028695,inf,6.236021518707275,nan,10.39993129298091,inf,6.297369003295898,nan,10.74041694499283,inf,7.686570167541504,nan,12.203406436017758,inf,10.414997100830078,nan,29.67664616100774,inf,6.965409278869629,nan,2.6269690170120157,inf,6.357651710510254,nan,10.258826444003716,inf,6.230018615722656,nan,10.306251480074934,inf,6.362441062927246,nan,10.433652076990256,inf
505,7.047608852386475,nan,11.72614856302971,inf,7.054994583129883,nan,10.403375976980897,inf,7.123599529266357,nan,10.743807557992113,inf,8.045699119567871,nan,12.223239948016271,inf,10.59642219543457,nan,29.72725183400871,inf,8.206050872802734,nan,2.631793368011131,inf,7.211326599121094,nan,10.262236437003594,inf,7.2662553787231445,nan,10.309644383076375,inf,7.136401176452637,nan,10.437216942989835,inf
506,7.115908622741699,nan,11.729574187029357,inf,7.050169944763184,nan,10.4069898629823,inf,7.121654510498047,nan,10.747523074993296,inf,8.347478866577148,nan,12.243615527015208,inf,10.658355712890625,nan,29.780003373007276,inf,7.918637275695801,nan,2.63682133101247,inf,7.029622554779053,nan,10.26596072400207,inf,6.99915075302124,nan,10.313234188075512,inf,7.084539413452148,nan,10.440802518989585,inf
507,6.857405185699463,nan,11.733213644029092,inf,6.717310428619385,nan,10.410544977981772,inf,6.856039047241211,nan,10.751175811992653,inf,8.23813247680664,nan,12.263360458015086,inf,10.652826309204102,nan,29.83372183400752,inf,8.022823333740234,nan,2.641726454012314,inf,6.932061195373535,nan,10.269411008002862,inf,6.651944160461426,nan,10.316649911075729,inf,6.701301097869873,nan,10.444218681990606,inf
508,7.344874382019043,nan,11.736711598028705,inf,7.339426517486572,nan,10.413980381981673,inf,7.312877655029297,nan,10.754681356991568,inf,8.454608917236328,nan,12.28343133301496,inf,10.368498802185059,nan,29.885114537006302,inf,8.941690444946289,nan,2.646568465012024,inf,7.542232513427734,nan,10.272795631002737,inf,7.406926155090332,nan,10.319997613076339,inf,7.4592180252075195,nan,10.447612624991962,inf
509,8.010805130004883,nan,11.740137111028162,inf,7.963705539703369,nan,10.417593237980327,inf,7.895585060119629,nan,10.758140539992382,inf,8.776327133178711,nan,12.303090573015652,inf,10.478964805603027,nan,29.938384823006345,inf,8.982776641845703,nan,2.6515493680108193,inf,7.9589385986328125,nan,10.276252315003148,inf,7.994492530822754,nan,10.323429436075457,inf,7.88338565826416,nan,10.451085858991064,inf
510,6.822787761688232,nan,11.74362397502955,inf,6.699282646179199,nan,10.421082621980531,inf,6.74866247177124,nan,10.761719914991772,inf,7.979286193847656,nan,12.323482292016706,inf,10.447090148925781,nan,29.99030668200612,inf,8.017034530639648,nan,2.6566941830114956,inf,6.776478290557861,nan,10.279864680003811,inf,6.670236587524414,nan,10.326948151076067,inf,6.780134677886963,nan,10.454630443991846,inf
511,7.309654235839844,nan,11.747157920030077,inf,7.339379787445068,nan,10.424617455981206,inf,7.204924583435059,nan,10.765355340992755,inf,8.396467208862305,nan,12.343587037017642,inf,10.307538986206055,nan,30.043993863006108,inf,8.363068580627441,nan,2.662035931012724,inf,7.28238582611084,nan,10.283299143004115,inf,7.127871990203857,nan,10.330349374076832,inf,7.172158718109131,nan,10.458163338991653,inf
512,7.721560955047607,nan,11.750677245030602,inf,7.549325942993164,nan,10.428093829981663,inf,7.709249496459961,nan,10.768929825992018,inf,8.336082458496094,nan,12.363496550016862,inf,10.5030517578125,nan,30.095503657006702,inf,8.436765670776367,nan,2.666867282014209,inf,7.574146270751953,nan,10.286682346002635,inf,7.532235622406006,nan,10.333725537077044,inf,7.644536972045898,nan,10.461658342990631,inf
513,5.886529922485352,nan,11.754148139030804,inf,5.815450191497803,nan,10.431495532982808,inf,5.9079694747924805,nan,10.772405379992051,inf,7.531672954559326,nan,12.386789765016147,inf,10.33612060546875,nan,30.14631907200601,inf,6.614806175231934,nan,2.672908629014273,inf,5.8857316970825195,nan,10.290041879001365,inf,5.835076808929443,nan,10.337018638078007,inf,5.9634809494018555,nan,10.465104976989096,inf
514,7.462653160095215,nan,11.757570423029392,inf,7.240850448608398,nan,10.434876175982936,inf,7.225841999053955,nan,10.775894594991769,inf,8.432555198669434,nan,12.406382324015794,inf,10.302233695983887,nan,30.1974217610059,inf,8.137048721313477,nan,2.677801021014602,inf,7.210725784301758,nan,10.293467112001963,inf,7.181713104248047,nan,10.340401291077796,inf,7.206106185913086,nan,10.468522959989059,inf
515,7.062727928161621,nan,11.76099696602978,inf,6.811439514160156,nan,10.438404800983335,inf,6.867467403411865,nan,10.779380488991592,inf,8.328537940979004,nan,12.427373500015165,inf,10.240110397338867,nan,30.25229192700681,inf,8.061976432800293,nan,2.6829489070132695,inf,6.7872209548950195,nan,10.297332971002106,inf,6.884154796600342,nan,10.344053827077005,inf,6.600709915161133,nan,10.472187716988628,inf
516,6.556952476501465,nan,11.764763934028451,inf,6.525422096252441,nan,10.442027276983936,inf,6.56754207611084,nan,10.783076825991884,inf,7.94246768951416,nan,12.448022982014663,inf,10.524961471557617,nan,30.30444568900566,inf,7.332020282745361,nan,2.6880702820126317,inf,6.838621616363525,nan,10.300874746002592,inf,6.901249885559082,nan,10.347525941077038,inf,6.761537075042725,nan,10.475814882987834,inf
517,6.080760478973389,nan,11.768250018028994,inf,5.961032390594482,nan,10.445604752983854,inf,5.941812038421631,nan,10.786744062990692,inf,7.413626194000244,nan,12.468503662013973,inf,10.292963027954102,nan,30.356290077006634,inf,7.041158199310303,nan,2.693167527013429,inf,5.9032135009765625,nan,10.304287189002935,inf,5.970233917236328,nan,10.3509125440778,inf,5.91729211807251,nan,10.479309726986685,inf
518,6.422945976257324,nan,11.771725082029661,inf,6.262599945068359,nan,10.449005745984323,inf,6.225202560424805,nan,10.790242666991617,inf,7.646701335906982,nan,12.488995592013453,inf,10.429729461669922,nan,30.407084241007396,inf,7.353363990783691,nan,2.6981917210141546,inf,6.412966728210449,nan,10.307668872002978,inf,6.316098213195801,nan,10.354261137079448,inf,6.340157508850098,nan,10.482761660987308,inf
519,6.658908843994141,nan,11.775111165028648,inf,6.609892845153809,nan,10.452395418984452,inf,6.5761613845825195,nan,10.793727930991736,inf,7.985596656799316,nan,12.509373971013702,inf,10.622934341430664,nan,30.46017340500657,inf,8.197590827941895,nan,2.7032042240152805,inf,6.701905250549316,nan,10.311221217003549,inf,6.708599090576172,nan,10.357762681078384,inf,6.675020217895508,nan,10.486424507986158,inf
520,7.2592453956604,nan,11.778595239027709,inf,7.220636367797852,nan,10.455994664984246,inf,7.295115947723389,nan,10.797234714991646,inf,8.49461555480957,nan,12.529591798014735,inf,10.799020767211914,nan,30.512702441006695,inf,8.693859100341797,nan,2.7081878570152185,inf,7.111819267272949,nan,10.314767582003697,inf,7.377419948577881,nan,10.361240875077783,inf,7.280550479888916,nan,10.490018642987707,inf
521,7.267888069152832,nan,11.782239375028439,inf,7.304422378540039,nan,10.459738871983063,inf,7.423467636108398,nan,10.80088945199168,inf,8.199586868286133,nan,12.549829515013698,inf,10.54874324798584,nan,30.56518299700656,inf,8.511519432067871,nan,2.713199321015054,inf,7.279903411865234,nan,10.318298877004054,inf,7.259647369384766,nan,10.36474227007784,inf,7.2888360023498535,nan,10.4935276679862,inf
522,7.587342262268066,nan,11.785764220028796,inf,7.578341960906982,nan,10.463191044984342,inf,7.519885540008545,nan,10.804493886991622,inf,8.83243179321289,nan,12.569838379014982,inf,10.62183952331543,nan,30.617801774005784,inf,8.875053405761719,nan,2.7182195450150175,inf,7.724059104919434,nan,10.321720050003933,inf,7.563962936401367,nan,10.36814104307814,inf,7.749224662780762,nan,10.497122492985,inf
523,6.369464874267578,nan,11.789176123029392,inf,6.348415374755859,nan,10.46672243998546,inf,6.226670265197754,nan,10.80816924399187,inf,7.917723655700684,nan,12.590010166015418,inf,10.432018280029297,nan,30.670386511006654,inf,7.04092264175415,nan,2.7232143890141742,inf,6.332467079162598,nan,10.325120733003132,inf,6.282373428344727,nan,10.371512996078309,inf,6.118259906768799,nan,10.50054758598526,inf
524,7.361666202545166,nan,11.792617066030289,inf,7.292223930358887,nan,10.470162683986928,inf,7.293290138244629,nan,10.812374327992075,inf,8.509306907653809,nan,12.612562163016264,inf,10.634346008300781,nan,30.724102412006687,inf,8.18899154663086,nan,2.7282474730145623,inf,7.3170928955078125,nan,10.328592377003588,inf,7.239837169647217,nan,10.374948689079247,inf,7.325040340423584,nan,10.50417505198493,inf
525,5.773583889007568,nan,11.796098820030238,inf,5.801794528961182,nan,10.473742598987883,inf,5.998859405517578,nan,10.815838091992191,inf,7.756962776184082,nan,12.636498807016324,inf,10.36738395690918,nan,30.784066053007336,inf,7.330915451049805,nan,2.733137555014764,inf,5.908897399902344,nan,10.332068781004637,inf,5.937926292419434,nan,10.378381972077477,inf,5.983916282653809,nan,10.507662325984711,inf
526,6.44765043258667,nan,11.800160762031737,inf,6.3650431632995605,nan,10.477270362987838,inf,6.469455718994141,nan,10.819858852992184,inf,7.978452205657959,nan,12.656600262016582,inf,10.404304504394531,nan,30.836367977008194,inf,7.777984142303467,nan,2.7380759680163465,inf,6.55656623840332,nan,10.335505714005194,inf,6.535863399505615,nan,10.381779755076423,inf,6.576433181762695,nan,10.511212620984224,inf
527,7.280196189880371,nan,11.803565195032206,inf,7.362830638885498,nan,10.480776527989292,inf,7.325557708740234,nan,10.823379427993132,inf,8.352590560913086,nan,12.680279033016632,inf,10.515803337097168,nan,30.89051602400832,inf,7.791195869445801,nan,2.7442541670170613,inf,7.383574962615967,nan,10.338940608004123,inf,7.418255805969238,nan,10.385183748076088,inf,7.387508869171143,nan,10.514781225983825,inf
528,6.022704601287842,nan,11.807433764031884,inf,5.917604446411133,nan,10.484191141989868,inf,6.207182884216309,nan,10.827406858992617,inf,7.311282634735107,nan,12.701308950016028,inf,10.21886157989502,nan,30.949069487007364,inf,6.7335405349731445,nan,2.7501761830171745,inf,6.068282127380371,nan,10.342497063003975,inf,6.042322635650635,nan,10.388663232077306,inf,6.0950469970703125,nan,10.51826578998407,inf
529,7.918239116668701,nan,11.810928848031836,inf,7.812376022338867,nan,10.487833757990302,inf,7.766968727111816,nan,10.8309013439939,inf,8.698089599609375,nan,12.723442691016317,inf,10.56860637664795,nan,31.00329225500718,inf,8.589015007019043,nan,2.755321268015905,inf,7.888291358947754,nan,10.34592301700286,inf,7.684747695922852,nan,10.39204145507756,inf,7.759263515472412,nan,10.521773703983854,inf
530,7.869597434997559,nan,11.814778407031554,inf,7.894589424133301,nan,10.49179194799035,inf,7.751550674438477,nan,10.834505599994372,inf,8.663731575012207,nan,12.74631431101625,inf,10.55455207824707,nan,31.063827743006186,inf,8.645709991455078,nan,2.7609570400163648,inf,7.795182704925537,nan,10.34929103000286,inf,7.780178070068359,nan,10.395374118077598,inf,7.721627235412598,nan,10.525256677983634,inf
531,6.2604875564575195,nan,11.818181261032805,inf,6.180832862854004,nan,10.495265791991187,inf,6.26901912689209,nan,10.838009374994726,inf,7.759186744689941,nan,12.766340475016477,inf,10.29367446899414,nan,31.116363380006078,inf,7.0823869705200195,nan,2.765867882017119,inf,6.285909652709961,nan,10.352643562002413,inf,6.239912986755371,nan,10.398717750078504,inf,6.069460391998291,nan,10.528641220984355,inf
532,5.126822471618652,nan,11.821631555032582,inf,5.063546180725098,nan,10.498654194991104,inf,5.143012523651123,nan,10.84146863899332,inf,6.976343154907227,nan,12.786869306017252,inf,10.264957427978516,nan,31.168564023006184,inf,5.9373908042907715,nan,2.7709644970182126,inf,5.032705783843994,nan,10.356108696003503,inf,5.02204704284668,nan,10.402147823078849,inf,4.993449687957764,nan,10.532242306984699,inf
533,7.574321269989014,nan,11.825079578031364,inf,7.480399131774902,nan,10.502195029992436,inf,7.537200927734375,nan,10.845040934993449,inf,8.289491653442383,nan,12.807206094017602,inf,10.615621566772461,nan,31.220397091004997,inf,8.12071704864502,nan,2.775867290018141,inf,7.594849586486816,nan,10.359565550003026,inf,7.558875560760498,nan,10.405549637078366,inf,7.388131141662598,nan,10.53578385198307,inf
534,6.167165756225586,nan,11.828526822031563,inf,6.173238277435303,nan,10.505991327992888,inf,6.302252769470215,nan,10.849107476993595,inf,7.699228286743164,nan,12.827905506017487,inf,10.445006370544434,nan,31.28113994200612,inf,7.327785491943359,nan,2.781667584018578,inf,6.270557403564453,nan,10.363017114003014,inf,6.256313323974609,nan,10.408974961077547,inf,6.358437538146973,nan,10.539217534982527,inf
535,6.707666873931885,nan,11.832040676032193,inf,6.91146183013916,nan,10.509725335992698,inf,6.8109893798828125,nan,10.852616231992215,inf,8.186850547790527,nan,12.850622055017084,inf,10.58691692352295,nan,31.341543999005808,inf,8.615629196166992,nan,2.786699328018585,inf,6.884401321411133,nan,10.36636408600316,inf,6.770266532897949,nan,10.41230442307642,inf,6.88234806060791,nan,10.542685428983532,inf
536,6.624422550201416,nan,11.835486730031334,inf,6.480237007141113,nan,10.513111868993292,inf,6.700619697570801,nan,10.856097105992376,inf,8.078560829162598,nan,12.870758001015929,inf,10.592123031616211,nan,31.393216005004433,inf,7.73885440826416,nan,2.791653940019387,inf,6.709037780761719,nan,10.369830900004672,inf,6.533886909484863,nan,10.415739857076915,inf,6.724200248718262,nan,10.546270343982542,inf
537,7.147284030914307,nan,11.838935354031491,inf,7.180782794952393,nan,10.51669746499283,inf,7.086003303527832,nan,10.859666921991447,inf,7.870389938354492,nan,12.891351382017092,inf,10.28565788269043,nan,31.44682144500439,inf,7.686810493469238,nan,2.7966287130184355,inf,7.2089385986328125,nan,10.373293914004535,inf,7.110723972320557,nan,10.419189631076733,inf,7.176185607910156,nan,10.549863258982441,inf
538,6.576570510864258,nan,11.842404368031566,inf,6.729410648345947,nan,10.520252769993022,inf,6.771817207336426,nan,10.863211016991045,inf,8.10520076751709,nan,12.913640555016173,inf,10.576415061950684,nan,31.502233839004475,inf,8.216630935668945,nan,2.801569555018432,inf,6.824594497680664,nan,10.37679792900417,inf,6.668941974639893,nan,10.422623585076508,inf,6.733207702636719,nan,10.553335732982305,inf
539,6.9739203453063965,nan,11.845897632032575,inf,7.050326824188232,nan,10.523857564992795,inf,7.037147521972656,nan,10.866762281990304,inf,8.129850387573242,nan,12.934088355015774,inf,10.452268600463867,nan,31.554436012003862,inf,8.078449249267578,nan,2.806493077017876,inf,7.017644882202148,nan,10.38014894200387,inf,6.901922702789307,nan,10.425944777076438,inf,6.897775173187256,nan,10.556872837982155,inf
540,6.905296802520752,nan,11.849269844031369,inf,6.883044242858887,nan,10.527337248993717,inf,6.912245750427246,nan,10.870304286991086,inf,7.87404727935791,nan,12.954334482015838,inf,10.364002227783203,nan,31.605784583003697,inf,7.574603080749512,nan,2.8116054120182525,inf,7.081210136413574,nan,10.3835055150048,inf,6.952782154083252,nan,10.429281649077893,inf,6.88272762298584,nan,10.56026520098385,inf
541,6.552018165588379,nan,11.852693117032686,inf,6.664586067199707,nan,10.530780912993578,inf,6.627885341644287,nan,10.873805400991841,inf,7.850069046020508,nan,12.97485424201659,inf,10.258638381958008,nan,31.659980871003427,inf,7.441636085510254,nan,2.816859459016996,inf,6.56840705871582,nan,10.387256772004548,inf,6.541434288024902,nan,10.432884404079232,inf,6.420249938964844,nan,10.563856546983516,inf
542,5.569196701049805,nan,11.856232982032452,inf,5.607795715332031,nan,10.534391277993564,inf,5.462599754333496,nan,10.877355305990932,inf,6.903711318969727,nan,12.99540689301648,inf,10.033138275146484,nan,31.7128927030044,inf,6.169881820678711,nan,2.821799252016717,inf,5.477362632751465,nan,10.390728796004623,inf,5.388245582580566,nan,10.436317928079006,inf,5.529953956604004,nan,10.567441192983097,inf
543,7.706274509429932,nan,11.859731006032234,inf,7.667328834533691,nan,10.53791712299244,inf,7.8723249435424805,nan,10.88112132299102,inf,8.65410327911377,nan,13.015659600016079,inf,10.600334167480469,nan,31.76551046100576,inf,9.136570930480957,nan,2.826679244015395,inf,7.815434455871582,nan,10.394223360004617,inf,7.881104469299316,nan,10.439739851079139,inf,7.725091457366943,nan,10.57090377698296,inf
544,6.137636661529541,nan,11.863193900031547,inf,5.948697566986084,nan,10.54149057799259,inf,6.01370906829834,nan,10.88462035799057,inf,7.629897594451904,nan,13.035598772015874,inf,10.272205352783203,nan,31.817273688006026,inf,7.139902114868164,nan,2.831617346015264,inf,6.204242706298828,nan,10.397598963005294,inf,6.12136697769165,nan,10.443088573078057,inf,6.149653911590576,nan,10.574400991983566,inf
545,6.665063381195068,nan,11.866579363031633,inf,6.622371673583984,nan,10.544977621992075,inf,6.663213729858398,nan,10.888205253990236,inf,8.076356887817383,nan,13.055615286015382,inf,10.523058891296387,nan,31.869296099006533,inf,7.905974388122559,nan,2.836537468016104,inf,6.618428707122803,nan,10.40098091600521,inf,6.660761833190918,nan,10.446446696078056,inf,6.7046356201171875,nan,10.577947406984094,inf
546,8.045876502990723,nan,11.869995336031934,inf,8.015026092529297,nan,10.548572426992905,inf,8.006631851196289,nan,10.891690728989488,inf,8.705818176269531,nan,13.07582432201525,inf,10.432823181152344,nan,31.921214787005738,inf,8.592586517333984,nan,2.8414911510153615,inf,8.09269905090332,nan,10.404439089004882,inf,7.922929763793945,nan,10.449856299079329,inf,7.821998596191406,nan,10.581530092984394,inf
547,7.682533264160156,nan,11.873440050030695,inf,7.94539737701416,nan,10.5520760209929,inf,7.714906692504883,nan,10.89526196398947,inf,8.547710418701172,nan,13.095724935015824,inf,10.37744426727295,nan,31.972318636006094,inf,8.606532096862793,nan,2.846409923015017,inf,7.824607849121094,nan,10.407875223005249,inf,7.914245128631592,nan,10.453262313078085,inf,7.771261692047119,nan,10.584963276984126,inf
548,6.4827680587768555,nan,11.8768739340303,inf,6.508313179016113,nan,10.555677745993307,inf,6.464316368103027,nan,10.898722917991108,inf,8.022106170654297,nan,13.11586006001562,inf,10.581222534179688,nan,32.024849183006154,inf,7.670482635498047,nan,2.851500657016004,inf,6.616999626159668,nan,10.411199685004249,inf,6.546748638153076,nan,10.456589515079031,inf,6.626440048217773,nan,10.588407360985002,inf
549,6.818819999694824,nan,11.880321768030626,inf,6.813598155975342,nan,10.559034988993517,inf,6.751863479614258,nan,10.902194021989999,inf,7.976799964904785,nan,13.136183658016307,inf,10.508237838745117,nan,32.07714188700629,inf,7.74257755279541,nan,2.85646628901668,inf,6.787096977233887,nan,10.414575498003614,inf,6.602825164794922,nan,10.459961548078354,inf,6.869994163513184,nan,10.591808873985428,inf
550,6.294822692871094,nan,11.883727351030757,inf,6.167726516723633,nan,10.562552062994655,inf,6.202802658081055,nan,10.905688865990669,inf,7.664933204650879,nan,13.156190432015137,inf,10.390384674072266,nan,32.12947633100703,inf,7.09297513961792,nan,2.8614473520174215,inf,6.3400163650512695,nan,10.418097072002638,inf,6.294685363769531,nan,10.463429432078556,inf,6.445352554321289,nan,10.595421839983828,inf
551,7.848464488983154,nan,11.887206185030664,inf,7.8888750076293945,nan,10.566087767994759,inf,7.866114616394043,nan,10.909275590991456,inf,8.62662410736084,nan,13.176249397014544,inf,10.543831825256348,nan,32.18178731500666,inf,8.927068710327148,nan,2.866461796016665,inf,8.01955795288086,nan,10.421490705002725,inf,7.890030860900879,nan,10.466817865077246,inf,7.905417442321777,nan,10.598842543984574,inf
552,6.08127498626709,nan,11.89069067903074,inf,5.836361885070801,nan,10.569503311995504,inf,6.034078598022461,nan,10.912789195990626,inf,7.437694072723389,nan,13.19649765401482,inf,10.30412769317627,nan,32.233739264007454,inf,7.605770111083984,nan,2.871556981015601,inf,6.0303215980529785,nan,10.42493184900377,inf,6.005322456359863,nan,10.470204419076254,inf,5.937711715698242,nan,10.602281766983651,inf
553,5.512068748474121,nan,11.894169383031112,inf,5.378177165985107,nan,10.57296105599562,inf,5.346343517303467,nan,10.916302689991426,inf,7.082265853881836,nan,13.216793612014953,inf,10.310826301574707,nan,32.291845742007354,inf,7.1272172927856445,nan,2.8780926640156395,inf,5.359587669372559,nan,10.428370052004539,inf,5.4749369621276855,nan,10.473556311077118,inf,5.47573184967041,nan,10.605679279984543,inf
554,6.033979415893555,nan,11.897572277030122,inf,6.087384223937988,nan,10.576355938994311,inf,6.002589225769043,nan,10.919792543991207,inf,7.4115214347839355,nan,13.23673977501494,inf,10.135296821594238,nan,32.34373244100607,inf,6.91410493850708,nan,2.8830148660163104,inf,5.972439289093018,nan,10.431752775004497,inf,6.057157516479492,nan,10.476917043077265,inf,6.1113481521606445,nan,10.60917139398407,inf
555,7.839477062225342,nan,11.90096805102985,inf,7.771854877471924,nan,10.579930043993954,inf,7.726494789123535,nan,10.9235401219903,inf,8.468345642089844,nan,13.256816880015322,inf,10.544377326965332,nan,32.40368372200646,inf,8.426738739013672,nan,2.888953632016637,inf,7.737770080566406,nan,10.435263850004048,inf,7.793046951293945,nan,10.480381747078354,inf,7.776812553405762,nan,10.61278354998285,inf
556,7.281685829162598,nan,11.904866751030568,inf,7.237597465515137,nan,10.583378777993858,inf,7.170263767242432,nan,10.927059566991375,inf,7.975180625915527,nan,13.27687055401475,inf,10.552887916564941,nan,32.459702263005966,inf,8.783576965332031,nan,2.895046950015967,inf,7.358257293701172,nan,10.43915723900318,inf,7.226164817810059,nan,10.483803660079502,inf,7.147921562194824,nan,10.616370714982622,inf
557,7.183923721313477,nan,11.908342085031109,inf,7.282095909118652,nan,10.58694456399462,inf,7.199130535125732,nan,10.930526570991788,inf,8.08712387084961,nan,13.30025966001449,inf,10.255487442016602,nan,32.51313308200588,inf,8.130510330200195,nan,2.9011017470147635,inf,7.313478469848633,nan,10.44255138200242,inf,7.109875679016113,nan,10.487146582079731,inf,7.190239429473877,nan,10.61975073798203,inf
558,6.574512481689453,nan,11.91173240803073,inf,6.507846832275391,nan,10.590449708994129,inf,6.448087692260742,nan,10.933956474991646,inf,7.942137718200684,nan,13.32267308401424,inf,10.394067764282227,nan,32.5695713680052,inf,7.608920097351074,nan,2.9071576240148715,inf,6.443964004516602,nan,10.446004786002959,inf,6.49659538269043,nan,10.490543075078676,inf,6.512762546539307,nan,10.623185941982229,inf
559,6.812923431396484,nan,11.915190301031544,inf,6.909130573272705,nan,10.594003543994404,inf,7.009679317474365,nan,10.937383038992266,inf,8.112578392028809,nan,13.342599787014478,inf,10.378280639648438,nan,32.622395838005104,inf,8.059314727783203,nan,2.912218568015305,inf,7.151082992553711,nan,10.449863195002763,inf,6.899192810058594,nan,10.494193552080105,inf,7.0109968185424805,nan,10.626898828981211,inf
560,7.153698921203613,nan,11.91879105703083,inf,7.160149097442627,nan,10.597586989995762,inf,7.162962913513184,nan,10.941096886992455,inf,7.962003231048584,nan,13.36272403201474,inf,10.348499298095703,nan,32.6736230980041,inf,8.042703628540039,nan,2.91715548101638,inf,6.975437641143799,nan,10.453352449001613,inf,6.957931041717529,nan,10.497651136080094,inf,6.922095775604248,nan,10.630372212979637,inf
561,7.762480735778809,nan,11.922309492030763,inf,7.613959312438965,nan,10.601021032996869,inf,7.586730003356934,nan,10.944680411992522,inf,8.693011283874512,nan,13.386872238015712,inf,10.234001159667969,nan,32.72488666800382,inf,8.165456771850586,nan,2.9220222730164096,inf,7.843648910522461,nan,10.456820353001604,inf,7.764512062072754,nan,10.50107024907993,inf,7.851108551025391,nan,10.633823256979667,inf
562,6.317409515380859,nan,11.92584023703057,inf,6.207425117492676,nan,10.604478736995588,inf,6.200237274169922,nan,10.948227296992627,inf,7.424825668334961,nan,13.409096820014383,inf,10.354534149169922,nan,32.77839621800376,inf,7.214879989624023,nan,2.926871215016945,inf,6.25673770904541,nan,10.460187616001349,inf,6.234452724456787,nan,10.504434162079633,inf,6.234538555145264,nan,10.637222929981363,inf
563,7.870627403259277,nan,11.929242420030278,inf,7.745912551879883,nan,10.608061581995571,inf,7.935161590576172,nan,10.951694020992363,inf,8.643531799316406,nan,13.428923252013192,inf,10.608895301818848,nan,32.82926850400327,inf,8.83554458618164,nan,2.931773027017698,inf,7.849961757659912,nan,10.463749812002789,inf,7.77477502822876,nan,10.507932186079415,inf,7.817296981811523,nan,10.64072827398013,inf
564,7.817378997802734,nan,11.93280608502937,inf,7.859763145446777,nan,10.611554085995522,inf,7.78715705871582,nan,10.95527982699241,inf,8.254510879516602,nan,13.450182221013165,inf,10.296853065490723,nan,32.8840633000018,inf,8.73529052734375,nan,2.9371554360186565,inf,7.842617988586426,nan,10.467183475002457,inf,7.7695770263671875,nan,10.511321029078317,inf,7.770981788635254,nan,10.644304659979753,inf
565,6.942761421203613,nan,11.936277089029318,inf,6.90988826751709,nan,10.615110311995522,inf,6.959139823913574,nan,10.958771430992783,inf,7.790266990661621,nan,13.47140948001288,inf,10.523540496826172,nan,32.938998617000834,inf,7.556687355041504,nan,2.942464944018866,inf,6.942929744720459,nan,10.470680409001943,inf,7.025922775268555,nan,10.51477494307801,inf,6.895528793334961,nan,10.647774933979235,inf
566,7.443575859069824,nan,11.939808104028998,inf,7.447952747344971,nan,10.618545785995593,inf,7.400905609130859,nan,10.96233541599213,inf,8.547307968139648,nan,13.491358593011682,inf,10.559772491455078,nan,32.99082347500007,inf,8.436201095581055,nan,2.9473562860202946,inf,7.42662239074707,nan,10.474062152001352,inf,7.418913841247559,nan,10.518123816076695,inf,7.447300910949707,nan,10.651174036978773,inf
567,5.704101085662842,nan,11.94320437702845,inf,5.426025867462158,nan,10.622060709994912,inf,5.450580596923828,nan,10.965813349992459,inf,7.540611267089844,nan,13.511300926011245,inf,10.46725082397461,nan,33.04265909300011,inf,7.264420032501221,nan,2.952293789019677,inf,5.554318904876709,nan,10.477470945001187,inf,5.533266067504883,nan,10.5214906580768,inf,5.571130752563477,nan,10.65467114097919,inf
568,5.840717315673828,nan,11.946727702028511,inf,5.936271667480469,nan,10.625496212995131,inf,6.1267008781433105,nan,10.969333093991736,inf,7.277324199676514,nan,13.531061037010659,inf,10.232673645019531,nan,33.09420001699982,inf,7.305996417999268,nan,2.9571585910198337,inf,5.918920516967773,nan,10.480910759000835,inf,5.8618950843811035,nan,10.524912011076594,inf,5.920190811157227,nan,10.658125204980024,inf
569,7.049972057342529,nan,11.950237556029606,inf,6.961722373962402,nan,10.628908705995855,inf,6.7846198081970215,nan,10.972871198990106,inf,8.092738151550293,nan,13.552103724010522,inf,10.30799674987793,nan,33.146203846999924,inf,8.306785583496094,nan,2.9620420730188926,inf,6.940341949462891,nan,10.48476884900083,inf,7.009437561035156,nan,10.528285434076679,inf,6.838937759399414,nan,10.661544707978464,inf
570,5.819446563720703,nan,11.953662359028385,inf,5.831241607666016,nan,10.632518181995692,inf,5.737643241882324,nan,10.976348662990858,inf,7.021450519561768,nan,13.571709363010086,inf,10.116534233093262,nan,33.19708788199932,inf,6.50892448425293,nan,2.966885755020485,inf,5.722984790802002,nan,10.488217342001008,inf,5.673378944396973,nan,10.531705248076833,inf,5.682146072387695,nan,10.6649963009786,inf
571,7.3910369873046875,nan,11.957092332027969,inf,7.438967227935791,nan,10.63607617699563,inf,7.4186811447143555,nan,10.979821076989538,inf,8.060921669006348,nan,13.596056872011104,inf,10.246633529663086,nan,33.25001870400047,inf,8.412460327148438,nan,2.971754337020684,inf,7.487357139587402,nan,10.491566985001555,inf,7.489098072052002,nan,10.535044900077992,inf,7.491384983062744,nan,10.668355312978747,inf
572,6.369784355163574,nan,11.96100244102854,inf,6.534210205078125,nan,10.639719912996952,inf,6.426764488220215,nan,10.983297620989106,inf,7.301087379455566,nan,13.616168928012485,inf,10.37724494934082,nan,33.30289710499892,inf,7.534026145935059,nan,2.9773283980212,inf,6.521416187286377,nan,10.495153050000226,inf,6.500438213348389,nan,10.538811568078017,inf,6.465193748474121,nan,10.671854067979439,inf
573,7.384516716003418,nan,11.964556726028604,inf,7.283204078674316,nan,10.643241877996843,inf,7.28946590423584,nan,10.986908166989451,inf,8.247699737548828,nan,13.635893178012338,inf,10.657815933227539,nan,33.35517871799857,inf,8.298171997070312,nan,2.982324211021478,inf,7.3441877365112305,nan,10.498541192999255,inf,7.264009475708008,nan,10.542162261079284,inf,7.583134651184082,nan,10.675345111980278,inf
574,5.845818996429443,nan,11.967930029028139,inf,5.7215576171875,nan,10.646717981997426,inf,5.7790937423706055,nan,10.990438571989216,inf,7.170888900756836,nan,13.656436948012924,inf,10.435795783996582,nan,33.40682491299776,inf,7.186532974243164,nan,2.9874225960211334,inf,5.79709005355835,nan,10.501932605999173,inf,5.741991996765137,nan,10.545539064078184,inf,5.8816704750061035,nan,10.6788512059793,inf
575,6.262250900268555,nan,11.97141865402773,inf,6.289348602294922,nan,10.650122174998614,inf,6.4072346687316895,nan,10.994025066989707,inf,7.785281658172607,nan,13.676591974011899,inf,10.506455421447754,nan,33.458926643997984,inf,7.83459997177124,nan,2.9923378490202595,inf,6.368717193603516,nan,10.505290708999382,inf,6.3739166259765625,nan,10.54889157607795,inf,6.517467021942139,nan,10.68233083997984,inf
576,6.197331428527832,nan,11.974878578028438,inf,6.193718910217285,nan,10.653519187999336,inf,6.226715087890625,nan,10.997525341988876,inf,7.525475025177002,nan,13.696411125010854,inf,10.294132232666016,nan,33.51155132199892,inf,7.036686420440674,nan,2.9972682510215236,inf,6.263818264007568,nan,10.508718812998268,inf,6.158886432647705,nan,10.552272819079008,inf,6.171368598937988,nan,10.685785563979152,inf
577,7.566629886627197,nan,11.978330151028786,inf,7.586115837097168,nan,10.657127742999364,inf,7.719379901885986,nan,11.001053726988175,inf,8.418730735778809,nan,13.716632472011042,inf,10.293006896972656,nan,33.565288664000036,inf,8.679899215698242,nan,3.0023139450222516,inf,7.642892837524414,nan,10.512458790997698,inf,7.592772006988525,nan,10.555865734078907,inf,7.597991466522217,nan,10.689588391980578,inf
578,7.192174911499023,nan,11.981909367028493,inf,7.21801233291626,nan,10.660778589000984,inf,7.220940113067627,nan,11.004778793989317,inf,8.075626373291016,nan,13.736905329011279,inf,10.31199836730957,nan,33.61805584300055,inf,8.210204124450684,nan,3.0074508410234557,inf,7.132437705993652,nan,10.515893623998636,inf,6.980985164642334,nan,10.559263927079883,inf,7.197783470153809,nan,10.693159846980052,inf
579,6.797563552856445,nan,11.985337371028436,inf,6.816006660461426,nan,10.664267703001315,inf,7.004728317260742,nan,11.008278697989226,inf,8.133197784423828,nan,13.756925913010491,inf,10.499129295349121,nan,33.67154712100091,inf,8.212922096252441,nan,3.0126029360235407,inf,7.20652437210083,nan,10.519380527999601,inf,6.914802551269531,nan,10.562710991080166,inf,7.038130760192871,nan,10.69662505098131,inf
580,7.306803226470947,nan,11.988801914028954,inf,7.302738189697266,nan,10.667836659000386,inf,7.259850978851318,nan,11.011784892989454,inf,8.3987455368042,nan,13.777372003009077,inf,10.763252258300781,nan,33.72476819700205,inf,8.382589340209961,nan,3.0175209880235343,inf,7.289725303649902,nan,10.522764551000364,inf,7.3553290367126465,nan,10.566070354079784,inf,7.446098804473877,nan,10.700170635982431,inf
581,5.695547103881836,nan,11.992309769027997,inf,5.4679059982299805,nan,10.671254001999841,inf,5.66056489944458,nan,11.015282016989659,inf,6.871537208557129,nan,13.797509808009636,inf,10.092063903808594,nan,33.77758721700229,inf,6.220339775085449,nan,3.0232539910230116,inf,5.688761234283447,nan,10.526382497000668,inf,5.644897937774658,nan,10.569571608079059,inf,5.556061267852783,nan,10.703831511982571,inf
582,6.640810966491699,nan,11.996640294028111,inf,6.61447811126709,nan,10.67494970899861,inf,6.717162132263184,nan,11.019187606989362,inf,7.566488265991211,nan,13.821058457009713,inf,10.624872207641602,nan,33.83303701100158,inf,7.195171356201172,nan,3.029009694022534,inf,6.4089531898498535,nan,10.529785630000333,inf,6.678016662597656,nan,10.572926071079564,inf,6.708654403686523,nan,10.70723694498156,inf
583,7.837139129638672,nan,12.000024747028874,inf,7.753199100494385,nan,10.678487113998926,inf,7.8403730392456055,nan,11.022669750989735,inf,8.408296585083008,nan,13.843526332009787,inf,10.676250457763672,nan,33.890329158000895,inf,8.819500923156738,nan,3.034176400022261,inf,7.942251205444336,nan,10.533166052000524,inf,7.834674835205078,nan,10.576299503080008,inf,7.879290580749512,nan,10.710662697982116,inf
584,7.772275924682617,nan,12.00347518102717,inf,7.740184307098389,nan,10.681893956998465,inf,7.749472141265869,nan,11.026141384989387,inf,8.230981826782227,nan,13.86326793300941,inf,10.466757774353027,nan,33.942478570001185,inf,8.574681282043457,nan,3.0393348760226218,inf,7.883327484130859,nan,10.53668894600196,inf,7.831388473510742,nan,10.579732046080608,inf,7.82296085357666,nan,10.71411862198147,inf
585,6.926321983337402,nan,12.00696825502746,inf,6.7427496910095215,nan,10.685352300999511,inf,6.846344947814941,nan,11.02967391898892,inf,7.852880954742432,nan,13.883135095009493,inf,10.31428050994873,nan,33.99431619800089,inf,7.609513282775879,nan,3.0443517900221195,inf,7.001679420471191,nan,10.540339032000702,inf,6.952970504760742,nan,10.58329613208116,inf,6.905717372894287,nan,10.717670736979926,inf
586,7.165894985198975,nan,12.010579311026959,inf,7.324007511138916,nan,10.68887737499972,inf,7.430619716644287,nan,11.03329732498969,inf,8.212316513061523,nan,13.90331069101012,inf,10.31462574005127,nan,34.046349709000424,inf,8.837196350097656,nan,3.0493065230220964,inf,7.533608436584473,nan,10.543837495999469,inf,7.354015350341797,nan,10.586734516080469,inf,7.387646675109863,nan,10.721132160979323,inf
587,6.475050926208496,nan,12.014082925026742,inf,6.391543865203857,nan,10.692356999999902,inf,6.353090286254883,nan,11.036843759988187,inf,7.591315746307373,nan,13.923467776010511,inf,10.221359252929688,nan,34.098712303000866,inf,7.163042068481445,nan,3.0541917550217477,inf,6.430434703826904,nan,10.54730156000005,inf,6.427491188049316,nan,10.590138749079415,inf,6.348075866699219,nan,10.724553103978906,inf
588,6.364555835723877,nan,12.01752450902677,inf,6.235828399658203,nan,10.69595398599995,inf,6.438267707824707,nan,11.040341413989154,inf,7.930500030517578,nan,13.943307257011838,inf,10.348134994506836,nan,34.15047185000003,inf,8.21065616607666,nan,3.05914728802054,inf,6.403830528259277,nan,10.550801633999072,inf,6.328022480010986,nan,10.593591452079636,inf,6.525506973266602,nan,10.728134378978211,inf
589,7.184116840362549,nan,12.021074834026876,inf,7.214001178741455,nan,10.699427959998502,inf,7.292007923126221,nan,11.043945329987764,inf,8.044011116027832,nan,13.96340578201125,inf,10.50114631652832,nan,34.202144054999735,inf,8.142852783203125,nan,3.06410967102056,inf,7.261696815490723,nan,10.554176136998649,inf,7.242575168609619,nan,10.596953875079635,inf,7.1771674156188965,nan,10.731540091977877,inf
590,6.420587539672852,nan,12.02447182702781,inf,6.381882667541504,nan,10.70301566499802,inf,6.399392127990723,nan,11.047475144987402,inf,7.667390823364258,nan,13.983727650011133,inf,10.508455276489258,nan,34.25659146600083,inf,7.722633361816406,nan,3.069264086021576,inf,6.606588363647461,nan,10.557746372998736,inf,6.39254093170166,nan,10.600460380079312,inf,6.608973979949951,nan,10.735063295978762,inf
591,6.541436672210693,nan,12.028433047027647,inf,6.583625793457031,nan,10.707056645998819,inf,6.599957466125488,nan,11.051253253988762,inf,7.429636478424072,nan,14.007662993011763,inf,10.253393173217773,nan,34.30863530699935,inf,7.763268947601318,nan,3.074310730020443,inf,6.461605072021484,nan,10.561112204997698,inf,6.532668590545654,nan,10.603813992078358,inf,6.446609020233154,nan,10.73846841898012,inf
592,7.574419975280762,nan,12.03185484102687,inf,7.6011128425598145,nan,10.710429708999072,inf,7.6710028648376465,nan,11.054694226988431,inf,8.280242919921875,nan,14.027896840010726,inf,10.491608619689941,nan,34.360680267000134,inf,8.642573356628418,nan,3.0792332330202044,inf,7.638454914093018,nan,10.56454434799889,inf,7.601010322570801,nan,10.607216195077854,inf,7.757916450500488,nan,10.741928142981124,inf
593,5.828091621398926,nan,12.035296134026794,inf,5.83677339553833,nan,10.713987043998713,inf,5.882424354553223,nan,11.05816640098783,inf,7.195632457733154,nan,14.047877644010441,inf,10.248303413391113,nan,34.41270087700104,inf,6.8543701171875,nan,3.0841805760210264,inf,5.762247562408447,nan,10.567965280999488,inf,5.7847514152526855,nan,10.610601118078193,inf,5.919702529907227,nan,10.745358456981194,inf
594,6.546535968780518,nan,12.038763138027207,inf,6.3991899490356445,nan,10.717415086999608,inf,6.541930198669434,nan,11.061676444987825,inf,7.667598247528076,nan,14.068024980009795,inf,10.204450607299805,nan,34.464482744000634,inf,7.795714378356934,nan,3.0890793680209754,inf,6.450775146484375,nan,10.571377533999112,inf,6.436583518981934,nan,10.613978291079547,inf,6.439181804656982,nan,10.748905531982018,inf
595,6.356217861175537,nan,12.042279753028197,inf,6.2939605712890625,nan,10.72082907100048,inf,6.2347307205200195,nan,11.065217179986576,inf,7.624876022338867,nan,14.088712333010335,inf,10.505315780639648,nan,34.516283431001284,inf,7.355745792388916,nan,3.0939390690218715,inf,6.505673885345459,nan,10.574887317998218,inf,6.317472457885742,nan,10.617414285079576,inf,6.3651957511901855,nan,10.752339124981518,inf
596,7.299746513366699,nan,12.045745097027975,inf,7.079089641571045,nan,10.724245375000464,inf,7.139191150665283,nan,11.068734114986,inf,7.695635795593262,nan,14.1087280770098,inf,10.335287094116211,nan,34.567991367001014,inf,8.284427642822266,nan,3.0989044720208767,inf,7.049152374267578,nan,10.578278461998707,inf,7.161548137664795,nan,10.6208035680811,inf,6.959527969360352,nan,10.755866519981282,inf
597,5.976702690124512,nan,12.049136200028443,inf,5.912880897521973,nan,10.727697569000156,inf,5.869274139404297,nan,11.072217498985992,inf,7.586117267608643,nan,14.129335848010669,inf,10.388206481933594,nan,34.619843225002114,inf,7.369381904602051,nan,3.1040046470225207,inf,6.149293899536133,nan,10.581682024998372,inf,6.021906852722168,nan,10.62415128108114,inf,6.039745330810547,nan,10.759268972980863,inf
598,7.320898056030273,nan,12.05254802402851,inf,7.436721324920654,nan,10.731328285000927,inf,7.5113348960876465,nan,11.075753503986562,inf,8.220306396484375,nan,14.149958310010334,inf,10.354463577270508,nan,34.67254191300162,inf,8.073040008544922,nan,3.1090018510221853,inf,7.395549297332764,nan,10.585094777999984,inf,7.3285322189331055,nan,10.627521284081013,inf,7.4005327224731445,nan,10.762826517981011,inf
599,7.088865280151367,nan,12.055974918028369,inf,7.114622116088867,nan,10.734833969001556,inf,7.03308629989624,nan,11.079393809986868,inf,8.031728744506836,nan,14.170310508010516,inf,10.408849716186523,nan,34.72482795600081,inf,8.051494598388672,nan,3.1140514260223426,inf,7.102932453155518,nan,10.588706913000351,inf,7.0775299072265625,nan,10.63102334908217,inf,7.084756851196289,nan,10.766493343980983,inf
600,6.373981475830078,6.429141998291016,12.059491363028428,inf,6.275180339813232,6.296960830688477,10.738351764000981,inf,6.424659729003906,7.626129150390625,11.08285500398597,inf,7.5474443435668945,7.789170265197754,14.18697702001009,inf,10.336568832397461,10.643453598022461,34.77629734900074,inf,7.295823574066162,9.030137062072754,3.119019689022025,inf,6.357867240905762,5.959616661071777,10.592314588999216,inf,6.315424919128418,7.868276119232178,10.63453838408168,inf,6.342771053314209,6.730739116668701,10.769988088981336,inf
601,7.163393020629883,nan,12.063002017028339,inf,7.189000129699707,nan,10.741883878999943,inf,7.208702564239502,nan,11.08904717198493,inf,8.258697509765625,nan,14.205989272009901,inf,10.431057929992676,nan,34.827631811000174,inf,8.545982360839844,nan,3.1240349930230877,inf,7.252490043640137,nan,10.595938854998167,inf,7.249228477478027,nan,10.638084269081446,inf,7.317314147949219,nan,10.773702205980953,inf
602,7.249963760375977,nan,12.066508241028714,inf,7.2733001708984375,nan,10.745692357000735,inf,7.2586140632629395,nan,11.09250941598475,inf,8.107649803161621,nan,14.225806583010126,inf,10.328149795532227,nan,34.8783192840001,inf,8.108521461486816,nan,3.1289287350227823,inf,7.257203102111816,nan,10.599389788998451,inf,7.288503646850586,nan,10.64150980208251,inf,7.415549278259277,nan,10.77730019198134,inf
603,6.966609001159668,nan,12.069912504028252,inf,6.953707695007324,nan,10.749154291001105,inf,6.941710472106934,nan,11.095993739985715,inf,7.909618377685547,nan,14.245999399010543,inf,10.412975311279297,nan,34.93272275500021,inf,7.850452423095703,nan,3.13417897202271,inf,7.105386734008789,nan,10.60287443299785,inf,7.038917064666748,nan,10.644939176083426,inf,7.217047691345215,nan,10.780867367982864,inf
604,7.676957130432129,nan,12.073347108029338,inf,7.631004333496094,nan,10.752662595001311,inf,7.707515716552734,nan,11.099639145984838,inf,8.564338684082031,nan,14.266972626010102,inf,10.52010440826416,nan,34.9876559430013,inf,8.900556564331055,nan,3.13947893902332,inf,7.800860404968262,nan,10.606303926997498,inf,7.790346622467041,nan,10.648329519084655,inf,7.786425590515137,nan,10.78441869298149,inf
605,6.591318130493164,nan,12.076762542030337,inf,6.51371955871582,nan,10.756163649000882,inf,6.417081832885742,nan,11.10318379198361,inf,7.768089294433594,nan,14.288098994009488,inf,10.543060302734375,nan,35.04078981699968,inf,7.756685256958008,nan,3.1444479420224525,inf,6.3982834815979,nan,10.609771660996557,inf,6.324584007263184,nan,10.651815153085408,inf,6.480869770050049,nan,10.787884416980887,inf
606,6.451168060302734,nan,12.08027204703103,inf,6.5015153884887695,nan,10.75962044300104,inf,6.358451843261719,nan,11.1067300669838,inf,7.282869815826416,nan,14.307755234010983,inf,10.247380256652832,nan,35.09162242199818,inf,7.533756732940674,nan,3.14926192402163,inf,6.32374906539917,nan,10.613179393996688,inf,6.257411003112793,nan,10.655192196085409,inf,6.2378644943237305,nan,10.791288919979706,inf
607,6.296574592590332,nan,12.083714700031123,inf,6.148244857788086,nan,10.76323295900147,inf,6.261358261108398,nan,11.110208480984511,inf,7.790924072265625,nan,14.327536665010484,inf,10.378684997558594,nan,35.14731855899845,inf,7.902575969696045,nan,3.154601412021293,inf,6.403964042663574,nan,10.616820469997037,inf,6.366312026977539,nan,10.658570209085156,inf,6.277366638183594,nan,10.79470590297933,inf
608,6.204768657684326,nan,12.087163764030265,inf,6.051793575286865,nan,10.766619952000838,inf,6.057024002075195,nan,11.113786225983858,inf,7.402020454406738,nan,14.349109239010431,inf,10.465326309204102,nan,35.20178674999988,inf,7.194229602813721,nan,3.159928729020976,inf,6.325599193572998,nan,10.620331643998725,inf,6.144062042236328,nan,10.662035413084595,inf,6.156521320343018,nan,10.798348779979278,inf
609,5.875326633453369,nan,12.090645129030236,inf,5.886189937591553,nan,10.770202957000947,inf,5.974010467529297,nan,11.117213148983865,inf,7.122658729553223,nan,14.369544568009587,inf,10.304445266723633,nan,35.25249166299909,inf,7.340409755706787,nan,3.1648463110213925,inf,5.851921081542969,nan,10.623741386998518,inf,6.000298023223877,nan,10.665428406084175,inf,5.979574203491211,nan,10.801998985978571,inf
610,6.217316150665283,nan,12.094068853029967,inf,6.1136345863342285,nan,10.773751742000968,inf,6.052424430847168,nan,11.120669632984573,inf,7.348041534423828,nan,14.389512032010316,inf,10.365561485290527,nan,35.3037932139996,inf,7.379332542419434,nan,3.169761464019757,inf,6.2088751792907715,nan,10.627111348998369,inf,6.168055534362793,nan,10.66874922808529,inf,6.132482528686523,nan,10.80551192997882,inf
611,6.9751081466674805,nan,12.097415656029625,inf,7.071877479553223,nan,10.777228596001805,inf,7.091590881347656,nan,11.124069705983857,inf,8.017793655395508,nan,14.409539616010079,inf,10.403640747070312,nan,35.35458746800032,inf,8.399961471557617,nan,3.1746505860210164,inf,7.285806655883789,nan,10.630507301999387,inf,7.145129203796387,nan,10.67211262008459,inf,7.069240570068359,nan,10.80895234397758,inf
612,6.300180435180664,nan,12.100890601028368,inf,6.22532320022583,nan,10.780674750001708,inf,6.201416969299316,nan,11.12760529098341,inf,7.274623870849609,nan,14.429239606010015,inf,10.157344818115234,nan,35.40697948300112,inf,7.046765327453613,nan,3.180043774020305,inf,6.288471221923828,nan,10.634139658001004,inf,6.199803829193115,nan,10.675651985084187,inf,6.221953392028809,nan,10.81267191097686,inf
613,7.152569770812988,nan,12.10445438602801,inf,7.116960048675537,nan,10.784264256002643,inf,7.225508213043213,nan,11.131091424984334,inf,7.9252753257751465,nan,14.45067810900946,inf,10.529029846191406,nan,35.47198530800051,inf,8.120452880859375,nan,3.186339254021732,inf,7.092617988586426,nan,10.637614532000953,inf,7.083737373352051,nan,10.679150930083779,inf,7.216495990753174,nan,10.816393657976732,inf
614,7.236253261566162,nan,12.10828663502798,inf,7.247206687927246,nan,10.787657899001715,inf,7.249016761779785,nan,11.134552978985084,inf,7.799394607543945,nan,14.47058860200923,inf,10.555280685424805,nan,35.535000838001,inf,8.122003555297852,nan,3.1927163150212436,inf,7.259263038635254,nan,10.641107986000861,inf,7.314924240112305,nan,10.682559644083085,inf,7.297163963317871,nan,10.819961043976946,inf
615,5.865117073059082,nan,12.111731999028052,inf,5.980569839477539,nan,10.791155983000863,inf,5.90704345703125,nan,11.138113743983922,inf,7.493135929107666,nan,14.494573836009295,inf,10.284257888793945,nan,35.595526607001375,inf,7.057561874389648,nan,3.1985926700217533,inf,6.1493072509765625,nan,10.644586020001952,inf,6.018631935119629,nan,10.685979957082964,inf,6.076991081237793,nan,10.823398927977905,inf
616,6.982766628265381,nan,12.115218333028679,inf,6.630746841430664,nan,10.79458662700199,inf,6.660908222198486,nan,11.141627148983389,inf,7.9197282791137695,nan,14.517292084008659,inf,10.338951110839844,nan,35.65698211700146,inf,7.909793853759766,nan,3.2035917440225603,inf,6.843738555908203,nan,10.648221826002555,inf,6.731802940368652,nan,10.689525153084105,inf,6.811234951019287,nan,10.826937082976656,inf
617,6.960333824157715,nan,12.11875887802853,inf,6.814687728881836,nan,10.798237403001622,inf,6.929326057434082,nan,11.145171593983832,inf,7.631495952606201,nan,14.537813334007296,inf,10.460111618041992,nan,35.70871167400219,inf,7.711770057678223,nan,3.2085025560227223,inf,7.025042533874512,nan,10.65166708000288,inf,6.986392021179199,nan,10.69295380708354,inf,7.04897403717041,nan,10.830596399977367,inf
618,6.192132949829102,nan,12.122205572028179,inf,6.024707794189453,nan,10.801795508001305,inf,6.183138370513916,nan,11.148776989983162,inf,7.169597625732422,nan,14.558423296006367,inf,10.541966438293457,nan,35.76047872100207,inf,6.834064483642578,nan,3.2133928080220358,inf,6.263177871704102,nan,10.65506143300263,inf,6.320780277252197,nan,10.696322760082694,inf,6.093872547149658,nan,10.834126804977132,inf
619,7.077042579650879,nan,12.125610995028183,inf,7.054947376251221,nan,10.805289422001806,inf,7.130774974822998,nan,11.152349805983249,inf,8.291715621948242,nan,14.57837558000756,inf,10.362336158752441,nan,35.812695884002096,inf,8.628807067871094,nan,3.2185481440210424,inf,7.029054641723633,nan,10.658378195003024,inf,7.206913471221924,nan,10.699648452082329,inf,7.235238075256348,nan,10.837598388978222,inf
620,7.019021034240723,nan,12.129035368026962,inf,6.96552848815918,nan,10.808920828001646,inf,6.987865447998047,nan,11.155902581982446,inf,7.9100751876831055,nan,14.598287432007055,inf,10.150131225585938,nan,35.865275981001105,inf,8.004191398620605,nan,3.2234267560215812,inf,7.044766426086426,nan,10.661766098002772,inf,6.875244140625,nan,10.703054636082015,inf,7.001044273376465,nan,10.841031971978737,inf
621,7.308889389038086,nan,12.132517892026954,inf,7.327237606048584,nan,10.812322912001036,inf,7.405890941619873,nan,11.159443096983523,inf,7.4884867668151855,nan,14.618659701007346,inf,10.365053176879883,nan,35.917504144001214,inf,7.382437705993652,nan,3.2284135490208428,inf,7.26615571975708,nan,10.665185442003349,inf,7.2651472091674805,nan,10.706456130083097,inf,7.21884822845459,nan,10.8444501449776,inf
622,7.504400253295898,nan,12.135954006027532,inf,7.456000328063965,nan,10.815966227999525,inf,7.494395732879639,nan,11.162941341983242,inf,8.333250999450684,nan,14.638666954007931,inf,10.383298873901367,nan,35.969258671000716,inf,8.88201904296875,nan,3.2333713910211372,inf,7.606944561004639,nan,10.668563765002546,inf,7.425171852111816,nan,10.709828022083457,inf,7.368410587310791,nan,10.847947529977318,inf
623,6.2922468185424805,nan,12.139395400028661,inf,6.231322765350342,nan,10.819386710998515,inf,6.28826904296875,nan,11.166453205983998,inf,7.389555931091309,nan,14.659064542009219,inf,10.275272369384766,nan,36.02062106300036,inf,7.252493858337402,nan,3.23845129502115,inf,6.279025077819824,nan,10.671959078003056,inf,6.415736675262451,nan,10.71319309408318,inf,6.332729339599609,nan,10.851523944977089,inf
624,7.333925724029541,nan,12.14283526402869,inf,7.319696426391602,nan,10.82291322599849,inf,7.232699394226074,nan,11.169920139984242,inf,7.855912685394287,nan,14.679061336009909,inf,10.332380294799805,nan,36.07259344299928,inf,8.125690460205078,nan,3.2434509080212592,inf,7.211188316345215,nan,10.675396572003592,inf,7.188020706176758,nan,10.716596828082402,inf,7.208755016326904,nan,10.854958537976927,inf
625,6.7187724113464355,nan,12.14624528702916,inf,6.91832971572876,nan,10.826493111999298,inf,6.783444881439209,nan,11.173398554983578,inf,8.102975845336914,nan,14.69987250100894,inf,10.245080947875977,nan,36.125649165998766,inf,8.384230613708496,nan,3.248426181020477,inf,6.84846305847168,nan,10.67892700700395,inf,6.713390350341797,nan,10.720078642083536,inf,6.839042663574219,nan,10.858460792976985,inf
626,6.418004512786865,nan,12.149759792029727,inf,6.4772186279296875,nan,10.83013463899988,inf,6.438823223114014,nan,11.176947570984339,inf,7.498542785644531,nan,14.720125628009555,inf,10.375494003295898,nan,36.17667043399888,inf,7.231044769287109,nan,3.253386284020962,inf,6.4460248947143555,nan,10.682274109003629,inf,6.540424823760986,nan,10.723431755082856,inf,6.5271759033203125,nan,10.861851375975675,inf
627,6.8078789710998535,nan,12.153186305029521,inf,6.519006729125977,nan,10.83376654499989,inf,6.865598678588867,nan,11.180448534983952,inf,7.902741432189941,nan,14.74051574700934,inf,10.58951187133789,nan,36.2286529139983,inf,8.21008586883545,nan,3.2586061300207803,inf,6.831045150756836,nan,10.687075790003291,inf,6.850921154022217,nan,10.728024724083298,inf,6.769479274749756,nan,10.866419273974316,inf
628,6.54056453704834,nan,12.157502030029718,inf,6.550631046295166,nan,10.837264599000264,inf,6.485846519470215,nan,11.184080810984597,inf,7.1653594970703125,nan,14.76065371300865,inf,10.418680191040039,nan,36.28127261199916,inf,7.175131797790527,nan,3.263511383020159,inf,6.545730113983154,nan,10.690559784003199,inf,6.581552505493164,nan,10.731459348084172,inf,6.670138359069824,nan,10.87009056097304,inf
629,6.983552932739258,nan,12.160981424030979,inf,6.7838006019592285,nan,10.84081609399982,inf,6.889787197113037,nan,11.187579444984294,inf,8.28958511352539,nan,14.781032871009302,inf,10.539600372314453,nan,36.333306471999094,inf,8.546182632446289,nan,3.268514507019063,inf,7.072636127471924,nan,10.694019098003992,inf,6.934470176696777,nan,10.73491739108249,inf,6.8624186515808105,nan,10.873653906974141,inf
630,5.656683444976807,nan,12.164514809030152,inf,5.780973434448242,nan,10.844287788000656,inf,5.66765022277832,nan,11.191160330983621,inf,7.05106782913208,nan,14.802686366008857,inf,10.161337852478027,nan,36.39417728499939,inf,6.503011703491211,nan,3.2740537370191305,inf,5.704794883728027,nan,10.697691544004556,inf,5.604721546173096,nan,10.738476926082512,inf,5.686524391174316,nan,10.877197381974838,inf
631,6.012823104858398,nan,12.168063515031463,inf,5.869919300079346,nan,10.847965824999847,inf,5.9945855140686035,nan,11.194663234984546,inf,7.3093953132629395,nan,14.823246317009762,inf,10.37208080291748,nan,36.44720534800035,inf,7.359426498413086,nan,3.2793503640186827,inf,5.8322038650512695,nan,10.701158148003742,inf,5.951235294342041,nan,10.741917879082393,inf,5.783221244812012,nan,10.880666655973982,inf
632,6.091427803039551,nan,12.171487749030348,inf,6.033411979675293,nan,10.851356858000145,inf,6.05213737487793,nan,11.198116407984344,inf,7.039121627807617,nan,14.844442066010743,inf,10.256990432739258,nan,36.50092165899878,inf,6.886341571807861,nan,3.284308817019337,inf,6.141277313232422,nan,10.704564661004042,inf,6.035898208618164,nan,10.745312782082692,inf,6.176736831665039,nan,10.884181790974253,inf
633,8.066295623779297,nan,12.174991954030702,inf,8.143775939941406,nan,10.854757050999979,inf,8.194246292114258,nan,11.201605811984336,inf,8.62356185913086,nan,14.864470030011944,inf,10.612665176391602,nan,36.55294022899943,inf,9.310111999511719,nan,3.28926495001906,inf,8.329877853393555,nan,10.70803086500382,inf,8.164466857910156,nan,10.748751895082023,inf,8.331961631774902,nan,10.887774436974723,inf
634,7.122988700866699,nan,12.178447658032383,inf,7.122527122497559,nan,10.858284205000018,inf,7.1573710441589355,nan,11.205162646983808,inf,7.782426834106445,nan,14.884632526011046,inf,10.317178726196289,nan,36.60567770899979,inf,8.484105110168457,nan,3.294328194018817,inf,7.217010498046875,nan,10.711564210003417,inf,7.191720485687256,nan,10.75223225908303,inf,7.05682897567749,nan,10.891373781974835,inf
635,6.724348545074463,nan,12.18194474203301,inf,6.74296236038208,nan,10.861846830999639,inf,6.832736492156982,nan,11.20886311398317,inf,8.180004119873047,nan,14.905352659010532,inf,10.730573654174805,nan,36.657083511001474,inf,8.198515892028809,nan,3.299433159019827,inf,6.769732475280762,nan,10.71497591300249,inf,6.787051200866699,nan,10.75561527208447,inf,6.746002674102783,nan,10.895103039974856,inf
636,8.013245582580566,nan,12.185686969034577,inf,8.060403823852539,nan,10.865624209000089,inf,8.205150604248047,nan,11.213001455982521,inf,8.8250093460083,nan,14.931250068009831,inf,10.627730369567871,nan,36.71193064700128,inf,8.90223503112793,nan,3.3043967920202704,inf,8.064772605895996,nan,10.718398146002073,inf,8.198419570922852,nan,10.759397110085047,inf,8.215194702148438,nan,10.899146250974809,inf
637,6.262490749359131,nan,12.189181733034275,inf,6.269936561584473,nan,10.869228704999841,inf,6.402469158172607,nan,11.21707196798343,inf,7.600543022155762,nan,14.95361799200873,inf,10.384587287902832,nan,36.774299019001774,inf,7.192947864532471,nan,3.310526020019097,inf,6.349150657653809,nan,10.722056103002615,inf,6.226489067077637,nan,10.763228629084551,inf,6.263238906860352,nan,10.902671955975165,inf
638,7.226092338562012,nan,12.193034382034966,inf,7.289306163787842,nan,10.872718508999242,inf,7.249992370605469,nan,11.220681373983098,inf,7.832111358642578,nan,14.976842857009615,inf,10.584117889404297,nan,36.83624548500302,inf,7.964394569396973,nan,3.3165272860187542,inf,7.288975715637207,nan,10.725620598002934,inf,7.1821417808532715,nan,10.766765723083154,inf,7.186812400817871,nan,10.906194690975099,inf
639,6.279259204864502,nan,12.19662152703495,inf,6.106115341186523,nan,10.876211832999616,inf,6.298985004425049,nan,11.22419801898468,inf,7.620540618896484,nan,14.996797240009982,inf,10.546642303466797,nan,36.887736188004055,inf,7.470258712768555,nan,3.321406378019674,inf,6.2699785232543945,nan,10.729067122003471,inf,6.29707670211792,nan,10.770136396084126,inf,6.289175033569336,nan,10.909610103975865,inf
640,6.9338507652282715,nan,12.200077631034219,inf,6.878106594085693,nan,10.879748597999424,inf,6.862144947052002,nan,11.227619631985363,inf,7.558548927307129,nan,15.016501470010553,inf,10.387128829956055,nan,36.939683227004934,inf,8.096656799316406,nan,3.3262480690191296,inf,6.885712623596191,nan,10.73241851500461,inf,6.976898670196533,nan,10.77345833808431,inf,6.911525726318359,nan,10.913140118977026,inf
641,6.64732551574707,nan,12.20347392403346,inf,6.630977153778076,nan,10.883220042000175,inf,6.789552688598633,nan,11.231141825985105,inf,7.338773727416992,nan,15.037122712010387,inf,10.31596565246582,nan,36.994593384004475,inf,7.615950107574463,nan,3.3316341770187137,inf,6.695733070373535,nan,10.73584477800432,inf,6.745566368103027,nan,10.776862591083045,inf,6.634078025817871,nan,10.916769904977627,inf
642,6.554810523986816,nan,12.206902728032219,inf,6.402915000915527,nan,10.886731997001334,inf,6.543359756469727,nan,11.234513497984153,inf,7.682679653167725,nan,15.05918463200942,inf,10.420719146728516,nan,37.049889005003934,inf,8.068665504455566,nan,3.336856654019357,inf,6.6718034744262695,nan,10.739366842004529,inf,6.492362022399902,nan,10.780554368084267,inf,6.307257175445557,nan,10.920461741976396,inf
643,6.203566074371338,nan,12.210403822031367,inf,6.2184224128723145,nan,10.8902268310012,inf,6.170754432678223,nan,11.238062192984216,inf,7.058485507965088,nan,15.082600559009734,inf,10.259130477905273,nan,37.104601589002414,inf,7.279733180999756,nan,3.3417538460198557,inf,6.379388809204102,nan,10.742877947004672,inf,6.296741485595703,nan,10.784033663083392,inf,6.171154022216797,nan,10.924001516976205,inf
644,6.626542568206787,nan,12.213889567030492,inf,6.714831829071045,nan,10.893846177001251,inf,6.681725025177002,nan,11.241566887983936,inf,7.701059341430664,nan,15.102458601009857,inf,10.493005752563477,nan,37.15627448500345,inf,7.506103992462158,nan,3.3468621510201046,inf,6.621438503265381,nan,10.746348421005678,inf,6.699876308441162,nan,10.78742844608496,inf,6.645339012145996,nan,10.927559391975592,inf
645,7.027151107788086,nan,12.217435972030216,inf,7.000348091125488,nan,10.897289521002676,inf,6.950698375701904,nan,11.24510450298476,inf,7.649567604064941,nan,15.123124913008724,inf,10.392204284667969,nan,37.20855164800378,inf,7.958314418792725,nan,3.351747773020179,inf,6.932594299316406,nan,10.749704134004787,inf,7.054622650146484,nan,10.790747688086412,inf,6.773331165313721,nan,10.931152947976443,inf
646,6.811652660369873,nan,12.221207010030412,inf,7.012029647827148,nan,10.900995598003647,inf,6.810037136077881,nan,11.248509645984086,inf,7.6966705322265625,nan,15.143019085007836,inf,10.376395225524902,nan,37.260836551004104,inf,7.965930938720703,nan,3.356851408019793,inf,6.94378662109375,nan,10.753097217004324,inf,6.890162467956543,nan,10.794085031087889,inf,6.977057456970215,nan,10.934701562975533,inf
647,5.477507591247559,nan,12.224607863030542,inf,5.490020751953125,nan,10.904468792003172,inf,5.357117176055908,nan,11.251921438984937,inf,6.774600982666016,nan,15.163216371007366,inf,10.368633270263672,nan,37.31335641700389,inf,6.819509029388428,nan,3.361938493020716,inf,5.442135334014893,nan,10.756766093005353,inf,5.417869567871094,nan,10.797622046087781,inf,5.535516738891602,nan,10.9384104499768,inf
648,6.429990291595459,nan,12.228138518030391,inf,6.5062689781188965,nan,10.908050237003408,inf,6.433849811553955,nan,11.255369471984523,inf,7.151700496673584,nan,15.183570469007464,inf,10.507524490356445,nan,37.36480000100346,inf,7.418583869934082,nan,3.3669313060199784,inf,6.430453300476074,nan,10.760349899004723,inf,6.439245223999023,nan,10.80113271108894,inf,6.444896221160889,nan,10.941937803978362,inf
649,6.175280570983887,nan,12.231664283030113,inf,6.080975532531738,nan,10.911654533003457,inf,6.014687538146973,nan,11.25882733598337,inf,6.848909378051758,nan,15.203388560006715,inf,10.291162490844727,nan,37.41639810500237,inf,7.252103805541992,nan,3.3718171680193336,inf,6.074641227722168,nan,10.763745293004831,inf,6.172214984893799,nan,10.804508714089025,inf,6.056788444519043,nan,10.945508339977096,inf
650,6.468797206878662,nan,12.235107357029847,inf,6.4141740798950195,nan,10.91517774800377,inf,6.408749103546143,nan,11.262206178982524,inf,7.645046234130859,nan,15.224622010005987,inf,10.146943092346191,nan,37.4707453450028,inf,7.641529560089111,nan,3.3770822750193474,inf,6.439204692840576,nan,10.767164286004117,inf,6.359613418579102,nan,10.807877866089257,inf,6.33550500869751,nan,10.948924052976508,inf
651,7.585127830505371,nan,12.238522401030423,inf,7.316856384277344,nan,10.918726113002776,inf,7.449866771697998,nan,11.265625991982233,inf,7.936767101287842,nan,15.245560935007234,inf,10.40263557434082,nan,37.525166596004055,inf,8.140058517456055,nan,3.3820647680186084,inf,7.625915050506592,nan,10.770708061003461,inf,7.412880897521973,nan,10.811374710088785,inf,7.598705768585205,nan,10.952501687977929,inf
652,6.846829414367676,nan,12.241992195031344,inf,6.9546308517456055,nan,10.922283239002354,inf,6.818991661071777,nan,11.269175986981281,inf,7.71577262878418,nan,15.265545859007034,inf,10.316898345947266,nan,37.57717169600437,inf,7.693139553070068,nan,3.387011540018648,inf,6.977358341217041,nan,10.774251796003227,inf,6.984958648681641,nan,10.814854604088396,inf,6.991847991943359,nan,10.956124033978995,inf
653,7.0747971534729,nan,12.245478089031167,inf,6.955859184265137,nan,10.925818974001231,inf,7.148214817047119,nan,11.272733361982318,inf,7.917401313781738,nan,15.28567854400535,inf,10.361804962158203,nan,37.62841224600379,inf,8.451858520507812,nan,3.3919471430181147,inf,6.9642839431762695,nan,10.777682169002219,inf,6.987691879272461,nan,10.81829120808834,inf,6.969410419464111,nan,10.959579637979914,inf
654,7.767011642456055,nan,12.248969363032302,inf,7.757468223571777,nan,10.929228996999882,inf,7.792798042297363,nan,11.276213165981972,inf,8.542222023010254,nan,15.30639455700657,inf,10.672954559326172,nan,37.67937045200415,inf,8.716477394104004,nan,3.396825615018315,inf,7.7034912109375,nan,10.781017622002764,inf,7.794533729553223,nan,10.821614060087086,inf,7.780666351318359,nan,10.962955460980083,inf
655,6.381251335144043,nan,12.252364046031289,inf,6.26682186126709,nan,10.932787572999587,inf,6.395647048950195,nan,11.279617778982356,inf,7.470471382141113,nan,15.326386271006413,inf,10.562814712524414,nan,37.73110179900323,inf,7.739719867706299,nan,3.4016787860182376,inf,6.3873820304870605,nan,10.784380175004117,inf,6.474923133850098,nan,10.82494271208816,inf,6.4105939865112305,nan,10.966508335981416,inf
656,5.252998352050781,nan,12.255722809029976,inf,5.331845283508301,nan,10.936265526997886,inf,5.328014373779297,nan,11.28298813098263,inf,6.80059814453125,nan,15.346029431006173,inf,10.166852951049805,nan,37.783268892004344,inf,6.154493808746338,nan,3.406563378017381,inf,5.406013488769531,nan,10.78783543800455,inf,5.329414367675781,nan,10.828904392088589,inf,5.499074935913086,nan,10.96996456998204,inf
657,6.645163059234619,nan,12.259223693030435,inf,6.73837947845459,nan,10.93995587399695,inf,6.7437028884887695,nan,11.286489465983323,inf,7.675760746002197,nan,15.36572565100505,inf,10.31181526184082,nan,37.83529780300523,inf,7.44802713394165,nan,3.411577061016942,inf,6.699394226074219,nan,10.791255031004766,inf,6.599740028381348,nan,10.832369916088282,inf,6.791819095611572,nan,10.973505014982948,inf
658,6.451389312744141,nan,12.262715857030344,inf,6.593763828277588,nan,10.94337532699683,inf,6.681020736694336,nan,11.290010590983002,inf,6.943239212036133,nan,15.385947348006084,inf,10.148309707641602,nan,37.886643454005025,inf,7.444683074951172,nan,3.416513884018059,inf,6.651357650756836,nan,10.794702804005283,inf,6.57272481918335,nan,10.8357533490871,inf,6.758522033691406,nan,10.976934518983398,inf
659,7.035478591918945,nan,12.26617974103101,inf,6.93218469619751,nan,10.946776209997552,inf,7.035124778747559,nan,11.293504064982699,inf,8.23745346069336,nan,15.405737159006094,inf,10.734935760498047,nan,37.937972955003715,inf,8.355732917785645,nan,3.4213970260170754,inf,7.237430095672607,nan,10.798113437005668,inf,7.092261791229248,nan,10.839135362086381,inf,7.160505771636963,nan,10.98040505298377,inf
660,6.583378791809082,nan,12.269636155031549,inf,6.422966957092285,nan,10.950147462997847,inf,6.461771488189697,nan,11.296983908981929,inf,7.446023464202881,nan,15.425669812006163,inf,10.334978103637695,nan,37.990374159004205,inf,7.1237568855285645,nan,3.426266608017613,inf,6.529660701751709,nan,10.80152201000601,inf,6.568148612976074,nan,10.842498755086126,inf,6.723590850830078,nan,10.983900186984101,inf
661,7.107132911682129,nan,12.273104219031666,inf,7.14279842376709,nan,10.953553366998676,inf,7.048744201660156,nan,11.30048913398241,inf,7.612432479858398,nan,15.445781807005915,inf,10.421035766601562,nan,38.04190356300387,inf,7.597134590148926,nan,3.4311561200174765,inf,7.224599361419678,nan,10.80506434500603,inf,7.164103984832764,nan,10.845974509085863,inf,7.255209922790527,nan,10.98756913298348,inf
662,6.670529365539551,nan,12.276580283032672,inf,6.643872261047363,nan,10.957164262998049,inf,6.772278785705566,nan,11.303982577981515,inf,7.664819717407227,nan,15.465622749006798,inf,10.447803497314453,nan,38.09405287500522,inf,7.753472328186035,nan,3.4360463220182282,inf,6.671963214874268,nan,10.808412117004991,inf,6.808434009552002,nan,10.849306681086091,inf,6.7209930419921875,nan,10.990942885982804,inf
663,6.561183929443359,nan,12.279970487032188,inf,6.793004035949707,nan,10.960537355998895,inf,6.679877281188965,nan,11.307452521981759,inf,7.728457450866699,nan,15.485652643008507,inf,10.45193099975586,nan,38.148762290005834,inf,7.510451316833496,nan,3.442149940017771,inf,6.573712348937988,nan,10.811759939004332,inf,6.841517448425293,nan,10.852655963084544,inf,6.911065101623535,nan,10.994838765982422,inf
664,7.496819972991943,nan,12.28358580303211,inf,7.412834167480469,nan,10.963909088997752,inf,7.515347480773926,nan,11.310977846980677,inf,8.251715660095215,nan,15.505531445007364,inf,10.407661437988281,nan,38.19974639800603,inf,8.583597183227539,nan,3.447148924016801,inf,7.610050678253174,nan,10.815119482003865,inf,7.568812370300293,nan,10.855991605085364,inf,7.510330677032471,nan,10.998224648981704,inf
665,7.241368293762207,nan,12.286947386031898,inf,7.2127861976623535,nan,10.967418903997896,inf,7.182049751281738,nan,11.314404889981233,inf,7.996723651885986,nan,15.525375487008205,inf,10.287748336791992,nan,38.25181968900688,inf,7.856338977813721,nan,3.4522979200155532,inf,7.26869010925293,nan,10.818639966004412,inf,7.331703186035156,nan,10.859443279085099,inf,7.287367820739746,nan,11.001842164982008,inf
666,6.296326637268066,nan,12.291090688031545,inf,6.163302421569824,nan,10.970981518996268,inf,6.097344398498535,nan,11.31825170798038,inf,7.242376327514648,nan,15.545996339007615,inf,10.322142601013184,nan,38.30353388500589,inf,7.220851421356201,nan,3.4572364920168184,inf,6.289700984954834,nan,10.82226468200497,inf,6.0391130447387695,nan,10.863008244084995,inf,6.096769332885742,nan,11.005391329981649,inf
667,6.834735870361328,nan,12.294625553031437,inf,6.756959438323975,nan,10.974475582996092,inf,6.757596015930176,nan,11.321816283980297,inf,7.311152458190918,nan,15.566004563006572,inf,10.419074058532715,nan,38.35578437800541,inf,7.389829158782959,nan,3.4622707860162336,inf,6.812162399291992,nan,10.825687696005843,inf,6.685609817504883,nan,10.86640086708394,inf,6.716989994049072,nan,11.008812542982923,inf
668,6.231850624084473,nan,12.298045786032162,inf,6.10992431640625,nan,10.97807323899724,inf,6.123512268066406,nan,11.325245317981171,inf,7.073874473571777,nan,15.586121268006536,inf,10.370817184448242,nan,38.406838516006246,inf,7.225503921508789,nan,3.4672456290154514,inf,6.3755621910095215,nan,10.829062789005548,inf,6.250820159912109,nan,10.869763319084086,inf,6.388384819030762,nan,11.01219953598411,inf
669,7.6149725914001465,nan,12.301492459033398,inf,7.651611328125,nan,10.981679704997077,inf,7.683048248291016,nan,11.328677910980332,inf,8.169957160949707,nan,15.606344614006957,inf,10.116462707519531,nan,38.45841854000719,inf,8.55231761932373,nan,3.4723480740158266,inf,7.787312984466553,nan,10.832413602005545,inf,7.690990447998047,nan,10.87309801108313,inf,7.668985843658447,nan,11.015663469983338,inf
670,6.492739200592041,nan,12.304959903032795,inf,6.666364669799805,nan,10.985095637997802,inf,6.493703365325928,nan,11.332182425980136,inf,7.37432861328125,nan,15.62630926800557,inf,10.403156280517578,nan,38.515134320008656,inf,7.588000297546387,nan,3.478436021016023,inf,6.6576738357543945,nan,10.8360750880056,inf,6.511029243469238,nan,10.876644886082431,inf,6.659149169921875,nan,11.01920244498433,inf
671,6.33328914642334,nan,12.308544718032863,inf,6.300167560577393,nan,10.988596872997732,inf,6.374361515045166,nan,11.335758310980964,inf,7.472477912902832,nan,15.646514704007132,inf,10.49897289276123,nan,38.56757020501027,inf,7.581356048583984,nan,3.4833824740162527,inf,6.3643035888671875,nan,10.83948775200588,inf,6.301173210144043,nan,10.88003395908163,inf,6.358870029449463,nan,11.02264334798383,inf
672,7.963779926300049,nan,12.311965722034074,inf,7.781396389007568,nan,10.99223051899753,inf,8.030413627624512,nan,11.339168543981941,inf,8.620187759399414,nan,15.666393236007934,inf,10.423572540283203,nan,38.61965826601045,inf,8.226707458496094,nan,3.4883549270161893,inf,8.021180152893066,nan,10.84289118500601,inf,8.030267715454102,nan,10.88341320208201,inf,7.999504089355469,nan,11.026083151984494,inf
673,7.334349632263184,nan,12.31541811603529,inf,7.266295909881592,nan,10.995830763997219,inf,7.322547912597656,nan,11.342547546983042,inf,8.033196449279785,nan,15.686606502009454,inf,10.342357635498047,nan,38.671545824010536,inf,7.921070098876953,nan,3.493435431015314,inf,7.34443473815918,nan,10.846280298006604,inf,7.404958724975586,nan,10.886779575081164,inf,7.372928619384766,nan,11.029498974985472,inf
674,6.890958309173584,nan,12.318820399035758,inf,6.893898010253906,nan,10.999448029997438,inf,6.697823524475098,nan,11.345946569983425,inf,7.410294532775879,nan,15.706405794009697,inf,10.400635719299316,nan,38.723790277010266,inf,8.109550476074219,nan,3.498463525016632,inf,7.2188286781311035,nan,10.849683261007158,inf,6.967711925506592,nan,10.890179898080532,inf,7.127124309539795,nan,11.032908157983911,inf
675,7.294615745544434,nan,12.32229504303541,inf,7.214054107666016,nan,11.002959504996397,inf,7.359766483306885,nan,11.349644376983633,inf,7.691823959350586,nan,15.726492118010356,inf,10.30700969696045,nan,38.77640211501057,inf,8.489211082458496,nan,3.503716212017025,inf,7.383901596069336,nan,10.853189695006222,inf,7.376067161560059,nan,10.893655182080693,inf,7.475722789764404,nan,11.036385701983818,inf
676,7.218018531799316,nan,12.325863828036745,inf,7.231827735900879,nan,11.00640597799611,inf,7.193445682525635,nan,11.3531772809838,inf,8.240684509277344,nan,15.746425991010256,inf,10.402278900146484,nan,38.82882650001193,inf,8.48904037475586,nan,3.5086554740173597,inf,7.419743537902832,nan,10.856620398006271,inf,7.239885330200195,nan,10.897063496080591,inf,7.321603298187256,nan,11.039829244984503,inf
677,7.191791534423828,nan,12.329336722035805,inf,7.161731719970703,nan,11.010031863996119,inf,7.11698055267334,nan,11.35665134498231,inf,8.046825408935547,nan,15.766998423010591,inf,10.31574535369873,nan,38.88148714801355,inf,8.66077995300293,nan,3.5139257100181567,inf,7.172624111175537,nan,10.860030281006402,inf,7.168889045715332,nan,10.900442489080888,inf,7.134973526000977,nan,11.043388059983045,inf
678,7.448650360107422,nan,12.332749605035133,inf,7.437020301818848,nan,11.013460616995872,inf,7.42431640625,nan,11.360121008981878,inf,8.359031677246094,nan,15.78685449501063,inf,10.465536117553711,nan,38.93406990501353,inf,8.698404312133789,nan,3.5188784330184717,inf,7.513826370239258,nan,10.863415084006192,inf,7.646660804748535,nan,10.90380326108243,inf,7.476670265197754,nan,11.046804003983198,inf
679,7.710535049438477,nan,12.336179399035245,inf,7.657425880432129,nan,11.016851419995874,inf,7.834173202514648,nan,11.363563802982753,inf,8.599074363708496,nan,15.807667619010317,inf,10.291635513305664,nan,38.986482980013534,inf,8.79636287689209,nan,3.5240584190178197,inf,7.863515853881836,nan,10.867017530006706,inf,7.7988152503967285,nan,10.907326406082575,inf,8.04263687133789,nan,11.05045105998397,inf
680,6.406252861022949,nan,12.339692203035156,inf,6.5072431564331055,nan,11.02043164499446,inf,6.469249725341797,nan,11.367184678982085,inf,7.598021030426025,nan,15.828666606010302,inf,10.225547790527344,nan,39.03853096101375,inf,7.255692481994629,nan,3.529010852018473,inf,6.526537895202637,nan,10.870371993007211,inf,6.452330589294434,nan,10.910671178082339,inf,6.47559928894043,nan,11.054024544982894,inf
681,6.398841857910156,nan,12.34307171603541,inf,6.457980632781982,nan,11.023917598993648,inf,6.411161422729492,nan,11.370796254981542,inf,7.581609725952148,nan,15.848682250010825,inf,10.553542137145996,nan,39.09499525701358,inf,7.748114109039307,nan,3.533901364018675,inf,6.4737067222595215,nan,10.873766106007679,inf,6.456008434295654,nan,10.914053201082424,inf,6.566779613494873,nan,11.057517448984072,inf
682,6.293729782104492,nan,12.346579751034369,inf,6.21796989440918,nan,11.027308101993185,inf,6.260034561157227,nan,11.374280098980307,inf,7.378255844116211,nan,15.868696144012574,inf,10.37484359741211,nan,39.14664948301288,inf,7.2650957107543945,nan,3.538869367019288,inf,6.432689189910889,nan,10.877110659006576,inf,6.236883163452148,nan,10.917396594082675,inf,6.238988399505615,nan,11.060885191984198,inf
683,6.096111297607422,nan,12.349986964034542,inf,6.106902122497559,nan,11.030895757992766,inf,6.091228008270264,nan,11.377717792980548,inf,7.296768665313721,nan,15.888659618012753,inf,10.12224006652832,nan,39.19950318401243,inf,6.91129207611084,nan,3.543797180018373,inf,6.313817024230957,nan,10.880559142007769,inf,6.362575531005859,nan,10.920821487081412,inf,6.228184700012207,nan,11.06441766698299,inf
684,7.31418514251709,nan,12.353411697034971,inf,7.439738750457764,nan,11.036654860992712,inf,7.389949321746826,nan,11.382843097981095,inf,8.058319091796875,nan,15.909008956012258,inf,10.454824447631836,nan,39.25422757801243,inf,8.68172550201416,nan,3.549091067017798,inf,7.461071491241455,nan,10.884193679008604,inf,7.485250473022461,nan,10.924379602081899,inf,7.511628150939941,nan,11.067984211982548,inf
685,7.114467144012451,nan,12.356930562034904,inf,6.954639434814453,nan,11.040238265994049,inf,7.101446628570557,nan,11.386332462981954,inf,8.020069122314453,nan,15.929087901011371,inf,10.339517593383789,nan,39.306320019011764,inf,8.299276351928711,nan,3.5541915220183,inf,7.180660247802734,nan,10.887654853007916,inf,7.075960636138916,nan,10.927796835081608,inf,7.017153739929199,nan,11.07155290798255,inf
686,6.935576438903809,nan,12.360319905035794,inf,6.806079864501953,nan,11.043722249993152,inf,7.014296054840088,nan,11.389850697982183,inf,7.5794525146484375,nan,15.949049944012586,inf,10.390478134155273,nan,39.358271458011586,inf,8.27232551574707,nan,3.559133845017641,inf,7.1284379959106445,nan,10.891047076009272,inf,7.079395294189453,nan,10.931178788081525,inf,7.2114667892456055,nan,11.0749564809812,inf
687,7.635656356811523,nan,12.363715118035543,inf,7.5793657302856445,nan,11.047307515993452,inf,7.459062099456787,nan,11.393289440982699,inf,8.28513240814209,nan,15.969369381011347,inf,10.43246841430664,nan,39.40958195901112,inf,8.396207809448242,nan,3.5642068890174414,inf,7.643100738525391,nan,10.894450810008493,inf,7.658023834228516,nan,10.934552301081567,inf,7.570132732391357,nan,11.078931310981716,inf
688,6.645554065704346,nan,12.367251543035309,inf,6.511251926422119,nan,11.050775859992427,inf,6.742516040802002,nan,11.396847335981874,inf,7.437441825866699,nan,15.99236217201178,inf,10.3380708694458,nan,39.471705788011604,inf,7.733217239379883,nan,3.5711191070167843,inf,6.72639799118042,nan,10.898902557009933,inf,6.659582614898682,nan,10.939234740080792,inf,6.748630523681641,nan,11.082824560980953,inf
689,7.240213394165039,nan,12.371201083034975,inf,7.175983905792236,nan,11.05471327999112,inf,7.240675926208496,nan,11.400872866981445,inf,7.812381744384766,nan,16.01432312101133,inf,10.48914909362793,nan,39.52704432101018,inf,7.6575493812561035,nan,3.576542546017663,inf,7.243553161621094,nan,10.90290597700914,inf,7.283674240112305,nan,10.943052959080887,inf,7.098505020141602,nan,11.086422836981,inf
690,6.691348552703857,nan,12.374727438034824,inf,6.714856147766113,nan,11.058350595991215,inf,6.795198440551758,nan,11.40441151198138,inf,7.434482574462891,nan,16.03420684401135,inf,10.219364166259766,nan,39.57976058000895,inf,7.309864521026611,nan,3.581531209018067,inf,6.629162788391113,nan,10.906384511010401,inf,6.717523097991943,nan,10.946488372081149,inf,6.716610908508301,nan,11.089931830980277,inf
691,7.1785736083984375,nan,12.378208182033632,inf,6.988464832305908,nan,11.061715928990452,inf,7.056174278259277,nan,11.407857305981452,inf,7.791385173797607,nan,16.054164067010788,inf,10.222335815429688,nan,39.63180514000851,inf,7.982664108276367,nan,3.586680635016819,inf,7.1387786865234375,nan,10.909807094009011,inf,7.014513969421387,nan,10.949885975080178,inf,7.115175247192383,nan,11.093367834981109,inf
692,6.778303146362305,nan,12.38168668603248,inf,6.571425437927246,nan,11.065076331989985,inf,6.656069755554199,nan,11.4113044299811,inf,7.056328296661377,nan,16.074359544010804,inf,10.201970100402832,nan,39.684599470008834,inf,7.31943416595459,nan,3.591698559017459,inf,6.714988708496094,nan,10.913251308007602,inf,6.758472442626953,nan,10.953312689080121,inf,6.734521389007568,nan,11.096813668982577,inf
693,6.963434219360352,nan,12.385153860032005,inf,6.909939765930176,nan,11.068611696990047,inf,6.988711357116699,nan,11.414877885979877,inf,7.581471920013428,nan,16.094469570010915,inf,10.265718460083008,nan,39.73632747700867,inf,7.646130561828613,nan,3.5967939930178545,inf,7.08242130279541,nan,10.916761513008169,inf,6.819765090942383,nan,10.956759303080617,inf,7.020883560180664,nan,11.100445755982946,inf
694,5.755709171295166,nan,12.388625804031108,inf,5.773735046386719,nan,11.072143631989093,inf,5.75706672668457,nan,11.418540911980017,inf,6.927947044372559,nan,16.115014560009513,inf,10.302422523498535,nan,39.787729129009676,inf,6.8938140869140625,nan,3.601696855017508,inf,5.898050308227539,nan,10.920143756009566,inf,5.774895668029785,nan,10.96011152508072,inf,5.702201843261719,nan,11.10385401898202,inf
695,7.239461421966553,nan,12.392037067031197,inf,6.925130844116211,nan,11.075694017989008,inf,7.132779121398926,nan,11.421996865979963,inf,7.575057029724121,nan,16.13655886300876,inf,10.279994010925293,nan,39.84107375600797,inf,7.565937042236328,nan,3.6067268590177264,inf,7.267537593841553,nan,10.924103426008514,inf,7.0662641525268555,nan,10.963587590080351,inf,7.078312397003174,nan,11.107399063983394,inf
696,6.744232654571533,nan,12.395445410031243,inf,6.722132205963135,nan,11.079178221989423,inf,6.821523666381836,nan,11.425604541980647,inf,7.720099925994873,nan,16.15693714100962,inf,10.402767181396484,nan,39.893186907009294,inf,8.192173957824707,nan,3.611716822018934,inf,6.850338935852051,nan,10.927489979008897,inf,6.577826023101807,nan,10.966975613080649,inf,6.6688032150268555,nan,11.110892447983133,inf
697,8.266658782958984,nan,12.398908084031063,inf,8.115486145019531,nan,11.082619525990594,inf,8.252789497375488,nan,11.429105286981212,inf,8.371753692626953,nan,16.17701515500812,inf,10.26911449432373,nan,39.94601976700869,inf,8.311540603637695,nan,3.616619715019624,inf,8.118782997131348,nan,10.93100577300902,inf,8.068865776062012,nan,10.970446237080978,inf,8.159847259521484,nan,11.114510972984135,inf
698,7.169373989105225,nan,12.40240967803038,inf,7.117565631866455,nan,11.086292452990165,inf,7.057919979095459,nan,11.432760133980992,inf,7.7781548500061035,nan,16.197788819006746,inf,10.47671890258789,nan,39.99760065200826,inf,8.387815475463867,nan,3.621720090019153,inf,7.206406116485596,nan,10.934439987009682,inf,7.243180274963379,nan,10.973860440080898,inf,7.202090740203857,nan,11.117968756985647,inf
699,6.599506378173828,nan,12.40588994303107,inf,6.563846588134766,nan,11.089747776990407,inf,6.600298881530762,nan,11.43628193798213,inf,7.1792192459106445,nan,16.217673781005942,inf,10.273595809936523,nan,40.05380698500812,inf,7.021671295166016,nan,3.626706773018668,inf,6.480202674865723,nan,10.937840530008543,inf,6.574679374694824,nan,10.977229363081278,inf,6.509273529052734,nan,11.121355109986325,inf
700,8.231220245361328,6.318960189819336,12.409314786031246,inf,8.07474422454834,7.486577033996582,11.093173499990371,inf,8.131181716918945,7.517326354980469,11.439692070982346,inf,8.842145919799805,8.24649429321289,16.234779298005378,inf,10.528667449951172,10.326828002929688,40.105966267008625,inf,8.74699592590332,7.726474285125732,3.6316960860185645,inf,8.016318321228027,6.793408393859863,10.941402865008058,inf,8.076515197753906,7.001101493835449,10.980702937082242,inf,8.04551887512207,6.863542079925537,11.124874594986977,inf
701,7.388551235198975,nan,12.412868221030294,inf,7.33076286315918,nan,11.09669806499005,inf,7.471705913543701,nan,11.44356043998232,inf,8.131970405578613,nan,16.256726727006026,inf,10.455406188964844,nan,40.157154757009266,inf,8.37110710144043,nan,3.6367160190184222,inf,7.274740219116211,nan,10.945390776008935,inf,7.198788642883301,nan,10.984400924082365,inf,7.22599983215332,nan,11.128719773987541,inf
702,6.8230366706848145,nan,12.416508777030685,inf,6.529775619506836,nan,11.100453012990329,inf,6.7353081703186035,nan,11.447059984982843,inf,7.684925079345703,nan,16.2766662700069,inf,10.532438278198242,nan,40.21009669900923,inf,8.014034271240234,nan,3.6419718460183503,inf,6.843477249145508,nan,10.948883980008759,inf,6.727161407470703,nan,10.9878331670825,inf,6.7318620681762695,nan,11.13215648798905,inf
703,6.640816688537598,nan,12.419949861030545,inf,6.747635841369629,nan,11.103987276990665,inf,6.5757317543029785,nan,11.450486227982765,inf,7.184032917022705,nan,16.29693291800686,inf,10.573166847229004,nan,40.26133942900924,inf,7.918582916259766,nan,3.6468701290177705,inf,6.683917999267578,nan,10.952287274008995,inf,6.8756914138793945,nan,10.991195090082329,inf,6.644333839416504,nan,11.135793203990033,inf
704,6.595461845397949,nan,12.423393155029771,inf,6.5989885330200195,nan,11.107488231991738,inf,6.584621429443359,nan,11.45390431098349,inf,7.55225944519043,nan,16.3168147900069,inf,10.525762557983398,nan,40.311940042009155,inf,7.8549957275390625,nan,3.6517539610176755,inf,6.6259765625,nan,10.955612617010047,inf,6.646895408630371,nan,10.994667714081515,inf,6.561227321624756,nan,11.13930560899098,inf
705,6.384057998657227,nan,12.42682035902908,inf,6.375407695770264,nan,11.110961405991475,inf,6.4637861251831055,nan,11.4575043569821,inf,7.3830156326293945,nan,16.33723698900576,inf,10.209802627563477,nan,40.36453914000958,inf,7.204328536987305,nan,3.6567544040171924,inf,6.524304389953613,nan,10.959236833010436,inf,6.607969284057617,nan,10.998190789081491,inf,6.452908039093018,nan,11.142959454991797,inf
706,7.100758075714111,nan,12.430322993030131,inf,6.945150375366211,nan,11.114453159991172,inf,7.12837028503418,nan,11.461119202982445,inf,8.029492378234863,nan,16.357373684006234,inf,10.480052947998047,nan,40.41478777800876,inf,8.489702224731445,nan,3.6616627460171003,inf,7.297365188598633,nan,10.962641336011075,inf,7.172336101531982,nan,11.00158358308181,inf,7.2047929763793945,nan,11.14647356999194,inf
707,6.471340179443359,nan,12.433836158028498,inf,6.401102066040039,nan,11.11786504299016,inf,6.444057464599609,nan,11.464586016982139,inf,7.279688835144043,nan,16.377180545006922,inf,10.258398056030273,nan,40.465940248010156,inf,7.2414140701293945,nan,3.6665517980163713,inf,6.47750186920166,nan,10.966071659011504,inf,6.51815128326416,nan,11.00496359508179,inf,6.495769500732422,nan,11.150034295991645,inf
708,7.35243034362793,nan,12.437245221028206,inf,7.52877950668335,nan,11.121372046989563,inf,7.518718719482422,nan,11.468144511982246,inf,8.002042770385742,nan,16.396924386006503,inf,10.292991638183594,nan,40.517153568009235,inf,8.190668106079102,nan,3.6714000390165893,inf,7.57130241394043,nan,10.969402352011457,inf,7.429920673370361,nan,11.008264307081845,inf,7.519443511962891,nan,11.153390137991664,inf
709,7.628701210021973,nan,12.440621514027953,inf,7.477787017822266,nan,11.124726058989836,inf,7.623966217041016,nan,11.471608765981728,inf,8.450469017028809,nan,16.41679458800718,inf,10.528238296508789,nan,40.56802039401009,inf,8.835143089294434,nan,3.6763169210153137,inf,7.593723297119141,nan,10.972830616012288,inf,7.687279224395752,nan,11.011623470081759,inf,7.764309883117676,nan,11.156940362991008,inf
710,6.9619245529174805,nan,12.444047357028467,inf,7.11575174331665,nan,11.128275523989942,inf,7.060914993286133,nan,11.47525041298104,inf,7.725390911102295,nan,16.436830252006985,inf,10.517663955688477,nan,40.621555843010356,inf,7.961686611175537,nan,3.6812074330155156,inf,7.160950660705566,nan,10.976271449013439,inf,7.182750225067139,nan,11.015028713081847,inf,7.135239601135254,nan,11.160384225990128,inf
711,6.696435928344727,nan,12.44749130002856,inf,6.56602144241333,nan,11.131703156988806,inf,6.79035758972168,nan,11.478713336980945,inf,7.397863864898682,nan,16.45705696900768,inf,10.213214874267578,nan,40.675454597010685,inf,7.437761306762695,nan,3.6860816350144887,inf,6.652434825897217,nan,10.979748793013641,inf,6.77207088470459,nan,11.01844024608181,inf,6.6397318840026855,nan,11.163815009989776,inf
712,6.321381092071533,nan,12.450959264027915,inf,6.2267255783081055,nan,11.135363583989601,inf,6.382579803466797,nan,11.482178690981527,inf,7.026360511779785,nan,16.478082396008176,inf,10.099821090698242,nan,40.727803691010195,inf,6.972762584686279,nan,3.6909365670144325,inf,6.528864860534668,nan,10.98311350601216,inf,6.386221408843994,nan,11.021778878082841,inf,6.432316780090332,nan,11.167187742988972,inf
713,6.801947593688965,nan,12.454364828026883,inf,6.732690811157227,nan,11.138881328988646,inf,6.7679619789123535,nan,11.485604643981787,inf,7.51705265045166,nan,16.49782574700839,inf,10.21633529663086,nan,40.77848115400957,inf,7.385425567626953,nan,3.6958372090139164,inf,6.7760443687438965,nan,10.986506219012881,inf,6.720786094665527,nan,11.02514426108246,inf,6.881973743438721,nan,11.170734427989373,inf
714,6.7133941650390625,nan,12.45779488102744,inf,6.750731945037842,nan,11.142384813987519,inf,6.852263450622559,nan,11.489016006980819,inf,7.85830545425415,nan,16.518361407008342,inf,10.594168663024902,nan,40.83212430501044,inf,7.8696699142456055,nan,3.701356089013643,inf,6.736248970031738,nan,10.990037203013344,inf,6.67297887802124,nan,11.028612865082323,inf,6.593992233276367,nan,11.174254752990237,inf
715,7.860058784484863,nan,12.46129568602737,inf,7.854843616485596,nan,11.145969148987206,inf,7.9335103034973145,nan,11.492500181981086,inf,8.240360260009766,nan,16.538718045008864,inf,10.623432159423828,nan,40.88413309500902,inf,8.960336685180664,nan,3.706324962013241,inf,7.955438613891602,nan,10.99354335701355,inf,7.8689141273498535,nan,11.032078429081594,inf,7.827772617340088,nan,11.177842768991468,inf
716,7.0064287185668945,nan,12.464765390026514,inf,6.963547706604004,nan,11.149464342986903,inf,6.945774078369141,nan,11.496038006982417,inf,7.512581825256348,nan,16.559072153009765,inf,10.35941219329834,nan,40.93591710200781,inf,7.5188446044921875,nan,3.711266225012878,inf,7.0153374671936035,nan,10.996994230014025,inf,6.861010551452637,nan,11.035490202082656,inf,6.93501091003418,nan,11.181420863989842,inf
717,6.000260353088379,nan,12.468226824026715,inf,6.0473127365112305,nan,11.152975326986052,inf,6.050074100494385,nan,11.499616992983647,inf,6.672066688537598,nan,16.578866684008972,inf,9.990577697753906,nan,40.98782618100813,inf,6.271954536437988,nan,3.7161900980136124,inf,5.878192901611328,nan,11.000336192013492,inf,6.000772476196289,nan,11.038832095082398,inf,5.905620574951172,nan,11.18479456599016,inf
718,6.949729919433594,nan,12.471651817028032,inf,6.98452091217041,nan,11.156348729986348,inf,6.995429992675781,nan,11.50308941698313,inf,8.243179321289062,nan,16.599366004009426,inf,10.574210166931152,nan,41.03994689200772,inf,8.201278686523438,nan,3.7212541220123967,inf,7.127252578735352,nan,11.003740486014067,inf,7.030017852783203,nan,11.042237028081217,inf,7.025108337402344,nan,11.188380750989381,inf
719,6.641145706176758,nan,12.475097350026772,inf,6.573099136352539,nan,11.159883514987087,inf,6.612245559692383,nan,11.506690061982226,inf,7.938161373138428,nan,16.61986422400878,inf,10.320600509643555,nan,41.09527703400636,inf,8.205273628234863,nan,3.7263441660124954,inf,6.651637554168701,nan,11.007525574013926,inf,6.554538249969482,nan,11.045881604082751,inf,6.7306389808654785,nan,11.191987446989515,inf
720,7.3641676902771,nan,12.478713696025807,inf,7.323955535888672,nan,11.163424929985922,inf,7.462839126586914,nan,11.51031189798232,inf,7.634572982788086,nan,16.640149761009525,inf,10.15774917602539,nan,41.147201663006854,inf,8.151597023010254,nan,3.731493852012136,inf,7.521930694580078,nan,11.011036638012229,inf,7.361276149749756,nan,11.049369058082448,inf,7.451760768890381,nan,11.195474351989105,inf
721,6.758726596832275,nan,12.482244491025995,inf,6.777047157287598,nan,11.166867423984513,inf,6.623579025268555,nan,11.513793641981465,inf,7.441543102264404,nan,16.660510669009454,inf,10.389423370361328,nan,41.19997364300616,inf,7.7820210456848145,nan,3.736606236012449,inf,6.841961860656738,nan,11.014498452012049,inf,6.672310829162598,nan,11.05278980208277,inf,6.821272850036621,nan,11.198920284989072,inf
722,6.290606498718262,nan,12.485721816026853,inf,6.287143230438232,nan,11.170507929984524,inf,6.351940155029297,nan,11.5172524359823,inf,7.307995319366455,nan,16.68043235201003,inf,10.27039909362793,nan,41.251650159005294,inf,7.4331374168396,nan,3.7414883780111268,inf,6.347485542297363,nan,11.017885995011966,inf,6.3065185546875,nan,11.056149074081986,inf,6.311985015869141,nan,11.202578201988217,inf
723,7.481874465942383,nan,12.489126829026645,inf,7.480744361877441,nan,11.174029274985514,inf,7.306199073791504,nan,11.520668719982496,inf,8.394365310668945,nan,16.700846061010452,inf,10.56673526763916,nan,41.304094394006825,inf,8.49299430847168,nan,3.7464498410117812,inf,7.592712879180908,nan,11.0221692890118,inf,7.461736679077148,nan,11.059796920080771,inf,7.5058488845825195,nan,11.206377779986724,inf
724,6.132619857788086,nan,12.492702874025781,inf,6.0597686767578125,nan,11.177714351986651,inf,6.169637680053711,nan,11.524228944983406,inf,7.284189224243164,nan,16.72099080701082,inf,10.255684852600098,nan,41.35589503200572,inf,7.525726318359375,nan,3.751346953011307,inf,6.247529983520508,nan,11.025564742012648,inf,6.2031402587890625,nan,11.06316882308056,inf,6.237525463104248,nan,11.20978509298584,inf
725,7.6092143058776855,nan,12.496130198027458,inf,7.531308174133301,nan,11.181264116987222,inf,7.577864646911621,nan,11.527719678982976,inf,8.239320755004883,nan,16.74073035701076,inf,10.556879043579102,nan,41.406968680004866,inf,8.62507438659668,nan,3.7562171740119084,inf,7.5037431716918945,nan,11.028993646012168,inf,7.464873313903809,nan,11.066575356080648,inf,7.571389198303223,nan,11.213333837986283,inf
726,8.3551025390625,nan,12.499579562027066,inf,8.28541088104248,nan,11.18468413098708,inf,8.170881271362305,nan,11.53127790398321,inf,8.699577331542969,nan,16.760852733010324,inf,10.715347290039062,nan,41.4589776000048,inf,8.725404739379883,nan,3.7610871660108387,inf,8.227617263793945,nan,11.03234199801227,inf,8.253408432006836,nan,11.069914528081426,inf,8.151420593261719,nan,11.216923763986415,inf
727,6.089230537414551,nan,12.502968665026856,inf,5.952542781829834,nan,11.188181104987962,inf,5.854435920715332,nan,11.534659306982576,inf,7.0316362380981445,nan,16.78049725200981,inf,10.263681411743164,nan,41.51055227400502,inf,7.110795021057129,nan,3.766057549011748,inf,5.971466541290283,nan,11.035708301011255,inf,5.920304298400879,nan,11.07328064108151,inf,5.995401382446289,nan,11.220500888986862,inf
728,7.964949607849121,nan,12.506398458026524,inf,7.8856611251831055,nan,11.191690568988633,inf,8.089017868041992,nan,11.53810057098417,inf,8.314541816711426,nan,16.80056576601055,inf,10.522183418273926,nan,41.56242313200528,inf,8.747784614562988,nan,3.7710406620117283,inf,7.917354106903076,nan,11.039163355009805,inf,8.137971878051758,nan,11.076673364081216,inf,7.956111907958984,nan,11.223956492985963,inf
729,5.193457126617432,nan,12.50983411202651,inf,5.113626480102539,nan,11.195240853987343,inf,5.135340690612793,nan,11.541558964985597,inf,6.1320390701293945,nan,16.820183685011216,inf,10.10807991027832,nan,41.61393657500412,inf,5.94123649597168,nan,3.7759527640118904,inf,5.153385162353516,nan,11.042666220009778,inf,5.084300994873047,nan,11.080120248081585,inf,5.13625431060791,nan,11.227686380985688,inf
730,6.637156963348389,nan,12.513875454025765,inf,6.610917091369629,nan,11.198892749987863,inf,6.507346153259277,nan,11.5450313389847,inf,7.745433330535889,nan,16.840007486011018,inf,10.264995574951172,nan,41.668310855004165,inf,8.04887580871582,nan,3.7819666100131144,inf,6.797692775726318,nan,11.046141585009536,inf,6.620203018188477,nan,11.083519351081122,inf,6.704985618591309,nan,11.23122776598575,inf
731,7.531389236450195,nan,12.517262977024075,inf,7.52485466003418,nan,11.202355812987662,inf,7.7076544761657715,nan,11.548550043984505,inf,8.580456733703613,nan,16.862485271010883,inf,10.416125297546387,nan,41.72896340500483,inf,8.069464683532715,nan,3.787903095011643,inf,7.52400016784668,nan,11.049576509009057,inf,7.573780536651611,nan,11.086885194081333,inf,7.500970363616943,nan,11.234738399985872,inf
732,5.5093560218811035,nan,12.520715381024274,inf,5.458024978637695,nan,11.205781055989064,inf,5.5763044357299805,nan,11.55204236798454,inf,6.5800628662109375,nan,16.882569485011118,inf,10.142232894897461,nan,41.78040108800633,inf,6.4578657150268555,nan,3.7929141190124938,inf,5.39087438583374,nan,11.053248686008374,inf,5.40731143951416,nan,11.090444109082455,inf,5.3214802742004395,nan,11.238337335986216,inf
733,6.873190879821777,nan,12.524299027023517,inf,6.807283401489258,nan,11.209457042989015,inf,6.93471622467041,nan,11.555572511984792,inf,7.349249839782715,nan,16.90579953901033,inf,10.253315925598145,nan,41.84216897200531,inf,7.803848743438721,nan,3.7978775930132542,inf,6.759311676025391,nan,11.056682209007704,inf,6.780799388885498,nan,11.093846092082458,inf,6.5584611892700195,nan,11.24180003998481,inf
734,6.793330192565918,nan,12.527743681022912,inf,6.908012866973877,nan,11.21300471799077,inf,6.869246482849121,nan,11.558982914984881,inf,6.9352192878723145,nan,16.926164538010198,inf,10.072835922241211,nan,41.89498855300553,inf,7.4722442626953125,nan,3.8027652950131596,inf,6.7882890701293945,nan,11.060187513008714,inf,6.774413585662842,nan,11.097296486082996,inf,6.807358264923096,nan,11.245292913983576,inf
735,7.124250411987305,nan,12.531221005023326,inf,7.203330993652344,nan,11.216614383989508,inf,7.248566627502441,nan,11.562462608984788,inf,7.59858512878418,nan,16.94584873801068,inf,10.167240142822266,nan,41.946290854004474,inf,7.9397382736206055,nan,3.8076911470125197,inf,7.192218780517578,nan,11.063590897008908,inf,7.140563488006592,nan,11.10068363908249,inf,7.188961982727051,nan,11.248707957982333,inf
736,6.310320854187012,nan,12.534669639024287,inf,6.20163631439209,nan,11.220253569988927,inf,6.331549167633057,nan,11.56594403298368,inf,6.924637794494629,nan,16.96696971601159,inf,9.997376441955566,nan,42.00054010200438,inf,6.835094451904297,nan,3.8128709730117407,inf,6.4095025062561035,nan,11.067005641009018,inf,6.341454982757568,nan,11.10407434208355,inf,6.327826499938965,nan,11.252250211982755,inf
737,6.211061000823975,nan,12.538091753023764,inf,6.230409622192383,nan,11.22376263399019,inf,6.279749393463135,nan,11.569546797984003,inf,7.3996405601501465,nan,16.987422116011658,inf,10.458247184753418,nan,42.056087707003826,inf,7.672718048095703,nan,3.8182262510108558,inf,6.445426940917969,nan,11.07101584200791,inf,6.380587577819824,nan,11.107830279082918,inf,6.341430187225342,nan,11.25616230198284,inf
738,7.312321186065674,nan,12.5417733400227,inf,7.28141450881958,nan,11.227368388990726,inf,7.268285274505615,nan,11.57327390498358,inf,8.342365264892578,nan,17.01061115101038,inf,10.382944107055664,nan,42.109720497002854,inf,8.016645431518555,nan,3.8232898150108667,inf,7.426900863647461,nan,11.074709079008244,inf,7.277247905731201,nan,11.111413284083028,inf,7.166073799133301,nan,11.259703136982353,inf
739,6.429492950439453,nan,12.54532276502323,inf,6.4029035568237305,nan,11.230852742990464,inf,6.402420997619629,nan,11.576884309984962,inf,7.311944961547852,nan,17.031085971009816,inf,10.465452194213867,nan,42.162436317001266,inf,7.6358561515808105,nan,3.82822276700972,inf,6.350672721862793,nan,11.078163453008528,inf,6.288232326507568,nan,11.114820838081869,inf,6.227084159851074,nan,11.26326149198394,inf
740,7.0924458503723145,nan,12.548844880024262,inf,7.04676628112793,nan,11.234283995991063,inf,7.187900543212891,nan,11.580402113984746,inf,7.733570098876953,nan,17.05138019801052,inf,10.397140502929688,nan,42.213438384002075,inf,8.294781684875488,nan,3.8331130590104294,inf,6.850344657897949,nan,11.081553336009165,inf,7.067629814147949,nan,11.118161470081759,inf,6.9056878089904785,nan,11.266776625983766,inf
741,5.196145057678223,nan,12.552320524024253,inf,5.272739410400391,nan,11.237664308990134,inf,5.264771461486816,nan,11.583907328984424,inf,6.349704742431641,nan,17.071858628010887,inf,10.051433563232422,nan,42.26586040000075,inf,6.299778938293457,nan,3.838122053010011,inf,5.170772075653076,nan,11.085066790010387,inf,5.003883361816406,nan,11.121642884081666,inf,5.173413276672363,nan,11.270385441983308,inf
742,6.682266712188721,nan,12.555805438025345,inf,6.481391906738281,nan,11.241196733990364,inf,6.631121635437012,nan,11.587501393983985,inf,7.385091304779053,nan,17.09190362201116,inf,10.324050903320312,nan,42.31818607400055,inf,7.346426963806152,nan,3.8431238460088935,inf,6.637914657592773,nan,11.088443503011149,inf,6.664564609527588,nan,11.124985327081959,inf,6.582757472991943,nan,11.273887496983662,inf
743,6.985630035400391,nan,12.559299332026058,inf,6.995944499969482,nan,11.244573486990703,inf,6.909146308898926,nan,11.591029978982988,inf,8.016904830932617,nan,17.11216535901076,inf,10.319723129272461,nan,42.37200391700026,inf,8.406210899353027,nan,3.848428244009483,inf,7.239926338195801,nan,11.091997038010959,inf,7.055633068084717,nan,11.128463282082521,inf,7.087409019470215,nan,11.277399420981965,inf
744,6.457059860229492,nan,12.562819157024933,inf,6.139657020568848,nan,11.248279093990277,inf,6.270872116088867,nan,11.594553233982879,inf,7.288202285766602,nan,17.133510380010193,inf,10.505597114562988,nan,42.42689585300104,inf,7.6478142738342285,nan,3.8536755410095793,inf,6.234196662902832,nan,11.095424812010606,inf,6.138668537139893,nan,11.131801365081628,inf,6.271568775177002,nan,11.280934765982238,inf
745,5.815179824829102,nan,12.566244780025954,inf,5.702292442321777,nan,11.251767067989931,inf,5.748836994171143,nan,11.598152179982208,inf,6.201883792877197,nan,17.157192370010307,inf,10.158946990966797,nan,42.480431453001074,inf,6.368620872497559,nan,3.859733308008799,inf,5.551713943481445,nan,11.098872246009705,inf,5.660059928894043,nan,11.135210199083303,inf,5.435087203979492,nan,11.284426129981512,inf
746,6.857537269592285,nan,12.569767825025338,inf,6.854180812835693,nan,11.255207821988733,inf,6.832612991333008,nan,11.60174966498198,inf,7.770776748657227,nan,17.1773760060114,inf,10.611345291137695,nan,42.53217111000049,inf,7.8480305671691895,nan,3.864667391009789,inf,6.851461410522461,nan,11.102286959010598,inf,6.902235984802246,nan,11.13859626208432,inf,6.91271448135376,nan,11.288009965981473,inf
747,7.40765380859375,nan,12.573218049024945,inf,7.259023189544678,nan,11.258796007987257,inf,7.448792934417725,nan,11.60540833198138,inf,8.60546588897705,nan,17.19761861301049,inf,10.885549545288086,nan,42.584355542001504,inf,9.130413055419922,nan,3.86961265401078,inf,7.595202445983887,nan,11.105694542011406,inf,7.562260627746582,nan,11.141953365084191,inf,7.48962926864624,nan,11.29153548098111,inf
748,6.401025772094727,nan,12.576751884025725,inf,6.360640048980713,nan,11.262450693988285,inf,6.336367607116699,nan,11.608980307981255,inf,6.852292537689209,nan,17.22005795800942,inf,10.122448921203613,nan,42.64500852100173,inf,7.34221887588501,nan,3.8754140270102653,inf,6.4931640625,nan,11.109226727010537,inf,6.470993995666504,nan,11.145418579084435,inf,6.376867294311523,nan,11.29514197698154,inf
749,6.585532188415527,nan,12.580180788025245,inf,6.74104118347168,nan,11.265872616988418,inf,6.815086841583252,nan,11.612509742981274,inf,7.501550197601318,nan,17.241157406009734,inf,10.446518898010254,nan,42.70474369900148,inf,7.873841762542725,nan,3.8812159310091374,inf,6.856402397155762,nan,11.112707501009936,inf,6.734714031219482,nan,11.148841372085371,inf,6.930575847625732,nan,11.2986157309806,inf
750,6.280055046081543,nan,12.583642552026504,inf,6.202005386352539,nan,11.2694197819892,inf,6.313044548034668,nan,11.615929065981618,inf,6.751039505004883,nan,17.26341422900805,inf,10.116579055786133,nan,42.76549159000024,inf,7.041350841522217,nan,3.887088046009012,inf,6.366157531738281,nan,11.116425328011246,inf,6.210454940795898,nan,11.15242376808419,inf,6.321829319000244,nan,11.302378328980922,inf
751,5.617201805114746,nan,12.587204537026992,inf,5.579782485961914,nan,11.273041177988489,inf,5.796928405761719,nan,11.61945335098062,inf,6.979649066925049,nan,17.285973495008875,inf,10.40353012084961,nan,42.82579966600133,inf,7.312289237976074,nan,3.8929021200074203,inf,5.779531478881836,nan,11.119863672012798,inf,5.710060119628906,nan,11.155784491085797,inf,5.6108527183532715,nan,11.305802622980991,inf
752,6.862809181213379,nan,12.590660291027234,inf,6.810249328613281,nan,11.276454180988367,inf,6.828948020935059,nan,11.62289018498086,inf,7.435466289520264,nan,17.30848701000832,inf,10.314133644104004,nan,42.88624965300005,inf,7.587021827697754,nan,3.8986531930077035,inf,6.449641227722168,nan,11.123326776012618,inf,6.774943828582764,nan,11.159213444085253,inf,6.5904459953308105,nan,11.309235286980766,inf
753,6.599527835845947,nan,12.59414306502731,inf,6.654703140258789,nan,11.279867463987102,inf,6.623530864715576,nan,11.626370138981656,inf,7.320684432983398,nan,17.33078494300935,inf,10.073525428771973,nan,42.94620611400023,inf,7.4660797119140625,nan,3.9044090960069298,inf,6.754608154296875,nan,11.126737620012136,inf,6.929715156555176,nan,11.162652218086805,inf,6.810060977935791,nan,11.312667290980244,inf
754,5.963268280029297,nan,12.597632419026922,inf,5.904901504516602,nan,11.283304876986222,inf,5.82672119140625,nan,11.629901443980998,inf,6.8057756423950195,nan,17.353165157010153,inf,10.073107719421387,nan,43.003484640999886,inf,6.733436584472656,nan,3.909408640005495,inf,6.015874862670898,nan,11.130329946012353,inf,6.025562286376953,nan,11.166167113087795,inf,6.002541542053223,nan,11.31629486697966,inf
755,6.740821838378906,nan,12.601149493026242,inf,6.820616722106934,nan,11.286795771986363,inf,6.839597702026367,nan,11.63349874997948,inf,7.0327653884887695,nan,17.37323250201007,inf,10.320216178894043,nan,43.055204726999364,inf,7.178684234619141,nan,3.9143999130064913,inf,6.662844657897949,nan,11.133705369013114,inf,6.62988805770874,nan,11.169532906087625,inf,6.602108955383301,nan,11.319685469979959,inf
756,6.833644866943359,nan,12.604534616026285,inf,6.739260673522949,nan,11.290336956986721,inf,6.900947570800781,nan,11.636951403979765,inf,7.945823669433594,nan,17.393157645008614,inf,10.659637451171875,nan,43.106797561998974,inf,7.744439125061035,nan,3.9193186950069503,inf,6.873369216918945,nan,11.137121822011977,inf,6.720943927764893,nan,11.172903538088576,inf,6.663581371307373,nan,11.32322110397945,inf
757,8.087424278259277,nan,12.607996040027501,inf,7.7891740798950195,nan,11.293864520986972,inf,8.070770263671875,nan,11.640528098980212,inf,8.627904891967773,nan,17.41318900900842,inf,10.49278450012207,nan,43.1589192729989,inf,8.654796600341797,nan,3.9243103290082217,inf,8.098783493041992,nan,11.140524225012996,inf,7.955167770385742,nan,11.176282981086842,inf,7.959047317504883,nan,11.32675973897858,inf
758,7.581174373626709,nan,12.611400553027124,inf,7.645599365234375,nan,11.297340914987217,inf,7.609868049621582,nan,11.644119884980682,inf,8.482812881469727,nan,17.433513507008684,inf,10.262797355651855,nan,43.210496067998974,inf,8.762517929077148,nan,3.929169430008187,inf,7.739046096801758,nan,11.143924489013443,inf,7.788856506347656,nan,11.179648834087857,inf,7.78121280670166,nan,11.330162291978922,inf
759,7.045075416564941,nan,12.614805796027213,inf,7.0601396560668945,nan,11.301079512988508,inf,7.045186519622803,nan,11.647626359979768,inf,7.71662712097168,nan,17.453442110008837,inf,10.326007843017578,nan,43.269893572,inf,7.929920673370361,nan,3.9341220120095386,inf,7.002862453460693,nan,11.147369313013769,inf,7.012895584106445,nan,11.183086277087568,inf,7.051151275634766,nan,11.333752987979096,inf
760,7.70766544342041,nan,12.618267140027456,inf,7.648661136627197,nan,11.304551487988647,inf,7.897865295410156,nan,11.651162884980295,inf,8.185672760009766,nan,17.47683524700733,inf,10.302007675170898,nan,43.32237936800084,inf,8.225883483886719,nan,3.9398513350097346,inf,7.724809646606445,nan,11.150757406014236,inf,7.770175933837891,nan,11.186436809088264,inf,7.71978759765625,nan,11.337146481979289,inf
761,6.877985954284668,nan,12.621688424027525,inf,6.7453293800354,nan,11.308098422989133,inf,7.0019659996032715,nan,11.654652959980012,inf,7.985311985015869,nan,17.498923297007423,inf,10.45772933959961,nan,43.38189090299966,inf,7.6295857429504395,nan,3.9447693380097917,inf,7.073047637939453,nan,11.154146049015253,inf,7.081368446350098,nan,11.189796482087331,inf,6.96904182434082,nan,11.340686446979817,inf
762,6.8340606689453125,nan,12.625108898026156,inf,6.7639617919921875,nan,11.311579967989019,inf,6.690386772155762,nan,11.658263965979131,inf,7.4948039054870605,nan,17.51923588500722,inf,10.168745040893555,nan,43.43399178499931,inf,7.547070026397705,nan,3.949723341009303,inf,6.580481052398682,nan,11.157487982016391,inf,6.630280494689941,nan,11.19318025508619,inf,6.684755325317383,nan,11.344182980979895,inf
763,6.610036849975586,nan,12.628595292026148,inf,6.545058250427246,nan,11.31498344198917,inf,6.441486358642578,nan,11.661790609980017,inf,7.464650630950928,nan,17.539507242006948,inf,10.585665702819824,nan,43.48566147100064,inf,7.164430618286133,nan,3.954630783009634,inf,6.5754194259643555,nan,11.160958507016403,inf,6.454555034637451,nan,11.19659514808518,inf,6.520973205566406,nan,11.34778042598009,inf
764,6.232497215270996,nan,12.632036435026748,inf,6.25313663482666,nan,11.318522156989275,inf,6.465205192565918,nan,11.665477945980456,inf,7.127930164337158,nan,17.559741549008322,inf,10.312946319580078,nan,43.53918241100109,inf,7.475671291351318,nan,3.9601857630095765,inf,6.389381408691406,nan,11.164403841017702,inf,6.490581512451172,nan,11.200006542085248,inf,6.468423843383789,nan,11.351252779979404,inf
765,6.883009910583496,nan,12.635544510027103,inf,6.889736175537109,nan,11.321951909989366,inf,6.651917457580566,nan,11.668944219980403,inf,7.366318225860596,nan,17.58221037500698,inf,10.24709701538086,nan,43.603914153001824,inf,7.0886759757995605,nan,3.9661913700092555,inf,6.901797294616699,nan,11.167913156017676,inf,6.666727542877197,nan,11.203442235084367,inf,6.7071123123168945,nan,11.354719513979944,inf
766,6.9159135818481445,nan,12.639061985026274,inf,6.889406681060791,nan,11.325576825989629,inf,6.933715343475342,nan,11.672402183980012,inf,7.78442907333374,nan,17.603061480005636,inf,10.344873428344727,nan,43.656789404001756,inf,7.6959547996521,nan,3.971170193010039,inf,6.748992919921875,nan,11.17136249001851,inf,6.845408916473389,nan,11.20684280808564,inf,6.89803409576416,nan,11.358160146979571,inf
767,6.343177795410156,nan,12.64252698902601,inf,6.087249279022217,nan,11.328984048988787,inf,6.272432327270508,nan,11.675843697979872,inf,6.933365821838379,nan,17.62306167400493,inf,10.330580711364746,nan,43.709891568001694,inf,7.328603267669678,nan,3.9762808980103728,inf,6.30674409866333,nan,11.174930576018596,inf,6.241423606872559,nan,11.210337852086013,inf,6.222043514251709,nan,11.361703271979422,inf
768,7.526235580444336,nan,12.646056314026282,inf,7.377191543579102,nan,11.332628254989686,inf,7.413198947906494,nan,11.679333131978638,inf,7.747593879699707,nan,17.642722384005538,inf,10.247503280639648,nan,43.76120411000011,inf,8.042717933654785,nan,3.981320692009831,inf,7.352648735046387,nan,11.178317139017963,inf,7.340507507324219,nan,11.213695525086223,inf,7.337681770324707,nan,11.36508281498027,inf
769,6.760336875915527,nan,12.649425086026895,inf,6.877960205078125,nan,11.336182839990215,inf,6.751264572143555,nan,11.68276206597875,inf,7.564545154571533,nan,17.662993071005985,inf,10.587039947509766,nan,43.812981476999994,inf,7.516936302185059,nan,3.986217174009653,inf,6.745673179626465,nan,11.18173465201653,inf,6.592591285705566,nan,11.217096368087368,inf,6.7634663581848145,nan,11.368503158979365,inf
770,7.399866104125977,nan,12.652904030026548,inf,7.345782279968262,nan,11.339613862990518,inf,7.31416654586792,nan,11.68626010997832,inf,8.270207405090332,nan,17.68336320000708,inf,10.269356727600098,nan,43.864564351999434,inf,8.753582954406738,nan,3.9911570160093106,inf,7.350825786590576,nan,11.185165196015078,inf,7.30385160446167,nan,11.220474911086058,inf,7.38484525680542,nan,11.372027933977733,inf
771,6.786936283111572,nan,12.656341954027084,inf,6.784920692443848,nan,11.343080896989704,inf,6.773746013641357,nan,11.689791454979058,inf,7.617506980895996,nan,17.703898141007812,inf,10.424297332763672,nan,43.91554791899944,inf,7.8697967529296875,nan,3.9961533100104134,inf,6.6735334396362305,nan,11.188590539015422,inf,6.747467994689941,nan,11.223876854086484,inf,6.778866767883301,nan,11.375473527978102,inf
772,6.84364128112793,nan,12.660192683026253,inf,6.929172515869141,nan,11.346641361989896,inf,6.928447723388672,nan,11.693320769978527,inf,7.85103702545166,nan,17.729343273009363,inf,10.431099891662598,nan,43.97433317499781,inf,8.1956148147583,nan,4.002127336010744,inf,6.891860485076904,nan,11.19232500601538,inf,6.913336277008057,nan,11.227447739087438,inf,6.8489089012146,nan,11.379054532977534,inf
773,6.812276840209961,nan,12.663774158027081,inf,6.915764808654785,nan,11.350145416990927,inf,6.798642635345459,nan,11.696926105978491,inf,7.353349685668945,nan,17.75233874400874,inf,10.369832992553711,nan,44.03549304099761,inf,7.4948225021362305,nan,4.00805499200942,inf,6.481426239013672,nan,11.19577870001558,inf,6.8205389976501465,nan,11.230861063088014,inf,6.6335129737854,nan,11.382476796978153,inf
774,7.578444480895996,nan,12.667280293027943,inf,7.652594089508057,nan,11.353526469991266,inf,7.816704750061035,nan,11.700386309978057,inf,8.348729133605957,nan,17.77487402000952,inf,10.493513107299805,nan,44.09818427599748,inf,8.094498634338379,nan,4.0139818170100625,inf,7.640743732452393,nan,11.199295095017078,inf,7.669973373413086,nan,11.234293066087048,inf,7.585187911987305,nan,11.385947410977678,inf
775,7.430091857910156,nan,12.670769218028,inf,7.3442816734313965,nan,11.356981043991254,inf,7.361773490905762,nan,11.703916823978943,inf,8.112585067749023,nan,17.797003931009385,inf,10.57730484008789,nan,44.15080711399787,inf,8.317243576049805,nan,4.01899676001085,inf,7.481307029724121,nan,11.202690378016996,inf,7.325625419616699,nan,11.23766731908654,inf,7.404719829559326,nan,11.389535806978529,inf
776,5.591736316680908,nan,12.674191611027709,inf,5.440828323364258,nan,11.360475898991353,inf,5.578088283538818,nan,11.707458618979217,inf,6.5133280754089355,nan,17.817498731010346,inf,10.051653861999512,nan,44.20331742099734,inf,6.387273788452148,nan,4.023976463011422,inf,5.217638969421387,nan,11.20643744501649,inf,5.240837097167969,nan,11.241268785086504,inf,5.442084312438965,nan,11.393100841978594,inf
777,7.537097454071045,nan,12.677845527026875,inf,7.455643653869629,nan,11.364003122991562,inf,7.408771991729736,nan,11.71108224497948,inf,7.96320915222168,nan,17.83733769301034,inf,10.227023124694824,nan,44.2544248389986,inf,8.71215534210205,nan,4.028970417009987,inf,7.33807373046875,nan,11.209890379017452,inf,7.345983505249023,nan,11.24467110808473,inf,7.3762125968933105,nan,11.39673149797818,inf
778,6.8185200691223145,nan,12.681293911027751,inf,6.824814796447754,nan,11.367483016991173,inf,6.828861236572266,nan,11.714681830979316,inf,7.222239971160889,nan,17.85706593400937,inf,10.30112075805664,nan,44.30529365499933,inf,7.398813724517822,nan,4.033920489009688,inf,6.695117950439453,nan,11.213283462016989,inf,6.5770063400268555,nan,11.248048681083674,inf,6.754599571228027,nan,11.400228641978174,inf
779,6.627132415771484,nan,12.684766245027276,inf,6.605997085571289,nan,11.37087456998961,inf,6.752163410186768,nan,11.718207855978108,inf,7.042318344116211,nan,17.87681521500963,inf,10.191965103149414,nan,44.35614119999991,inf,7.5474748611450195,nan,4.038948463010456,inf,6.554515361785889,nan,11.216678665017753,inf,6.450459957122803,nan,11.251396633084369,inf,6.546687602996826,nan,11.403853068977696,inf
780,6.671586513519287,nan,12.688186219027557,inf,6.6927642822265625,nan,11.374385544990218,inf,6.609414100646973,nan,11.721633658977225,inf,7.378753185272217,nan,17.896495595010492,inf,10.412483215332031,nan,44.40741878099834,inf,7.260444641113281,nan,4.04384590501104,inf,6.651052951812744,nan,11.220079438018729,inf,6.631963729858398,nan,11.254767226084368,inf,6.821473121643066,nan,11.40726138197715,inf
781,8.170750617980957,nan,12.691604952025955,inf,8.14000129699707,nan,11.377999460990395,inf,8.048063278198242,nan,11.725132352978108,inf,8.643781661987305,nan,17.91653677901013,inf,10.7019624710083,nan,44.458048573998894,inf,9.169736862182617,nan,4.048731297010818,inf,7.951276779174805,nan,11.223545442018803,inf,8.099569320678711,nan,11.258203340084947,inf,8.212512016296387,nan,11.410799875977318,inf
782,7.399845123291016,nan,12.69512243702593,inf,7.530240535736084,nan,11.38140125398968,inf,7.302288055419922,nan,11.728655926977808,inf,8.002220153808594,nan,17.93724789201042,inf,10.477097511291504,nan,44.5227611549999,inf,8.532739639282227,nan,4.05374378101078,inf,7.318179130554199,nan,11.227281610019418,inf,7.352260589599609,nan,11.26180487608508,inf,7.4557037353515625,nan,11.414562373976878,inf
783,6.5425567626953125,nan,12.698706622024474,inf,6.656685829162598,nan,11.385048979989733,inf,6.532330513000488,nan,11.732167500977084,inf,7.454338073730469,nan,17.95693481201124,inf,10.253922462463379,nan,44.57477584600019,inf,7.563268661499023,nan,4.059817038010806,inf,6.541708469390869,nan,11.23081679401912,inf,6.531728744506836,nan,11.265288691085516,inf,6.534974098205566,nan,11.41807207797683,inf
784,6.65449333190918,nan,12.702198736024002,inf,6.488605499267578,nan,11.388638874988828,inf,6.583180904388428,nan,11.735609904977537,inf,6.955557823181152,nan,17.976914946011675,inf,10.129049301147461,nan,44.62577615400005,inf,7.703067302703857,nan,4.064679209011956,inf,6.448556900024414,nan,11.23417358701954,inf,6.433842182159424,nan,11.268629363086802,inf,6.368654251098633,nan,11.42148463097692,inf
785,6.860167980194092,nan,12.705671710024035,inf,6.802033424377441,nan,11.392048197989425,inf,6.805519104003906,nan,11.73910932997751,inf,7.455010414123535,nan,17.99718793401189,inf,10.337532997131348,nan,44.677011704001416,inf,7.517337799072266,nan,4.069628042012482,inf,6.8583173751831055,nan,11.237701432019094,inf,6.828479766845703,nan,11.272106877086117,inf,6.75637149810791,nan,11.425007675978122,inf
786,6.987706184387207,nan,12.709167524024451,inf,7.237221717834473,nan,11.395659453988628,inf,7.023835182189941,nan,11.742613504977271,inf,7.8617262840271,nan,18.01735625001129,inf,10.524589538574219,nan,44.727534995001406,inf,8.155266761779785,nan,4.0746248260129505,inf,7.122265338897705,nan,11.241079835019264,inf,7.100882530212402,nan,11.275436019084736,inf,7.138275146484375,nan,11.428483109979425,inf
787,7.246087074279785,nan,12.7126140280252,inf,7.042447090148926,nan,11.39907762698931,inf,7.238928318023682,nan,11.746144918977734,inf,7.797051429748535,nan,18.037373694010967,inf,10.196712493896484,nan,44.7794823050026,inf,7.979506492614746,nan,4.0795053180136165,inf,6.833502769470215,nan,11.244643720017848,inf,6.965078353881836,nan,11.278933693083673,inf,6.93554162979126,nan,11.432129295979394,inf
788,7.420619964599609,nan,12.716115202025321,inf,7.441048622131348,nan,11.402667881988236,inf,7.56552791595459,nan,11.74985547597862,inf,8.495292663574219,nan,18.057159035010045,inf,10.754606246948242,nan,44.83071651500359,inf,8.401811599731445,nan,4.084353630014448,inf,7.325960159301758,nan,11.248055014017154,inf,7.302150726318359,nan,11.28231913608397,inf,7.401022434234619,nan,11.435549928979526,inf
789,8.012554168701172,nan,12.719567165026092,inf,8.03054428100586,nan,11.406333867989815,inf,7.8565521240234375,nan,11.753335080977195,inf,8.315977096557617,nan,18.076888725010576,inf,10.29963207244873,nan,44.88184767400344,inf,8.96877670288086,nan,4.089262822015371,inf,7.900481700897217,nan,11.251460017017962,inf,7.826498985290527,nan,11.285729249084397,inf,8.033367156982422,nan,11.438982852980189,inf
790,6.395878791809082,nan,12.723037539026336,inf,6.491152763366699,nan,11.409759180989568,inf,6.406255722045898,nan,11.756947506977667,inf,7.521978378295898,nan,18.09728342400922,inf,10.463653564453125,nan,44.934679875004804,inf,7.805046558380127,nan,4.094418258015139,inf,6.434998512268066,nan,11.25508265301687,inf,6.309539794921875,nan,11.289292684085012,inf,6.31563663482666,nan,11.442557818980276,inf
791,5.865016460418701,nan,12.726608034025048,inf,5.891039848327637,nan,11.413433206989794,inf,5.964804649353027,nan,11.760425960977955,inf,6.933692455291748,nan,18.117623262009147,inf,10.20628547668457,nan,44.98709955000413,inf,6.956083297729492,nan,4.099324381015322,inf,5.942074775695801,nan,11.258503816015946,inf,5.896533489227295,nan,11.292688207084211,inf,5.859617233276367,nan,11.446027372980097,inf
792,6.25353479385376,nan,12.730130559024474,inf,5.9932146072387695,nan,11.416866469990055,inf,6.13980770111084,nan,11.763980255978822,inf,6.987368583679199,nan,18.137733477009533,inf,10.333601951599121,nan,45.03895357800502,inf,7.276247024536133,nan,4.105446029014274,inf,6.280003547668457,nan,11.262002611014395,inf,6.128384113311768,nan,11.296133941083099,inf,6.197595596313477,nan,11.449517347980873,inf
793,6.694446086883545,nan,12.733862627024791,inf,6.676416397094727,nan,11.420521085989094,inf,6.681952953338623,nan,11.76757608097796,inf,7.649388313293457,nan,18.15948710301018,inf,10.472646713256836,nan,45.09545327500564,inf,7.543123245239258,nan,4.1106021250143385,inf,6.53560733795166,nan,11.265456375014764,inf,6.562180042266846,nan,11.299539495083081,inf,6.468103408813477,nan,11.452978181980143,inf
794,7.504818439483643,nan,12.73736797102356,inf,7.49484395980835,nan,11.42400509998879,inf,7.503188133239746,nan,11.771093725978062,inf,8.018719673156738,nan,18.18069138201099,inf,10.463418960571289,nan,45.149391499006015,inf,8.007235527038574,nan,4.11581854101496,inf,7.5416579246521,nan,11.269009130013728,inf,7.3472795486450195,nan,11.303031939083667,inf,7.297011375427246,nan,11.456607757980237,inf
795,6.558357238769531,nan,12.740890385022794,inf,6.413266181945801,nan,11.42754072498974,inf,6.525551795959473,nan,11.774762932976955,inf,7.406042575836182,nan,18.200868179010286,inf,10.339729309082031,nan,45.20144312000593,inf,7.94705867767334,nan,4.120908605014847,inf,6.551173686981201,nan,11.27239119301339,inf,6.462550163269043,nan,11.306420652083034,inf,6.4143853187561035,nan,11.460123652979746,inf
796,7.972661972045898,nan,12.744298918021741,inf,7.803289413452148,nan,11.430988528989474,inf,8.065207481384277,nan,11.77825728697826,inf,8.255260467529297,nan,18.22077246101071,inf,10.302711486816406,nan,45.25296067400632,inf,8.944076538085938,nan,4.12583237801482,inf,7.851493835449219,nan,11.275755065014891,inf,8.079692840576172,nan,11.309784244082039,inf,8.009563446044922,nan,11.463612186978935,inf
797,6.5402421951293945,nan,12.747755562020757,inf,6.505649566650391,nan,11.434378471989476,inf,6.496415138244629,nan,11.781724550977742,inf,7.446475028991699,nan,18.241378333012108,inf,10.291183471679688,nan,45.30508565600758,inf,7.294451713562012,nan,4.130774801014923,inf,6.53803014755249,nan,11.279165318015657,inf,6.521546840667725,nan,11.313184897082465,inf,6.440999984741211,nan,11.467272143980153,inf
798,7.983813285827637,nan,12.75119641602032,inf,7.944026947021484,nan,11.437914146990806,inf,7.791830062866211,nan,11.785170474977349,inf,7.8828840255737305,nan,18.26157851001153,inf,10.348442077636719,nan,45.356875473007676,inf,8.588701248168945,nan,4.1357540740154946,inf,7.89024019241333,nan,11.282578461015873,inf,7.746151924133301,nan,11.316569490081747,inf,7.915871620178223,nan,11.471050711981661,inf
799,7.969794273376465,nan,12.754862113020863,inf,7.9150285720825195,nan,11.441898566990858,inf,8.003715515136719,nan,11.788602937976975,inf,8.357786178588867,nan,18.28149033301088,inf,10.31955337524414,nan,45.40868149100788,inf,8.1178560256958,nan,4.140661946015825,inf,7.871936798095703,nan,11.285994455016407,inf,7.840633392333984,nan,11.319943573082128,inf,7.83599853515625,nan,11.47448339498078,inf
800,6.065032958984375,5.89910364151001,12.758360308020201,inf,6.021162986755371,7.6032938957214355,11.445319630989616,inf,6.1251139640808105,7.532581329345703,11.79199243097537,inf,7.184385776519775,7.49897575378418,18.298065943010442,inf,10.175606727600098,10.287084579467773,45.4608596330072,inf,6.997579574584961,8.192253112792969,4.145657819015469,inf,6.173332214355469,6.050437927246094,11.28954556001554,inf,6.201146125793457,7.127997398376465,11.323435727083051,inf,6.122055530548096,7.096646308898926,11.478025569982492,inf
801,7.092452526092529,nan,12.761882353019246,inf,7.14799165725708,nan,11.448850125989338,inf,7.031044960021973,nan,11.79574771897569,inf,7.892425060272217,nan,18.319270412010155,inf,10.2724027633667,nan,45.51336469000671,inf,7.964505195617676,nan,4.150583591015675,inf,7.073240756988525,nan,11.293219516015597,inf,7.2140703201293945,nan,11.327018683083224,inf,7.193140506744385,nan,11.481609084983575,inf
802,7.338798522949219,nan,12.765473869019843,inf,7.325295925140381,nan,11.452616283988391,inf,7.457300186157227,nan,11.79928513397681,inf,7.8019890785217285,nan,18.338992643011807,inf,10.1013822555542,nan,45.56487225400633,inf,7.83064079284668,nan,4.1554284330159135,inf,7.462486267089844,nan,11.296741580015805,inf,7.466683864593506,nan,11.330655699082854,inf,7.5213141441345215,nan,11.485164879983131,inf
803,6.795264720916748,nan,12.769024734019695,inf,6.423932075500488,nan,11.456272879988319,inf,6.815305709838867,nan,11.802798227976382,inf,7.185196399688721,nan,18.359073518013247,inf,10.030506134033203,nan,45.615641318006965,inf,7.731724262237549,nan,4.160354046014618,inf,6.71235990524292,nan,11.300168203015346,inf,6.553958415985107,nan,11.334028642082558,inf,6.692972660064697,nan,11.488560822983345,inf
804,6.400036811828613,nan,12.77248643801795,inf,6.5095391273498535,nan,11.459652762987389,inf,6.460428237915039,nan,11.80624388097749,inf,7.105566024780273,nan,18.378787388013734,inf,10.406963348388672,nan,45.66704741000831,inf,7.4030961990356445,nan,4.165184727015003,inf,6.541376113891602,nan,11.303535026014288,inf,6.530096054077148,nan,11.33738567508226,inf,6.465279579162598,nan,11.492077036984483,inf
805,6.23270320892334,nan,12.775898561018039,inf,6.021872520446777,nan,11.463120446987887,inf,6.239003658294678,nan,11.80978110597789,inf,6.600724697113037,nan,18.398567959013235,inf,10.121447563171387,nan,45.71814066900879,inf,7.413080215454102,nan,4.170040708015222,inf,6.547828197479248,nan,11.306884139014073,inf,6.408287525177002,nan,11.340685787081384,inf,6.249359130859375,nan,11.495456759983426,inf
806,6.358083724975586,nan,12.779273613017722,inf,6.284189224243164,nan,11.466659401987272,inf,6.342629432678223,nan,11.81323713997881,inf,6.672664642333984,nan,18.418895117012653,inf,10.11368465423584,nan,45.76863231000789,inf,7.3192596435546875,nan,4.174962000015512,inf,6.221731662750244,nan,11.310310572012895,inf,6.3964691162109375,nan,11.344099350080796,inf,6.287660598754883,nan,11.498873042983178,inf
807,6.46682071685791,nan,12.782984841016514,inf,6.224084377288818,nan,11.470209466988308,inf,6.449816703796387,nan,11.81685550597831,inf,7.1330742835998535,nan,18.438734789011505,inf,10.139764785766602,nan,45.821833695008536,inf,7.001455307006836,nan,4.18003427401527,inf,6.352412700653076,nan,11.313913668012901,inf,6.120798110961914,nan,11.347585804081973,inf,6.183826446533203,nan,11.50238433798404,inf
808,6.071057319641113,nan,12.786550496017298,inf,5.984716415405273,nan,11.473639289988569,inf,6.157502174377441,nan,11.820377020978412,inf,6.757219314575195,nan,18.458681543010243,inf,10.216257095336914,nan,45.87277780200748,inf,7.0971198081970215,nan,4.184931257015705,inf,6.010307312011719,nan,11.317296971012183,inf,6.105931282043457,nan,11.351023088082002,inf,6.098915100097656,nan,11.505950643984761,inf
809,5.501469135284424,nan,12.789985269017052,inf,5.383942604064941,nan,11.47713284398742,inf,5.629756927490234,nan,11.823765963978076,inf,6.867762565612793,nan,18.479673240010015,inf,10.201451301574707,nan,45.93169643000692,inf,6.678579330444336,nan,4.1898463100151275,inf,5.566084384918213,nan,11.320746264011177,inf,5.583996295928955,nan,11.354422171081751,inf,5.482385635375977,nan,11.509417077984835,inf
810,7.97123384475708,nan,12.79344797201702,inf,7.803324222564697,nan,11.480696499986152,inf,7.918647766113281,nan,11.827215697978318,inf,8.27421760559082,nan,18.499362850008765,inf,10.163700103759766,nan,45.987656891007646,inf,8.763814926147461,nan,4.194805243014343,inf,7.956234931945801,nan,11.32424987801096,inf,7.783108711242676,nan,11.357876225081782,inf,7.888556003570557,nan,11.512893921984869,inf
811,6.442739963531494,nan,12.796968076017947,inf,6.514512062072754,nan,11.484149093985252,inf,6.567663192749023,nan,11.83073138297732,inf,7.115048408508301,nan,18.52029934600796,inf,10.085320472717285,nan,46.04307272500773,inf,7.147193431854248,nan,4.199581493014193,inf,6.555097579956055,nan,11.327616931010198,inf,6.564244747161865,nan,11.361469331081025,inf,6.389030456542969,nan,11.516377895984988,inf
812,6.823702335357666,nan,12.801015248018302,inf,6.788608551025391,nan,11.487996662985097,inf,6.840086936950684,nan,11.83448679997855,inf,8.03706169128418,nan,18.54425861000891,inf,10.524335861206055,nan,46.10002323700792,inf,8.206869125366211,nan,4.206106706014907,inf,6.843964576721191,nan,11.331173276010304,inf,6.922606945037842,nan,11.365109627080528,inf,6.934762477874756,nan,11.519760238985327,inf
813,6.644597053527832,nan,12.804372681019231,inf,6.604161262512207,nan,11.491470366985595,inf,6.5156731605529785,nan,11.837893082978553,inf,7.092994689941406,nan,18.56387469900983,inf,10.148635864257812,nan,46.153603227008716,inf,7.208292007446289,nan,4.2109808980148955,inf,6.7271409034729,nan,11.3345861200105,inf,6.487186908721924,nan,11.368475440081966,inf,6.7021098136901855,nan,11.52319531298599,inf
814,6.864275932312012,nan,12.807799665019047,inf,6.848304271697998,nan,11.49502508198566,inf,7.067155838012695,nan,11.841354007978225,inf,7.505129814147949,nan,18.583643030009625,inf,10.272624969482422,nan,46.20503580000877,inf,7.718806743621826,nan,4.215938201014069,inf,6.794167518615723,nan,11.33795633301088,inf,7.096938133239746,nan,11.371819252082787,inf,6.656040191650391,nan,11.526813467986358,inf
815,6.8477067947387695,nan,12.81121279801846,inf,6.747270584106445,nan,11.498599146985725,inf,6.821550369262695,nan,11.844774750978104,inf,7.35209846496582,nan,18.603972128008536,inf,10.239975929260254,nan,46.26825753200865,inf,7.603816032409668,nan,4.221232878015144,inf,6.875023365020752,nan,11.341654560010284,inf,6.922318458557129,nan,11.375299456081848,inf,6.718976974487305,nan,11.530555135985196,inf
816,6.497993469238281,nan,12.814743473018098,inf,6.599016189575195,nan,11.502213361984104,inf,6.465485572814941,nan,11.84831836597732,inf,6.9583282470703125,nan,18.626388313008647,inf,10.193269729614258,nan,46.321648119010206,inf,7.466397762298584,nan,4.226126400015346,inf,6.762887001037598,nan,11.345092764009678,inf,6.497195243835449,nan,11.37871332908071,inf,6.523547172546387,nan,11.534002979986326,inf
817,6.600704193115234,nan,12.818215717017665,inf,6.529928684234619,nan,11.50566201498441,inf,6.427731513977051,nan,11.851821180976913,inf,7.443654537200928,nan,18.646163984009036,inf,10.007448196411133,nan,46.37662450700918,inf,7.632076740264893,nan,4.2314159870147705,inf,6.601301193237305,nan,11.348511787009556,inf,6.47256326675415,nan,11.382072451080603,inf,6.598960876464844,nan,11.53742798298481,inf
818,6.721017837524414,nan,12.821662971016849,inf,6.686698913574219,nan,11.509085687985134,inf,6.941926002502441,nan,11.855308584978047,inf,7.763201713562012,nan,18.666690084010042,inf,10.282261848449707,nan,46.430545571009134,inf,7.870635986328125,nan,4.236706474013772,inf,7.01127815246582,nan,11.351944490010283,inf,6.879242897033691,nan,11.385444964080307,inf,6.953239440917969,nan,11.540953727984743,inf
819,6.361042022705078,nan,12.825084525016791,inf,6.218306541442871,nan,11.512524881984064,inf,6.415349960327148,nan,11.85891134997837,inf,6.731718063354492,nan,18.68732523601102,inf,10.283292770385742,nan,46.481612519008195,inf,7.232017517089844,nan,4.24188092901386,inf,6.431556701660156,nan,11.355366653011515,inf,6.279566764831543,nan,11.388867388081053,inf,6.290517807006836,nan,11.544547663985213,inf
820,6.269382476806641,nan,12.828539689016907,inf,6.511231422424316,nan,11.51606978698328,inf,6.544262886047363,nan,11.862369593978656,inf,6.9159321784973145,nan,18.707762885011107,inf,10.10783576965332,nan,46.533536748007464,inf,7.307161808013916,nan,4.246800101012923,inf,6.458646774291992,nan,11.358882878012082,inf,6.542959213256836,nan,11.392334461081191,inf,6.5107574462890625,nan,11.548114719984369,inf
821,7.472286701202393,nan,12.832091114016293,inf,7.451190948486328,nan,11.519554990984034,inf,7.589015483856201,nan,11.865943938979399,inf,7.988009452819824,nan,18.728497858010087,inf,10.355830192565918,nan,46.58565768900735,inf,8.212434768676758,nan,4.251906406014314,inf,7.5832600593566895,nan,11.362410843012185,inf,7.558320045471191,nan,11.39580348508207,inf,7.62260627746582,nan,11.551677755984201,inf
822,6.170016765594482,nan,12.83560704901538,inf,6.150477409362793,nan,11.522998814984021,inf,6.14101505279541,nan,11.869492264979272,inf,6.782838344573975,nan,18.74880226600908,inf,10.24692153930664,nan,46.6373645760068,inf,7.007305145263672,nan,4.257001060013863,inf,6.180139541625977,nan,11.36580382601278,inf,6.159102916717529,nan,11.399191618082114,inf,6.090879440307617,nan,11.555188669983181,inf
823,7.284125804901123,nan,12.839077213015116,inf,7.323190689086914,nan,11.526413427984153,inf,7.349230766296387,nan,11.873073309978281,inf,8.384639739990234,nan,18.7692671750101,inf,10.513875961303711,nan,46.68942456600598,inf,8.91980266571045,nan,4.262101675012673,inf,7.38861608505249,nan,11.369180619012695,inf,7.315158367156982,nan,11.402553351081224,inf,7.394567966461182,nan,11.558614612982637,inf
824,7.291811466217041,nan,12.842518387014934,inf,7.393134117126465,nan,11.530065434984863,inf,7.1092047691345215,nan,11.876567714978592,inf,7.712410926818848,nan,18.78908920600952,inf,10.38078498840332,nan,46.7410270710061,inf,7.998873710632324,nan,4.267044357013219,inf,7.240340709686279,nan,11.372632403012176,inf,7.469123840332031,nan,11.405982355081505,inf,7.407903671264648,nan,11.562331239983905,inf
825,5.6431379318237305,nan,12.845988962013507,inf,5.629083633422852,nan,11.533678470985251,inf,5.667519569396973,nan,11.880077889978566,inf,6.266338348388672,nan,18.809327483009838,inf,9.931159973144531,nan,46.79330901400681,inf,6.724318504333496,nan,4.271984550014167,inf,5.673662185668945,nan,11.376301370011788,inf,5.6748762130737305,nan,11.409556690081445,inf,5.74930477142334,nan,11.56591344498338,inf
826,6.538118362426758,nan,12.849585137013491,inf,6.362185478210449,nan,11.537233215984088,inf,6.348280429840088,nan,11.883714275978491,inf,7.023192882537842,nan,18.829303877009806,inf,10.002168655395508,nan,46.844324041006985,inf,7.414165019989014,nan,4.277108225012853,inf,6.469283580780029,nan,11.379744794012367,inf,6.267992973327637,nan,11.412982824080245,inf,6.400447845458984,nan,11.569379408983878,inf
827,5.191710472106934,nan,12.853094152013,inf,5.203723430633545,nan,11.540711389983699,inf,5.29007625579834,nan,11.887270930978048,inf,6.391130447387695,nan,18.84938304201023,inf,10.088338851928711,nan,46.89587528600714,inf,5.9784135818481445,nan,4.282156699013285,inf,5.335044860839844,nan,11.383154307013683,inf,5.319868087768555,nan,11.416384387081052,inf,5.3314433097839355,nan,11.572907193984065,inf
828,7.370919227600098,nan,12.856529435011907,inf,7.320959091186523,nan,11.54415356298341,inf,7.3381757736206055,nan,11.890911926977424,inf,7.857228755950928,nan,18.869816241010994,inf,10.30441665649414,nan,46.94759124200755,inf,8.301133155822754,nan,4.286978790014473,inf,7.467399597167969,nan,11.386533520015291,inf,7.439678192138672,nan,11.419767200080969,inf,7.42799186706543,nan,11.576536329983355,inf
829,7.107057094573975,nan,12.859987768011706,inf,7.099129676818848,nan,11.547773728983884,inf,7.100897312164307,nan,11.894516842978192,inf,7.864067077636719,nan,18.889912206012013,inf,10.287410736083984,nan,46.99930920800762,inf,8.046494483947754,nan,4.293033397014369,inf,6.974399566650391,nan,11.39033971801473,inf,7.110627174377441,nan,11.423391676080428,inf,7.049501419067383,nan,11.58013476598353,inf
830,7.0004963874816895,nan,12.86358000301152,inf,6.9252471923828125,nan,11.551344623983823,inf,7.049132347106934,nan,11.898257980978087,inf,7.566337585449219,nan,18.912731566011644,inf,10.386852264404297,nan,47.06090521000624,inf,7.80954122543335,nan,4.298981683014063,inf,6.992453098297119,nan,11.393833362015357,inf,7.00753116607666,nan,11.426818139079842,inf,7.085596084594727,nan,11.583565128983537,inf
831,6.185432434082031,nan,12.867059368010814,inf,6.384732246398926,nan,11.554787167982795,inf,6.375293254852295,nan,11.90177838497766,inf,7.128817558288574,nan,18.936277245013116,inf,10.324161529541016,nan,47.12522967600671,inf,7.817259788513184,nan,4.305316303014479,inf,6.177191734313965,nan,11.397326596015773,inf,6.385204792022705,nan,11.430635957080085,inf,6.217670917510986,nan,11.587033532983696,inf
832,8.209342956542969,nan,12.870882916009577,inf,8.282835960388184,nan,11.558223911983077,inf,8.154471397399902,nan,11.905280559978564,inf,8.872879981994629,nan,18.960349390014017,inf,10.27408218383789,nan,47.18787385100586,inf,8.838454246520996,nan,4.311104516014893,inf,8.364612579345703,nan,11.400945912015231,inf,8.16594123840332,nan,11.43426245308001,inf,8.169450759887695,nan,11.590455366984315,inf
833,6.4556474685668945,nan,12.87438425101027,inf,6.46602725982666,nan,11.561690465983702,inf,6.362285137176514,nan,11.908902515979207,inf,7.076313495635986,nan,18.983521204014323,inf,10.29948616027832,nan,47.24967300600656,inf,7.293275356292725,nan,4.3171189930144465,inf,6.570939540863037,nan,11.40454989801583,inf,6.49373722076416,nan,11.43775963707958,inf,6.566454887390137,nan,11.593958250983633,inf
834,7.96135139465332,nan,12.87823728001058,inf,7.969223976135254,nan,11.565107629983686,inf,7.953746795654297,nan,11.912719634978203,inf,8.554672241210938,nan,19.003664549014502,inf,10.436002731323242,nan,47.30066700300631,inf,8.928924560546875,nan,4.322000845015282,inf,7.969463348388672,nan,11.407954772015728,inf,7.87333869934082,nan,11.441153010078779,inf,7.957189559936523,nan,11.597496415983187,inf
835,6.925389289855957,nan,12.881609503010623,inf,7.007216453552246,nan,11.568499762983265,inf,7.03900146484375,nan,11.916231798977606,inf,7.417078971862793,nan,19.02342641001451,inf,10.31291389465332,nan,47.35115610300636,inf,7.736665725708008,nan,4.326863367014084,inf,6.9688029289245605,nan,11.41132103401651,inf,6.998827934265137,nan,11.444547353077724,inf,7.0229387283325195,nan,11.601060620982025,inf
836,5.688326835632324,nan,12.885005946009187,inf,5.828797340393066,nan,11.571980356982749,inf,5.690279483795166,nan,11.919870694977362,inf,6.539731979370117,nan,19.04336124301335,inf,10.14378547668457,nan,47.40437847900648,inf,6.129829406738281,nan,4.3320059520137875,inf,5.868308067321777,nan,11.414739517016642,inf,5.995152473449707,nan,11.447918326077342,inf,5.798259735107422,nan,11.604553414981638,inf
837,5.791091442108154,nan,12.888488610007698,inf,5.9754791259765625,nan,11.575373060983111,inf,5.841738700866699,nan,11.923405779976747,inf,6.693680763244629,nan,19.063307356012956,inf,10.248522758483887,nan,47.455819963006434,inf,6.987334251403809,nan,4.336863483013076,inf,5.909616470336914,nan,11.418198701016081,inf,5.929262161254883,nan,11.451350359076969,inf,5.873035430908203,nan,11.608010377982282,inf
838,6.517001628875732,nan,12.891982114007988,inf,6.442072868347168,nan,11.578780113983157,inf,6.370214939117432,nan,11.926927764976426,inf,7.196284770965576,nan,19.086193687013292,inf,10.145627975463867,nan,47.51318463100688,inf,7.189468860626221,nan,4.343638929012741,inf,6.344459056854248,nan,11.421881878015483,inf,6.482966899871826,nan,11.455329560078098,inf,6.449300765991211,nan,11.611579792981502,inf
839,6.774415493011475,nan,12.895578170007866,inf,6.687776565551758,nan,11.58249926098324,inf,6.775528907775879,nan,11.930455199975768,inf,7.753067970275879,nan,19.109194969012606,inf,10.084403991699219,nan,47.5696453980072,inf,7.8435163497924805,nan,4.348495300013383,inf,6.872943878173828,nan,11.42529114201534,inf,6.872787952423096,nan,11.458720133077804,inf,6.751150608062744,nan,11.615144027982751,inf
840,5.972326278686523,nan,12.899001273008253,inf,5.9352030754089355,nan,11.58640613098396,inf,6.065913200378418,nan,11.93421822797427,inf,6.652092933654785,nan,19.132070459014358,inf,9.977740287780762,nan,47.633276756007035,inf,6.843100547790527,nan,4.35448622601325,inf,6.176731109619141,nan,11.428704145015217,inf,6.11671781539917,nan,11.462082446078057,inf,5.929466724395752,nan,11.61855395098246,inf
841,6.3107757568359375,nan,12.902477517007355,inf,6.41983699798584,nan,11.589789543984807,inf,6.326657295227051,nan,11.937740071973167,inf,6.970636367797852,nan,19.155234194013246,inf,10.526859283447266,nan,47.69491506800841,inf,7.024582386016846,nan,4.36044083201341,inf,6.383393287658691,nan,11.432194920014808,inf,6.331722259521484,nan,11.46549333907933,inf,6.259870529174805,nan,11.622133315982865,inf
842,7.670666694641113,nan,12.906015502006994,inf,7.603513240814209,nan,11.593496630983282,inf,7.744173049926758,nan,11.941332096972474,inf,8.183037757873535,nan,19.178325497012338,inf,10.555506706237793,nan,47.75838459300758,inf,8.838584899902344,nan,4.366572149014246,inf,7.841147422790527,nan,11.436044739015415,inf,7.739051818847656,nan,11.469136175079257,inf,7.755111217498779,nan,11.625752271982492,inf
843,5.945033073425293,nan,12.909638998005903,inf,5.764717102050781,nan,11.597018575983384,inf,5.985889434814453,nan,11.9450223039712,inf,6.644359111785889,nan,19.201488021011755,inf,10.1178617477417,nan,47.82046403100685,inf,7.072900772094727,nan,4.372582725014581,inf,6.113580226898193,nan,11.43952514301418,inf,5.9102349281311035,nan,11.472550058078923,inf,5.969707012176514,nan,11.629211495983327,inf
844,6.878962993621826,nan,12.913154343006681,inf,6.914660930633545,nan,11.600432038983854,inf,6.798494338989258,nan,11.948468087970468,inf,7.558347702026367,nan,19.22430184001132,inf,10.18166732788086,nan,47.880902188007894,inf,7.938394546508789,nan,4.377507917013645,inf,6.923340797424316,nan,11.442930967014036,inf,6.906684875488281,nan,11.476381517079062,inf,7.109132766723633,nan,11.632728290982413,inf
845,7.0446367263793945,nan,12.916607757006204,inf,7.084770202636719,nan,11.603855712985023,inf,7.282634735107422,nan,11.951971331969617,inf,8.115653991699219,nan,19.244432185010737,inf,10.364866256713867,nan,47.93602671800909,inf,8.859064102172852,nan,4.383557404013118,inf,7.2036519050598145,nan,11.446443022014137,inf,7.300017833709717,nan,11.479994293078562,inf,7.282191276550293,nan,11.63643452798351,inf
846,7.1337690353393555,nan,12.920098461005182,inf,6.925300121307373,nan,11.60745868898448,inf,7.072851657867432,nan,11.955449296969164,inf,7.616040229797363,nan,19.268495300009818,inf,10.277396202087402,nan,47.99373692100926,inf,7.99455451965332,nan,4.388400136012933,inf,7.075488090515137,nan,11.449999227013905,inf,7.159570217132568,nan,11.48348480707864,inf,7.058356285095215,nan,11.639918592984031,inf
847,5.948641777038574,nan,12.923639057005857,inf,5.838048934936523,nan,11.610943722984302,inf,5.981523036956787,nan,11.959020331967622,inf,7.091387748718262,nan,19.28828106100991,inf,10.396671295166016,nan,48.05622047401084,inf,7.327683448791504,nan,4.394357562012374,inf,5.969343662261963,nan,11.453431951013044,inf,5.964049339294434,nan,11.486847480078723,inf,5.7278337478637695,nan,11.64331650598433,inf
848,7.207798004150391,nan,12.927077171007113,inf,7.323527812957764,nan,11.61436268698344,inf,7.226189613342285,nan,11.962532996967639,inf,7.880647659301758,nan,19.311092621010175,inf,10.226506233215332,nan,48.11379416400996,inf,8.391377449035645,nan,4.399423887012745,inf,7.528146743774414,nan,11.456777544013676,inf,7.4493937492370605,nan,11.490191613078423,inf,7.389951705932617,nan,11.646967542983475,inf
849,7.142337799072266,nan,12.93047137400572,inf,6.96929407119751,nan,11.617898010983481,inf,6.989365577697754,nan,11.965972440966652,inf,7.657769203186035,nan,19.331182596009967,inf,10.108831405639648,nan,48.175065512010406,inf,7.617511749267578,nan,4.405362653013071,inf,7.030938625335693,nan,11.460204018014338,inf,7.1083173751831055,nan,11.493621637077013,inf,7.213882923126221,nan,11.650551377982993,inf
850,5.493509292602539,nan,12.933913517006658,inf,5.330901145935059,nan,11.621422415983034,inf,5.547759056091309,nan,11.969429314967783,inf,6.54049015045166,nan,19.353987415010124,inf,9.905988693237305,nan,48.23644369101021,inf,7.097247123718262,nan,4.410201684013373,inf,5.7910308837890625,nan,11.463767594013916,inf,5.651372909545898,nan,11.497103461077131,inf,5.596231460571289,nan,11.654151173983337,inf
851,6.163301467895508,nan,12.937379461005548,inf,5.9704203605651855,nan,11.62494105098267,inf,5.965775489807129,nan,11.973058630968808,inf,6.767353534698486,nan,19.374073590010084,inf,10.257125854492188,nan,48.2888245460108,inf,7.248793125152588,nan,4.415326949014343,inf,5.958133220672607,nan,11.46717122701375,inf,5.94301700592041,nan,11.500463004076664,inf,6.014676570892334,nan,11.65755611698296,inf
852,6.770013809204102,nan,12.940773574006016,inf,6.825190544128418,nan,11.62830018398381,inf,6.808341026306152,nan,11.976465303967416,inf,7.681434631347656,nan,19.393899052010966,inf,10.05133056640625,nan,48.33986786301102,inf,7.771299362182617,nan,4.420199081014289,inf,6.992120742797852,nan,11.470535579013813,inf,6.804969787597656,nan,11.503817436076133,inf,6.8965229988098145,nan,11.66109009198226,inf
853,7.182443618774414,nan,12.94415900700551,inf,7.317467212677002,nan,11.631769828984034,inf,7.227590084075928,nan,11.979998928967689,inf,7.792271614074707,nan,19.41372096401028,inf,10.376709938049316,nan,48.39092480100953,inf,7.949281692504883,nan,4.425044172014168,inf,7.192392349243164,nan,11.473898112013558,inf,7.390401363372803,nan,11.507148838076318,inf,7.242142677307129,nan,11.664469704983276,inf
854,7.509690284729004,nan,12.94801759600523,inf,7.519484043121338,nan,11.635268012983943,inf,7.463385105133057,nan,11.983488802967258,inf,8.416244506835938,nan,19.436750316010148,inf,10.313150405883789,nan,48.448336980010936,inf,8.389364242553711,nan,4.430992507013798,inf,7.740830898284912,nan,11.477367666013379,inf,7.626074314117432,nan,11.51055650107628,inf,7.677416801452637,nan,11.668118461982885,inf
855,6.731989860534668,nan,12.951510020006026,inf,6.649110794067383,nan,11.639003499984028,inf,6.588165283203125,nan,11.987085868968279,inf,7.160163879394531,nan,19.45975352800997,inf,10.391105651855469,nan,48.507643913011634,inf,7.089076995849609,nan,4.435924889014132,inf,6.768110275268555,nan,11.480860381012462,inf,6.724364280700684,nan,11.514009605076353,inf,6.659972190856934,nan,11.671715956983462,inf
856,7.390748500823975,nan,12.955642102006095,inf,7.378000259399414,nan,11.642623245983486,inf,7.506270408630371,nan,11.990736124969771,inf,8.253087997436523,nan,19.481511934010996,inf,10.350775718688965,nan,48.568927261012504,inf,8.276836395263672,nan,4.441884705012853,inf,7.591856002807617,nan,11.484304585012069,inf,7.313631534576416,nan,11.517385518074661,inf,7.421441555023193,nan,11.67534148298364,inf
857,6.289447784423828,nan,12.959051415005888,inf,6.346047878265381,nan,11.64615988098376,inf,6.244439601898193,nan,11.99416368897073,inf,7.325191497802734,nan,19.504432185010955,inf,10.348115921020508,nan,48.63088910701117,inf,7.61662483215332,nan,4.447828620013752,inf,6.426253318786621,nan,11.487721448012962,inf,6.357440948486328,nan,11.52075417107335,inf,6.101611614227295,nan,11.678737125983389,inf
858,6.678781032562256,nan,12.9624502090046,inf,6.635900497436523,nan,11.649711585983823,inf,6.707761764526367,nan,11.997633592971397,inf,7.473934173583984,nan,19.527155253010278,inf,10.32958984375,nan,48.691475976011134,inf,7.540256500244141,nan,4.4535773630123,inf,6.89349365234375,nan,11.491164432012738,inf,6.83632755279541,nan,11.524145264073013,inf,6.914861679077148,nan,11.682152408982802,inf
859,5.340385437011719,nan,12.96586946300522,inf,5.1961164474487305,nan,11.65328612198391,inf,5.288381099700928,nan,12.001106966970838,inf,6.436419486999512,nan,19.54819579001014,inf,10.095362663269043,nan,48.743450865009436,inf,6.262815475463867,nan,4.458780659011609,inf,5.412324905395508,nan,11.494907010013776,inf,5.31122350692749,nan,11.527730100073313,inf,5.37209939956665,nan,11.685752614983357,inf
860,6.089890956878662,nan,12.96945293900535,inf,6.0984907150268555,nan,11.656852436983172,inf,6.180871963500977,nan,12.004795143970114,inf,6.749806880950928,nan,19.568747421009903,inf,10.193507194519043,nan,48.796148514009474,inf,6.991250991821289,nan,4.463659571010794,inf,6.32858419418335,nan,11.498288833012339,inf,6.442385673522949,nan,11.531105403073525,inf,6.302998065948486,nan,11.689303570983611,inf
861,6.368623733520508,nan,12.972885892004342,inf,6.4149489402771,nan,11.66037165198395,inf,6.506634712219238,nan,12.00817850697058,inf,7.423938751220703,nan,19.58880600600969,inf,10.226644515991211,nan,48.84898532501029,inf,7.857442855834961,nan,4.46893836801064,inf,6.649776458740234,nan,11.50171569601298,inf,6.622962474822998,nan,11.534504306073359,inf,6.534434795379639,nan,11.692874315982408,inf
862,6.584029197692871,nan,12.976307516004454,inf,6.6449456214904785,nan,11.66387740598293,inf,6.799081325531006,nan,12.011604410970904,inf,7.770045757293701,nan,19.60884175001047,inf,10.381332397460938,nan,48.900622570008636,inf,7.542641639709473,nan,4.473784490010075,inf,6.777976989746094,nan,11.505091608012663,inf,6.75439453125,nan,11.537875289071962,inf,6.816069602966309,nan,11.696382759982953,inf
863,6.609963417053223,nan,12.979800930004785,inf,6.611517906188965,nan,11.667263488983735,inf,6.573502540588379,nan,12.015096544972039,inf,7.052102088928223,nan,19.628987865011368,inf,10.182608604431152,nan,48.9523673070089,inf,7.93998908996582,nan,4.47979303601096,inf,6.723240852355957,nan,11.50867420301256,inf,6.792706489562988,nan,11.541373473071872,inf,6.735808372497559,nan,11.699966934982513,inf
864,6.2256879806518555,nan,12.983390856004917,inf,6.256168365478516,nan,11.671287659983136,inf,6.21896505355835,nan,12.018747530972178,inf,7.149081707000732,nan,19.65219629001149,inf,10.338057518005371,nan,49.00547027100947,inf,7.422175407409668,nan,4.48494451201077,inf,6.450650691986084,nan,11.512069557013092,inf,6.2899627685546875,nan,11.544728606071658,inf,6.361825942993164,nan,11.703357477983445,inf
865,6.077533721923828,nan,12.986821030004648,inf,5.895317077636719,nan,11.674884714982909,inf,5.963897228240967,nan,12.022201734971532,inf,6.94688606262207,nan,19.672781602012037,inf,10.049078941345215,nan,49.05703626500872,inf,7.394983768463135,nan,4.490037707009833,inf,6.113048076629639,nan,11.515443510013938,inf,6.084437370300293,nan,11.548070529071992,inf,5.969593524932861,nan,11.706735049981944,inf
866,7.376712799072266,nan,12.990234943004907,inf,7.420750141143799,nan,11.678437169981407,inf,7.37028694152832,nan,12.025666098972579,inf,8.298103332519531,nan,19.69302683901151,inf,10.375688552856445,nan,49.107479025009525,inf,8.438531875610352,nan,4.49498993000816,inf,7.64508056640625,nan,11.518783032013744,inf,7.716156005859375,nan,11.551406311071332,inf,7.655462265014648,nan,11.710222114981661,inf
867,5.802429676055908,nan,12.993622757005141,inf,5.538782119750977,nan,11.681900923982539,inf,5.7417707443237305,nan,12.029197783973359,inf,6.609622001647949,nan,19.713417508011844,inf,10.222455978393555,nan,49.15834442000778,inf,7.264093399047852,nan,4.50019516600878,inf,5.853736877441406,nan,11.522200906012586,inf,5.797616004943848,nan,11.5547688040715,inf,5.735253810882568,nan,11.713628297980904,inf
868,5.303524971008301,nan,12.997117951004839,inf,5.22537899017334,nan,11.68532500798392,inf,5.262894630432129,nan,12.03267896797297,inf,6.56138801574707,nan,19.733504443011043,inf,10.177248001098633,nan,49.21100399800889,inf,6.792105674743652,nan,4.505301621007675,inf,5.550011157989502,nan,11.525705981013743,inf,5.530380725860596,nan,11.55822286707189,inf,5.504331588745117,nan,11.71710111198081,inf
869,6.898337364196777,nan,13.000698957004715,inf,6.881904602050781,nan,11.688769570982913,inf,6.856535911560059,nan,12.036230702973626,inf,7.611125469207764,nan,19.75388151101106,inf,10.105157852172852,nan,49.26465224900858,inf,7.6306915283203125,nan,4.510308774008081,inf,6.891692161560059,nan,11.529139135012883,inf,7.039873123168945,nan,11.561616830071216,inf,7.002367973327637,nan,11.720635786979983,inf
870,6.053343296051025,nan,13.004123510005229,inf,6.061980247497559,nan,11.692220304983493,inf,6.371358394622803,nan,12.039764057974025,inf,7.344641208648682,nan,19.773753863011734,inf,10.266286849975586,nan,49.31525945100839,inf,8.201987266540527,nan,4.515198006007267,inf,6.677684783935547,nan,11.532499198014193,inf,6.563343048095703,nan,11.565511879072801,inf,6.658205986022949,nan,11.724009658981231,inf
871,6.3922271728515625,nan,13.007613604004291,inf,6.400851726531982,nan,11.695615087985061,inf,6.389852523803711,nan,12.0432702819744,inf,7.312527656555176,nan,19.793741786012106,inf,10.32992172241211,nan,49.36736696200933,inf,7.747461318969727,nan,4.520299841007727,inf,6.538605690002441,nan,11.535861271015165,inf,6.532862186431885,nan,11.568840251073198,inf,6.655153274536133,nan,11.727455881980859,inf
872,6.274893760681152,nan,13.011056468003517,inf,6.249145984649658,nan,11.698994589984068,inf,6.104690074920654,nan,12.04673051597456,inf,6.714994430541992,nan,19.81405592401279,inf,10.166362762451172,nan,49.41848879100871,inf,6.74131965637207,nan,4.525269154008129,inf,6.092812538146973,nan,11.539507778015832,inf,6.3901567459106445,nan,11.572297665072256,inf,6.1731462478637695,nan,11.730947895981444,inf
873,7.710247993469238,nan,13.014526192004269,inf,7.726128578186035,nan,11.702600695984074,inf,7.851072311401367,nan,12.050329030975263,inf,7.939207077026367,nan,19.834235770013038,inf,10.422741889953613,nan,49.47034440901007,inf,8.439265251159668,nan,4.530171286009136,inf,7.870117664337158,nan,11.542932311016557,inf,7.869233131408691,nan,11.575663098072255,inf,7.869971752166748,nan,11.73437389998071,inf
874,6.902724266052246,nan,13.017960575003599,inf,7.095354080200195,nan,11.706169240984309,inf,7.000850200653076,nan,12.053826024975933,inf,7.636855125427246,nan,19.854393666013493,inf,10.377817153930664,nan,49.52150481900935,inf,7.824441909790039,nan,4.535270221009341,inf,7.122156143188477,nan,11.546376894017158,inf,7.209590435028076,nan,11.57905971107175,inf,7.169239044189453,nan,11.738012505980805,inf
875,6.005572319030762,nan,13.021362088004025,inf,6.117765426635742,nan,11.709692295984496,inf,6.119856834411621,nan,12.057300398975713,inf,6.785233974456787,nan,19.87432026901297,inf,10.132378578186035,nan,49.57324971600974,inf,7.140446662902832,nan,4.5404149560090445,inf,6.245724678039551,nan,11.549720307017196,inf,6.305169105529785,nan,11.582389593071639,inf,6.251538276672363,nan,11.741396838981018,inf
876,7.630553245544434,nan,13.024769592004304,inf,7.5749993324279785,nan,11.713073108985554,inf,7.530004501342773,nan,12.060765152975364,inf,7.990126132965088,nan,19.89441494401217,inf,10.180660247802734,nan,49.62510009401012,inf,8.529566764831543,nan,4.545314068009247,inf,7.613491058349609,nan,11.55307085001732,inf,7.620922088623047,nan,11.585761316071512,inf,7.777745246887207,nan,11.74489123298008,inf
877,6.654135227203369,nan,13.02824554700419,inf,6.558958530426025,nan,11.716464281984372,inf,6.656379222869873,nan,12.06426594797449,inf,7.328878402709961,nan,19.914466178011935,inf,10.01304817199707,nan,49.681023644010565,inf,7.489479064941406,nan,4.5503183620094205,inf,6.699604034423828,nan,11.556686476016694,inf,6.606069564819336,nan,11.589284311072333,inf,6.664005279541016,nan,11.74843282798065,inf
878,7.223352432250977,nan,13.031835013003729,inf,7.043118953704834,nan,11.71994875598466,inf,6.945906162261963,nan,12.06779634297527,inf,7.565556526184082,nan,19.937289598012285,inf,10.022192001342773,nan,49.741413340010695,inf,7.614907741546631,nan,4.5561451650100935,inf,7.315624237060547,nan,11.56011055901763,inf,6.887722492218018,nan,11.59267739407187,inf,7.145946979522705,nan,11.751951702981387,inf
879,6.2342400550842285,nan,13.035225616004027,inf,6.119112491607666,nan,11.723327428984703,inf,6.071876525878906,nan,12.071242786974835,inf,7.4672722816467285,nan,19.959856634011885,inf,10.21247673034668,nan,49.799764420009524,inf,7.412380218505859,nan,4.561935358009578,inf,6.134249687194824,nan,11.563550463017236,inf,6.278289794921875,nan,11.596047137072674,inf,6.231813907623291,nan,11.755358575981518,inf
880,6.741257190704346,nan,13.038642209005047,inf,6.628466606140137,nan,11.726831682984994,inf,6.857362747192383,nan,12.07466272997408,inf,7.476234436035156,nan,19.984090851012297,inf,10.264436721801758,nan,49.852894964009465,inf,8.153793334960938,nan,4.566883881010654,inf,6.787690162658691,nan,11.56685900501725,inf,6.870641708374023,nan,11.599345379072474,inf,6.6764068603515625,nan,11.758824089982227,inf
881,6.918846130371094,nan,13.04260193900518,inf,6.914329528808594,nan,11.73061483098536,inf,7.036273002624512,nan,12.078288075974342,inf,7.909074306488037,nan,20.005372112012992,inf,10.48415756225586,nan,49.90829341701101,inf,8.097553253173828,nan,4.572338780011705,inf,7.097644805908203,nan,11.570457030016769,inf,7.123818874359131,nan,11.6028525830734,inf,6.970460891723633,nan,11.762317454982622,inf
882,6.795316696166992,nan,13.046167305004928,inf,6.687018394470215,nan,11.734096834985394,inf,6.898783206939697,nan,12.081895811974391,inf,7.566888332366943,nan,20.026388058013254,inf,10.283212661743164,nan,49.962516755011166,inf,7.773795127868652,nan,4.577443584012144,inf,6.840506553649902,nan,11.573920694017943,inf,7.026134490966797,nan,11.606267446073616,inf,6.966068267822266,nan,11.765756498984047,inf
883,6.454763412475586,nan,13.049620259005678,inf,6.394304275512695,nan,11.737548878985763,inf,6.53201961517334,nan,12.08539971697428,inf,7.415163993835449,nan,20.04668347601364,inf,10.32002067565918,nan,50.015405317011755,inf,7.6730427742004395,nan,4.58246328801215,inf,6.684355735778809,nan,11.577282127018407,inf,6.631415367126465,nan,11.609606908074056,inf,6.611472129821777,nan,11.769184601984307,inf
884,7.296682357788086,nan,13.053048622006827,inf,7.246435642242432,nan,11.740954391985724,inf,7.401658058166504,nan,12.088852890974522,inf,8.220736503601074,nan,20.066622309013837,inf,10.40478515625,nan,50.06620576101159,inf,8.296846389770508,nan,4.587342950011589,inf,7.283114910125732,nan,11.580628229017748,inf,7.2779412269592285,nan,11.612935690072845,inf,7.313576698303223,nan,11.772709406985086,inf
885,7.215524196624756,nan,13.05641013400782,inf,7.443692684173584,nan,11.744448466984977,inf,7.463229179382324,nan,12.092307194974637,inf,8.534662246704102,nan,20.08644014001402,inf,10.499717712402344,nan,50.120074325011956,inf,8.4015531539917,nan,4.592434665009932,inf,7.4304609298706055,nan,11.584071203018539,inf,7.510027885437012,nan,11.616334273074244,inf,7.509774208068848,nan,11.776147169985052,inf
886,6.987663269042969,nan,13.05992760900699,inf,6.975255489349365,nan,11.748145673984254,inf,7.099516868591309,nan,12.095821749975585,inf,7.728649616241455,nan,20.107879082013824,inf,10.205848693847656,nan,50.17739764301223,inf,8.254386901855469,nan,4.59771461200944,inf,7.164687633514404,nan,11.587636079018921,inf,7.162782669067383,nan,11.619831068073836,inf,7.11121129989624,nan,11.77966043498418,inf
887,5.720742225646973,nan,13.063458184007686,inf,5.754486083984375,nan,11.751837730984334,inf,5.795258045196533,nan,12.099335114975474,inf,6.60093879699707,nan,20.127907956013587,inf,10.039306640625,nan,50.22922319101235,inf,7.003561019897461,nan,4.60261942400939,inf,5.920415878295898,nan,11.591016102020149,inf,5.671010494232178,nan,11.623224771074092,inf,5.662063121795654,nan,11.78309763798461,inf
888,6.709303379058838,nan,13.06694376800624,inf,6.676845550537109,nan,11.75527338498432,inf,6.770204544067383,nan,12.102848069976972,inf,7.381744861602783,nan,20.147899680012415,inf,10.216657638549805,nan,50.28034075901269,inf,7.430035591125488,nan,4.6076672290091665,inf,6.846235752105713,nan,11.594424105020153,inf,6.773669719696045,nan,11.626602464073585,inf,6.712377071380615,nan,11.786518030983643,inf
889,6.199162006378174,nan,13.070432702006656,inf,6.3219709396362305,nan,11.758670817984239,inf,6.25840950012207,nan,12.106348564977452,inf,6.48582649230957,nan,20.168092917012473,inf,9.735525131225586,nan,50.332584392011995,inf,6.705451965332031,nan,4.612776184008908,inf,6.280312538146973,nan,11.597805148019688,inf,6.2379913330078125,nan,11.629975327074135,inf,6.304567337036133,nan,11.789942173983945,inf
890,5.8349103927612305,nan,13.073869905007086,inf,5.679860591888428,nan,11.762179282985016,inf,5.793794631958008,nan,12.109776417977628,inf,6.566061973571777,nan,20.188086541011216,inf,10.116164207458496,nan,50.384443580011066,inf,6.521905899047852,nan,4.617780278009377,inf,5.754391670227051,nan,11.601331733019833,inf,5.798290729522705,nan,11.633455241073534,inf,5.828711032867432,nan,11.79341691798254,inf
891,7.193692207336426,nan,13.07740489000571,inf,7.310079574584961,nan,11.76568017698628,inf,7.056305408477783,nan,12.113349523979196,inf,7.7834014892578125,nan,20.20835911901122,inf,10.237881660461426,nan,50.43670602401107,inf,7.996718883514404,nan,4.6227895010088105,inf,7.367362022399902,nan,11.604725156019413,inf,7.279264450073242,nan,11.636821883073935,inf,7.251009464263916,nan,11.79697451298307,inf
892,6.127418041229248,nan,13.080832954005018,inf,6.082314491271973,nan,11.769187961985153,inf,6.0344343185424805,nan,12.116845818978618,inf,6.989148139953613,nan,20.228466145010316,inf,10.237275123596191,nan,50.488814746011485,inf,6.706830978393555,nan,4.627739054008998,inf,6.154735088348389,nan,11.608171609019337,inf,6.210044860839844,nan,11.640243826073856,inf,6.211911201477051,nan,11.800550508984088,inf
893,6.903269290924072,nan,13.08428194800399,inf,6.874142169952393,nan,11.772723056985342,inf,6.861494064331055,nan,12.120413294978789,inf,7.58103084564209,nan,20.24869536201004,inf,10.383745193481445,nan,50.54051603201151,inf,7.521268844604492,nan,4.6326422360089055,inf,6.84110164642334,nan,11.611541111018596,inf,6.863951683044434,nan,11.64360187807506,inf,6.82546854019165,nan,11.803970272983861,inf
894,6.25406551361084,nan,13.087693741003022,inf,6.297510623931885,nan,11.776272761986547,inf,6.442758560180664,nan,12.123874838978736,inf,7.386608123779297,nan,20.26919183201062,inf,10.204360961914062,nan,50.592774775012,inf,7.376381874084473,nan,4.637548239008538,inf,6.1807026863098145,nan,11.614975234018857,inf,6.419590950012207,nan,11.646975091074637,inf,6.269268989562988,nan,11.807435926984908,inf
895,6.540156364440918,nan,13.091168095003013,inf,6.6295270919799805,nan,11.779724465986874,inf,6.369782447814941,nan,12.127366822978729,inf,7.211236953735352,nan,20.29060067401042,inf,9.978673934936523,nan,50.647286987010375,inf,7.451730251312256,nan,4.642749625008946,inf,6.809200286865234,nan,11.618777473018781,inf,6.731355667114258,nan,11.650694638074128,inf,6.757396697998047,nan,11.811266475986486,inf
896,6.741686820983887,nan,13.09495683300338,inf,6.691349983215332,nan,11.7832934709877,inf,6.6793060302734375,nan,12.130933987979006,inf,7.238637924194336,nan,20.312993098010338,inf,10.205594062805176,nan,50.70291231301053,inf,7.4228363037109375,nan,4.647693248009091,inf,6.707667350769043,nan,11.62222404701788,inf,6.745644569396973,nan,11.654089891073454,inf,6.705404281616211,nan,11.814713989986558,inf
897,7.962231159210205,nan,13.098397597002986,inf,7.877084732055664,nan,11.786801615988225,inf,7.817102909088135,nan,12.134347261979201,inf,8.305196762084961,nan,20.33308742301051,inf,10.405830383300781,nan,50.75528640801167,inf,8.628988265991211,nan,4.652836503009894,inf,8.103919982910156,nan,11.625631310018434,inf,7.963534355163574,nan,11.657474644072863,inf,7.989924430847168,nan,11.8182312639874,inf
898,8.301547050476074,nan,13.101893862003635,inf,8.258980751037598,nan,11.790222419987913,inf,8.249619483947754,nan,12.137827315978939,inf,8.71030044555664,nan,20.355528998010413,inf,10.310937881469727,nan,50.807914796010664,inf,8.664974212646484,nan,4.6578499670104065,inf,8.333314895629883,nan,11.629090284017366,inf,8.397252082824707,nan,11.660864917072104,inf,8.492936134338379,nan,11.821661007987132,inf
899,7.273505687713623,nan,13.105397027004074,inf,7.234202861785889,nan,11.793628743987938,inf,7.257187366485596,nan,12.141354280978703,inf,7.682511329650879,nan,20.37548553101078,inf,10.389525413513184,nan,50.864055838010245,inf,8.148285865783691,nan,4.663163754010384,inf,7.256402015686035,nan,11.632653279018996,inf,7.355886936187744,nan,11.664373722071105,inf,7.254388809204102,nan,11.825180271987847,inf
900,7.483227729797363,6.517292022705078,13.108935691003353,inf,7.47902774810791,5.626465320587158,11.79708652798945,inf,7.440859794616699,6.257756233215332,12.144826824978736,inf,8.000669479370117,7.758070468902588,20.393268696010637,inf,10.53228759765625,10.472677230834961,50.91617861901068,inf,8.087217330932617,8.735583305358887,4.668298649008648,inf,7.585120677947998,7.806240081787109,11.636296345019218,inf,7.571994781494141,7.255818843841553,11.667930537070788,inf,7.523630142211914,6.995479583740234,11.828727346986852,inf
901,6.1231255531311035,nan,13.11248680600329,inf,6.1650285720825195,nan,11.800605282989636,inf,6.089744567871094,nan,12.14994139997907,inf,7.1112847328186035,nan,20.41326760000993,inf,10.054731369018555,nan,50.9685371530104,inf,7.282596588134766,nan,4.6733134430087375,inf,6.240814208984375,nan,11.639963401019486,inf,6.362911701202393,nan,11.671543733069484,inf,6.196230411529541,nan,11.832322462987577,inf
902,6.192450523376465,nan,13.116121662003934,inf,6.087461948394775,nan,11.80419187798907,inf,6.080571174621582,nan,12.15356721597891,inf,7.157382965087891,nan,20.43336122501023,inf,10.269216537475586,nan,51.02001994601051,inf,7.209048271179199,nan,4.6783206470081495,inf,6.105109214782715,nan,11.64340388401979,inf,6.344964027404785,nan,11.674956166069023,inf,6.359238147735596,nan,11.835778485987248,inf
903,6.389561653137207,nan,13.119591216003755,inf,6.472957611083984,nan,11.807731882989174,inf,6.3845672607421875,nan,12.157042179978816,inf,6.804662704467773,nan,20.453191917009462,inf,9.998172760009766,nan,51.07149871001093,inf,7.149979114532471,nan,4.683267140007956,inf,6.6158647537231445,nan,11.646856308019778,inf,6.544163703918457,nan,11.678358689068773,inf,6.5080461502075195,nan,11.839348950987187,inf
904,7.385377407073975,nan,13.123023090003699,inf,7.413544654846191,nan,11.811247947989614,inf,7.177572250366211,nan,12.160613065980215,inf,7.517246723175049,nan,20.47319556100956,inf,10.230107307434082,nan,51.12336323901036,inf,8.056614875793457,nan,4.688148982007988,inf,7.382374286651611,nan,11.650383043019247,inf,7.213572978973389,nan,11.681827123069525,inf,7.4946489334106445,nan,11.842866114986464,inf
905,6.6286396980285645,nan,13.126514934003353,inf,6.624514579772949,nan,11.814886633988863,inf,6.720207214355469,nan,12.164081919980163,inf,7.243765830993652,nan,20.49265223700968,inf,9.820589065551758,nan,51.1747280010095,inf,7.240177154541016,nan,4.6930572140081495,inf,6.778778076171875,nan,11.6537545760184,inf,6.745449066162109,nan,11.685181386068507,inf,6.727542877197266,nan,11.846361829986563,inf
906,5.747615814208984,nan,13.12998693800182,inf,5.716907501220703,nan,11.818284096989373,inf,5.614128112792969,nan,12.167574913979479,inf,6.294734001159668,nan,20.51234915700843,inf,9.992624282836914,nan,51.226126383009614,inf,6.781857490539551,nan,4.697956686008183,inf,5.849885940551758,nan,11.6571305690195,inf,5.74224328994751,nan,11.688578989067537,inf,5.774115562438965,nan,11.849869334986579,inf
907,6.1890716552734375,nan,13.133390611001232,inf,6.127410888671875,nan,11.821768490988688,inf,6.206732749938965,nan,12.171073458979663,inf,6.985780239105225,nan,20.532110178008224,inf,10.402578353881836,nan,51.27735532400948,inf,7.328943729400635,nan,4.702807997007767,inf,6.226175308227539,nan,11.660514172019248,inf,6.122419357299805,nan,11.691956362066776,inf,6.224332332611084,nan,11.853519950986083,inf
908,8.12934398651123,nan,13.136897306001629,inf,8.15646743774414,nan,11.82534826698975,inf,8.21364974975586,nan,12.17459687397968,inf,8.309666633605957,nan,20.551876019009796,inf,10.348539352416992,nan,51.328760507009065,inf,9.086447715759277,nan,4.707767630006856,inf,8.304295539855957,nan,11.663959726020039,inf,8.242025375366211,nan,11.695387716066762,inf,8.239203453063965,nan,11.857058495985257,inf
909,7.0019097328186035,nan,13.140342250002504,inf,6.92351770401001,nan,11.828896061988416,inf,7.000720977783203,nan,12.178251069979524,inf,7.580541133880615,nan,20.573127779009155,inf,9.911684036254883,nan,51.382066703008604,inf,7.873227119445801,nan,4.7128776450081205,inf,7.333983421325684,nan,11.667584022019582,inf,7.193892002105713,nan,11.698989241067466,inf,7.251368522644043,nan,11.86050895898552,inf
910,7.785659313201904,nan,13.143759233002129,inf,7.551819801330566,nan,11.832448426988776,inf,7.737030029296875,nan,12.18170991397892,inf,8.161216735839844,nan,20.594341748010265,inf,10.247682571411133,nan,51.43619249000949,inf,8.333564758300781,nan,4.7177650070079835,inf,7.690631866455078,nan,11.670958515020175,inf,7.772635459899902,nan,11.702338584067547,inf,7.773556709289551,nan,11.864124784986416,inf
911,5.705079078674316,nan,13.147405889003494,inf,5.607460021972656,nan,11.835850390987616,inf,5.724404811859131,nan,12.185730964978575,inf,6.4608564376831055,nan,20.61445692300913,inf,10.069143295288086,nan,51.48730054800944,inf,6.735326766967773,nan,4.722712859007515,inf,5.818376541137695,nan,11.67443495002044,inf,5.745383262634277,nan,11.705786988068212,inf,6.000789642333984,nan,11.868106385985811,inf
912,6.363766670227051,nan,13.151162517004195,inf,6.294132232666016,nan,11.839600338986202,inf,6.3333940505981445,nan,12.189326340978369,inf,7.335943222045898,nan,20.63788476000991,inf,10.058013916015625,nan,51.54051092400914,inf,7.439087390899658,nan,4.727717433006546,inf,6.297504425048828,nan,11.67797059501936,inf,6.593389987945557,nan,11.709255562067483,inf,6.735405445098877,nan,11.871591809986057,inf
913,6.741629600524902,nan,13.154670231004275,inf,6.6389265060424805,nan,11.843192624986841,inf,6.681694030761719,nan,12.192823484978362,inf,7.363491058349609,nan,20.658793035010603,inf,10.366259574890137,nan,51.593398265009455,inf,7.86536169052124,nan,4.732668255006502,inf,6.888469696044922,nan,11.681554911019703,inf,6.935530185699463,nan,11.712808367066827,inf,6.834799766540527,nan,11.87511264398563,inf
914,7.470155239105225,nan,13.158167926003443,inf,7.097017288208008,nan,11.846700048987259,inf,7.387443542480469,nan,12.196428650979215,inf,7.851942539215088,nan,20.67844283401064,inf,10.507834434509277,nan,51.643790584010276,inf,8.63070011138916,nan,4.737604427007682,inf,7.552801609039307,nan,11.684959524020087,inf,7.267075061798096,nan,11.716181580066404,inf,7.296606063842773,nan,11.878548527985913,inf
915,7.099703311920166,nan,13.161639090003519,inf,7.014867782592773,nan,11.850196443987443,inf,7.184192657470703,nan,12.199946485980036,inf,7.850446701049805,nan,20.698109674010993,inf,10.348373413085938,nan,51.69411402201149,inf,7.872331619262695,nan,4.74253478000719,inf,7.23448371887207,nan,11.688344367021273,inf,7.141387939453125,nan,11.719530953067078,inf,7.207548141479492,nan,11.882082542986609,inf
916,6.193778991699219,nan,13.165046693004115,inf,6.208640098571777,nan,11.85368530798769,inf,6.339658260345459,nan,12.203509531978852,inf,6.636033058166504,nan,20.717688583010386,inf,9.862862586975098,nan,51.74528597101016,inf,7.061203479766846,nan,4.747494263006956,inf,6.238192081451416,nan,11.691715900022245,inf,6.399129867553711,nan,11.722902716066528,inf,6.3692851066589355,nan,11.885491076987819,inf
917,7.210894584655762,nan,13.168702599003154,inf,7.1385817527771,nan,11.857205381986205,inf,7.110474586486816,nan,12.207081396978538,inf,7.717119216918945,nan,20.73770038700968,inf,10.145353317260742,nan,51.79840316501031,inf,7.752237796783447,nan,4.752597148006316,inf,7.504341125488281,nan,11.695163443022466,inf,7.293807029724121,nan,11.72632470006647,inf,7.442827224731445,nan,11.888940220987934,inf
918,7.197589874267578,nan,13.172126212002695,inf,6.923158168792725,nan,11.860742785987895,inf,7.081428050994873,nan,12.210553930979586,inf,7.654131889343262,nan,20.757666960011193,inf,10.152560234069824,nan,51.85035642501134,inf,8.02659797668457,nan,4.757972046005307,inf,7.327907562255859,nan,11.698662457023602,inf,7.041622638702393,nan,11.729787975065847,inf,7.14613676071167,nan,11.8925553659883,inf
919,6.497134685516357,nan,13.175571976003994,inf,6.64479398727417,nan,11.86431294198701,inf,6.39959192276001,nan,12.214165006980693,inf,7.539032936096191,nan,20.778410683011316,inf,10.08979606628418,nan,51.90313622501162,inf,7.669064998626709,nan,4.76311185200575,inf,6.813943386077881,nan,11.70201091902345,inf,6.74802303314209,nan,11.733113298065291,inf,6.72379732131958,nan,11.895935087988619,inf
920,5.945652008056641,nan,13.178983369003618,inf,5.802772521972656,nan,11.867838546986604,inf,6.000555515289307,nan,12.2176712519813,inf,7.0762152671813965,nan,20.798221204011497,inf,10.091846466064453,nan,51.95407835201331,inf,7.013181209564209,nan,4.768102686006387,inf,5.992073059082031,nan,11.705381101022795,inf,6.140976428985596,nan,11.736460230065859,inf,5.996041297912598,nan,11.899435092987915,inf
921,5.052847862243652,nan,13.182403553004406,inf,5.136723041534424,nan,11.871337450986175,inf,5.208439350128174,nan,12.221212786980686,inf,6.095117092132568,nan,20.818184497011316,inf,9.890480041503906,nan,52.00515735001318,inf,6.58219051361084,nan,4.773010458005956,inf,5.294693946838379,nan,11.70884414502325,inf,5.392394065856934,nan,11.739854143064804,inf,5.418295383453369,nan,11.90305651998824,inf
922,6.6859941482543945,nan,13.185863317003168,inf,6.720654010772705,nan,11.87506132798626,inf,6.556103229522705,nan,12.224874702980742,inf,7.070346832275391,nan,20.841517243012277,inf,10.054399490356445,nan,52.060081157012974,inf,7.33499002456665,nan,4.777933760005908,inf,6.925695896148682,nan,11.712228478023462,inf,6.832204341888428,nan,11.743214355064993,inf,6.763552188873291,nan,11.906595804988683,inf
923,6.757743835449219,nan,13.189327651001804,inf,6.728481769561768,nan,11.878489311986414,inf,6.662269592285156,nan,12.228433067981314,inf,7.719540596008301,nan,20.861693799011846,inf,10.176654815673828,nan,52.111598751012934,inf,8.061507225036621,nan,4.782813802004966,inf,6.84616756439209,nan,11.715665272024125,inf,7.072031021118164,nan,11.746602788063683,inf,6.923797607421875,nan,11.909994318990357,inf
924,6.464596748352051,nan,13.193142399000862,inf,6.466255187988281,nan,11.882197438986623,inf,6.504939079284668,nan,12.23206164398107,inf,7.232772350311279,nan,20.88125347701316,inf,10.22313404083252,nan,52.16314904501269,inf,7.407159328460693,nan,4.787689564005632,inf,6.760506629943848,nan,11.719029114025034,inf,6.591769695281982,nan,11.749935000063488,inf,6.555950164794922,nan,11.9134560929906,inf
925,7.595618724822998,nan,13.196609993001402,inf,7.549627304077148,nan,11.885571881986834,inf,7.600252628326416,nan,12.23552761798237,inf,7.777212142944336,nan,20.901121020013306,inf,10.275339126586914,nan,52.21559153101225,inf,8.446880340576172,nan,4.7925833060053264,inf,7.696269989013672,nan,11.722488928024177,inf,7.810043811798096,nan,11.753353564063218,inf,7.807661056518555,nan,11.916926096992029,inf
926,6.098310947418213,nan,13.200100047000888,inf,6.15110969543457,nan,11.889302328987469,inf,6.186647415161133,nan,12.239230224982748,inf,7.082343101501465,nan,20.923591835013212,inf,10.388110160827637,nan,52.27542205001191,inf,6.928256988525391,nan,4.798405580006147,inf,6.463918685913086,nan,11.726231365024432,inf,6.25889778137207,nan,11.756969090063649,inf,6.35112190246582,nan,11.920536762992924,inf
927,7.208636283874512,nan,13.203662101999726,inf,7.16166877746582,nan,11.892860544987343,inf,7.2073163986206055,nan,12.24272916998234,inf,7.536443710327148,nan,20.943558218012186,inf,10.284249305725098,nan,52.33060495001155,inf,7.800755500793457,nan,4.803404394006066,inf,7.47177267074585,nan,11.729817631023252,inf,7.256174087524414,nan,11.760480184064363,inf,7.428055286407471,nan,11.924076047993367,inf
928,5.821043968200684,nan,13.207182046000526,inf,5.956501007080078,nan,11.896329608987799,inf,6.064239501953125,nan,12.246341355981713,inf,6.691231727600098,nan,20.963559122012157,inf,9.893978118896484,nan,52.382036593011435,inf,6.75189733505249,nan,4.808297766006945,inf,6.1698994636535645,nan,11.733220324022113,inf,6.072519302368164,nan,11.763839476063367,inf,6.151506423950195,nan,11.927574132992959,inf
929,6.976037502288818,nan,13.21062694000102,inf,6.787606716156006,nan,11.899672011988514,inf,7.036031246185303,nan,12.249734318982519,inf,7.357748031616211,nan,20.98438360601176,inf,9.969430923461914,nan,52.434575389010206,inf,7.58039665222168,nan,4.8132588590069645,inf,7.173830986022949,nan,11.7366070770222,inf,7.097542762756348,nan,11.767200629063154,inf,6.921978950500488,nan,11.931019425994236,inf
930,6.135683059692383,nan,13.214106444000208,inf,5.929945945739746,nan,11.903106134988775,inf,6.303356170654297,nan,12.253220812981453,inf,6.610372066497803,nan,21.004431560011653,inf,10.10245132446289,nan,52.49046794801143,inf,7.274057865142822,nan,4.818453225007033,inf,6.390247344970703,nan,11.740323094021733,inf,6.328822135925293,nan,11.770782204062925,inf,6.149075508117676,nan,11.934600071994282,inf
931,6.192634105682373,nan,13.217653108999002,inf,5.978955268859863,nan,11.90677831198991,inf,6.351290702819824,nan,12.256712397982483,inf,6.764813423156738,nan,21.024470884010952,inf,10.017501831054688,nan,52.545452746011506,inf,6.84299373626709,nan,4.824049286007721,inf,6.321621894836426,nan,11.743757218022438,inf,6.2364091873168945,nan,11.774237168063337,inf,6.432720184326172,nan,11.938064685995414,inf
932,6.353941917419434,nan,13.221152483998594,inf,6.212794303894043,nan,11.910224535989983,inf,6.452215194702148,nan,12.260205412982032,inf,7.326035499572754,nan,21.04780331001166,inf,10.292024612426758,nan,52.60349629301163,inf,7.94253396987915,nan,4.829954621007346,inf,6.598918914794922,nan,11.747262903023511,inf,6.695016860961914,nan,11.777651832064294,inf,6.553022384643555,nan,11.941539249995913,inf
933,6.685054779052734,nan,13.224594327997693,inf,6.853630065917969,nan,11.913791550989117,inf,6.848135948181152,nan,12.263660546983374,inf,7.230154037475586,nan,21.07057665901266,inf,10.09628677368164,nan,52.664408996011844,inf,7.821176052093506,nan,4.835878506006338,inf,7.161232948303223,nan,11.750696067023455,inf,6.793724060058594,nan,11.781025035064886,inf,6.928838729858398,nan,11.944969933994798,inf
934,7.747841835021973,nan,13.228075051996711,inf,7.635293960571289,nan,11.917211383988615,inf,7.775735378265381,nan,12.267163770982734,inf,8.008506774902344,nan,21.092198544012717,inf,10.287185668945312,nan,52.72290418901139,inf,8.307629585266113,nan,4.841103403006855,inf,7.932356834411621,nan,11.754425044022355,inf,7.8548583984375,nan,11.784841214064727,inf,7.791433334350586,nan,11.948774281994702,inf
935,8.112546920776367,nan,13.231612306997704,inf,8.35483169555664,nan,11.92075944798853,inf,8.141983032226562,nan,12.27090977898115,inf,8.179525375366211,nan,21.11205190601322,inf,10.45170783996582,nan,52.77462180501243,inf,9.019608497619629,nan,4.845982055006971,inf,8.325384140014648,nan,11.757822708021195,inf,8.336387634277344,nan,11.788197517063963,inf,8.42243766784668,nan,11.952263376995688,inf
936,8.104331970214844,nan,13.235071070997947,inf,8.09699821472168,nan,11.924125379988254,inf,8.150215148925781,nan,12.274389082980633,inf,8.482614517211914,nan,21.131636614012677,inf,10.463726043701172,nan,52.82636068201282,inf,8.961761474609375,nan,4.850885787007428,inf,8.261728286743164,nan,11.761314872021103,inf,8.152274131774902,nan,11.791637011065177,inf,8.225543022155762,nan,11.955722490996777,inf
937,6.445946216583252,nan,13.23856446499849,inf,6.484243869781494,nan,11.927574703988284,inf,6.480592250823975,nan,12.277921217981202,inf,7.070197105407715,nan,21.151322754012654,inf,10.158977508544922,nan,52.877780905011605,inf,7.550344944000244,nan,4.855767609007671,inf,6.95445442199707,nan,11.764689365021695,inf,6.959125518798828,nan,11.794993783065365,inf,6.740370750427246,nan,11.959198124995964,inf
938,5.8244853019714355,nan,13.242023439997865,inf,5.899599075317383,nan,11.930928275987753,inf,5.765463829040527,nan,12.281384371981403,inf,6.474998950958252,nan,21.171143896011927,inf,10.058204650878906,nan,52.92883196301045,inf,6.540201187133789,nan,4.86067613200612,inf,5.959463119506836,nan,11.768078948021866,inf,6.066653251647949,nan,11.798368156065408,inf,6.033720016479492,nan,11.962630737994914,inf
939,6.642555236816406,nan,13.245443152996813,inf,6.751336574554443,nan,11.93447342098807,inf,6.671054840087891,nan,12.284843225981604,inf,7.11095666885376,nan,21.191036838012224,inf,10.090276718139648,nan,52.979841800011855,inf,7.542410373687744,nan,4.865487043005487,inf,6.922358512878418,nan,11.771497991021533,inf,6.860400676727295,nan,11.801757840064965,inf,6.758695602416992,nan,11.966042391994051,inf
940,7.370448112487793,nan,13.248914886995408,inf,7.444934844970703,nan,11.937920774988015,inf,7.558363914489746,nan,12.28835589998198,inf,7.700037479400635,nan,21.211701190013628,inf,10.163558959960938,nan,53.033084236010836,inf,8.034750938415527,nan,4.870362025005306,inf,7.723267555236816,nan,11.774938894021034,inf,7.648744583129883,nan,11.805159983065096,inf,7.545112133026123,nan,11.969598846993904,inf
941,7.2829461097717285,nan,13.252355390995945,inf,7.361529350280762,nan,11.941439489986806,inf,7.44029426574707,nan,12.291995725981906,inf,7.834752559661865,nan,21.231969207014117,inf,10.44833755493164,nan,53.08382644000994,inf,8.3837890625,nan,4.8752782180054055,inf,7.424437046051025,nan,11.77854001902233,inf,7.325123310089111,nan,11.808588976065948,inf,7.521134853363037,nan,11.973168401993462,inf
942,5.798890590667725,nan,13.25577870399502,inf,5.8797712326049805,nan,11.944969454985767,inf,5.811044692993164,nan,12.295632482981091,inf,6.785749435424805,nan,21.251738758013744,inf,10.280562400817871,nan,53.134258010009944,inf,7.371168613433838,nan,4.8801576100067905,inf,6.200772285461426,nan,11.781902202023048,inf,6.152458190917969,nan,11.811885568065918,inf,6.02924108505249,nan,11.976728436991834,inf
943,6.329309463500977,nan,13.259169506995022,inf,6.272737503051758,nan,11.948470569985147,inf,6.390216827392578,nan,12.299072306979724,inf,7.074874401092529,nan,21.271583770012512,inf,10.248170852661133,nan,53.185148056008984,inf,7.609861373901367,nan,4.885136303008039,inf,6.804200172424316,nan,11.78544105702349,inf,6.766157150268555,nan,11.815370422065826,inf,6.721765995025635,nan,11.980222420990685,inf
944,7.764685153961182,nan,13.262663530995269,inf,7.643674850463867,nan,11.952084035985536,inf,7.617587089538574,nan,12.302630931979365,inf,8.57196044921875,nan,21.291223140011425,inf,10.426973342895508,nan,53.23649302700869,inf,8.499090194702148,nan,4.890075935007189,inf,7.681980133056641,nan,11.788853590023791,inf,7.718806743621826,nan,11.818751695065657,inf,7.817207336425781,nan,11.983654214991475,inf
945,7.094298362731934,nan,13.266133964994879,inf,7.023820400238037,nan,11.955489048985328,inf,7.04727840423584,nan,12.306137015979402,inf,7.319607734680176,nan,21.310897010012923,inf,10.059064865112305,nan,53.288158913008374,inf,7.6263275146484375,nan,4.895010718008052,inf,7.069787979125977,nan,11.79228849302308,inf,7.11329460144043,nan,11.822189999065813,inf,7.229964256286621,nan,11.987312741990536,inf
946,6.167731285095215,nan,13.26960270899508,inf,6.073284149169922,nan,11.958953052984725,inf,6.027653694152832,nan,12.309660270979293,inf,6.957103252410889,nan,21.33057998001277,inf,10.21987533569336,nan,53.339513005008484,inf,6.940608024597168,nan,4.89987519000897,inf,6.257346153259277,nan,11.795645895022972,inf,6.280782222747803,nan,11.825534871066338,inf,6.398868560791016,nan,11.990811976991608,inf
947,5.676231384277344,nan,13.272983551994912,inf,5.636822700500488,nan,11.962428837985499,inf,5.850103855133057,nan,12.313232815980882,inf,7.042963027954102,nan,21.352876633012784,inf,10.407919883728027,nan,53.39886066800864,inf,7.458768844604492,nan,4.905595992009694,inf,5.918519973754883,nan,11.799072068022724,inf,5.991312503814697,nan,11.828919504067017,inf,5.833063125610352,nan,11.994248490991595,inf
948,6.522951126098633,nan,13.276468786994883,inf,6.471090316772461,nan,11.965849731985145,inf,6.603184700012207,nan,12.316742070979672,inf,7.323061466217041,nan,21.375044484013415,inf,10.083294868469238,nan,53.45837134400972,inf,7.212491035461426,nan,4.910700117010492,inf,6.68674373626709,nan,11.802688294023028,inf,6.641652584075928,nan,11.832452229067712,inf,6.55720329284668,nan,11.997779045992502,inf
949,6.991412162780762,nan,13.280068932996073,inf,6.643361568450928,nan,11.969336126985581,inf,6.659317970275879,nan,12.32033264598067,inf,7.631441116333008,nan,21.394930236012442,inf,10.456674575805664,nan,53.5107939090085,inf,8.365947723388672,nan,4.915738631010754,inf,7.202615261077881,nan,11.806258410022565,inf,6.915616512298584,nan,11.835941594068572,inf,7.021759986877441,nan,12.00128844999199,inf
950,6.396040439605713,nan,13.283581737996428,inf,6.483424186706543,nan,11.972940912986815,inf,6.275756359100342,nan,12.323851160981576,inf,6.834313869476318,nan,21.41504393201285,inf,10.024873733520508,nan,53.562421104008536,inf,7.496841907501221,nan,4.920899356011432,inf,6.481441497802734,nan,11.809785164021378,inf,6.465829849243164,nan,11.839345327069168,inf,6.402872085571289,nan,12.004739693991723,inf
951,6.579170227050781,nan,13.287054411995996,inf,6.411014556884766,nan,11.976552117985193,inf,6.4565019607543945,nan,12.327394355981596,inf,7.1485185623168945,nan,21.4348478830143,inf,10.184196472167969,nan,53.614059909008574,inf,7.54695987701416,nan,4.925900730011563,inf,6.788229465484619,nan,11.81313793602203,inf,6.6801862716674805,nan,11.842702320069293,inf,6.618073463439941,nan,12.008347619990673,inf
952,7.7219672203063965,nan,13.290480004996425,inf,7.763144493103027,nan,11.980066472984618,inf,7.79311466217041,nan,12.330845809981838,inf,7.791008472442627,nan,21.454932248014302,inf,10.087657928466797,nan,53.66620976100785,inf,7.821974277496338,nan,4.931717004012171,inf,7.910768508911133,nan,11.816668481020315,inf,8.07425594329834,nan,11.846166124068986,inf,7.851731300354004,nan,12.012029076990075,inf
953,6.352871894836426,nan,13.293965189996015,inf,6.3110809326171875,nan,11.9836166479854,inf,6.43143367767334,nan,12.334298222982397,inf,7.06791353225708,nan,21.47563666001406,inf,10.138605117797852,nan,53.72673017900706,inf,7.2141876220703125,nan,4.937532728012229,inf,6.539066314697266,nan,11.820069555020382,inf,6.538900375366211,nan,11.849522197067927,inf,6.507229804992676,nan,12.015421739990416,inf
954,6.541659355163574,nan,13.297381993996169,inf,6.580014228820801,nan,11.987127762986347,inf,6.5726728439331055,nan,12.337677375982821,inf,7.303235054016113,nan,21.49794436301454,inf,10.202221870422363,nan,53.787105826006155,inf,7.182910919189453,nan,4.943295981012852,inf,6.652551651000977,nan,11.823608699021861,inf,6.657697677612305,nan,11.853002002066205,inf,6.5967020988464355,nan,12.018896223989941,inf
955,6.321048736572266,nan,13.300955408994923,inf,6.31942081451416,nan,11.990671418985585,inf,6.251775741577148,nan,12.34143225398293,inf,6.6044721603393555,nan,21.520295847014495,inf,10.118656158447266,nan,53.8452791350046,inf,6.888611793518066,nan,4.949030944011611,inf,6.546797752380371,nan,11.82703805302117,inf,6.457822799682617,nan,11.856381775067348,inf,6.412004470825195,nan,12.022315956990496,inf
956,7.594602108001709,nan,13.30437125199387,inf,7.316319465637207,nan,11.99408457298523,inf,7.414304256439209,nan,12.344913388982604,inf,7.816234111785889,nan,21.54273165201448,inf,10.240559577941895,nan,53.905136284003675,inf,8.462417602539062,nan,4.954891128012605,inf,7.781964302062988,nan,11.830494317020566,inf,7.4794769287109375,nan,11.859811288068158,inf,7.680757999420166,nan,12.02576290099023,inf
957,6.950161933898926,nan,13.308241920993169,inf,6.999974250793457,nan,11.997579136985223,inf,6.921670436859131,nan,12.348439183982919,inf,7.257258415222168,nan,21.562603454014607,inf,9.962249755859375,nan,53.957626860003074,inf,7.697601795196533,nan,4.959839921011735,inf,7.142570972442627,nan,11.833902050020697,inf,7.110305309295654,nan,11.863216551068035,inf,7.191044807434082,nan,12.029157553990444,inf
958,7.5795111656188965,nan,13.312268991994642,inf,7.819953441619873,nan,12.00117681298434,inf,7.709953308105469,nan,12.351834756982498,inf,7.937151908874512,nan,21.584855616014465,inf,10.211418151855469,nan,54.01748083000348,inf,8.352365493774414,nan,4.965622265011916,inf,7.797461986541748,nan,11.837384804020985,inf,7.650023460388184,nan,11.86667173506794,inf,7.870260238647461,nan,12.032630177989631,inf
959,7.393237113952637,nan,13.315747295993788,inf,7.433462142944336,nan,12.004787888983628,inf,7.4967122077941895,nan,12.355368450982496,inf,7.768369674682617,nan,21.607396652016178,inf,10.439200401306152,nan,54.072276605003935,inf,8.131657600402832,nan,4.970697020011357,inf,7.550317764282227,nan,11.840894598020896,inf,7.462709426879883,nan,11.870117399068477,inf,7.507424354553223,nan,12.036211642989656,inf
960,6.906859874725342,nan,13.319178649993773,inf,6.961721420288086,nan,12.00832577298388,inf,6.904102325439453,nan,12.359036167981685,inf,7.497860431671143,nan,21.62691713001732,inf,10.353410720825195,nan,54.13011626900334,inf,8.061003684997559,nan,4.976528394010529,inf,7.372499465942383,nan,11.844317532022615,inf,7.084233283996582,nan,11.87348086206839,inf,7.169939994812012,nan,12.039731896989906,inf
961,7.112770080566406,nan,13.32258725299289,inf,6.973827838897705,nan,12.011805897982413,inf,7.146339416503906,nan,12.36256683298052,inf,7.960046768188477,nan,21.64946360601607,inf,10.299215316772461,nan,54.189795617003256,inf,8.049615859985352,nan,4.982268827010557,inf,7.155632972717285,nan,11.847799436021887,inf,7.156344413757324,nan,11.876909126067403,inf,7.195364952087402,nan,12.043289361989082,inf
962,7.050049781799316,nan,13.326043106993893,inf,6.9504241943359375,nan,12.015286412983187,inf,7.059057712554932,nan,12.366159688979678,inf,7.427111625671387,nan,21.67199295201499,inf,9.987882614135742,nan,54.24941374300215,inf,8.103740692138672,nan,4.987545184010742,inf,7.413122177124023,nan,11.851295040021796,inf,7.166703224182129,nan,11.880307899067702,inf,7.242961883544922,nan,12.046716935989025,inf
963,6.798057556152344,nan,13.329494909992718,inf,6.708739280700684,nan,12.018946638983834,inf,6.731241226196289,nan,12.369656522978403,inf,7.343987941741943,nan,21.691581220014996,inf,10.270120620727539,nan,54.302246403001845,inf,7.6982421875,nan,4.992695779012138,inf,6.874685764312744,nan,11.854737954021402,inf,6.84174108505249,nan,11.883701142067366,inf,6.870556831359863,nan,12.050274150989935,inf
964,6.838407516479492,nan,13.332938962992557,inf,6.67873477935791,nan,12.022477153985164,inf,6.833022594451904,nan,12.373241238979972,inf,7.8679962158203125,nan,21.711584104014037,inf,10.238393783569336,nan,54.35278849500173,inf,7.9263811111450195,nan,4.997678672012626,inf,6.8791656494140625,nan,11.858089657021992,inf,6.911479949951172,nan,11.88706128506783,inf,6.953343391418457,nan,12.053752804989927,inf
965,6.9484052658081055,nan,13.33635909599252,inf,6.775725364685059,nan,12.02586440698542,inf,6.935794830322266,nan,12.37676361297963,inf,7.340914726257324,nan,21.731475537013466,inf,10.13626480102539,nan,54.404436340002576,inf,7.554265975952148,nan,5.003202632013199,inf,7.276786804199219,nan,11.861697513022591,inf,7.253798484802246,nan,11.890700681067756,inf,7.205009460449219,nan,12.057340579989614,inf
966,6.680727481842041,nan,13.339982291992783,inf,6.575203895568848,nan,12.029445632986608,inf,6.907390594482422,nan,12.380335378978998,inf,7.314311981201172,nan,21.75155478101442,inf,10.066938400268555,nan,54.455947384001774,inf,7.561530113220215,nan,5.00817884501339,inf,7.071001052856445,nan,11.865170607023174,inf,6.877048015594482,nan,11.8941415850677,inf,6.89475154876709,nan,12.06092207499023,inf
967,6.935274600982666,nan,13.343412404992705,inf,6.995034217834473,nan,12.032930366987785,inf,6.936689376831055,nan,12.383904444977816,inf,8.095114707946777,nan,21.771656806015017,inf,10.218606948852539,nan,54.5081636060022,inf,7.96955680847168,nan,5.013093998013574,inf,7.288883686065674,nan,11.86858738002411,inf,7.081199645996094,nan,11.897527038066983,inf,7.295835971832275,nan,12.064463389990124,inf
968,7.091280460357666,nan,13.346830067992414,inf,7.084589958190918,nan,12.03641765098655,inf,7.049180030822754,nan,12.38742133897722,inf,8.185979843139648,nan,21.793200139014516,inf,10.316545486450195,nan,54.5629029410029,inf,8.421159744262695,nan,5.018255354012581,inf,7.447912216186523,nan,11.87207527402461,inf,7.325653076171875,nan,11.900965282065954,inf,7.443957805633545,nan,12.067936713991003,inf
969,6.583892345428467,nan,13.350331271993127,inf,6.670416831970215,nan,12.040077946987367,inf,6.748744010925293,nan,12.390950003977196,inf,7.470216751098633,nan,21.813521187015795,inf,10.1759033203125,nan,54.61332092100383,inf,7.697240829467773,nan,5.023148636013502,inf,6.889790058135986,nan,11.875500008025483,inf,6.7591047286987305,nan,11.904370575066423,inf,6.771093368530273,nan,12.071475897992059,inf
970,5.986915588378906,nan,13.353747574994486,inf,5.894684791564941,nan,12.043595630986601,inf,5.9525017738342285,nan,12.394509898977049,inf,7.046773910522461,nan,21.83398167701671,inf,10.352376937866211,nan,54.665575864004495,inf,7.137564659118652,nan,5.028030578012476,inf,6.208063125610352,nan,11.878991263025455,inf,6.075033664703369,nan,11.907824169065861,inf,6.183613300323486,nan,12.074984532991948,inf
971,6.668949127197266,nan,13.35724513999412,inf,6.767801284790039,nan,12.047055384986379,inf,6.664222717285156,nan,12.398069123975802,inf,7.4795427322387695,nan,21.854162283016194,inf,10.311474800109863,nan,54.71748741200463,inf,7.881819725036621,nan,5.032983161012453,inf,7.059232711791992,nan,11.882476837025024,inf,6.930515289306641,nan,11.91126360306589,inf,6.968952655792236,nan,12.078510317991459,inf
972,8.041937828063965,nan,13.360746773993014,inf,8.020158767700195,nan,12.050504758984971,inf,8.040145874023438,nan,12.401623998975992,inf,8.934139251708984,nan,21.873936194015187,inf,10.12398910522461,nan,54.769957678005085,inf,8.633682250976562,nan,5.0382049980107695,inf,8.236161231994629,nan,11.885906561024967,inf,8.091174125671387,nan,11.91465640606657,inf,8.172483444213867,nan,12.082110583993199,inf
973,6.7471795082092285,nan,13.364180937993297,inf,6.766435623168945,nan,12.054028853985074,inf,6.732264518737793,nan,12.405068932976064,inf,7.343010425567627,nan,21.894149581014062,inf,10.247418403625488,nan,54.82151277300545,inf,7.668729782104492,nan,5.043228521009951,inf,6.970876216888428,nan,11.889301304025139,inf,6.858633041381836,nan,11.918029949067204,inf,6.790247440338135,nan,12.08552821799276,inf
974,6.809418678283691,nan,13.367603810993387,inf,6.814990997314453,nan,12.05758788998537,inf,6.858178615570068,nan,12.40856931797498,inf,7.510109901428223,nan,21.914362427014566,inf,9.983088493347168,nan,54.87351387400486,inf,7.607889175415039,nan,5.048121183010153,inf,7.083959579467773,nan,11.892810689025282,inf,6.8133015632629395,nan,11.921471063065837,inf,7.027568817138672,nan,12.088989871992453,inf
975,6.172184944152832,nan,13.371075834993462,inf,6.1253981590271,nan,12.061174715985544,inf,6.223845481872559,nan,12.412101232976056,inf,6.5216064453125,nan,21.934074068014525,inf,9.976938247680664,nan,54.9244960510041,inf,7.0064311027526855,nan,5.0529765950104775,inf,6.416807651519775,nan,11.896156721026273,inf,6.394988059997559,nan,11.924801466066128,inf,6.4326982498168945,nan,12.092503315992872,inf
976,7.039966583251953,nan,13.374483697994947,inf,7.150125503540039,nan,12.064665379984945,inf,7.11590051651001,nan,12.415653718975591,inf,7.4117865562438965,nan,21.954368065014933,inf,10.160273551940918,nan,54.976462561004155,inf,7.935791015625,nan,5.057910478009944,inf,7.416730880737305,nan,11.899513433025277,inf,7.307723045349121,nan,11.928136818065468,inf,7.293691158294678,nan,12.096034080992467,inf
977,6.86435604095459,nan,13.377856619994418,inf,6.860233306884766,nan,12.068147303984006,inf,6.761979103088379,nan,12.419189823975103,inf,8.035906791687012,nan,21.974622502015336,inf,10.305106163024902,nan,55.02869821400418,inf,7.9851250648498535,nan,5.062848790010321,inf,7.304696083068848,nan,11.902929306026635,inf,6.857256889343262,nan,11.931507831066483,inf,6.970191955566406,nan,12.099452583992388,inf
978,8.009476661682129,nan,13.381331733993648,inf,8.015144348144531,nan,12.071577767983399,inf,8.176383972167969,nan,12.422720458975164,inf,8.429052352905273,nan,21.99501370001417,inf,10.410029411315918,nan,55.080334529004176,inf,8.492277145385742,nan,5.0678439540097315,inf,8.135727882385254,nan,11.906322689026638,inf,8.236050605773926,nan,11.934872004067074,inf,8.225958824157715,nan,12.102971207992596,inf
979,7.038021087646484,nan,13.384799807994568,inf,7.127466201782227,nan,12.074976460982725,inf,7.0942792892456055,nan,12.426239853975858,inf,7.549891471862793,nan,22.016452402012874,inf,10.07403564453125,nan,55.13928304700312,inf,7.886131286621094,nan,5.072781217009833,inf,7.250741481781006,nan,11.909952175026774,inf,7.108521938323975,nan,11.938418169065699,inf,7.149852752685547,nan,12.106523022992405,inf
980,6.003873348236084,nan,13.388354102993617,inf,5.961307525634766,nan,12.078695997983232,inf,5.963085651397705,nan,12.429804388977573,inf,6.679389476776123,nan,22.03642823601149,inf,10.230533599853516,nan,55.191264097002204,inf,6.983681678771973,nan,5.077669439011515,inf,6.021092414855957,nan,11.913364149026165,inf,5.987513542175293,nan,11.94179655206608,inf,6.051054000854492,nan,12.10994604599182,inf
981,6.1959614753723145,nan,13.391802685993753,inf,6.27732515335083,nan,12.082118511982117,inf,6.189579963684082,nan,12.433349833978355,inf,6.512033462524414,nan,22.05675554401205,inf,9.99936294555664,nan,55.24560844700318,inf,7.196928977966309,nan,5.0829355450114235,inf,6.459598541259766,nan,11.916751392025617,inf,6.355812072753906,nan,11.945154125065528,inf,6.29116153717041,nan,12.113463670992132,inf
982,6.19096040725708,nan,13.395898407994537,inf,6.016915321350098,nan,12.086189883983025,inf,6.1500244140625,nan,12.437390774979576,inf,6.83866024017334,nan,22.077274275012314,inf,10.149612426757812,nan,55.29740570500326,inf,7.096203327178955,nan,5.08792953801094,inf,6.514165878295898,nan,11.920231076026539,inf,6.3720550537109375,nan,11.948611009065644,inf,6.4637651443481445,nan,12.116945654992378,inf
983,6.907779693603516,nan,13.399997269994856,inf,6.72289514541626,nan,12.08973528898241,inf,6.599575996398926,nan,12.44132251498013,inf,6.955111026763916,nan,22.10152007301258,inf,10.248071670532227,nan,55.35981510700367,inf,7.361845016479492,nan,5.094893956011219,inf,6.879634857177734,nan,11.924277677026112,inf,6.893703460693359,nan,11.952561640066051,inf,7.013606071472168,nan,12.1208486149917,inf
984,6.510062217712402,nan,13.403722646993629,inf,6.47952938079834,nan,12.093288193982517,inf,6.470334529876709,nan,12.44501335197856,inf,6.78662109375,nan,22.12562212901321,inf,10.016255378723145,nan,55.42461424900466,inf,6.980050086975098,nan,5.101740483012691,inf,6.581198215484619,nan,11.927874092027196,inf,6.554847717285156,nan,11.956110856066516,inf,6.578185081481934,nan,12.124519930992392,inf
985,6.169414520263672,nan,13.407240181993984,inf,6.176086902618408,nan,12.096841719981967,inf,6.367102146148682,nan,12.448650437978358,inf,7.135148048400879,nan,22.150193711013344,inf,10.201105117797852,nan,55.48656621500413,inf,7.608948707580566,nan,5.1070330400125385,inf,6.602535247802734,nan,11.931345766028244,inf,6.593593597412109,nan,11.959775373066805,inf,6.619167327880859,nan,12.127973743992698,inf
986,7.5724053382873535,nan,13.410711315993467,inf,7.648637771606445,nan,12.100384534982368,inf,7.5759358406066895,nan,12.452226682977198,inf,8.429386138916016,nan,22.170612480013006,inf,10.29615592956543,nan,55.54812721700364,inf,8.46955394744873,nan,5.111934492013461,inf,7.7589592933654785,nan,11.934879561029447,inf,7.758900165557861,nan,11.96348399006638,inf,7.792754173278809,nan,12.131441697993068,inf
987,6.73661994934082,nan,13.41416403999392,inf,6.789831161499023,nan,12.103949399983321,inf,6.754638671875,nan,12.45570882697757,inf,7.3972344398498535,nan,22.1940915380128,inf,10.421117782592773,nan,55.607617512003344,inf,7.53972053527832,nan,5.118444405012269,inf,6.984036445617676,nan,11.938884172030157,inf,6.921299934387207,nan,11.967012235067159,inf,6.886962890625,nan,12.135163025994189,inf
988,6.066052436828613,nan,13.41770594499394,inf,6.161435127258301,nan,12.107570475984176,inf,6.184016227722168,nan,12.459435443977782,inf,7.229931831359863,nan,22.214646379014084,inf,10.36530590057373,nan,55.65979203400275,inf,7.330578804016113,nan,5.1234784490116,inf,6.339829444885254,nan,11.942373797030086,inf,6.120444297790527,nan,11.970459929067147,inf,6.330265045166016,nan,12.138620119994812,inf
989,5.830309867858887,nan,13.421156727994457,inf,5.905198097229004,nan,12.111173011984647,inf,5.998789310455322,nan,12.462923077977393,inf,6.406696319580078,nan,22.234787075014538,inf,9.923165321350098,nan,55.71068581000327,inf,6.728928565979004,nan,5.128417422010898,inf,6.112769603729248,nan,11.94579885002895,inf,6.012467384338379,nan,11.973851802067657,inf,6.18663215637207,nan,12.14204228399467,inf
990,6.786425590515137,nan,13.424629131994152,inf,6.589531898498535,nan,12.114744046984924,inf,6.659416675567627,nan,12.466402021977046,inf,7.228963851928711,nan,22.254813889014258,inf,10.089455604553223,nan,55.76194821100398,inf,7.6025824546813965,nan,5.1334275050103315,inf,6.793346405029297,nan,11.94918272302857,inf,6.868010520935059,nan,11.977246255066348,inf,6.941679000854492,nan,12.145441596994715,inf
991,6.158213138580322,nan,13.4280548649931,inf,6.221338748931885,nan,12.118351772985989,inf,6.255217552185059,nan,12.469886035976742,inf,7.362079620361328,nan,22.274471068014464,inf,10.18596076965332,nan,55.814118473002964,inf,7.497688293457031,nan,5.138495689010597,inf,6.633376598358154,nan,11.952583386027982,inf,6.600376129150391,nan,11.980623528066644,inf,6.417845726013184,nan,12.148868079993917,inf
992,7.273343086242676,nan,13.431533539993325,inf,7.296507358551025,nan,12.121777675985868,inf,7.359378337860107,nan,12.473433520977778,inf,7.370203971862793,nan,22.295036119014185,inf,10.126385688781738,nan,55.86621524500151,inf,7.723342418670654,nan,5.143608684011269,inf,7.420590400695801,nan,11.955996899028833,inf,7.609384059906006,nan,11.984002581066306,inf,7.570029258728027,nan,12.152426344993728,inf
993,6.96876859664917,nan,13.434949233993393,inf,6.846261978149414,nan,12.125288350986011,inf,6.905302047729492,nan,12.476952184977563,inf,7.1780877113342285,nan,22.315607210013695,inf,10.184028625488281,nan,55.91885735300093,inf,7.515204429626465,nan,5.14858200701201,inf,7.116860866546631,nan,11.959364172029382,inf,6.999500274658203,nan,11.987359833065057,inf,6.955110549926758,nan,12.155936639992433,inf
994,8.260242462158203,nan,13.438423728992348,inf,8.228799819946289,nan,12.128709583985255,inf,8.367210388183594,nan,12.48044421997838,inf,8.525223731994629,nan,22.335782096013645,inf,10.330530166625977,nan,55.971227727999576,inf,9.188825607299805,nan,5.153535500012367,inf,8.583155632019043,nan,11.96283013602988,inf,8.532037734985352,nan,11.990790427063985,inf,8.439817428588867,nan,12.15938612399259,inf
995,6.842082500457764,nan,13.44187812299242,inf,6.805771827697754,nan,12.132289108983969,inf,6.860431671142578,nan,12.483940924978015,inf,7.467779159545898,nan,22.356131994012685,inf,10.351576805114746,nan,56.023821174998375,inf,7.624733924865723,nan,5.158404732012059,inf,7.127134323120117,nan,11.966253210028299,inf,7.01124906539917,nan,11.994191140063776,inf,6.9989519119262695,nan,12.162829956992937,inf
996,8.065890312194824,nan,13.445316346991603,inf,7.922966480255127,nan,12.135728691982877,inf,7.921753883361816,nan,12.487482088976321,inf,8.721124649047852,nan,22.37673382601315,inf,10.568202018737793,nan,56.075214626998786,inf,8.900355339050293,nan,5.163490556011311,inf,8.13546371459961,nan,11.969940867027617,inf,8.250160217285156,nan,11.997767726064922,inf,8.115034103393555,nan,12.166414632991291,inf
997,6.157273292541504,nan,13.448880242991436,inf,6.102246284484863,nan,12.139395838983546,inf,6.185181140899658,nan,12.49103533397647,inf,6.736176490783691,nan,22.39715153501311,inf,9.870622634887695,nan,56.12729345799926,inf,6.964226245880127,nan,5.168599231012195,inf,6.428161144256592,nan,11.973307619027764,inf,6.400880336761475,nan,12.001102178064684,inf,6.239511013031006,nan,12.169912946990735,inf
998,6.964066505432129,nan,13.452331216991297,inf,6.983242988586426,nan,12.14279283198266,inf,6.988178730010986,nan,12.494568608975896,inf,7.758719444274902,nan,22.417565304012896,inf,10.28643798828125,nan,56.17973599299876,inf,7.910490036010742,nan,5.173541334012043,inf,7.0457000732421875,nan,11.97675502302809,inf,7.165014266967773,nan,12.004504842065217,inf,7.204395294189453,nan,12.17350461199021,inf
999,4.943262100219727,nan,13.455777640991073,inf,4.960168838500977,nan,12.146353516982344,inf,5.002179145812988,nan,12.498029812975801,inf,6.324586868286133,nan,22.437747760013735,inf,9.915849685668945,nan,56.231524129998434,inf,6.55221700668335,nan,5.178552957011561,inf,5.263970375061035,nan,11.980103156027326,inf,5.172385215759277,nan,12.007858085064072,inf,5.148677825927734,nan,12.17696439599058,inf
1000,6.712130546569824,7.117536544799805,13.45920423399184,inf,6.869673252105713,6.2532854080200195,12.149775670983217,inf,6.860698699951172,8.302972793579102,12.501493266974649,inf,7.683383941650391,7.337963104248047,22.45488166701398,inf,10.439748764038086,10.04177474975586,56.2847056449973,inf,8.114323616027832,7.0056562423706055,5.183674102010627,inf,7.167501449584961,6.854992866516113,11.983893134027312,inf,7.06306266784668,7.3073883056640625,12.011572932064155,inf,7.081823348999023,7.069349765777588,12.180734243989718,inf
1001,6.15629768371582,nan,13.462878820992046,inf,6.246868133544922,nan,12.153366215983624,inf,6.356204986572266,nan,12.505292844974974,inf,6.9067583084106445,nan,22.47781818801377,inf,10.371589660644531,nan,56.33969656299814,inf,6.845618724822998,nan,5.189169461011261,inf,6.141772270202637,nan,11.987625971027228,inf,6.297747611999512,nan,12.015203318063868,inf,6.2721147537231445,nan,12.18456721298935,inf
1002,6.707366943359375,nan,13.467470279991176,inf,6.593543529510498,nan,12.157501338982911,inf,6.69576358795166,nan,12.508910910975828,inf,7.145835876464844,nan,22.498798954013182,inf,10.120406150817871,nan,56.39062392899723,inf,7.605769157409668,nan,5.1943222760110075,inf,6.923482894897461,nan,11.991145095027605,inf,6.740833282470703,nan,12.018676712064917,inf,6.776824474334717,nan,12.188194989990734,inf
1003,6.470479965209961,nan,13.470923883989599,inf,6.484616279602051,nan,12.161099693981669,inf,6.451875686645508,nan,12.512363024974547,inf,7.415854454040527,nan,22.518398242013063,inf,10.147624969482422,nan,56.44163597599618,inf,7.612104415893555,nan,5.199349890010126,inf,7.031587600708008,nan,11.994646350027324,inf,6.59846305847168,nan,12.02214254606588,inf,6.603261947631836,nan,12.1916831339895,inf
1004,6.456974983215332,nan,13.47442574798879,inf,6.174226760864258,nan,12.16452328698142,inf,6.361745834350586,nan,12.515901699975075,inf,7.131035804748535,nan,22.538637348012344,inf,10.044954299926758,nan,56.49273546499535,inf,7.342193603515625,nan,5.20437840401064,inf,6.509774208068848,nan,11.998110784026721,inf,6.286936283111572,nan,12.025666841065686,inf,6.638266563415527,nan,12.195225788989774,inf
1005,7.427196502685547,nan,13.477959742987878,inf,7.265840530395508,nan,12.168139532981513,inf,7.489323616027832,nan,12.519427514975177,inf,8.128194808959961,nan,22.558540581012494,inf,10.277589797973633,nan,56.54364137099401,inf,8.403696060180664,nan,5.209243265009718,inf,7.704042434692383,nan,12.001542078025523,inf,7.5318474769592285,nan,12.0290740450655,inf,7.5646653175354,nan,12.19865006198961,inf
1006,6.817264556884766,nan,13.481439586987108,inf,6.892447471618652,nan,12.171482984982504,inf,6.929149150848389,nan,12.522885148973728,inf,7.306469440460205,nan,22.578421133011943,inf,10.06567096710205,nan,56.59498964299382,inf,7.8468732833862305,nan,5.214192538009229,inf,7.119726181030273,nan,12.005007052024666,inf,7.086236953735352,nan,12.032496818066647,inf,7.142156600952148,nan,12.202115685988247,inf
1007,6.652448654174805,nan,13.484961801987083,inf,6.788169860839844,nan,12.174920278981517,inf,6.77897834777832,nan,12.52642997397379,inf,7.47513484954834,nan,22.59843119701145,inf,10.103253364562988,nan,56.645754666993525,inf,7.413273334503174,nan,5.219025379008599,inf,6.945322513580322,nan,12.008361515023353,inf,6.818733215332031,nan,12.03582623006696,inf,6.9569292068481445,nan,12.205490578988247,inf
1008,6.8563151359558105,nan,13.488346804988396,inf,6.869958877563477,nan,12.178402792982524,inf,6.822587013244629,nan,12.529864117974284,inf,7.578248023986816,nan,22.618086047012184,inf,10.194748878479004,nan,56.69668464399365,inf,7.798192501068115,nan,5.223974882008406,inf,7.031771659851074,nan,12.011903920023542,inf,6.831154823303223,nan,12.03930838506676,inf,6.954952716827393,nan,12.208996303988897,inf
1009,7.191330909729004,nan,13.491945890988063,inf,7.053958892822266,nan,12.181906717982201,inf,7.127415657043457,nan,12.533445552975536,inf,7.656820297241211,nan,22.637938489011503,inf,10.239182472229004,nan,56.74831495999388,inf,8.039734840393066,nan,5.228916624007979,inf,7.241212844848633,nan,12.015368194022813,inf,7.261431694030762,nan,12.04275556806715,inf,7.416678428649902,nan,12.212448337988462,inf
1010,6.347069263458252,nan,13.496036262988127,inf,6.150547981262207,nan,12.18540005198156,inf,6.28818941116333,nan,12.537102228974618,inf,6.757513999938965,nan,22.660394364011154,inf,9.887227058410645,nan,56.799527679993844,inf,6.950094223022461,nan,5.233785666006952,inf,6.397406101226807,nan,12.018734787023277,inf,6.170060634613037,nan,12.046128321066135,inf,6.405387878417969,nan,12.215974562986958,inf
1011,6.289246559143066,nan,13.499432505988807,inf,6.377083778381348,nan,12.18888008598151,inf,6.291553974151611,nan,12.540653163974639,inf,7.145736217498779,nan,22.68012793401067,inf,10.088558197021484,nan,56.85039030599364,inf,7.449406623840332,nan,5.238674908006942,inf,6.358880043029785,nan,12.022089129022788,inf,6.47285795211792,nan,12.049471604066639,inf,6.463421821594238,nan,12.219452206985807,inf
1012,4.716310501098633,nan,13.502883869989091,inf,4.785309314727783,nan,12.192296559982424,inf,4.877667427062988,nan,12.544122567975137,inf,6.07550573348999,nan,22.699916725010553,inf,9.78574275970459,nan,56.901082369993674,inf,6.040770530700684,nan,5.243547750005746,inf,5.039066314697266,nan,12.025434651022806,inf,5.13641881942749,nan,12.052834687066934,inf,4.839623928070068,nan,12.222845029984455,inf
1013,7.329407691955566,nan,13.506332003988064,inf,7.489742279052734,nan,12.195673401982276,inf,7.684564590454102,nan,12.547594231975381,inf,7.860381126403809,nan,22.723532444009834,inf,10.298379898071289,nan,56.95223754899234,inf,8.122669219970703,nan,5.248351031004859,inf,7.317378997802734,nan,12.028830224022386,inf,7.38459587097168,nan,12.05621160006558,inf,7.460268020629883,nan,12.226430544984396,inf
1014,6.124982833862305,nan,13.510299743988071,inf,6.076052188873291,nan,12.199548820983182,inf,6.146323204040527,nan,12.55131391897703,inf,6.8880085945129395,nan,22.74743330800993,inf,9.972311019897461,nan,57.01351534699279,inf,7.135570526123047,nan,5.253635358003521,inf,6.635247230529785,nan,12.032344388022466,inf,6.207821846008301,nan,12.059699575065679,inf,6.291271686553955,nan,12.22992232998513,inf
1015,6.745926380157471,nan,13.513862978988982,inf,6.544838905334473,nan,12.203014014983637,inf,6.821631908416748,nan,12.554845543976626,inf,6.646406173706055,nan,22.771149579009943,inf,9.993307113647461,nan,57.070518280992474,inf,7.462749004364014,nan,5.258553070003472,inf,6.836859703063965,nan,12.035752661022343,inf,6.771406173706055,nan,12.06308996806547,inf,6.935976982116699,nan,12.233511715985514,inf
1016,6.7343363761901855,nan,13.517286491987761,inf,6.689289569854736,nan,12.20675426298476,inf,6.670201301574707,nan,12.558678582978246,inf,7.736611843109131,nan,22.7923801880097,inf,10.17878532409668,nan,57.12865515899102,inf,7.553313255310059,nan,5.263429891003398,inf,6.90186882019043,nan,12.039308987023105,inf,6.70573091506958,nan,12.066605163065105,inf,6.8208770751953125,nan,12.237463335986831,inf
1017,6.406219482421875,nan,13.520949688987457,inf,6.246664047241211,nan,12.210247526985768,inf,6.402931213378906,nan,12.56233098897792,inf,7.136690139770508,nan,22.8156512230089,inf,10.161659240722656,nan,57.18322546199124,inf,7.186446189880371,nan,5.2692598850026116,inf,6.560744285583496,nan,12.042767051023475,inf,6.457662105560303,nan,12.070031987066614,inf,6.682351112365723,nan,12.240915729986227,inf
1018,7.294675827026367,nan,13.524380112987274,inf,7.362462520599365,nan,12.213825621985961,inf,7.434115409851074,nan,12.565850852977746,inf,7.864719390869141,nan,22.838129748010033,inf,10.364335060119629,nan,57.236774891991445,inf,8.381491661071777,nan,5.274216298003012,inf,7.4354753494262695,nan,12.046313286022269,inf,7.549124717712402,nan,12.073501391067111,inf,7.480368137359619,nan,12.244546105986956,inf
1019,6.421017169952393,nan,13.527887706986803,inf,6.608061790466309,nan,12.217420857987236,inf,6.58513069152832,nan,12.569296186977226,inf,7.393265724182129,nan,22.858026341009463,inf,10.127607345581055,nan,57.289007424989904,inf,7.939824104309082,nan,5.2791358700014825,inf,6.768232822418213,nan,12.049717799021892,inf,6.994210243225098,nan,12.077094866068364,inf,6.937378406524658,nan,12.247983029987154,inf
1020,6.129406452178955,nan,13.531332410986579,inf,6.020323753356934,nan,12.220952072988439,inf,6.113463878631592,nan,12.57269663997613,inf,6.534030914306641,nan,22.87794943401059,inf,10.089834213256836,nan,57.34081310299007,inf,6.747627258300781,nan,5.284114723001039,inf,6.145493507385254,nan,12.053143232022194,inf,6.261324405670166,nan,12.08046451906921,inf,6.290881633758545,nan,12.251426623986845,inf
1021,6.664124011993408,nan,13.534828635985832,inf,6.449200630187988,nan,12.224362906988972,inf,6.751141548156738,nan,12.576191224974536,inf,7.165594100952148,nan,22.897759305011277,inf,9.912126541137695,nan,57.39265286098998,inf,6.893119812011719,nan,5.289015735001158,inf,6.560740947723389,nan,12.056508055022277,inf,6.706562042236328,nan,12.083848532069169,inf,6.561392307281494,nan,12.254824536987144,inf
1022,6.29220724105835,nan,13.538387631986552,inf,6.140875339508057,nan,12.228770192989032,inf,6.408383846282959,nan,12.580174844973953,inf,6.6061625480651855,nan,22.91842877801173,inf,9.840106964111328,nan,57.4458634269904,inf,6.81413459777832,nan,5.294007338001393,inf,6.318896293640137,nan,12.0600896010219,inf,6.39310884475708,nan,12.087336346068696,inf,6.2854814529418945,nan,12.258336970988239,inf
1023,6.387201309204102,nan,13.541911936987162,inf,6.47560453414917,nan,12.232396108987814,inf,6.590734481811523,nan,12.58370867897429,inf,6.914280414581299,nan,22.938303001012173,inf,9.859729766845703,nan,57.50834399999076,inf,6.852431297302246,nan,5.300994166000237,inf,6.377103328704834,nan,12.063499834022878,inf,6.353002548217773,nan,12.090722629069205,inf,6.540816307067871,nan,12.261901675987247,inf
1024,7.615211486816406,nan,13.545316619987716,inf,7.664084434509277,nan,12.235899603987491,inf,7.758542060852051,nan,12.587129461975564,inf,8.092157363891602,nan,22.958339465012614,inf,10.419672012329102,nan,57.565853329990205,inf,8.738777160644531,nan,5.30622016199959,inf,7.758983612060547,nan,12.066935137023393,inf,7.946453094482422,nan,12.094151383069402,inf,7.930057525634766,nan,12.265340778987593,inf
1025,5.602512359619141,nan,13.548800373986523,inf,5.431429862976074,nan,12.239572630987823,inf,5.388772964477539,nan,12.590649236974059,inf,6.387965202331543,nan,22.980919412013463,inf,9.963459014892578,nan,57.61933996899097,inf,6.914202690124512,nan,5.311169864999101,inf,5.647883892059326,nan,12.070276829022987,inf,5.6753082275390625,nan,12.097496676069568,inf,5.704068183898926,nan,12.268803862987625,inf
1026,7.436588287353516,nan,13.552257417986766,inf,7.350540637969971,nan,12.243014024988952,inf,7.420900821685791,nan,12.594146100973376,inf,7.5557756423950195,nan,23.001036278014,inf,10.307503700256348,nan,57.67593885698989,inf,8.504109382629395,nan,5.3169927389990335,inf,7.857901573181152,nan,12.073749163022512,inf,7.854848861694336,nan,12.10090820906953,inf,7.680483341217041,nan,12.272390998987248,inf
1027,6.185305595397949,nan,13.555703201987853,inf,5.948476791381836,nan,12.246579199989355,inf,6.102761268615723,nan,12.597639355974025,inf,7.03248929977417,nan,23.0227818240146,inf,10.157220840454102,nan,57.728306371989675,inf,7.152594566345215,nan,5.3218942009989405,inf,6.510619640350342,nan,12.0771675770211,inf,6.490339279174805,nan,12.104363463069603,inf,6.383835792541504,nan,12.275840282985882,inf
1028,6.522356986999512,nan,13.559154175987715,inf,6.448641777038574,nan,12.250138765990414,inf,6.43342399597168,nan,12.601086249975197,inf,7.370800971984863,nan,23.042884389014944,inf,10.15943431854248,nan,57.78053278498919,inf,7.7945733070373535,nan,5.326902515000256,inf,6.805459022521973,nan,12.080523829021331,inf,6.799489974975586,nan,12.107699395068266,inf,6.741066932678223,nan,12.27934561798611,inf
1029,7.213135242462158,nan,13.562539258988181,inf,7.0450592041015625,nan,12.253625509991252,inf,7.134410858154297,nan,12.604547793975144,inf,7.7762837409973145,nan,23.063280618014687,inf,10.089613914489746,nan,57.83295861099032,inf,8.08663558959961,nan,5.331851267999809,inf,7.4857587814331055,nan,12.083916482020868,inf,7.480219841003418,nan,12.11107503806852,inf,7.46368932723999,nan,12.282762820987045,inf
1030,6.187873840332031,nan,13.565978831988105,inf,6.20481014251709,nan,12.25701789399136,inf,6.013967514038086,nan,12.608036028974311,inf,6.903961181640625,nan,23.083266162015207,inf,10.248848915100098,nan,57.88521809399026,inf,7.8129730224609375,nan,5.337023414000214,inf,6.493611812591553,nan,12.087275695021162,inf,6.548291206359863,nan,12.114421240068623,inf,6.574675559997559,nan,12.286153253986413,inf
1031,8.67494010925293,nan,13.56937926498722,inf,8.555540084838867,nan,12.260401036992334,inf,8.62297248840332,nan,12.611517072975403,inf,8.655954360961914,nan,23.103371107015846,inf,10.318120956420898,nan,57.93808607498977,inf,8.516079902648926,nan,5.342071807999673,inf,8.537956237792969,nan,12.09086519002085,inf,8.553077697753906,nan,12.117906854069588,inf,8.580265998840332,nan,12.289645518985708,inf
1032,6.9516167640686035,nan,13.572941079986776,inf,6.912845134735107,nan,12.264118553992375,inf,7.004694938659668,nan,12.615010856976369,inf,7.445828437805176,nan,23.12321441901622,inf,10.187594413757324,nan,57.98980559198935,inf,7.432367324829102,nan,5.3469435299994075,inf,7.13754940032959,nan,12.09431243401923,inf,7.175787925720215,nan,12.121336298070673,inf,7.092654228210449,nan,12.293220824985838,inf
1033,7.101078510284424,nan,13.576346592986738,inf,7.105436325073242,nan,12.267604188993573,inf,7.133585453033447,nan,12.61852015097611,inf,7.805912971496582,nan,23.143514306015277,inf,10.309187889099121,nan,58.0415578789889,inf,8.046882629394531,nan,5.35190945299837,inf,7.278824806213379,nan,12.097746408020612,inf,7.291254043579102,nan,12.124737461072073,inf,7.229645252227783,nan,12.29680440998709,inf
1034,6.173470497131348,nan,13.579785226986132,inf,6.154385089874268,nan,12.271124732993485,inf,6.154075622558594,nan,12.62204046597617,inf,6.812385559082031,nan,23.163578521014642,inf,10.027503967285156,nan,58.09234838398879,inf,6.768950939178467,nan,5.35692597599882,inf,6.439116954803467,nan,12.10135820402138,inf,6.275786876678467,nan,12.128070523071074,inf,6.436820983886719,nan,12.300363434987958,inf
1035,7.5329718589782715,nan,13.583183689985162,inf,7.242362022399902,nan,12.274649516994032,inf,7.430485725402832,nan,12.62564967097569,inf,7.82857608795166,nan,23.186248058014826,inf,10.309713363647461,nan,58.146613042988974,inf,8.042718887329102,nan,5.362129391998678,inf,7.430379867553711,nan,12.104888519021188,inf,7.404444694519043,nan,12.131539177071318,inf,7.65578031539917,nan,12.303872198988756,inf
1036,6.538613319396973,nan,13.586739564983873,inf,6.737404823303223,nan,12.278170820995001,inf,6.677978515625,nan,12.629352477975772,inf,7.287601470947266,nan,23.20669391701449,inf,10.114362716674805,nan,58.20080265098841,inf,7.371814727783203,nan,5.368228888999511,inf,6.924808502197266,nan,12.108526745021663,inf,6.794825553894043,nan,12.135085422070915,inf,6.924689292907715,nan,12.30743338398861,inf
1037,6.240819931030273,nan,13.590295169984529,inf,6.000455379486084,nan,12.281724275993838,inf,6.200030326843262,nan,12.633034374975978,inf,6.8903303146362305,nan,23.22667794001427,inf,10.210285186767578,nan,58.25660770898685,inf,7.126880645751953,nan,5.373596706998796,inf,6.154232978820801,nan,12.111934788021244,inf,6.426687240600586,nan,12.138437365070786,inf,6.557724475860596,nan,12.31097201898956,inf
1038,8.099857330322266,nan,13.593699703984385,inf,8.015070915222168,nan,12.285253110994745,inf,8.290882110595703,nan,12.636603739974817,inf,8.17895221710205,nan,23.247125899013554,inf,10.148748397827148,nan,58.31406989798597,inf,8.740670204162598,nan,5.378803782998148,inf,8.34431266784668,nan,12.115362192022076,inf,8.312518119812012,nan,12.141815718070575,inf,8.367860794067383,nan,12.314501413988182,inf
1039,7.240857124328613,nan,13.597176487985053,inf,7.152118682861328,nan,12.288691933994414,inf,7.199100017547607,nan,12.640126224974665,inf,7.696939945220947,nan,23.2671326630134,inf,10.220643997192383,nan,58.36620993998622,inf,7.992389678955078,nan,5.383756215996982,inf,7.3961639404296875,nan,12.118782745021235,inf,7.503060340881348,nan,12.145231531070749,inf,7.4342360496521,nan,12.31809247998899,inf
1040,6.606334686279297,nan,13.60077515298508,inf,6.565570831298828,nan,12.292161657995166,inf,6.673791885375977,nan,12.643678149974221,inf,6.937808513641357,nan,23.28736861901416,inf,10.145027160644531,nan,58.42031233698617,inf,7.776365280151367,nan,5.3889940829958505,inf,6.834573268890381,nan,12.122363840020626,inf,7.043207168579102,nan,12.148745826070808,inf,6.816129207611084,nan,12.321764645988878,inf
1041,6.667961120605469,nan,13.604316657985692,inf,6.629399299621582,nan,12.295794593996106,inf,6.6938581466674805,nan,12.6471764039743,inf,6.831714630126953,nan,23.307466434014714,inf,9.941478729248047,nan,58.47808006098603,inf,7.321872711181641,nan,5.394177858996045,inf,6.929990768432617,nan,12.125749473021642,inf,6.956167221069336,nan,12.152084268071121,inf,7.065167427062988,nan,12.325308000989025,inf
1042,5.898258686065674,nan,13.607727830985823,inf,5.824575424194336,nan,12.299350678997143,inf,5.956951141357422,nan,12.65063798697338,inf,6.607312202453613,nan,23.32761335001487,inf,9.789785385131836,nan,58.529386361986326,inf,6.887472152709961,nan,5.3990873619968625,inf,6.148012638092041,nan,12.129145856020841,inf,6.224686145782471,nan,12.155467451071672,inf,6.053520202636719,nan,12.32885101598913,inf
1043,5.72305154800415,nan,13.611162584984413,inf,5.6899094581604,nan,12.302820991995759,inf,5.762839317321777,nan,12.654155030973925,inf,6.5161824226379395,nan,23.348174471015227,inf,9.764739990234375,nan,58.581211729986535,inf,6.651538848876953,nan,5.403970493996894,inf,5.997443675994873,nan,12.132541809021859,inf,6.078466892242432,nan,12.158827103072326,inf,5.996401786804199,nan,12.332311519989162,inf
1044,7.17917537689209,nan,13.614619358984783,inf,7.146751403808594,nan,12.306219654996312,inf,7.156259536743164,nan,12.65764778497396,inf,7.179911136627197,nan,23.369325279014447,inf,9.806220054626465,nan,58.6350287039877,inf,7.2904558181762695,nan,5.4091345789966,inf,7.378503799438477,nan,12.136005652022504,inf,7.309412479400635,nan,12.162275677072103,inf,7.325538635253906,nan,12.335922815987942,inf
1045,5.424010276794434,nan,13.618174663984973,inf,5.438071250915527,nan,12.309702448996177,inf,5.533728122711182,nan,12.661233280972738,inf,6.5064167976379395,nan,23.389696427015224,inf,10.263174057006836,nan,58.68688455198753,inf,6.860357284545898,nan,5.4141361029960535,inf,5.714560508728027,nan,12.139438315021835,inf,5.886770725250244,nan,12.165698930071812,inf,5.795929908752441,nan,12.339370409988987,inf
1046,6.5680742263793945,nan,13.621581816983962,inf,6.537112236022949,nan,12.313096321997364,inf,6.668972492218018,nan,12.66469063497243,inf,7.185800075531006,nan,23.409727821013803,inf,10.039740562438965,nan,58.73873856998762,inf,7.752164363861084,nan,5.419261677996474,inf,7.134336948394775,nan,12.142905619020894,inf,7.140239715576172,nan,12.169122783072453,inf,6.845168113708496,nan,12.342809083987959,inf
1047,8.132993698120117,nan,13.625086390984507,inf,8.120603561401367,nan,12.316514364996692,inf,8.128433227539062,nan,12.668232429972704,inf,8.52017879486084,nan,23.429865586014785,inf,10.393861770629883,nan,58.79067636898617,inf,8.928888320922852,nan,5.424268951996055,inf,8.241640090942383,nan,12.146308473020326,inf,8.225179672241211,nan,12.172504326072158,inf,8.3092622756958,nan,12.34635392898781,inf
1048,7.271633625030518,nan,13.62857351598359,inf,7.418289661407471,nan,12.319921127997077,inf,7.322442531585693,nan,12.67175476497323,inf,7.952000617980957,nan,23.44987472001594,inf,10.169384002685547,nan,58.842642767986035,inf,8.577895164489746,nan,5.42943156799447,inf,7.5398759841918945,nan,12.149712427020859,inf,7.554749011993408,nan,12.175885899072455,inf,7.654214382171631,nan,12.349865023988968,inf
1049,6.428291320800781,nan,13.63209493098293,inf,6.270940780639648,nan,12.323376540996833,inf,6.418479919433594,nan,12.67529143997308,inf,7.434632301330566,nan,23.47038864001479,inf,10.24278736114502,nan,58.89562307998676,inf,7.5549774169921875,nan,5.434400210995591,inf,6.62433385848999,nan,12.153288543020608,inf,6.613064765930176,nan,12.179427844072052,inf,6.627267837524414,nan,12.353384018990255,inf
1050,6.8787841796875,nan,13.63563580598202,inf,6.9578046798706055,nan,12.327038367997375,inf,6.857865810394287,nan,12.678793883973412,inf,7.8891825675964355,nan,23.490643207014728,inf,10.320405960083008,nan,58.94748504798554,inf,8.12556266784668,nan,5.439291022996258,inf,7.2010908126831055,nan,12.156655256021622,inf,7.427576541900635,nan,12.18281285707235,inf,7.246261119842529,nan,12.356772391991399,inf
1051,7.713516712188721,nan,13.63901327898202,inf,7.525059700012207,nan,12.330596143998264,inf,7.5280046463012695,nan,12.682334618973982,inf,8.27407455444336,nan,23.51103790601519,inf,10.464606285095215,nan,58.99974049098455,inf,8.448639869689941,nan,5.444202244996632,inf,7.841261863708496,nan,12.160190341021007,inf,7.775114059448242,nan,12.186308521073443,inf,7.839005470275879,nan,12.360283076990527,inf
1052,6.740950107574463,nan,13.64256177398056,inf,6.786384105682373,nan,12.334070477998466,inf,6.788448333740234,nan,12.685886103974553,inf,7.523148536682129,nan,23.531652617015425,inf,10.27226448059082,nan,59.05228880798495,inf,7.684257507324219,nan,5.449240958996597,inf,7.034817695617676,nan,12.163667845021337,inf,6.806709289550781,nan,12.18974594507199,inf,6.8738627433776855,nan,12.3637467409917,inf
1053,6.715795993804932,nan,13.646092578981552,inf,6.785788536071777,nan,12.337508651997268,inf,6.726543426513672,nan,12.689419167974847,inf,6.9492621421813965,nan,23.552214968014596,inf,9.913975715637207,nan,59.10525053098536,inf,7.626556873321533,nan,5.4545857469965995,inf,6.927155017852783,nan,12.167147989021032,inf,6.991257190704346,nan,12.193180559072061,inf,6.944310188293457,nan,12.367307246991913,inf
1054,6.997663497924805,nan,13.649660993980433,inf,6.896613121032715,nan,12.341026635996968,inf,6.998610973358154,nan,12.693158764976033,inf,7.258882999420166,nan,23.5753525720138,inf,9.885408401489258,nan,59.15734380298636,inf,7.596757888793945,nan,5.459552379996239,inf,7.276724815368652,nan,12.170672834021389,inf,7.02658748626709,nan,12.196694954072882,inf,7.213080406188965,nan,12.370846891992187,inf
1055,7.202771186828613,nan,13.653146407979875,inf,7.150291442871094,nan,12.344474269995771,inf,7.138650417327881,nan,12.696655519976048,inf,7.36544132232666,nan,23.595333286015375,inf,9.947004318237305,nan,59.21594494698729,inf,7.449760437011719,nan,5.464870996996979,inf,7.23585844039917,nan,12.174165029020514,inf,7.3171162605285645,nan,12.200145797072764,inf,7.15540075302124,nan,12.374315785991712,inf
1056,8.247320175170898,nan,13.65705412797979,inf,8.032062530517578,nan,12.347907873996519,inf,8.172767639160156,nan,12.700174213976425,inf,8.677045822143555,nan,23.617408456015255,inf,10.235169410705566,nan,59.27576960598708,inf,9.228057861328125,nan,5.471581740996044,inf,8.460354804992676,nan,12.17760106302012,inf,8.497575759887695,nan,12.203534440071962,inf,8.681404113769531,nan,12.37818791499194,inf
1057,6.676667213439941,nan,13.660584572980952,inf,6.544004917144775,nan,12.351479999995718,inf,6.771185874938965,nan,12.703604597976664,inf,7.378360748291016,nan,23.63862620501459,inf,10.142007827758789,nan,59.330120975986574,inf,7.317729949951172,nan,5.476679895995403,inf,7.049718856811523,nan,12.181019386020125,inf,6.809561252593994,nan,12.20694036407076,inf,6.9486494064331055,nan,12.381631317992287,inf
1058,7.442878723144531,nan,13.664108027980546,inf,7.3191118240356445,nan,12.354897722996611,inf,7.374942779541016,nan,12.707120381977802,inf,8.163366317749023,nan,23.659061484015183,inf,10.328330039978027,nan,59.389873494987114,inf,8.328102111816406,nan,5.483431781995023,inf,7.661341667175293,nan,12.184653943020749,inf,7.675189971923828,nan,12.210454769070566,inf,7.696904182434082,nan,12.385151261993087,inf
1059,5.915513038635254,nan,13.66766589298095,inf,5.941089630126953,nan,12.358432237997476,inf,6.021883487701416,nan,12.710714007977003,inf,6.932651042938232,nan,23.682067396013736,inf,10.06202507019043,nan,59.45170932998735,inf,6.8484272956848145,nan,5.489461848994324,inf,6.1399712562561035,nan,12.18811733702205,inf,6.2968854904174805,nan,12.21388909207053,inf,6.052523136138916,nan,12.388581445993623,inf
1060,6.390244007110596,nan,13.671110436980598,inf,6.487293243408203,nan,12.361857980997229,inf,6.464225769042969,nan,12.71424298297643,inf,7.180935859680176,nan,23.705114709013287,inf,10.026433944702148,nan,59.512875175987574,inf,7.728348731994629,nan,5.495874199994432,inf,6.814445495605469,nan,12.191515900021841,inf,6.704657077789307,nan,12.217229455070992,inf,6.774971961975098,nan,12.392080360992622,inf
1061,6.530149936676025,nan,13.674462088980363,inf,6.531104564666748,nan,12.365306894998866,inf,6.59689998626709,nan,12.71776840797611,inf,7.286060333251953,nan,23.727508593012317,inf,10.358091354370117,nan,59.56636031498783,inf,7.880758285522461,nan,5.502070577993436,inf,6.775755882263184,nan,12.194974104022549,inf,6.761758804321289,nan,12.22064311907161,inf,6.846614360809326,nan,12.395653236992075,inf
1062,7.973997116088867,nan,13.67790253198109,inf,7.804472923278809,nan,12.368812179998713,inf,7.871129989624023,nan,12.721315672975834,inf,8.619688034057617,nan,23.74750988701271,inf,10.549137115478516,nan,59.61913184498735,inf,9.269542694091797,nan,5.507065390993375,inf,8.01356315612793,nan,12.198525459023585,inf,8.10972785949707,nan,12.224144373072704,inf,8.270023345947266,nan,12.39938977399106,inf
1063,6.623301982879639,nan,13.681383075980193,inf,6.566829681396484,nan,12.372418874998402,inf,6.6691975593566895,nan,12.724820266976167,inf,7.273317813873291,nan,23.767544831012856,inf,10.347604751586914,nan,59.67184267398807,inf,7.402625560760498,nan,5.5119756429940026,inf,6.855691909790039,nan,12.201898242023162,inf,6.849063873291016,nan,12.227499036072913,inf,6.923351764678955,nan,12.402793606990599,inf
1064,6.845926284790039,nan,13.684841829979632,inf,7.021046161651611,nan,12.375791917998868,inf,6.981860637664795,nan,12.728293160975227,inf,7.530729293823242,nan,23.787454443014212,inf,10.015195846557617,nan,59.723887294989254,inf,7.906494140625,nan,5.516887334993953,inf,7.279343605041504,nan,12.20528953502253,inf,7.1034650802612305,nan,12.230881319073887,inf,7.173503875732422,nan,12.406330861991592,inf
1065,5.952557563781738,nan,13.688260653980251,inf,5.792978286743164,nan,12.37929283199992,inf,6.042895317077637,nan,12.731874585973856,inf,6.757657051086426,nan,23.80824724701415,inf,10.244524955749512,nan,59.77920420698865,inf,6.976696014404297,nan,5.52178836699386,inf,6.244293212890625,nan,12.208697878022576,inf,5.954038619995117,nan,12.234264743074164,inf,6.110804557800293,nan,12.409863416991357,inf
1066,6.368189811706543,nan,13.691696607978884,inf,6.075400352478027,nan,12.382802127000105,inf,6.180671691894531,nan,12.735428620973835,inf,6.8759002685546875,nan,23.82852344501407,inf,9.994829177856445,nan,59.83093467398794,inf,6.570407867431641,nan,5.526861921993259,inf,6.521518707275391,nan,12.212189692023458,inf,6.335955619812012,nan,12.237713617074405,inf,6.427806854248047,nan,12.413451742992038,inf
1067,6.22920560836792,nan,13.695306883979356,inf,6.189208030700684,nan,12.386358191999534,inf,6.35043478012085,nan,12.739169718972335,inf,6.909192085266113,nan,23.848681391013088,inf,9.887284278869629,nan,59.883867455988366,inf,6.7757415771484375,nan,5.531802103992959,inf,6.624372959136963,nan,12.215673077022075,inf,6.421176433563232,nan,12.241166981073548,inf,6.632889747619629,nan,12.417114098992897,inf
1068,6.7596025466918945,nan,13.698732766979447,inf,6.854981422424316,nan,12.389897536999342,inf,6.814517021179199,nan,12.742820195971944,inf,7.473321437835693,nan,23.868560624014208,inf,10.477015495300293,nan,59.93573642398769,inf,7.679512977600098,nan,5.53671674699217,inf,7.241005897521973,nan,12.219137591022445,inf,6.999136924743652,nan,12.244580504073383,inf,7.261963844299316,nan,12.42054339299284,inf
1069,7.458665370941162,nan,13.702202250979099,inf,7.546220779418945,nan,12.393360210999163,inf,7.5934977531433105,nan,12.746336420970692,inf,8.139317512512207,nan,23.888489147015207,inf,10.426008224487305,nan,59.987223276988516,inf,8.321521759033203,nan,5.541629048992036,inf,7.819456100463867,nan,12.222490894022485,inf,7.765749931335449,nan,12.247929407072661,inf,7.868314743041992,nan,12.42392513599225,inf
1070,5.829269886016846,nan,13.705611554978532,inf,5.7655863761901855,nan,12.396889765999731,inf,5.908487319946289,nan,12.749812664971614,inf,6.531271457672119,nan,23.908723083015502,inf,10.018876075744629,nan,60.038698989988916,inf,6.913846969604492,nan,5.54651056099101,inf,6.125551223754883,nan,12.22589925702232,inf,6.111626625061035,nan,12.251319570072155,inf,6.217368125915527,nan,12.427466249991994,inf
1071,7.380385398864746,nan,13.709039827979723,inf,7.498920917510986,nan,12.400423990999116,inf,7.358274459838867,nan,12.753399979970709,inf,7.464404582977295,nan,23.930610620014704,inf,10.183924674987793,nan,60.09468062098858,inf,8.097314834594727,nan,5.5519352699921,inf,7.777963638305664,nan,12.229717646021527,inf,7.574380874633789,nan,12.254933616073686,inf,7.641082763671875,nan,12.43107366599179,inf
1072,6.277270317077637,nan,13.712689264979417,inf,6.206342697143555,nan,12.404190107999966,inf,6.195229530334473,nan,12.756991764970735,inf,7.160719394683838,nan,23.95466367501467,inf,10.115311622619629,nan,60.15421133598829,inf,7.333683490753174,nan,5.556925172992123,inf,6.566484451293945,nan,12.233213800021986,inf,6.598316192626953,nan,12.258390850074647,inf,6.498327255249023,nan,12.434555339992585,inf
1073,6.943974494934082,nan,13.716279909978766,inf,6.996545791625977,nan,12.407674871999916,inf,6.927753448486328,nan,12.760584600970105,inf,7.805072784423828,nan,23.97520316601367,inf,10.349136352539062,nan,60.20634986798905,inf,7.831111907958984,nan,5.561857315991801,inf,7.408937931060791,nan,12.236666514021636,inf,7.037721633911133,nan,12.261820304072899,inf,7.245298385620117,nan,12.43799205299183,inf
1074,7.006006717681885,nan,13.719745633978164,inf,7.009549140930176,nan,12.411394538999957,inf,6.971513748168945,nan,12.764069944971197,inf,7.491665840148926,nan,23.995097958013503,inf,10.148394584655762,nan,60.25818618598896,inf,7.48065185546875,nan,5.566750887990565,inf,7.1210222244262695,nan,12.240052356020897,inf,7.007299900054932,nan,12.265189097073744,inf,7.175705909729004,nan,12.44151040799079,inf
1075,6.645659446716309,nan,13.723324669977956,inf,6.568680763244629,nan,12.414800673001082,inf,6.63282585144043,nan,12.767604539971217,inf,7.312509536743164,nan,24.017523203014207,inf,10.100878715515137,nan,60.31390272298813,inf,7.416767120361328,nan,5.571646549991783,inf,6.780322551727295,nan,12.24394966502041,inf,6.593768119812012,nan,12.268634861073224,inf,6.66768741607666,nan,12.444975211990823,inf
1076,6.086637496948242,nan,13.726801063976382,inf,6.0503950119018555,nan,12.41838183800246,inf,6.062105178833008,nan,12.771072863970403,inf,6.456775665283203,nan,24.03746880601284,inf,9.987685203552246,nan,60.36560274898693,inf,6.771164894104004,nan,5.5766346429918485,inf,6.252664566040039,nan,12.247350709021703,inf,6.312801361083984,nan,12.272036434073016,inf,6.202744483947754,nan,12.44846289699126,inf
1077,7.141845703125,nan,13.730292087977432,inf,7.329612731933594,nan,12.42176552100318,inf,7.3613505363464355,nan,12.774542797969843,inf,7.758354187011719,nan,24.05757053101297,inf,10.004758834838867,nan,60.4173080149867,inf,8.110918045043945,nan,5.581488443991475,inf,7.5907673835754395,nan,12.250736182020773,inf,7.272910118103027,nan,12.275394997073818,inf,7.337347507476807,nan,12.451876259990968,inf
1078,7.260294437408447,nan,13.733758971977295,inf,7.3219523429870605,nan,12.425383077003062,inf,7.342747688293457,nan,12.777978471969618,inf,7.733211517333984,nan,24.07941012801348,inf,9.99665641784668,nan,60.4745986919861,inf,8.249894142150879,nan,5.587539670992555,inf,7.592767715454102,nan,12.25408928502111,inf,7.337677955627441,nan,12.27871781907379,inf,7.330519199371338,nan,12.455252572990503,inf
1079,5.894528865814209,nan,13.737150844975986,inf,6.131818771362305,nan,12.428888612002993,inf,5.9127020835876465,nan,12.78139892596846,inf,6.709539413452148,nan,24.09914797901365,inf,10.044853210449219,nan,60.52662140198663,inf,6.738499641418457,nan,5.593619797991778,inf,6.206186294555664,nan,12.25749646802069,inf,6.119306564331055,nan,12.28210231207413,inf,6.172571182250977,nan,12.458664565991057,inf
1080,6.299707412719727,nan,13.74061942897606,inf,6.399231910705566,nan,12.432315986003232,inf,6.42151403427124,nan,12.784868319968155,inf,7.456520080566406,nan,24.119122962012625,inf,10.413582801818848,nan,60.578537710985984,inf,7.685018062591553,nan,5.598593450991757,inf,6.777556419372559,nan,12.260931612019704,inf,6.584467887878418,nan,12.285513725073542,inf,6.6519317626953125,nan,12.46217870099099,inf
1081,6.204950332641602,nan,13.744141043976924,inf,6.126970291137695,nan,12.435761319002268,inf,6.093070030212402,nan,12.788585046968365,inf,6.3587775230407715,nan,24.139075935012443,inf,9.915724754333496,nan,60.63022317598552,inf,7.123610496520996,nan,5.603483162993143,inf,6.403355121612549,nan,12.264284735019828,inf,6.252740383148193,nan,12.288839967073727,inf,6.302307605743408,nan,12.465554473990778,inf
1082,6.591543197631836,nan,13.747593676976976,inf,6.46577262878418,nan,12.439390225001262,inf,6.393102645874023,nan,12.792068050966918,inf,6.716073036193848,nan,24.15912974001185,inf,9.928705215454102,nan,60.68197648198657,inf,7.1637749671936035,nan,5.608398095993834,inf,6.644928932189941,nan,12.267699698020806,inf,6.7564568519592285,nan,12.292246910074027,inf,6.69631814956665,nan,12.469053927990899,inf
1083,7.216433048248291,nan,13.751046990977557,inf,7.427878379821777,nan,12.44277681800122,inf,7.481032371520996,nan,12.795526493968282,inf,8.075281143188477,nan,24.17914079401271,inf,10.399934768676758,nan,60.73365309798646,inf,8.198750495910645,nan,5.6132962579940795,inf,7.8013811111450195,nan,12.27104900102131,inf,7.439775466918945,nan,12.295588343073177,inf,7.784187316894531,nan,12.47243969099145,inf
1084,6.814573287963867,nan,13.75446497397752,inf,6.869731903076172,nan,12.446356834001563,inf,6.771185874938965,nan,12.798979867968228,inf,7.42080020904541,nan,24.19930546001342,inf,10.185760498046875,nan,60.785949801986135,inf,7.689007759094238,nan,5.618308321994846,inf,7.263149261474609,nan,12.274465794020216,inf,6.9538164138793945,nan,12.299062847072491,inf,6.9540696144104,nan,12.476054656990527,inf
1085,7.634493827819824,nan,13.757978998977705,inf,7.788969993591309,nan,12.449938730002032,inf,7.795207977294922,nan,12.802477391967841,inf,7.959929943084717,nan,24.219557118014563,inf,10.374813079833984,nan,60.838063972985765,inf,8.670563697814941,nan,5.623234763996152,inf,7.970223426818848,nan,12.277924768020966,inf,8.014688491821289,nan,12.302451480072705,inf,7.917674541473389,nan,12.4795906719919,inf
1086,6.17128849029541,nan,13.761435192976933,inf,6.238771915435791,nan,12.453300522001882,inf,6.181410789489746,nan,12.805987616968196,inf,6.672857284545898,nan,24.239600742013863,inf,10.128934860229492,nan,60.88940284498676,inf,6.969538688659668,nan,5.628138025995213,inf,6.360453128814697,nan,12.281371862020023,inf,6.33404541015625,nan,12.305859854071969,inf,6.398418426513672,nan,12.483034005990703,inf
1087,7.199779033660889,nan,13.764883155978168,inf,7.207574844360352,nan,12.456682105001164,inf,7.352354049682617,nan,12.809448560967212,inf,7.824924468994141,nan,24.259513804014205,inf,9.978606224060059,nan,60.94123047298672,inf,8.044694900512695,nan,5.633006747993932,inf,7.290021896362305,nan,12.284706844018729,inf,7.540975570678711,nan,12.30918594607283,inf,7.29916524887085,nan,12.486399968989645,inf
1088,6.105043411254883,nan,13.768268018977324,inf,6.115851402282715,nan,12.460236720000466,inf,6.088003158569336,nan,12.812871054966308,inf,6.6413092613220215,nan,24.279411366014756,inf,10.289271354675293,nan,60.992987279985755,inf,7.1659345626831055,nan,5.637946959994224,inf,6.485619068145752,nan,12.288129698019475,inf,6.392916202545166,nan,12.312611500072308,inf,6.523207187652588,nan,12.490008104989101,inf
1089,6.357571601867676,nan,13.771717071977037,inf,6.492630958557129,nan,12.46377316500184,inf,6.5486650466918945,nan,12.816453999967052,inf,7.092796325683594,nan,24.299556542015125,inf,9.999752044677734,nan,61.045057080986226,inf,7.354694366455078,nan,5.642925583993929,inf,6.885983467102051,nan,12.291713653019542,inf,6.683361530303955,nan,12.316113955073888,inf,6.671117782592773,nan,12.493497938989094,inf
1090,6.312432765960693,nan,13.775273866976931,inf,6.418190002441406,nan,12.46719240800303,inf,6.396406173706055,nan,12.819980134967409,inf,6.668885707855225,nan,24.31958436601417,inf,9.876068115234375,nan,61.097030070986875,inf,6.901684284210205,nan,5.647877286994117,inf,6.739279747009277,nan,12.295161087018641,inf,6.583388328552246,nan,12.31950641907315,inf,6.724719047546387,nan,12.497025873988605,inf
1091,7.31385612487793,nan,13.778782650977519,inf,7.342529296875,nan,12.470588772002884,inf,7.3338398933410645,nan,12.823490239967214,inf,7.635401725769043,nan,24.339581990014267,inf,10.121379852294922,nan,61.14931022498786,inf,8.10052490234375,nan,5.652866829994309,inf,7.530426502227783,nan,12.298615491019518,inf,7.419521808624268,nan,12.322927833072754,inf,7.502973556518555,nan,12.500473747988508,inf
1092,5.592920780181885,nan,13.782283684977301,inf,5.546683311462402,nan,12.474034316002871,inf,5.710859298706055,nan,12.827010804967358,inf,6.137415409088135,nan,24.359610585013797,inf,10.151260375976562,nan,61.2004562639886,inf,6.0682268142700195,nan,5.657765561994893,inf,5.981178283691406,nan,12.302012014019056,inf,5.816204071044922,nan,12.326301815071929,inf,5.905320167541504,nan,12.50398468298772,inf
1093,6.85830545425415,nan,13.785758838976108,inf,7.003887176513672,nan,12.47741961900283,inf,7.061650276184082,nan,12.830536859966742,inf,7.5660905838012695,nan,24.379950763013767,inf,10.145193099975586,nan,61.25194748798822,inf,7.806370735168457,nan,5.662637773995812,inf,7.492694854736328,nan,12.305372436019752,inf,7.083462715148926,nan,12.329633437071607,inf,7.237272262573242,nan,12.5073865159884,inf
1094,7.376518726348877,nan,13.789352533976853,inf,7.358676910400391,nan,12.481367799002328,inf,7.519599914550781,nan,12.83435312896654,inf,7.96614933013916,nan,24.40016226001353,inf,10.04000473022461,nan,61.30476067798918,inf,8.17540168762207,nan,5.667590346996803,inf,7.828619956970215,nan,12.309042743019745,inf,7.784908771514893,nan,12.333223922072648,inf,7.823708534240723,nan,12.51114545398923,inf
1095,7.551168441772461,nan,13.79292616897692,inf,7.597117900848389,nan,12.485082456001692,inf,7.688528060913086,nan,12.838079985967852,inf,8.186339378356934,nan,24.42057946901332,inf,10.063053131103516,nan,61.356583125989346,inf,8.232969284057617,nan,5.6727891429982265,inf,7.865496635437012,nan,12.312513137019778,inf,7.7341742515563965,nan,12.336647175072358,inf,7.860870361328125,nan,12.514608377989134,inf
1096,7.352511882781982,nan,13.796425422977336,inf,7.259096622467041,nan,12.488501629000893,inf,7.3733696937561035,nan,12.841580540967698,inf,7.782646656036377,nan,24.440918967013204,inf,10.166650772094727,nan,61.40851966598893,inf,8.26582145690918,nan,5.677933038998162,inf,7.602169036865234,nan,12.315885510019143,inf,7.638719081878662,nan,12.339986217071782,inf,7.679703235626221,nan,12.518002780989264,inf
1097,6.897377967834473,nan,13.799843365977722,inf,6.772100448608398,nan,12.491859662000934,inf,6.92702579498291,nan,12.844963293968249,inf,7.0226945877075195,nan,24.46126085501419,inf,10.046022415161133,nan,61.46049087498977,inf,7.383993148803711,nan,5.682830260997434,inf,7.184978485107422,nan,12.31924446301855,inf,7.140926361083984,nan,12.343343420072415,inf,7.0089616775512695,nan,12.521400403989901,inf
1098,6.7675676345825195,nan,13.803278869978385,inf,6.7637505531311035,nan,12.495272415002546,inf,6.634145736694336,nan,12.848443648968896,inf,6.730432510375977,nan,24.48125781901399,inf,9.895746231079102,nan,61.51208558998951,inf,7.3661909103393555,nan,5.687710462998439,inf,6.825721740722656,nan,12.32269443701989,inf,6.674415588378906,nan,12.3467514730728,inf,7.081682205200195,nan,12.52500959999088,inf
1099,5.974075794219971,nan,13.806706852978095,inf,6.027021884918213,nan,12.498778630002562,inf,6.115744590759277,nan,12.851877722967401,inf,6.592237949371338,nan,24.50119243201334,inf,9.911388397216797,nan,61.564794908988915,inf,6.713644981384277,nan,5.6926833059987985,inf,6.253182888031006,nan,12.32614665102119,inf,5.9999213218688965,nan,12.350174317072742,inf,6.188664436340332,nan,12.52844308398926,inf
1100,6.418840408325195,6.417726516723633,13.810162206977111,inf,6.284302711486816,5.959902286529541,12.502223404002507,inf,6.349312782287598,6.821728229522705,12.855326506967685,inf,7.565300464630127,7.293484687805176,24.517994655012444,inf,10.244871139526367,9.907756805419922,61.61754513798951,inf,7.14255428314209,6.601083755493164,5.697642668998014,inf,6.428663730621338,7.221499443054199,12.329703786021128,inf,6.569576263427734,6.471957683563232,12.353649431071972,inf,6.4973978996276855,6.151681900024414,12.53193355798794,inf
1101,7.013563632965088,nan,13.813710111977343,inf,6.7117390632629395,nan,12.505722158002754,inf,6.753593921661377,nan,12.859321167969028,inf,7.179050445556641,nan,24.54133278101108,inf,10.281469345092773,nan,61.6690167709894,inf,7.800521373748779,nan,5.703683045998332,inf,7.119455337524414,nan,12.333491354020225,inf,7.229743957519531,nan,12.3573216380737,inf,7.084417343139648,nan,12.53553704398837,inf
1102,7.471930503845215,nan,13.817442668976582,inf,7.641353130340576,nan,12.50930385400352,inf,7.646432876586914,nan,12.862964614969314,inf,7.80291748046875,nan,24.561751250012094,inf,9.936662673950195,nan,61.72058940598981,inf,8.40090560913086,nan,5.708534347997556,inf,7.856224060058594,nan,12.337036609020288,inf,7.824621677398682,nan,12.360805942074876,inf,7.805990695953369,nan,12.539058788988768,inf
1103,6.495650291442871,nan,13.820974373977151,inf,6.444053649902344,nan,12.51280012800271,inf,6.504519462585449,nan,12.866576440970675,inf,7.403779983520508,nan,24.58178391501133,inf,10.191176414489746,nan,61.77521784999044,inf,7.703372955322266,nan,5.7133977389967185,inf,6.98436164855957,nan,12.340639635020125,inf,6.663759231567383,nan,12.364211986076043,inf,6.626418113708496,nan,12.542502922988206,inf
1104,6.428483009338379,nan,13.824430697975913,inf,6.515485763549805,nan,12.516359333001674,inf,6.550292015075684,nan,12.870125915971585,inf,7.442287445068359,nan,24.601503845011393,inf,10.234466552734375,nan,61.82612827599041,inf,7.681971549987793,nan,5.718334240997137,inf,6.966229438781738,nan,12.344037868020678,inf,6.760481834411621,nan,12.367589959076213,inf,6.646978378295898,nan,12.546049457987465,inf
1105,6.689122200012207,nan,13.827939842974956,inf,6.674478530883789,nan,12.519798727002126,inf,6.644382476806641,nan,12.873660230970927,inf,6.927025318145752,nan,24.621483238011933,inf,9.833864212036133,nan,61.876922459990965,inf,7.3762335777282715,nan,5.723262313997111,inf,7.180965423583984,nan,12.347398100020655,inf,7.065061569213867,nan,12.370940402075576,inf,7.104118347167969,nan,12.549455310987469,inf
1106,6.1420369148254395,nan,13.831326395975339,inf,6.001047134399414,nan,12.523571535000883,inf,6.301668167114258,nan,12.877093414970659,inf,7.032421112060547,nan,24.641176608012756,inf,10.22103500366211,nan,61.93543325199062,inf,7.261690139770508,nan,5.7294219819959835,inf,6.349972724914551,nan,12.351024886020241,inf,6.419736862182617,nan,12.374505148074604,inf,6.4056267738342285,nan,12.55310362698765,inf
1107,5.905644416809082,nan,13.834965092974016,inf,5.9473395347595215,nan,12.527313383001456,inf,6.091222763061523,nan,12.881053244969735,inf,6.289614677429199,nan,24.662609441013046,inf,9.846315383911133,nan,61.990889074990264,inf,6.576301574707031,nan,5.734584356994674,inf,6.263091087341309,nan,12.3546532320197,inf,6.393932819366455,nan,12.378041983074581,inf,6.3653950691223145,nan,12.55661409098866,inf
1108,7.185880184173584,nan,13.838534168973638,inf,7.197507858276367,nan,12.53087484900243,inf,7.142816543579102,nan,12.884862192970104,inf,7.674738883972168,nan,24.682348131012986,inf,10.253517150878906,nan,62.04185148199031,inf,7.977005481719971,nan,5.73949953999545,inf,7.258326053619385,nan,12.358044925020295,inf,7.400626182556152,nan,12.381413966073524,inf,7.327985763549805,nan,12.560270496989688,inf
1109,6.944092750549316,nan,13.841954652973072,inf,6.912128448486328,nan,12.534427474003678,inf,6.947751522064209,nan,12.888326175969269,inf,7.186639308929443,nan,24.701883719011676,inf,9.92953872680664,nan,62.094332167991524,inf,7.603085994720459,nan,5.744616414995107,inf,7.132716655731201,nan,12.361429138019957,inf,7.1092352867126465,nan,12.38476079807333,inf,6.983831405639648,nan,12.563836161989457,inf
1110,6.03294038772583,nan,13.845340975973158,inf,6.345979690551758,nan,12.537947108003209,inf,6.237569808959961,nan,12.891772149969256,inf,6.813220977783203,nan,24.721506959011094,inf,10.108543395996094,nan,62.1458203809907,inf,7.077620029449463,nan,5.749618958994688,inf,6.45963191986084,nan,12.364821321019917,inf,6.294971466064453,nan,12.388123161073963,inf,6.513803958892822,nan,12.567257494989462,inf
1111,6.242330551147461,nan,13.848753729971577,inf,6.295401096343994,nan,12.54148844300289,inf,6.399201393127441,nan,12.895217053968736,inf,7.1440839767456055,nan,24.74106713701076,inf,10.042261123657227,nan,62.19692234999093,inf,7.1993608474731445,nan,5.754464079995159,inf,6.690725803375244,nan,12.368392426020364,inf,6.622738838195801,nan,12.393556450073447,inf,6.557819366455078,nan,12.57078047998948,inf
1112,7.048962593078613,nan,13.852796340970599,inf,7.079665184020996,nan,12.545845408001696,inf,7.1181182861328125,nan,12.898671827968428,inf,7.725533485412598,nan,24.761040201010474,inf,10.083683013916016,nan,62.24841822399139,inf,8.059272766113281,nan,5.759291130996644,inf,7.2878923416137695,nan,12.371854570019423,inf,7.23274040222168,nan,12.39698095307358,inf,7.3990349769592285,nan,12.574230563988749,inf
1113,7.269426345825195,nan,13.856260804970589,inf,7.063827037811279,nan,12.549515304002853,inf,7.227554798126221,nan,12.902125631968374,inf,8.103985786437988,nan,24.780929854010537,inf,10.152420043945312,nan,62.2995580629904,inf,8.662529945373535,nan,5.764083841995671,inf,7.604982376098633,nan,12.375226373020269,inf,7.665759086608887,nan,12.400346466072733,inf,7.431053161621094,nan,12.577620776988624,inf
1114,5.705757141113281,nan,13.85970906797047,inf,5.602688789367676,nan,12.552889557004164,inf,6.0200958251953125,nan,12.90558614596739,inf,7.073396682739258,nan,24.801055630010524,inf,10.100312232971191,nan,62.35071515198979,inf,6.9879255294799805,nan,5.768977113995788,inf,6.19522762298584,nan,12.378582166020351,inf,6.264215469360352,nan,12.40368720807237,inf,6.042344570159912,nan,12.581102950989589,inf
1115,6.356537342071533,nan,13.863204651970591,inf,6.320363521575928,nan,12.55627908000497,inf,6.384300231933594,nan,12.909072459968229,inf,6.944005966186523,nan,24.82079620001059,inf,10.007479667663574,nan,62.401295942989236,inf,7.141468048095703,nan,5.773870185996202,inf,6.640072822570801,nan,12.381971739019718,inf,6.63874626159668,nan,12.407078381071187,inf,6.594914436340332,nan,12.584695276989805,inf
1116,6.313940048217773,nan,13.866697385970838,inf,6.331205368041992,nan,12.559762594004496,inf,6.3375067710876465,nan,12.912670485968192,inf,6.771148681640625,nan,24.84071603301163,inf,9.764023780822754,nan,62.45164152298821,inf,6.892712116241455,nan,5.778817257994888,inf,6.518141746520996,nan,12.3854319330203,inf,6.695102691650391,nan,12.410493794071954,inf,6.609956741333008,nan,12.588195760990857,inf
1117,7.184371471405029,nan,13.870178390970977,inf,7.1214776039123535,nan,12.56318924700463,inf,7.21247673034668,nan,12.916188589968442,inf,7.893465995788574,nan,24.860758608010656,inf,10.197811126708984,nan,62.50336068898832,inf,8.00191879272461,nan,5.783712819995344,inf,7.283401966094971,nan,12.38887786702071,inf,7.388340473175049,nan,12.413919568072743,inf,7.369717597961426,nan,12.59188851799081,inf
1118,6.190363883972168,nan,13.873637214970586,inf,6.116070747375488,nan,12.566769083005056,inf,6.175205707550049,nan,12.919665523968433,inf,6.715993881225586,nan,24.88128490900999,inf,9.935403823852539,nan,62.55459207898821,inf,6.603987693786621,nan,5.788554941995244,inf,6.411496639251709,nan,12.392257180019442,inf,6.470454216003418,nan,12.417280071073037,inf,6.314442157745361,nan,12.59539634299108,inf
1119,8.053848266601562,nan,13.87712174897024,inf,8.001819610595703,nan,12.570144756004083,inf,8.081439971923828,nan,12.923168378967603,inf,7.945934295654297,nan,24.90088380700945,inf,10.327302932739258,nan,62.605356343989115,inf,8.421182632446289,nan,5.79343347399481,inf,8.392049789428711,nan,12.395583693019944,inf,8.413719177246094,nan,12.42060726307318,inf,8.32125473022461,nan,12.59887913799139,inf
1120,6.914460182189941,nan,13.880516591969354,inf,6.841278076171875,nan,12.57363608000378,inf,6.948101043701172,nan,12.926794944967696,inf,7.209731578826904,nan,24.92076665901004,inf,10.076525688171387,nan,62.662888223989285,inf,8.114933013916016,nan,5.7994568799949775,inf,7.291142463684082,nan,12.399158728019756,inf,7.130634307861328,nan,12.424084537073213,inf,7.126462459564209,nan,12.602383291992737,inf
1121,7.161920547485352,nan,13.88405409697043,inf,7.394712924957275,nan,12.577264276003916,inf,7.26900577545166,nan,12.930323959968518,inf,7.690349578857422,nan,24.943365116010682,inf,10.29294204711914,nan,62.71964426399063,inf,8.597692489624023,nan,5.8047806169961405,inf,7.56626033782959,nan,12.402550221018828,inf,7.561714172363281,nan,12.427429130073506,inf,7.582823753356934,nan,12.605854455992812,inf
1122,6.84226655960083,nan,13.887539800971354,inf,6.7943596839904785,nan,12.580729030003567,inf,7.029975891113281,nan,12.934034316967882,inf,7.390549659729004,nan,24.963786925009117,inf,9.884939193725586,nan,62.77222555198932,inf,7.339870452880859,nan,5.809911261994785,inf,7.145445823669434,nan,12.405970914020145,inf,7.158320426940918,nan,12.430836093073594,inf,7.076916217803955,nan,12.609280148994003,inf
1123,6.143377304077148,nan,13.890962123970894,inf,6.146188735961914,nan,12.584112433003611,inf,6.0750861167907715,nan,12.937539260967242,inf,6.872166156768799,nan,24.98380865900799,inf,9.976259231567383,nan,62.822757053989335,inf,7.076727867126465,nan,5.814845833994696,inf,6.417724132537842,nan,12.409311417019126,inf,6.24580717086792,nan,12.43416448507378,inf,6.315542697906494,nan,12.612653170994236,inf
1124,8.288385391235352,nan,13.89434677697136,inf,8.309728622436523,nan,12.587617937002506,inf,8.421504974365234,nan,12.940992894966257,inf,7.972756385803223,nan,25.003756032007004,inf,10.275672912597656,nan,62.87375821098976,inf,8.870597839355469,nan,5.819654004993936,inf,8.574172973632812,nan,12.412707180019424,inf,8.433720588684082,nan,12.437521528072466,inf,8.605612754821777,nan,12.616388737993475,inf
1125,7.342068672180176,nan,13.897928221971597,inf,7.172667980194092,nan,12.591117862002648,inf,7.310446262359619,nan,12.944560509966323,inf,7.636900901794434,nan,25.02364955500707,inf,9.975994110107422,nan,62.92514609298996,inf,7.908060073852539,nan,5.824596997994377,inf,7.494904518127441,nan,12.416192465019776,inf,7.64031982421875,nan,12.44095106207169,inf,7.338339328765869,nan,12.619870882994292,inf
1126,6.8830766677856445,nan,13.90137345497169,inf,6.821557998657227,nan,12.59448301500197,inf,6.932215213775635,nan,12.947951172967805,inf,7.486481666564941,nan,25.043582108008195,inf,10.1405611038208,nan,62.97843774999092,inf,8.096128463745117,nan,5.829516479994709,inf,7.079616069793701,nan,12.419602678019146,inf,7.083130836486816,nan,12.444318735071647,inf,7.06492280960083,nan,12.623282305994508,inf
1127,6.54390287399292,nan,13.904820597972503,inf,6.631181240081787,nan,12.597899518001213,inf,6.736391067504883,nan,12.951429496968558,inf,7.512655735015869,nan,25.063547871008268,inf,10.162622451782227,nan,63.030373488991245,inf,7.38479471206665,nan,5.8345857949934725,inf,7.082810401916504,nan,12.423025851019702,inf,7.023236274719238,nan,12.447707858071226,inf,7.0371832847595215,nan,12.626699678994555,inf
1128,6.238708019256592,nan,13.908294341972578,inf,6.256828784942627,nan,12.601305851001598,inf,6.156700134277344,nan,12.954937530968891,inf,6.750665664672852,nan,25.08373385800769,inf,10.039339065551758,nan,63.08203758499258,inf,7.35354471206665,nan,5.839661689993591,inf,6.394839286804199,nan,12.42641805401945,inf,6.436606407165527,nan,12.451069461070801,inf,6.344991207122803,nan,12.630211862995566,inf
1129,7.156339645385742,nan,13.912267652973242,inf,7.181796073913574,nan,12.60482219500227,inf,7.079801559448242,nan,12.958852220968765,inf,7.580712795257568,nan,25.10444676100633,inf,10.061663627624512,nan,63.137527729992144,inf,8.351837158203125,nan,5.845079428992904,inf,7.338744163513184,nan,12.430008970019117,inf,7.136068344116211,nan,12.45456549507071,inf,7.134006023406982,nan,12.63388971999484,inf
1130,6.880834102630615,nan,13.915780237974104,inf,6.920938014984131,nan,12.608422311002869,inf,6.861062049865723,nan,12.96235562496986,inf,7.261309623718262,nan,25.125579190007556,inf,9.93317985534668,nan,63.19279564199314,inf,7.444388389587402,nan,5.84999137099112,inf,7.0452375411987305,nan,12.433377693017974,inf,6.937963485717773,nan,12.457903697071742,inf,7.076638221740723,nan,12.637432654995791,inf
1131,6.932731628417969,nan,13.919173850974403,inf,6.938803672790527,nan,12.611919805003708,inf,7.130576133728027,nan,12.965968230970248,inf,7.170868396759033,nan,25.145762976007973,inf,10.04664421081543,nan,63.244601889993646,inf,7.336195945739746,nan,5.854920133991982,inf,7.261556625366211,nan,12.436791927017111,inf,7.013944625854492,nan,12.461301180072041,inf,7.319540023803711,nan,12.640871068995693,inf
1132,5.799382209777832,nan,13.92257099397466,inf,5.662862777709961,nan,12.615460510003686,inf,5.66124963760376,nan,12.969428324970067,inf,6.736291885375977,nan,25.16567329900863,inf,9.853553771972656,nan,63.29619621499478,inf,6.8634161949157715,nan,5.859808005992818,inf,5.994173526763916,nan,12.440113779017338,inf,5.760909080505371,nan,12.464619272072014,inf,5.824005126953125,nan,12.644376863996513,inf
1133,7.228572845458984,nan,13.92594428697521,inf,7.139317512512207,nan,12.618947994003975,inf,7.298479080200195,nan,12.972808356969836,inf,7.622067451477051,nan,25.185509950008054,inf,10.144271850585938,nan,63.34857515999465,inf,8.200935363769531,nan,5.864675486993292,inf,7.481672286987305,nan,12.443491012016239,inf,7.287363529205322,nan,12.46799045507214,inf,7.572033882141113,nan,12.64795097899696,inf
1134,6.065701007843018,nan,13.929420601976744,inf,5.858908653259277,nan,12.62253922000491,inf,5.988680839538574,nan,12.97629320096894,inf,6.89596700668335,nan,25.205751627008794,inf,10.058364868164062,nan,63.40029499699449,inf,7.144000053405762,nan,5.869620229992506,inf,6.482471466064453,nan,12.446894645016073,inf,6.1899895668029785,nan,12.471383398071339,inf,6.030182361602783,nan,12.651349762998507,inf
1135,6.675673961639404,nan,13.932841005977025,inf,6.800291061401367,nan,12.625903942003788,inf,6.754573345184326,nan,12.97975938496893,inf,7.049588203430176,nan,25.225561609007855,inf,9.88467788696289,nan,63.45196062299328,inf,7.296072006225586,nan,5.874549411993939,inf,6.939760208129883,nan,12.450234078016365,inf,6.706092357635498,nan,12.474730571071632,inf,6.67132043838501,nan,12.654759776998617,inf
1136,6.552607536315918,nan,13.936485311976867,inf,6.642446994781494,nan,12.629509158003202,inf,6.592466354370117,nan,12.983294439967722,inf,7.235653877258301,nan,25.245490281007733,inf,10.039520263671875,nan,63.504112424992854,inf,7.862536907196045,nan,5.879583875994285,inf,6.586254119873047,nan,12.453659551016244,inf,6.633159637451172,nan,12.478133265070937,inf,6.5436530113220215,nan,12.658359041999574,inf
1137,7.085539817810059,nan,13.939926075976473,inf,6.9661149978637695,nan,12.633054393003476,inf,7.292341232299805,nan,12.986745223968683,inf,7.339500427246094,nan,25.265448924008524,inf,10.021230697631836,nan,63.55572322999251,inf,7.741690158843994,nan,5.884670099992945,inf,7.581578731536865,nan,12.457009193016347,inf,7.10496711730957,nan,12.481467987070573,inf,7.47014856338501,nan,12.661808155999097,inf
1138,6.865115165710449,nan,13.943362419975529,inf,6.787187576293945,nan,12.636447496004621,inf,6.897224426269531,nan,12.990268617970287,inf,7.36519718170166,nan,25.28597585400894,inf,10.131987571716309,nan,63.608116534993314,inf,7.993945598602295,nan,5.889756214992303,inf,6.979166030883789,nan,12.460527437016935,inf,7.08725643157959,nan,12.484945231071833,inf,7.101532936096191,nan,12.665375581998887,inf
1139,7.455811023712158,nan,13.946841783974378,inf,7.384527206420898,nan,12.639922130005289,inf,7.447728633880615,nan,12.99386879397025,inf,7.964814186096191,nan,25.30625173100998,inf,10.129209518432617,nan,63.65971143999377,inf,8.356710433959961,nan,5.894721718992514,inf,7.622536659240723,nan,12.463855300016803,inf,7.543951511383057,nan,12.488265963071171,inf,7.736425399780273,nan,12.668741294999563,inf
1140,6.1460723876953125,nan,13.951013636975404,inf,5.960475921630859,nan,12.643681147004827,inf,6.046899318695068,nan,12.997320497970577,inf,6.606703281402588,nan,25.326021692009817,inf,10.15872859954834,nan,63.71150989799389,inf,7.331942558288574,nan,5.899617740991744,inf,6.284272193908691,nan,12.467288004016154,inf,6.4465436935424805,nan,12.491690557071706,inf,6.27358341217041,nan,12.672386530999574,inf
1141,7.041500568389893,nan,13.954628562974904,inf,6.97758674621582,nan,12.647184112003742,inf,7.056788444519043,nan,13.000937983970289,inf,7.258476734161377,nan,25.345961225009887,inf,9.955179214477539,nan,63.76398475399401,inf,7.688635349273682,nan,5.90476981599204,inf,7.309223651885986,nan,12.47069610701692,inf,7.325691223144531,nan,12.495084910071455,inf,7.387408256530762,nan,12.675918545999593,inf
1142,6.451380252838135,nan,13.958236608974403,inf,6.4911208152771,nan,12.65078429800269,inf,6.541356563568115,nan,13.004432697971424,inf,7.088441848754883,nan,25.365696495009615,inf,9.798274993896484,nan,63.81618489599532,inf,6.8513946533203125,nan,5.9097435189924,inf,6.758618354797363,nan,12.474117551017116,inf,6.706677436828613,nan,12.49849191307112,inf,6.87524938583374,nan,12.679336978999345,inf
1143,6.481690406799316,nan,13.961694852974688,inf,6.456613063812256,nan,12.654204732001745,inf,6.49795389175415,nan,13.007938632970763,inf,7.172176837921143,nan,25.386026623009457,inf,9.845915794372559,nan,63.87108633299431,inf,7.451815605163574,nan,5.914963624993106,inf,6.723506927490234,nan,12.477709427017544,inf,6.671240329742432,nan,12.501989998070712,inf,6.790842533111572,nan,12.683036795999215,inf
1144,6.345653533935547,nan,13.965225857973564,inf,6.378671169281006,nan,12.657817278002767,inf,6.578017234802246,nan,13.01139764697109,inf,6.877074241638184,nan,25.40614590800942,inf,9.97710132598877,nan,63.923305885993614,inf,7.6912384033203125,nan,5.919895927992911,inf,6.8046956062316895,nan,12.481156931016812,inf,6.681711196899414,nan,12.505384641071942,inf,6.648044586181641,nan,12.686589120999997,inf
1145,6.778855800628662,nan,13.968667261973678,inf,6.523312568664551,nan,12.661309393002739,inf,6.693233489990234,nan,13.014900641972417,inf,7.358829975128174,nan,25.426963602008982,inf,9.95515251159668,nan,63.977336571993874,inf,7.232425689697266,nan,5.924823159992229,inf,7.0357208251953125,nan,12.484613355016336,inf,6.904610633850098,nan,12.508803954071482,inf,6.780745506286621,nan,12.690196075998756,inf
1146,6.505931854248047,nan,13.972114745973158,inf,6.685555934906006,nan,12.66487393800162,inf,6.610201835632324,nan,13.018353545972786,inf,7.346578121185303,nan,25.44704100700983,inf,10.185133934020996,nan,64.02891693699348,inf,7.240668296813965,nan,5.9297137319917965,inf,6.895902633666992,nan,12.487951707016691,inf,6.85693359375,nan,12.51216257707165,inf,6.865421772003174,nan,12.693673719997605,inf
1147,7.33042049407959,nan,13.975613470973258,inf,7.404346942901611,nan,12.668303012000251,inf,7.389068603515625,nan,13.02190242197139,inf,8.125722885131836,nan,25.467143132011188,inf,10.325490951538086,nan,64.08097847699355,inf,8.479715347290039,nan,5.934735154991358,inf,7.690589904785156,nan,12.491525813016779,inf,7.412363052368164,nan,12.51565471207141,inf,7.35736083984375,nan,12.697170233997895,inf
1148,6.223439693450928,nan,13.979149585973573,inf,6.29721212387085,nan,12.671799096999166,inf,6.4253435134887695,nan,13.025456946970735,inf,6.978509902954102,nan,25.487253727011193,inf,9.972688674926758,nan,64.13314515899401,inf,6.801409721374512,nan,5.9397224389904295,inf,6.901690483093262,nan,12.494901235017096,inf,6.570112705230713,nan,12.518971034071,inf,6.483275890350342,nan,12.700544096996964,inf
1149,6.308528900146484,nan,13.982549538974126,inf,6.244173049926758,nan,12.675177949999124,inf,6.305585861206055,nan,13.02890910997121,inf,7.160560131072998,nan,25.50739124201027,inf,10.191410064697266,nan,64.18433862899474,inf,7.399174213409424,nan,5.9449305649905,inf,6.369963645935059,nan,12.498340449015814,inf,6.478521347045898,nan,12.522347786070895,inf,6.347162246704102,nan,12.703960710996398,inf
1150,6.198829174041748,nan,13.985943891973875,inf,6.221213340759277,nan,12.67874212499919,inf,6.214773178100586,nan,13.032371173971114,inf,6.861011505126953,nan,25.527250144010395,inf,9.839981079101562,nan,64.23599919499611,inf,7.400661468505859,nan,5.949878467990857,inf,6.499512672424316,nan,12.501709812016998,inf,6.481682777404785,nan,12.525695479071146,inf,6.765539169311523,nan,12.707451224996476,inf
1151,6.581820487976074,nan,13.989356935973774,inf,6.612021446228027,nan,12.682195289000447,inf,6.694870948791504,nan,13.035864698971636,inf,7.367964744567871,nan,25.547316669009888,inf,9.936500549316406,nan,64.28737779699622,inf,7.424614429473877,nan,5.954798779992416,inf,7.091976165771484,nan,12.505086334016596,inf,6.890191078186035,nan,12.529064012071103,inf,7.0635085105896,nan,12.710953049996533,inf
1152,6.509789943695068,nan,13.99288756997339,inf,6.3331146240234375,nan,12.685623601999396,inf,6.490469455718994,nan,13.039423363972674,inf,7.391107559204102,nan,25.567511605009713,inf,10.197919845581055,nan,64.33965706099661,inf,7.417756080627441,nan,5.959709511991605,inf,6.89564323425293,nan,12.508522928015736,inf,6.755597114562988,nan,12.532455435070005,inf,6.787166595458984,nan,12.714381453995884,inf
1153,7.811445236206055,nan,13.996362913972916,inf,7.667731761932373,nan,12.689059094998811,inf,7.905251979827881,nan,13.042926107973472,inf,8.331110000610352,nan,25.5875258290107,inf,10.13388729095459,nan,64.3969109269965,inf,9.037883758544922,nan,5.964615714990941,inf,8.146092414855957,nan,12.511897141015652,inf,7.881977081298828,nan,12.53580529707142,inf,8.13968276977539,nan,12.717798967996714,inf
1154,6.054023742675781,nan,13.999788316972626,inf,6.140532970428467,nan,12.692485057999875,inf,6.119914531707764,nan,13.046392851972996,inf,6.784952163696289,nan,25.607770286011146,inf,9.738691329956055,nan,64.4519740159958,inf,6.949619293212891,nan,5.970532230991012,inf,6.486176490783691,nan,12.515322604014727,inf,6.305950164794922,nan,12.539239231071406,inf,6.44321346282959,nan,12.72125110199704,inf
1155,7.260004997253418,nan,14.003270000974226,inf,7.303033351898193,nan,12.69610250400001,inf,7.3002424240112305,nan,13.049914406972675,inf,7.912990570068359,nan,25.63152773701222,inf,10.134305953979492,nan,64.50520543199673,inf,8.215105056762695,nan,5.976523256991641,inf,7.743681907653809,nan,12.518700386015553,inf,7.624969959259033,nan,12.542583273070704,inf,7.484825134277344,nan,12.724629154996364,inf
1156,6.560550689697266,nan,14.007125729973268,inf,6.512678146362305,nan,12.699609219000195,inf,6.68476676940918,nan,13.053413330972035,inf,7.310371398925781,nan,25.655197717012925,inf,10.262457847595215,nan,64.56773626499671,inf,7.376997470855713,nan,5.981887174992153,inf,6.997429370880127,nan,12.522270642015428,inf,6.8124589920043945,nan,12.546455172070637,inf,7.017184257507324,nan,12.728321801994753,inf
1157,6.109719276428223,nan,14.010604893974232,inf,6.231311798095703,nan,12.70308635299989,inf,6.218283653259277,nan,13.057029266972677,inf,6.902360439300537,nan,25.67828700001337,inf,10.031801223754883,nan,64.63333323799634,inf,6.6405181884765625,nan,5.98703826099154,inf,6.653438568115234,nan,12.525725255016368,inf,6.368007659912109,nan,12.5498409150714,inf,6.699001312255859,nan,12.732276291993912,inf
1158,7.205198287963867,nan,14.01435005197527,inf,7.234511375427246,nan,12.706530105999263,inf,7.253767967224121,nan,13.060645142972135,inf,7.387964248657227,nan,25.699188826014506,inf,10.184211730957031,nan,64.68692908799676,inf,8.132402420043945,nan,5.9921813259916235,inf,7.373354911804199,nan,12.529165439016651,inf,7.5319390296936035,nan,12.553260648070136,inf,7.4476470947265625,nan,12.735713855994618,inf
1159,7.154552459716797,nan,14.017799595974793,inf,7.323019981384277,nan,12.710081240998989,inf,7.244938850402832,nan,13.064123246971576,inf,7.247468948364258,nan,25.719509914013543,inf,9.68716812133789,nan,64.7385641039964,inf,7.9199042320251465,nan,5.996978706991285,inf,7.230569839477539,nan,12.532551202017203,inf,7.18813419342041,nan,12.556627710069733,inf,7.363069534301758,nan,12.739118389994474,inf
1160,6.514169692993164,nan,14.021245069974611,inf,6.728610515594482,nan,12.713464123999074,inf,6.762993812561035,nan,13.067638260970853,inf,6.839150428771973,nan,25.73957747901477,inf,9.895058631896973,nan,64.79189119099647,inf,7.54701566696167,nan,6.00216150299093,inf,6.896598815917969,nan,12.53611817701676,inf,6.8342695236206055,nan,12.560148234069857,inf,6.78659200668335,nan,12.74265202499555,inf
1161,6.802821159362793,nan,14.024769004974587,inf,6.624402046203613,nan,12.716980777999197,inf,6.854659557342529,nan,13.071271786970101,inf,7.534709453582764,nan,25.759773916015547,inf,10.06878662109375,nan,64.84364270799597,inf,8.064349174499512,nan,6.007042214991088,inf,7.305561065673828,nan,12.539496390016211,inf,7.076169967651367,nan,12.563499877069262,inf,7.181917190551758,nan,12.746049157995003,inf
1162,5.864307403564453,nan,14.028159527973912,inf,6.05399227142334,nan,12.720512732998031,inf,6.2295026779174805,nan,13.074721050970766,inf,6.864500045776367,nan,25.77957252701526,inf,10.157068252563477,nan,64.8975875429951,inf,7.626313209533691,nan,6.0123742729920195,inf,6.951805591583252,nan,12.542991045016606,inf,6.580370903015137,nan,12.567093882069457,inf,6.89832878112793,nan,12.749519611994401,inf
1163,5.228413105010986,nan,14.031626031974156,inf,5.182255744934082,nan,12.724103577997084,inf,5.377229690551758,nan,13.078211804970124,inf,6.152752876281738,nan,25.80101283901422,inf,9.796392440795898,nan,64.95292443499602,inf,6.32363748550415,nan,6.017735569990691,inf,5.701826572418213,nan,12.546456249016046,inf,5.570648193359375,nan,12.570499775069038,inf,5.443371295928955,nan,12.753140437993352,inf
1164,7.072558403015137,nan,14.035030305974942,inf,7.001567840576172,nan,12.727645201997802,inf,7.007065773010254,nan,13.081689738970454,inf,7.273775577545166,nan,25.822274429014215,inf,9.929950714111328,nan,65.0085330999973,inf,7.650090217590332,nan,6.023533793990282,inf,7.344123840332031,nan,12.549873192016094,inf,7.199409484863281,nan,12.57387052706872,inf,7.248592376708984,nan,12.756562571994436,inf
1165,6.5461530685424805,nan,14.038482829973873,inf,6.503783702850342,nan,12.731061915997998,inf,6.531520843505859,nan,13.08517201297036,inf,7.001614570617676,nan,25.842635608012642,inf,9.868617057800293,nan,65.06090984499679,inf,7.015072822570801,nan,6.028750929990565,inf,6.783358097076416,nan,12.553588639017107,inf,6.534740447998047,nan,12.577460873069867,inf,6.416585922241211,nan,12.76015752699459,inf
1166,6.9139909744262695,nan,14.042074934974153,inf,6.81886100769043,nan,12.73479989399857,inf,6.891153335571289,nan,13.088746708970575,inf,7.535118103027344,nan,25.862625821011534,inf,9.98417854309082,nan,65.11477259899584,inf,7.664907932281494,nan,6.034161998990385,inf,7.029620170593262,nan,12.55721957501737,inf,6.796759605407715,nan,12.581034848069976,inf,6.78773307800293,nan,12.763707391994103,inf
1167,5.127196311950684,nan,14.045643889974599,inf,5.132040977478027,nan,12.738406108997879,inf,5.229436874389648,nan,13.09239442597027,inf,6.143448829650879,nan,25.88399640201169,inf,9.882115364074707,nan,65.17011702099626,inf,6.285123825073242,nan,6.039548926990392,inf,5.535025596618652,nan,12.560715759016603,inf,5.381032943725586,nan,12.584458151070066,inf,5.534337997436523,nan,12.767361838994475,inf
1168,6.505000114440918,nan,14.04913354497512,inf,6.561023712158203,nan,12.741837801997463,inf,6.6486735343933105,nan,13.095964900971012,inf,7.263097286224365,nan,25.905374354011656,inf,10.051401138305664,nan,65.22623387399653,inf,7.378393173217773,nan,6.044493218989373,inf,6.772638320922852,nan,12.564570278016618,inf,6.740350723266602,nan,12.587883284069903,inf,6.785262107849121,nan,12.770922123994751,inf
1169,5.85870361328125,nan,14.052583528975447,inf,5.779543876647949,nan,12.745282625997788,inf,5.851841926574707,nan,13.099484324971854,inf,6.868035316467285,nan,25.926771315012957,inf,9.952672958374023,nan,65.27960034199714,inf,6.915622234344482,nan,6.04968311499033,inf,6.120621204376221,nan,12.568049152016101,inf,5.870295524597168,nan,12.591319328068494,inf,6.051027297973633,nan,12.774538128995118,inf
1170,6.733681678771973,nan,14.056043952976324,inf,6.796413421630859,nan,12.748803709997446,inf,6.783879280090332,nan,13.10309556097127,inf,7.493268013000488,nan,25.946691828012263,inf,10.130640029907227,nan,65.3314957609964,inf,7.593252182006836,nan,6.054595866989985,inf,7.011370658874512,nan,12.571449555016443,inf,6.9456787109375,nan,12.594698811069975,inf,7.0183234214782715,nan,12.777964291995886,inf
1171,6.205652236938477,nan,14.059494826977243,inf,5.946308612823486,nan,12.752366245998928,inf,6.015550136566162,nan,13.10657741497198,inf,6.7398576736450195,nan,25.970609632011474,inf,10.035503387451172,nan,65.38926557399645,inf,7.031181335449219,nan,6.059641500991347,inf,6.175936222076416,nan,12.57483849901655,inf,6.210461139678955,nan,12.598077614069553,inf,6.158391952514648,nan,12.781429705995834,inf
1172,5.408827781677246,nan,14.062979280975924,inf,5.220787525177002,nan,12.755766778998805,inf,5.631746768951416,nan,13.11007693897227,inf,6.30991268157959,nan,25.994765098012067,inf,10.085987091064453,nan,65.44513900299717,inf,6.62543249130249,nan,6.064814116991329,inf,5.827665328979492,nan,12.578275393016156,inf,5.656954765319824,nan,12.601460046069406,inf,5.722845077514648,nan,12.784859369996411,inf
1173,6.486631393432617,nan,14.066465904974393,inf,6.342280387878418,nan,12.759191141998599,inf,6.58597469329834,nan,13.113577543970678,inf,6.817016124725342,nan,26.01480770201306,inf,9.979852676391602,nan,65.4971302629965,inf,7.016019821166992,nan,6.069725638992168,inf,6.7842817306518555,nan,12.581675296016329,inf,6.55928897857666,nan,12.604847169068307,inf,6.756063938140869,nan,12.788931561995923,inf
1174,7.4174299240112305,nan,14.070044169973698,inf,7.587316036224365,nan,12.762669776999246,inf,7.632135391235352,nan,13.117146668972055,inf,8.06786060333252,nan,26.035455674013065,inf,10.054883003234863,nan,65.5491113229964,inf,8.290053367614746,nan,6.074661320992163,inf,8.02524471282959,nan,12.585175921016344,inf,7.898215293884277,nan,12.608288583067406,inf,7.8360114097595215,nan,12.792505276995144,inf
1175,6.114006996154785,nan,14.073428712974419,inf,6.180063724517822,nan,12.766192521998164,inf,6.366514205932617,nan,13.120583272971999,inf,7.687723159790039,nan,26.055768751011783,inf,10.049530982971191,nan,65.60089184999742,inf,7.808588981628418,nan,6.0797358349936985,inf,6.78846549987793,nan,12.58856888401715,inf,6.455245494842529,nan,12.611661476068548,inf,6.634774208068848,nan,12.795901329995104,inf
1176,6.250383377075195,nan,14.07682930597366,inf,6.076481819152832,nan,12.769804987998214,inf,6.301078796386719,nan,13.124079496970808,inf,6.739419937133789,nan,26.075816766011485,inf,9.909366607666016,nan,65.65298773099676,inf,7.034193992614746,nan,6.0846609879936295,inf,6.384043216705322,nan,12.591909686016152,inf,6.246031284332275,nan,12.615004859069813,inf,6.474616527557373,nan,12.799290912995275,inf
1177,8.030899047851562,nan,14.080429061972609,inf,8.241594314575195,nan,12.773368382997432,inf,8.097318649291992,nan,13.127562840971223,inf,8.513240814208984,nan,26.09588134101068,inf,10.243626594543457,nan,65.70506234099594,inf,9.234600067138672,nan,6.089627580993692,inf,8.610437393188477,nan,12.595393020015763,inf,8.464437484741211,nan,12.618468723070691,inf,8.530524253845215,nan,12.802754606995222,inf
1178,6.94853401184082,nan,14.083907645972431,inf,6.90321159362793,nan,12.77693055799864,inf,7.048191070556641,nan,13.131038864972652,inf,7.8169121742248535,nan,26.116187739009547,inf,10.200395584106445,nan,65.75729282399698,inf,7.978145599365234,nan,6.094703745993684,inf,7.1968913078308105,nan,12.599238599015735,inf,7.1354827880859375,nan,12.622136759071509,inf,7.2750420570373535,nan,12.806412073996398,inf
1179,6.3784074783325195,nan,14.087551421971511,inf,6.442376136779785,nan,12.780512973999066,inf,6.52004861831665,nan,13.134590159972504,inf,6.875179290771484,nan,26.136113052009023,inf,10.083728790283203,nan,65.80924686299659,inf,7.2421159744262695,nan,6.099655168995014,inf,6.973485946655273,nan,12.60270909301471,inf,6.657788276672363,nan,12.625554242071303,inf,6.863839149475098,nan,12.809849477996977,inf
1180,6.983569145202637,nan,14.091001864971986,inf,7.123754978179932,nan,12.784091728999556,inf,7.196641445159912,nan,13.138026342972807,inf,7.1684980392456055,nan,26.155931474007957,inf,10.025604248046875,nan,65.86184250099723,inf,7.675623893737793,nan,6.104606311995667,inf,7.379139423370361,nan,12.606200217014703,inf,7.348100185394287,nan,12.628996716071924,inf,7.356756687164307,nan,12.813443423998251,inf
1181,6.3493242263793945,nan,14.094476648971977,inf,6.376728057861328,nan,12.787620064000293,inf,6.531595230102539,nan,13.1416291779733,inf,7.063527584075928,nan,26.17605120900771,inf,9.812493324279785,nan,65.91311455199684,inf,7.729470729827881,nan,6.109516303995406,inf,6.82636022567749,nan,12.609644251015197,inf,6.599340915679932,nan,12.632415700070851,inf,6.485291481018066,nan,12.816979788998651,inf
1182,6.802810192108154,nan,14.0980001829721,inf,6.6453142166137695,nan,12.791054687000724,inf,6.734560966491699,nan,13.14516377297332,inf,6.947548866271973,nan,26.196146084006614,inf,10.033808708190918,nan,65.9651910429966,inf,7.441900730133057,nan,6.114489846995639,inf,7.246033668518066,nan,12.613036444015961,inf,7.015164375305176,nan,12.635788882069392,inf,7.100380897521973,nan,12.82048425299945,inf
1183,6.507115364074707,nan,14.101474186971245,inf,6.295831680297852,nan,12.795156569000028,inf,6.455606937408447,nan,13.148675387972617,inf,7.125153541564941,nan,26.21631948000686,inf,10.021533966064453,nan,66.01946606199635,inf,7.790493011474609,nan,6.11961301199517,inf,6.924808979034424,nan,12.616487708015484,inf,6.684685707092285,nan,12.639206325069608,inf,6.855720520019531,nan,12.823999537999043,inf
1184,7.265696048736572,nan,14.104947620970052,inf,7.3962812423706055,nan,12.79873179400056,inf,7.3092546463012695,nan,13.152118100973894,inf,8.212356567382812,nan,26.236453815006826,inf,10.178678512573242,nan,66.07142767099685,inf,8.074070930480957,nan,6.1244404729950475,inf,7.600591659545898,nan,12.619854891016075,inf,7.51339054107666,nan,12.642569678069776,inf,7.565524101257324,nan,12.827427370997611,inf
1185,6.837749481201172,nan,14.108355603970267,inf,6.803198337554932,nan,12.802135036999971,inf,6.91265869140625,nan,13.155599504972997,inf,7.485504150390625,nan,26.256712392007103,inf,10.040870666503906,nan,66.12411670999609,inf,7.801197528839111,nan,6.129368775995317,inf,7.325613021850586,nan,12.62322142301673,inf,7.197108268737793,nan,12.645933541069098,inf,7.00452995300293,nan,12.830908064997857,inf
1186,6.457573890686035,nan,14.11180195696943,inf,6.327943801879883,nan,12.80553282099936,inf,6.404836177825928,nan,13.15907796897227,inf,7.2491583824157715,nan,26.27671784600716,inf,10.012921333312988,nan,66.17584378699576,inf,7.495867729187012,nan,6.134361478994833,inf,6.697105407714844,nan,12.626633566016608,inf,6.618907928466797,nan,12.649328394069016,inf,6.557368278503418,nan,12.834481710997352,inf
1187,6.031628131866455,nan,14.115241839970622,inf,6.160253524780273,nan,12.80908518599972,inf,6.270334720611572,nan,13.162555532971965,inf,6.960354804992676,nan,26.29663662900566,inf,9.8248291015625,nan,66.22789671699684,inf,7.059909820556641,nan,6.139361322995683,inf,6.350481986999512,nan,12.630082570018203,inf,6.315930366516113,nan,12.652736437068597,inf,6.541238784790039,nan,12.83793624399732,inf
1188,6.872918605804443,nan,14.118699633971119,inf,6.8165788650512695,nan,12.81264745199951,inf,6.866686820983887,nan,13.166042946972084,inf,7.549924850463867,nan,26.317542905004302,inf,10.130230903625488,nan,66.28122217399687,inf,7.843660354614258,nan,6.144486987996061,inf,7.225887298583984,nan,12.633456703017146,inf,6.980571746826172,nan,12.65607511907001,inf,7.024137496948242,nan,12.841457958998944,inf
1189,6.297165393829346,nan,14.122106237970002,inf,6.566791534423828,nan,12.816105625999626,inf,6.419541358947754,nan,13.169585191972146,inf,7.415358066558838,nan,26.337770162004745,inf,10.051933288574219,nan,66.3330470819983,inf,7.100713729858398,nan,6.149408259996562,inf,6.634901523590088,nan,12.636856316017656,inf,6.225053787231445,nan,12.659447572070349,inf,6.332552433013916,nan,12.84486513199954,inf
1190,6.675161838531494,nan,14.125520900968695,inf,6.707521438598633,nan,12.819645450999815,inf,6.800783634185791,nan,13.173057935971883,inf,7.242342948913574,nan,26.357753265005158,inf,9.977367401123047,nan,66.3848229089981,inf,7.581186294555664,nan,6.15445223399729,inf,7.009128570556641,nan,12.640273029017408,inf,6.830772876739502,nan,12.662847985069675,inf,6.888484954833984,nan,12.848511808000694,inf
1191,6.7468743324279785,nan,14.128999274969829,inf,6.700446128845215,nan,12.823063365000053,inf,6.720455646514893,nan,13.176572149972344,inf,7.36219596862793,nan,26.378087723005592,inf,10.220380783081055,nan,66.43706859199847,inf,7.7626237869262695,nan,6.1594736379975075,inf,7.145021915435791,nan,12.6436754620172,inf,7.081136226654053,nan,12.666219248070774,inf,7.079894065856934,nan,12.852084013000422,inf
1192,6.86297082901001,nan,14.132437248970746,inf,6.859685897827148,nan,12.826569209999434,inf,6.8505706787109375,nan,13.180184355971505,inf,7.351212501525879,nan,26.39828395900622,inf,9.974661827087402,nan,66.48930194499735,inf,7.4523210525512695,nan,6.164554601999043,inf,6.966290473937988,nan,12.647128046015496,inf,6.9243340492248535,nan,12.6696399110715,inf,7.03167200088501,nan,12.855532747000325,inf
1193,6.285648345947266,nan,14.135943663970465,inf,6.236575603485107,nan,12.830043553998621,inf,6.368243217468262,nan,13.18366351997065,inf,7.05107307434082,nan,26.41815598100584,inf,10.062101364135742,nan,66.54113041299752,inf,7.182782173156738,nan,6.169643926999925,inf,6.538669109344482,nan,12.65049808801632,inf,6.421640396118164,nan,12.67297875307122,inf,6.506653785705566,nan,12.859071572000175,inf
1194,6.855565547943115,nan,14.13936365697009,inf,6.853387832641602,nan,12.833529328998338,inf,6.817537307739258,nan,13.18722562496987,inf,7.560690879821777,nan,26.441653190004217,inf,10.100658416748047,nan,66.59487708499728,inf,7.5533447265625,nan,6.174643759999526,inf,6.971144676208496,nan,12.653874561015982,inf,6.854375839233398,nan,12.676337765071366,inf,6.626011848449707,nan,12.863144742999793,inf
1195,7.263357162475586,nan,14.14301800397152,inf,7.3161115646362305,nan,12.836939172997518,inf,7.410970687866211,nan,13.190813769970191,inf,7.916845321655273,nan,26.464292047005074,inf,10.079327583312988,nan,66.65246626599765,inf,7.990056991577148,nan,6.179793515000711,inf,7.543420314788818,nan,12.657337455015295,inf,7.428001403808594,nan,12.679766738070612,inf,7.496796607971191,nan,12.866581747000964,inf
1196,4.949631690979004,nan,14.146503177971681,inf,4.835952281951904,nan,12.840374706996954,inf,4.968064785003662,nan,13.194329343970821,inf,5.664222240447998,nan,26.484331792005833,inf,9.494171142578125,nan,66.70450553599767,inf,5.722891330718994,nan,6.184830999000042,inf,5.074830532073975,nan,12.660850379015756,inf,5.074856758117676,nan,12.68321078207191,inf,5.054771900177002,nan,12.870069091000914,inf
1197,7.195208549499512,nan,14.150021281970112,inf,7.2172956466674805,nan,12.8438562609972,inf,7.122255325317383,nan,13.197866238970164,inf,7.648928165435791,nan,26.504419327005962,inf,10.043754577636719,nan,66.75663905799775,inf,7.6190571784973145,nan,6.189747231001093,inf,7.23040246963501,nan,12.664225281016115,inf,7.016561508178711,nan,12.686582365071445,inf,7.295838832855225,nan,12.873539645001074,inf
1198,6.698156356811523,nan,14.153519876970677,inf,6.9559173583984375,nan,12.847250323997287,inf,6.996359825134277,nan,13.201380992970371,inf,7.332301139831543,nan,26.524642404005135,inf,10.103921890258789,nan,66.80886838099832,inf,8.268808364868164,nan,6.194750345001012,inf,7.53062629699707,nan,12.66762036401633,inf,7.225001335144043,nan,12.689916517072561,inf,7.535811424255371,nan,12.876951758002178,inf
1199,5.8531060218811035,nan,14.157506036970517,inf,5.855808734893799,nan,12.850786438997602,inf,5.93925666809082,nan,13.204828576970613,inf,6.608941555023193,nan,26.548496277006052,inf,10.133262634277344,nan,66.86400890099867,inf,6.983539581298828,nan,6.199686466999992,inf,6.327245235443115,nan,12.671040938015722,inf,6.08463716506958,nan,12.693297600071674,inf,6.127595901489258,nan,12.88040003200149,inf
1200,7.024340629577637,6.496179103851318,14.161161492969768,inf,7.052620887756348,6.33427619934082,12.854262153996387,inf,6.96868896484375,6.615941047668457,13.208289530970433,inf,7.750054836273193,6.255630970001221,26.565758626005845,inf,10.102251052856445,10.065679550170898,66.92768620899915,inf,7.567078113555908,7.756526947021484,6.205659052000556,inf,7.15704345703125,7.6992621421813965,12.675259061015822,inf,7.203379154205322,6.034948348999023,12.696910566071892,inf,7.036789417266846,7.302419662475586,12.883960338001998,inf
1201,7.405238151550293,nan,14.164661567969233,inf,7.455474853515625,nan,12.857748187996549,inf,7.2730584144592285,nan,13.213447085970984,inf,7.617319107055664,nan,26.58768114400482,inf,10.284235000610352,nan,66.97903384100027,inf,8.388147354125977,nan,6.2106650060013635,inf,7.5040693283081055,nan,12.678995038015273,inf,7.64984130859375,nan,12.700512132070799,inf,7.703459739685059,nan,12.887567194002258,inf
1202,6.435726642608643,nan,14.168268543970044,inf,6.438938140869141,nan,12.861260182995466,inf,6.63026762008667,nan,13.217128442971443,inf,7.229363918304443,nan,26.607876501004284,inf,9.931772232055664,nan,67.03048567299993,inf,7.901908874511719,nan,6.21556769900053,inf,6.828436851501465,nan,12.682418741014772,inf,6.602179527282715,nan,12.703930555071565,inf,6.620113849639893,nan,12.89099625700328,inf
1203,7.241145133972168,nan,14.171751997970205,inf,7.179600715637207,nan,12.86463279599593,inf,7.231066703796387,nan,13.22051851597098,inf,7.665099620819092,nan,26.62783779500387,inf,10.12409782409668,nan,67.08047718799935,inf,8.114949226379395,nan,6.220627323000372,inf,7.5887770652771,nan,12.685850664014652,inf,7.575291633605957,nan,12.70734506907138,inf,7.414758682250977,nan,12.894523471002685,inf
1204,6.5094499588012695,nan,14.175289032971705,inf,6.652800559997559,nan,12.868068129995663,inf,6.621346473693848,nan,13.224002940971332,inf,6.943691253662109,nan,26.647914190003576,inf,9.94619369506836,nan,67.13218902399967,inf,7.411462306976318,nan,6.225571326001955,inf,6.845498561859131,nan,12.689332038014982,inf,6.628810882568359,nan,12.710781633071747,inf,6.67271614074707,nan,12.89820648800196,inf
1205,6.89663028717041,nan,14.17873965697072,inf,7.00972318649292,nan,12.871613624996826,inf,6.842299461364746,nan,13.227460194972082,inf,7.557893753051758,nan,26.667608310002834,inf,10.037176132202148,nan,67.18742774499879,inf,8.195552825927734,nan,6.2304134870009875,inf,7.280038833618164,nan,12.692806412014761,inf,7.0200700759887695,nan,12.714204227071605,inf,7.2261247634887695,nan,12.901656942001864,inf
1206,5.348230361938477,nan,14.182210050970752,inf,5.486761093139648,nan,12.875059238996982,inf,5.405772686004639,nan,13.230942098971354,inf,5.90888786315918,nan,26.687807377003992,inf,9.742185592651367,nan,67.2388931179994,inf,6.4551520347595215,nan,6.23539614100082,inf,5.792512893676758,nan,12.6962927260156,inf,5.668304443359375,nan,12.717632981071802,inf,5.681601524353027,nan,12.905199957001969,inf
1207,5.203076362609863,nan,14.185739965971152,inf,5.193850517272949,nan,12.878453571996943,inf,5.14218282699585,nan,13.234478303969809,inf,5.835590362548828,nan,26.708103654003935,inf,9.722298622131348,nan,67.28977195299922,inf,5.6940436363220215,nan,6.240244593001989,inf,5.24039363861084,nan,12.699694020015158,inf,5.234072685241699,nan,12.720991924072223,inf,5.257815361022949,nan,12.908748422001736,inf
1208,6.726424217224121,nan,14.189139728970986,inf,6.769506454467773,nan,12.881952425996133,inf,6.74495267868042,nan,13.238020858969321,inf,7.427057266235352,nan,26.72797741600516,inf,9.814640998840332,nan,67.340437775998,inf,7.881794452667236,nan,6.245230846003324,inf,7.1932783126831055,nan,12.703124604015102,inf,6.995791435241699,nan,12.724381437072225,inf,7.1015825271606445,nan,12.912174205001065,inf
1209,5.350067138671875,nan,14.192605782971441,inf,5.566883087158203,nan,12.885383898996224,inf,5.413805961608887,nan,13.241519062970838,inf,6.346800804138184,nan,26.748579888006134,inf,9.805791854858398,nan,67.39182428799722,inf,6.731274604797363,nan,6.250160919002155,inf,5.904000282287598,nan,12.706653168013872,inf,5.832460880279541,nan,12.727832811073313,inf,6.02886962890625,nan,12.915661289001946,inf
1210,6.3470611572265625,nan,14.19613725697127,inf,6.5791401863098145,nan,12.888837592996424,inf,6.488499641418457,nan,13.245077217970902,inf,7.31414270401001,nan,26.768524271006754,inf,10.138069152832031,nan,67.44259989299644,inf,7.843620300292969,nan,6.255068001000836,inf,7.081833362579346,nan,12.710028421013703,inf,6.669586181640625,nan,12.731194294074157,inf,6.825770378112793,nan,12.919070842002839,inf
1211,5.292118072509766,nan,14.199539439972796,inf,5.146296977996826,nan,12.892378857995936,inf,5.370705604553223,nan,13.248557991970301,inf,6.199707984924316,nan,26.7881748010077,inf,9.879829406738281,nan,67.49397954499727,inf,6.299948692321777,nan,6.259926793001796,inf,5.494426727294922,nan,12.713370543013298,inf,5.423333644866943,nan,12.734525256075358,inf,5.422337532043457,nan,12.922479285003647,inf
1212,7.258965969085693,nan,14.20297719397422,inf,7.387928009033203,nan,12.89574275999621,inf,7.432672023773193,nan,13.25202104597156,inf,8.255243301391602,nan,26.807833141006995,inf,10.526863098144531,nan,67.54416277199743,inf,7.9880242347717285,nan,6.264841905001958,inf,7.45073938369751,nan,12.716725496013169,inf,7.494996547698975,nan,12.737847458074611,inf,7.416275978088379,nan,12.926013250003962,inf
1213,7.191495895385742,nan,14.206382086973463,inf,7.297064781188965,nan,12.899235123997641,inf,7.277088165283203,nan,13.25549952997062,inf,8.111738204956055,nan,26.828953719006677,inf,10.310782432556152,nan,67.59573554699818,inf,8.522212982177734,nan,6.269954380000854,inf,7.611639499664307,nan,12.720447923013126,inf,7.565625190734863,nan,12.741474674074198,inf,7.572628021240234,nan,12.92977373800386,inf
1214,5.562463760375977,nan,14.210108583973124,inf,5.666916370391846,nan,12.902940450998358,inf,5.66855525970459,nan,13.259278397970775,inf,6.230024337768555,nan,26.85136633300681,inf,9.956271171569824,nan,67.64666754299833,inf,6.574580192565918,nan,6.275260307000281,inf,5.979485034942627,nan,12.724049839014697,inf,5.6888227462768555,nan,12.74499631807339,inf,5.943624019622803,nan,12.933289012004025,inf
1215,6.625779628753662,nan,14.213653738972425,inf,6.628950119018555,nan,12.90666367799895,inf,6.6074934005737305,nan,13.26282650297071,inf,6.973010540008545,nan,26.87256888300726,inf,9.639236450195312,nan,67.7013767569988,inf,7.152345657348633,nan,6.280553485001292,inf,6.7417497634887695,nan,12.727463062014067,inf,6.84373664855957,nan,12.748461512073845,inf,6.863572120666504,nan,12.93676528600372,inf
1216,7.418783664703369,nan,14.21715855297225,inf,7.392519950866699,nan,12.910278573999676,inf,7.380805015563965,nan,13.266329656969901,inf,8.259159088134766,nan,26.893697022007473,inf,10.267276763916016,nan,67.75698694299899,inf,8.344547271728516,nan,6.285876663001545,inf,7.806882381439209,nan,12.730904655014456,inf,7.643363952636719,nan,12.75194430607371,inf,7.721022605895996,nan,12.940201360004721,inf
1217,7.0802412033081055,nan,14.220607356972323,inf,7.054218292236328,nan,12.913907149999432,inf,7.081612586975098,nan,13.269841961968268,inf,7.490004539489746,nan,26.914894131006804,inf,10.111403465270996,nan,67.81151093500011,inf,7.864954948425293,nan,6.29084230600165,inf,7.2184672355651855,nan,12.734352899013174,inf,7.2024383544921875,nan,12.755362090074414,inf,7.3050537109375,nan,12.94364695400509,inf
1218,6.072173118591309,nan,14.224112870972021,inf,6.018640041351318,nan,12.91732870299893,inf,6.188572883605957,nan,13.273343215967543,inf,6.454593658447266,nan,26.93691176100765,inf,10.130396842956543,nan,67.8646321590004,inf,6.530580043792725,nan,6.296133773001202,inf,6.366245269775391,nan,12.738438921014676,inf,6.283167839050293,nan,12.759129878075328,inf,6.32621431350708,nan,12.947351720005827,inf
1219,4.882694244384766,nan,14.227754856970932,inf,4.997097015380859,nan,12.920855027998186,inf,5.0836181640625,nan,13.276923600966256,inf,6.08378267288208,nan,26.956866555006854,inf,9.673341751098633,nan,67.91680934100077,inf,5.8126726150512695,nan,6.301022294001086,inf,5.38984489440918,nan,12.741987486015205,inf,5.511863708496094,nan,12.762670822075961,inf,5.337660312652588,nan,12.950857704005102,inf
1220,6.629629135131836,nan,14.231278511970231,inf,6.6178297996521,nan,12.924324610998156,inf,6.660130500793457,nan,13.280437725967204,inf,7.324357986450195,nan,26.976716747005412,inf,9.88063907623291,nan,67.96822313400116,inf,7.100487232208252,nan,6.306062398001814,inf,6.694333553314209,nan,12.74543448001532,inf,6.642555236816406,nan,12.766099686075904,inf,6.808538436889648,nan,12.95430847800526,inf
1221,6.395795822143555,nan,14.234740445970601,inf,6.262479782104492,nan,12.927898715997799,inf,6.360726356506348,nan,13.283871239966174,inf,7.101248741149902,nan,26.99658334900414,inf,9.850330352783203,nan,68.02063147900117,inf,6.932115077972412,nan,6.310962930001551,inf,6.432463645935059,nan,12.748824703015998,inf,6.427215576171875,nan,12.76946565907565,inf,6.554391860961914,nan,12.957748552003977,inf
1222,5.486605167388916,nan,14.238162188969,inf,5.546414852142334,nan,12.93148845199903,inf,5.467693328857422,nan,13.28732074396612,inf,6.519445419311523,nan,27.017104089003624,inf,9.957672119140625,nan,68.07236371500221,inf,6.95249080657959,nan,6.315936654002144,inf,5.746152877807617,nan,12.752394208015176,inf,5.628229141235352,nan,12.772967463077293,inf,5.751246929168701,nan,12.961357607004174,inf
1223,5.921366214752197,nan,14.241660482968655,inf,5.870995998382568,nan,12.934973625999191,inf,5.920452117919922,nan,13.290938959966297,inf,6.995015621185303,nan,27.037063212004796,inf,10.080379486083984,nan,68.12402932100304,inf,7.017904281616211,nan,6.320854626002983,inf,6.3339033126831055,nan,12.755768861015895,inf,6.147407531738281,nan,12.776316346076783,inf,6.328177452087402,nan,12.964735930003371,inf
1224,6.6130900382995605,nan,14.245061105968489,inf,6.582695960998535,nan,12.938330137998491,inf,6.456458568572998,nan,13.294368682965796,inf,6.970256805419922,nan,27.057115296003758,inf,10.136616706848145,nan,68.17542848300218,inf,7.711232662200928,nan,6.325908270002401,inf,6.8202619552612305,nan,12.759190525015583,inf,6.943401336669922,nan,12.779718369076363,inf,6.874083518981934,nan,12.968204114004038,inf
1225,7.326258659362793,nan,14.248878624968711,inf,6.995206356048584,nan,12.941813491997891,inf,7.332499027252197,nan,13.297863466965282,inf,7.837105751037598,nan,27.077515525003037,inf,10.198726654052734,nan,68.22860678800134,inf,8.515092849731445,nan,6.331197007002629,inf,7.754918098449707,nan,12.762588818015502,inf,7.679001808166504,nan,12.783107343077063,inf,7.602760314941406,nan,12.971615307003958,inf
1226,6.688643455505371,nan,14.252331577969017,inf,6.678194522857666,nan,12.94521571599762,inf,6.778774261474609,nan,13.301601763965664,inf,7.395978927612305,nan,27.09767306100366,inf,9.994745254516602,nan,68.28032286500093,inf,7.2721052169799805,nan,6.336063349001051,inf,6.924672603607178,nan,12.766030862014304,inf,6.869773864746094,nan,12.786524976077999,inf,6.884807586669922,nan,12.97517011200398,inf
1227,5.87227201461792,nan,14.255782711969005,inf,5.761141777038574,nan,12.948936582997703,inf,5.7859649658203125,nan,13.305314790964985,inf,6.285797119140625,nan,27.118899390005026,inf,9.768503189086914,nan,68.3318248480009,inf,6.562471389770508,nan,6.340990271000919,inf,5.978182315826416,nan,12.76960479801528,inf,5.983781814575195,nan,12.790043571078058,inf,5.825187683105469,nan,12.978700726005627,inf
1228,6.448029518127441,nan,14.259300036968853,inf,6.471009731292725,nan,12.952571198999067,inf,6.751112461090088,nan,13.308831514965277,inf,7.430274963378906,nan,27.138573290005297,inf,10.185891151428223,nan,68.38283570600106,inf,7.828367233276367,nan,6.345907584001907,inf,6.895564079284668,nan,12.77297386101418,inf,6.627752304077148,nan,12.793925780077188,inf,6.784812927246094,nan,12.982120009004575,inf
1229,6.817508697509766,nan,14.262755550967995,inf,6.936882495880127,nan,12.956003582999983,inf,6.910454273223877,nan,13.312420570964605,inf,7.4358391761779785,nan,27.158803567004725,inf,9.999935150146484,nan,68.434226829002,inf,7.967776298522949,nan,6.350767505000476,inf,7.176692485809326,nan,12.776415125013955,inf,7.0035080909729,nan,12.797315513078502,inf,6.983686447143555,nan,12.985538892004115,inf
1230,6.612051010131836,nan,14.266549358968405,inf,6.8142619132995605,nan,12.959707059999346,inf,6.713800430297852,nan,13.315990515964586,inf,7.111522197723389,nan,27.180692185003863,inf,9.896183013916016,nan,68.49121485200158,inf,7.5665812492370605,nan,6.356136113001412,inf,7.051490783691406,nan,12.77983331901305,inf,7.002930641174316,nan,12.800685286078078,inf,7.013668060302734,nan,12.989227859003222,inf
1231,5.958588600158691,nan,14.269973732967628,inf,6.053067684173584,nan,12.963146432999565,inf,6.1947150230407715,nan,13.319472749964916,inf,6.837121963500977,nan,27.20497143400462,inf,9.747649192810059,nan,68.55042488400068,inf,6.916779518127441,nan,6.361985147001178,inf,6.294924736022949,nan,12.783888841011503,inf,6.49742317199707,nan,12.80433241207902,inf,6.341228485107422,nan,12.99310996800341,inf
1232,5.544175624847412,nan,14.273742090967062,inf,5.480644702911377,nan,12.967005661999792,inf,5.650840759277344,nan,13.323221766964707,inf,6.730524063110352,nan,27.22936909400596,inf,9.953125,nan,68.61003250999966,inf,6.380246639251709,nan,6.367885872001352,inf,5.743352890014648,nan,12.787332135010729,inf,5.767160415649414,nan,12.807722055080376,inf,5.6573567390441895,nan,12.996519142003308,inf
1233,6.623242378234863,nan,14.27716917496582,inf,6.422770977020264,nan,12.970394725000006,inf,6.456115245819092,nan,13.32672113096487,inf,6.862614154815674,nan,27.251787649005564,inf,9.927072525024414,nan,68.67005877100019,inf,7.1783623695373535,nan,6.373696175000077,inf,6.791871070861816,nan,12.791167164010403,inf,6.629384994506836,nan,12.811123788082114,inf,6.926722526550293,nan,13.000285410003926,inf
1234,6.62596321105957,nan,14.280813210965789,inf,6.680586814880371,nan,12.973813317999884,inf,6.689448833465576,nan,13.330200194965073,inf,7.292369365692139,nan,27.274065102004897,inf,10.12842082977295,nan,68.7302116840001,inf,7.557393550872803,nan,6.379470159001357,inf,7.013618469238281,nan,12.794582077011,inf,6.935519218444824,nan,12.814504470083193,inf,7.09892463684082,nan,13.003817174003416,inf
1235,5.443919658660889,nan,14.284214274966871,inf,5.343993663787842,nan,12.977303642001061,inf,5.528545379638672,nan,13.33363496896527,inf,6.2992844581604,nan,27.296744630006287,inf,9.7921781539917,nan,68.79030666699873,inf,6.398434638977051,nan,6.385363824001615,inf,5.664994716644287,nan,12.798289874010152,inf,5.655920028686523,nan,12.81808855608324,inf,5.759623050689697,nan,13.007594941002026,inf
1236,6.274653911590576,nan,14.287761689967738,inf,6.146520137786865,nan,12.980929339000795,inf,6.538112640380859,nan,13.337128512965137,inf,6.493561267852783,nan,27.319392438006616,inf,9.755485534667969,nan,68.84339179999915,inf,6.748875617980957,nan,6.3902793870001915,inf,6.516829967498779,nan,12.801686767010324,inf,6.4670023918151855,nan,12.821455038083514,inf,6.571511268615723,nan,13.01100515500184,inf
1237,7.163120269775391,nan,14.291186743968865,inf,7.205512046813965,nan,12.984305222002149,inf,7.047311782836914,nan,13.340535936964443,inf,7.505748271942139,nan,27.339515053006835,inf,9.881213188171387,nan,68.89994278799895,inf,7.674604892730713,nan,6.395899229000861,inf,7.347119331359863,nan,12.80537704400922,inf,7.348937511444092,nan,12.82483699108343,inf,7.290889263153076,nan,13.014551650001522,inf
1238,5.71243953704834,nan,14.295065782967868,inf,5.777963161468506,nan,12.987737786002981,inf,5.755410671234131,nan,13.344136472964237,inf,6.792396545410156,nan,27.361848397005815,inf,9.86204719543457,nan,68.95886503600013,inf,6.766687393188477,nan,6.400738770002135,inf,6.198446750640869,nan,12.808718477010189,inf,5.9038872718811035,nan,12.82816902308332,inf,5.99765682220459,nan,13.018070734002322,inf
1239,6.265292167663574,nan,14.298456475968123,inf,6.479483604431152,nan,12.991174599002989,inf,6.501395225524902,nan,13.347680157963623,inf,7.888901710510254,nan,27.38173774900497,inf,9.922063827514648,nan,69.00979171200015,inf,8.181506156921387,nan,6.4073843940022925,inf,6.943912506103516,nan,12.812198241010265,inf,6.758603096008301,nan,12.831601166082692,inf,6.856089115142822,nan,13.02146262700262,inf
1240,6.335308074951172,nan,14.301991410968185,inf,6.421263217926025,nan,12.994740734002335,inf,6.393827438354492,nan,13.351116011963313,inf,7.3019866943359375,nan,27.402139688003444,inf,9.854354858398438,nan,69.06212745599987,inf,7.006659984588623,nan,6.41234267800246,inf,6.476471900939941,nan,12.815731275009966,inf,6.3714704513549805,nan,12.835069920081878,inf,6.470370292663574,nan,13.024963611002022,inf
1241,7.284264087677002,nan,14.305527135968077,inf,7.215630054473877,nan,12.998225978002665,inf,7.168188095092773,nan,13.354662116962572,inf,7.695858001708984,nan,27.422062071003893,inf,10.398688316345215,nan,69.12053295699843,inf,7.8281450271606445,nan,6.417345951002062,inf,7.281176567077637,nan,12.819110728010855,inf,7.369412899017334,nan,12.83844147308082,inf,7.274558067321777,nan,13.028369954001391,inf
1242,6.507546424865723,nan,14.308958349967725,inf,6.763620376586914,nan,13.001612111002032,inf,6.7203850746154785,nan,13.358109409962708,inf,7.229508399963379,nan,27.44193504300347,inf,10.195577621459961,nan,69.17641154699959,inf,7.925388813018799,nan,6.422327224001492,inf,6.861325263977051,nan,12.822499011010223,inf,6.960628032684326,nan,12.841840686080104,inf,6.844320774078369,nan,13.031909669001834,inf
1243,6.959200859069824,nan,14.312388132968408,inf,7.003252983093262,nan,13.005102905002786,inf,6.967167854309082,nan,13.361624523962746,inf,7.156691074371338,nan,27.463053581002896,inf,9.912324905395508,nan,69.22791847100052,inf,8.156560897827148,nan,6.427298957001767,inf,7.118315696716309,nan,12.825913894010228,inf,7.135857582092285,nan,12.845248309080489,inf,7.0994415283203125,nan,13.035347943001398,inf
1244,6.74138879776001,nan,14.315824475968839,inf,6.85321044921875,nan,13.008653030003188,inf,6.872737884521484,nan,13.365125327962232,inf,7.645481109619141,nan,27.483202147002885,inf,10.204740524291992,nan,69.2870459120004,inf,8.066268920898438,nan,6.432567594001739,inf,7.109486103057861,nan,12.829521940009727,inf,6.952484607696533,nan,12.84876817408076,inf,7.0108113288879395,nan,13.038860278000357,inf
1245,6.894354820251465,nan,14.319396660968778,inf,6.8659467697143555,nan,13.012138735004555,inf,6.994455814361572,nan,13.368719123962364,inf,7.884481906890869,nan,27.503300352003862,inf,10.066057205200195,nan,69.33949593800025,inf,7.70796537399292,nan,6.437490376001733,inf,7.187361240386963,nan,12.832971494010053,inf,7.088501930236816,nan,12.852194947081443,inf,7.019123077392578,nan,13.042334662999565,inf
1246,6.952681064605713,nan,14.322923444968183,inf,6.857773780822754,nan,13.015690099005951,inf,6.936222076416016,nan,13.372132836962919,inf,7.634134292602539,nan,27.523170015003416,inf,9.981701850891113,nan,69.39146570699995,inf,7.948761463165283,nan,6.442406429001494,inf,7.0247697830200195,nan,12.83637866701065,inf,7.036821365356445,nan,12.855581690080726,inf,6.931257247924805,nan,13.045778206998875,inf
1247,6.14677095413208,nan,14.326386107968574,inf,5.984480857849121,nan,13.019123693005895,inf,6.21442174911499,nan,13.375623460962743,inf,6.39926815032959,nan,27.54724715100383,inf,9.64236831665039,nan,69.44615341100143,inf,6.634305953979492,nan,6.44751083400115,inf,6.468832969665527,nan,12.839745400011452,inf,6.279656410217285,nan,12.85894508308047,inf,6.37525749206543,nan,13.049257050997767,inf
1248,7.143276214599609,nan,14.329855971969664,inf,6.918895721435547,nan,13.02252799600501,inf,7.05376672744751,nan,13.379105034962777,inf,7.470945358276367,nan,27.567587029005153,inf,9.916656494140625,nan,69.49821454200173,inf,7.246014595031738,nan,6.452379196001857,inf,7.15049934387207,nan,12.843142773012005,inf,7.202144145965576,nan,12.862360976081618,inf,7.069992542266846,nan,13.052695074997246,inf
1249,7.450106143951416,nan,14.333880993968705,inf,7.6064863204956055,nan,13.026048221005112,inf,7.584079265594482,nan,13.382890882961874,inf,7.521066665649414,nan,27.588280862006286,inf,9.980997085571289,nan,69.5505396360004,inf,8.351823806762695,nan,6.4573119890010275,inf,7.593941688537598,nan,12.846765769010744,inf,7.869511604309082,nan,12.865886070081615,inf,7.710159778594971,nan,13.056222329996672,inf
1250,7.686296463012695,nan,14.337493419969178,inf,7.458034515380859,nan,13.029566516006525,inf,7.598740577697754,nan,13.386496297962367,inf,8.178051948547363,nan,27.608315846007827,inf,10.1591215133667,nan,69.60202021899931,inf,8.636192321777344,nan,6.462185671000043,inf,7.749783515930176,nan,12.850147562010534,inf,7.692629814147949,nan,12.869266823081489,inf,7.7595906257629395,nan,13.059629113997289,inf
1251,5.789834022521973,nan,14.340936503969715,inf,5.778048515319824,nan,13.032978529006868,inf,5.870885848999023,nan,13.389979281962951,inf,6.308477401733398,nan,27.6281787380085,inf,9.695442199707031,nan,69.65368799499811,inf,6.5116071701049805,nan,6.4670670430004975,inf,6.018109321594238,nan,12.853525365009773,inf,5.973840713500977,nan,12.872615466081697,inf,5.792868614196777,nan,13.063031826995939,inf
1252,7.462220191955566,nan,14.344358546970398,inf,7.617308139801025,nan,13.03651229400748,inf,7.608572483062744,nan,13.393458795962943,inf,8.181119918823242,nan,27.64808551000715,inf,10.370039939880371,nan,69.70610940999904,inf,8.532846450805664,nan,6.472024976001194,inf,7.738542556762695,nan,12.856934298009946,inf,7.844854831695557,nan,12.875993319083136,inf,7.798541069030762,nan,13.066611231995921,inf
1253,6.917008399963379,nan,14.347760969969386,inf,6.910496711730957,nan,13.040015189008045,inf,6.9370927810668945,nan,13.397040861964342,inf,7.508388042449951,nan,27.668152195008588,inf,10.044266700744629,nan,69.75857890599764,inf,7.776987075805664,nan,6.476966118001656,inf,7.261591911315918,nan,12.860531534010079,inf,6.869812965393066,nan,12.879545824082015,inf,7.22236442565918,nan,13.070340008996936,inf
1254,5.7336273193359375,nan,14.35135016597087,inf,5.722159385681152,nan,13.0435145830088,inf,5.707765102386475,nan,13.400598997965062,inf,6.567844867706299,nan,27.68803185800789,inf,9.749677658081055,nan,69.81094814099743,inf,6.605646133422852,nan,6.48203320200264,inf,6.118039131164551,nan,12.863952467008858,inf,6.208926200866699,nan,12.882942157082653,inf,5.921611785888672,nan,13.073759682996752,inf
1255,6.651426792144775,nan,14.354777618971639,inf,6.663745403289795,nan,13.047071358008907,inf,6.78109073638916,nan,13.40398616096536,inf,6.815662860870361,nan,27.70780848900904,inf,9.848062515258789,nan,69.86232048299826,inf,7.442054271697998,nan,6.486915354002122,inf,6.843454360961914,nan,12.867308890008644,inf,6.92582893371582,nan,12.886293870082227,inf,6.852534294128418,nan,13.077165836997665,inf
1256,7.138089179992676,nan,14.358223342971542,inf,7.174060821533203,nan,13.050460471007682,inf,7.265099048614502,nan,13.407419573966763,inf,7.482420921325684,nan,27.72762056000829,inf,9.813783645629883,nan,69.91360744399935,inf,7.890312671661377,nan,6.491903557001933,inf,7.306184768676758,nan,12.87064402201031,inf,7.560109615325928,nan,12.88962383208127,inf,7.36961555480957,nan,13.080625290996977,inf
1257,6.712281227111816,nan,14.361677816970769,inf,6.661667346954346,nan,13.053840334008783,inf,6.663006782531738,nan,13.410883607966753,inf,7.297482490539551,nan,27.74758327400923,inf,9.937790870666504,nan,69.96544912100035,inf,7.482236862182617,nan,6.496881651002695,inf,6.987603187561035,nan,12.874050635009553,inf,6.662912368774414,nan,12.89301768508085,inf,6.849241256713867,nan,13.084248806997493,inf
1258,6.801448822021484,nan,14.36510904996976,inf,6.735018730163574,nan,13.057363919009731,inf,6.820747375488281,nan,13.41430658196623,inf,7.121614933013916,nan,27.767445066008804,inf,9.938584327697754,nan,70.0173691100008,inf,7.55902099609375,nan,6.50177249400258,inf,7.063717842102051,nan,12.877534449009545,inf,7.223051071166992,nan,12.896456109079736,inf,6.957179069519043,nan,13.08770727099727,inf
1259,6.053746223449707,nan,14.368607963970135,inf,6.113260269165039,nan,13.060831603010229,inf,6.231426239013672,nan,13.417850716967223,inf,7.05159854888916,nan,27.787353369008997,inf,10.070923805236816,nan,70.0688299630001,inf,7.145866394042969,nan,6.5066975460013055,inf,6.519867897033691,nan,12.880890442009331,inf,6.620769500732422,nan,12.899798802080113,inf,6.386214733123779,nan,13.091102023996427,inf
1260,6.077569007873535,nan,14.372008117969017,inf,6.00312614440918,nan,13.064357548009866,inf,5.829841613769531,nan,13.421295300968268,inf,6.6612677574157715,nan,27.80725721100862,inf,9.865962028503418,nan,70.12029392600016,inf,6.79694128036499,nan,6.511654569001621,inf,6.18068790435791,nan,12.884276855009375,inf,6.4148664474487305,nan,12.903184175078422,inf,6.252697467803955,nan,13.094510817996706,inf
1261,6.658099174499512,nan,14.375417630968514,inf,6.628848075866699,nan,13.067896932008807,inf,6.638463973999023,nan,13.424726373967133,inf,7.117625713348389,nan,27.827592959007234,inf,9.852401733398438,nan,70.1716879279993,inf,7.569258689880371,nan,6.516617032000795,inf,6.59660530090332,nan,12.887643827009015,inf,6.817526817321777,nan,12.906537438078885,inf,6.694531440734863,nan,13.098011691996362,inf
1262,6.450361251831055,nan,14.37890028496804,inf,6.322476387023926,nan,13.071284055009528,inf,6.327807903289795,nan,13.428216228967358,inf,7.382201671600342,nan,27.847652024007402,inf,9.865967750549316,nan,70.22417520399904,inf,7.511186599731445,nan,6.521664796002369,inf,6.799233436584473,nan,12.891374004007957,inf,6.649938583374023,nan,12.91010636307874,inf,6.64268684387207,nan,13.101585106995117,inf
1263,6.78659200668335,nan,14.382464659969628,inf,6.70620059967041,nan,13.07489256100962,inf,6.824707508087158,nan,13.43184250496779,inf,7.395445823669434,nan,27.870490333007183,inf,10.028215408325195,nan,70.28115976699883,inf,7.636500835418701,nan,6.5268165710022,inf,6.973080635070801,nan,12.894840199009195,inf,7.024874210357666,nan,12.913512746079505,inf,7.019064903259277,nan,13.105155931994886,inf
1264,6.638616561889648,nan,14.385922213969025,inf,6.681262969970703,nan,13.07836636500906,inf,6.648036003112793,nan,13.4354470909675,inf,7.320591926574707,nan,27.890148503007367,inf,9.872209548950195,nan,70.33163556699765,inf,7.383942604064941,nan,6.531663403002312,inf,6.752373695373535,nan,12.898214661008751,inf,6.836173057556152,nan,12.916854688079184,inf,6.77088737487793,nan,13.108546804995058,inf
1265,5.200150012969971,nan,14.389329026967971,inf,5.188063144683838,nan,13.081870819009055,inf,5.238163948059082,nan,13.438892813966959,inf,6.105164527893066,nan,27.909723251006653,inf,9.666241645812988,nan,70.38231285999791,inf,6.385015964508057,nan,6.536513104003461,inf,5.402672290802002,nan,12.901573804008876,inf,5.739506244659424,nan,12.920189910078989,inf,5.539414882659912,nan,13.11193287799506,inf
1266,6.424295425415039,nan,14.392739870969308,inf,6.574886798858643,nan,13.085384863008585,inf,6.48274040222168,nan,13.442337787968427,inf,7.828956604003906,nan,27.92967848500666,inf,10.210317611694336,nan,70.43337406799765,inf,8.047882080078125,nan,6.541402936003578,inf,7.069872856140137,nan,12.904972727008499,inf,6.76273775100708,nan,12.92355187207977,inf,6.9552226066589355,nan,13.11536971199348,inf
1267,5.094480991363525,nan,14.396189633969698,inf,4.959271430969238,nan,13.088800476007236,inf,5.150199890136719,nan,13.445838362968061,inf,5.868624687194824,nan,27.949617598005716,inf,9.88509750366211,nan,70.48472244999721,inf,6.322981357574463,nan,6.546371229003853,inf,5.158023357391357,nan,12.908755574007955,inf,5.067366123199463,nan,12.927215849080312,inf,5.0543622970581055,nan,13.119153759993424,inf
1268,7.278814792633057,nan,14.399791439969704,inf,7.363417625427246,nan,13.092516693006473,inf,7.227400779724121,nan,13.449417027966774,inf,7.526215553283691,nan,27.969244237005114,inf,10.021232604980469,nan,70.53634154499741,inf,7.89841365814209,nan,6.551247191002403,inf,7.595763206481934,nan,12.912187697007539,inf,7.476980209350586,nan,12.93061901208057,inf,7.477486610412598,nan,13.12257236399455,inf
1269,6.581689834594727,nan,14.403188552969368,inf,6.393628120422363,nan,13.09608249800658,inf,6.417595863342285,nan,13.452843231967563,inf,7.261635780334473,nan,27.989056949005317,inf,10.061836242675781,nan,70.58690582699819,inf,7.464736461639404,nan,6.556111933003194,inf,6.55879545211792,nan,12.915656221008248,inf,6.7738938331604,nan,12.934069526081657,inf,6.53092098236084,nan,13.126151599994046,inf
1270,6.0312418937683105,nan,14.406662396970205,inf,5.846950531005859,nan,13.099592732005476,inf,6.134346961975098,nan,13.456472087967995,inf,6.358983516693115,nan,28.00902749200577,inf,9.863224029541016,nan,70.63867299399863,inf,6.596959590911865,nan,6.56104306600173,inf,5.992766380310059,nan,12.91905342400969,inf,6.0066070556640625,nan,12.937452939080686,inf,6.057623863220215,nan,13.129551402993457,inf
1271,6.770658493041992,nan,14.410104410970234,inf,6.642165184020996,nan,13.10305854600665,inf,6.921936988830566,nan,13.460015472968735,inf,7.089155197143555,nan,28.028935924005054,inf,10.031315803527832,nan,70.69042268099838,inf,8.271739959716797,nan,6.5660218090015405,inf,7.142255783081055,nan,12.922664080009781,inf,7.1658806800842285,nan,12.940987203081022,inf,7.108867645263672,nan,13.133096747993477,inf
1272,7.081612586975098,nan,14.413714496969988,inf,6.904099464416504,nan,13.10656458100675,inf,7.051752090454102,nan,13.4635854779699,inf,7.785923957824707,nan,28.048899788003837,inf,9.962227821350098,nan,70.74254757299968,inf,7.808198928833008,nan,6.570990712001731,inf,7.149894714355469,nan,12.926225426010205,inf,7.268495559692383,nan,12.944507147081822,inf,7.130135536193848,nan,13.136628692993327,inf
1273,5.234189033508301,nan,14.417284231969461,inf,5.396345138549805,nan,13.11007068600702,inf,5.485533237457275,nan,13.46717038397037,inf,6.215301036834717,nan,28.070909128004132,inf,9.596447944641113,nan,70.79622880500028,inf,6.351077079772949,nan,6.576104817002488,inf,5.74783992767334,nan,12.929712570010452,inf,5.815476894378662,nan,12.947946971080455,inf,5.844003677368164,nan,13.140088656993612,inf
1274,7.635429382324219,nan,14.420911428969703,inf,7.571193695068359,nan,13.11348629900749,inf,7.540895462036133,nan,13.470748508971155,inf,7.945603370666504,nan,28.0904833060049,inf,10.09908676147461,nan,70.84643594200134,inf,8.774898529052734,nan,6.58091153800342,inf,7.7885332107543945,nan,12.933070583010704,inf,7.844025611877441,nan,12.951276993080683,inf,7.775527000427246,nan,13.143486659993869,inf
1275,7.497920036315918,nan,14.424332272970787,inf,7.457111358642578,nan,13.116863102006391,inf,7.379585266113281,nan,13.474205552971398,inf,8.19743537902832,nan,28.110406229005093,inf,10.229536056518555,nan,70.8979752760024,inf,8.23348617553711,nan,6.5858115700029884,inf,7.605982303619385,nan,12.93647147601041,inf,7.522170066833496,nan,12.954665276081869,inf,7.537506103515625,nan,13.146889252995607,inf
1276,6.507637977600098,nan,14.427760135969947,inf,6.598321914672852,nan,13.120295745005933,inf,6.694636344909668,nan,13.477705926970884,inf,7.130591869354248,nan,28.13221133600564,inf,9.948720932006836,nan,70.95110709000255,inf,7.69168758392334,nan,6.590781284003242,inf,6.930626392364502,nan,12.939949090010487,inf,6.939765930175781,nan,12.958119299082682,inf,6.687244892120361,nan,13.150347045995659,inf
1277,6.301119804382324,nan,14.43136532196877,inf,6.206636428833008,nan,13.123766469005204,inf,6.292203903198242,nan,13.48125097197044,inf,6.880346298217773,nan,28.155319129004056,inf,9.775714874267578,nan,71.01077240700215,inf,7.460607051849365,nan,6.596391485003551,inf,6.5054755210876465,nan,12.943380974011234,inf,6.372575759887695,nan,12.961542863082286,inf,6.536949157714844,nan,13.153783049994672,inf
1278,6.851720333099365,nan,14.43480744496992,inf,6.880932807922363,nan,13.12802587400438,inf,6.947344779968262,nan,13.484710435970555,inf,7.2334747314453125,nan,28.178337411003668,inf,10.020025253295898,nan,71.07228917800057,inf,7.519109725952148,nan,6.602382731003672,inf,7.076259613037109,nan,12.9468284370123,inf,7.125516891479492,nan,12.964929456082245,inf,7.195734024047852,nan,13.157322794995707,inf
1279,6.549600601196289,nan,14.438248558970372,inf,6.482004165649414,nan,13.13154101800501,inf,6.447623252868652,nan,13.488385431970528,inf,7.430614948272705,nan,28.198060942004304,inf,10.16076946258545,nan,71.12329469500037,inf,7.500866889953613,nan,6.607391695002661,inf,7.09846830368042,nan,12.950213820011413,inf,6.976587295532227,nan,12.968294129081187,inf,6.934815883636475,nan,13.160771918996033,inf
1280,6.127676010131836,nan,14.441687762970105,inf,6.103311538696289,nan,13.135171544005061,inf,6.014285087585449,nan,13.49187262696978,inf,6.99114990234375,nan,28.217941784005234,inf,9.946060180664062,nan,71.17798229899927,inf,7.49769401550293,nan,6.612508970003546,inf,6.622628211975098,nan,12.953988648010636,inf,6.614906311035156,nan,12.971932685080901,inf,6.386811256408691,nan,13.164364594997096,inf
1281,7.671839714050293,nan,14.445301168971127,inf,7.870546340942383,nan,13.13875559900589,inf,7.701413631439209,nan,13.495495872970423,inf,7.880135536193848,nan,28.237831287004155,inf,9.898382186889648,nan,71.23045508500036,inf,8.421215057373047,nan,6.617388822003704,inf,7.883371353149414,nan,12.957395181010725,inf,7.992073059082031,nan,12.975325688081284,inf,7.864096641540527,nan,13.167782327998793,inf
1282,5.9126739501953125,nan,14.448792932971628,inf,5.871341228485107,nan,13.142161142006444,inf,5.918056964874268,nan,13.498948526970707,inf,6.705507278442383,nan,28.26155785800256,inf,9.70966911315918,nan,71.28362475000176,inf,6.471861839294434,nan,6.62228875400433,inf,6.118583679199219,nan,12.960812315011935,inf,6.015621662139893,nan,12.978727361081837,inf,6.031116485595703,nan,13.17135859299924,inf
1283,6.667489051818848,nan,14.452281036972636,inf,6.656317710876465,nan,13.145662187005655,inf,6.651645183563232,nan,13.5024799519706,inf,7.337494373321533,nan,28.28207378800289,inf,10.153244018554688,nan,71.33538055700228,inf,7.955744743347168,nan,6.627256517003843,inf,6.7219648361206055,nan,12.96416303701335,inf,6.788593769073486,nan,12.982062294082425,inf,6.7455291748046875,nan,13.174837496999316,inf
1284,7.21286678314209,nan,14.455741500971271,inf,7.196506500244141,nan,13.149053590004769,inf,7.105008125305176,nan,13.505995236970193,inf,7.57946252822876,nan,28.3021983430026,inf,10.15626335144043,nan,71.38713094400373,inf,8.214628219604492,nan,6.632143029002691,inf,7.340340614318848,nan,12.967578140012847,inf,7.572298526763916,nan,12.98543238608363,inf,7.529815196990967,nan,13.178467722998903,inf
1285,7.051783561706543,nan,14.459134753971739,inf,6.883533000946045,nan,13.152571485004955,inf,7.018868446350098,nan,13.509462760970564,inf,7.861328601837158,nan,28.326395670002967,inf,10.06375503540039,nan,71.4438501040022,inf,8.093794822692871,nan,6.637425816003088,inf,7.115663051605225,nan,12.971255267013476,inf,7.378096580505371,nan,12.98898463108344,inf,7.267131328582764,nan,13.18202917799863,inf
1286,7.1864848136901855,nan,14.462780770971222,inf,6.960064888000488,nan,13.156107390004763,inf,7.130585670471191,nan,13.513617172971863,inf,7.591078758239746,nan,28.347735661003753,inf,10.077360153198242,nan,71.4977999390012,inf,7.995889663696289,nan,6.64254762100245,inf,7.3977131843566895,nan,12.974754081013089,inf,7.530669689178467,nan,12.992539776083504,inf,7.718995094299316,nan,13.185843925999507,inf
1287,7.586313724517822,nan,14.466320435971284,inf,7.56619930267334,nan,13.159790067003996,inf,7.592707633972168,nan,13.517117566972956,inf,7.799612998962402,nan,28.367773825004406,inf,10.110611915588379,nan,71.54978668900185,inf,8.439447402954102,nan,6.647471514002973,inf,7.8751020431518555,nan,12.978245435013378,inf,7.99013614654541,nan,12.99596547908368,inf,7.832924842834473,nan,13.189274540000042,inf
1288,6.390435218811035,nan,14.469773869970595,inf,6.496254920959473,nan,13.163329982004143,inf,6.437047004699707,nan,13.520563680973282,inf,6.971830368041992,nan,28.38745704500434,inf,9.899735450744629,nan,71.60205998200217,inf,6.722238540649414,nan,6.6524125460036885,inf,6.346457481384277,nan,12.98164354801338,inf,6.354151248931885,nan,12.9993450520833,inf,6.532739162445068,nan,13.192709273998844,inf
1289,8.441781997680664,nan,14.47323003397105,inf,8.52056884765625,nan,13.16676286600341,inf,8.510482788085938,nan,13.524061024974799,inf,8.783722877502441,nan,28.407988836004733,inf,10.244128227233887,nan,71.65445468600228,inf,9.090057373046875,nan,6.657328878003682,inf,8.49621295928955,nan,12.985189753013401,inf,8.4786376953125,nan,13.002830506082319,inf,8.497440338134766,nan,13.19620939899869,inf
1290,7.377932548522949,nan,14.476776688970858,inf,7.347540378570557,nan,13.17024472000412,inf,7.348095893859863,nan,13.527618389975032,inf,7.713487148284912,nan,28.427877398004057,inf,9.87940788269043,nan,71.70867047400316,inf,8.209132194519043,nan,6.663826490002975,inf,7.549800872802734,nan,12.988633626013325,inf,7.712067127227783,nan,13.00620969908232,inf,7.59752082824707,nan,13.199743553997905,inf
1291,6.453484058380127,nan,14.48017389197048,inf,6.423861980438232,nan,13.173724464004408,inf,6.622322082519531,nan,13.531194494975352,inf,7.082313537597656,nan,28.44971280500431,inf,10.103693008422852,nan,71.76624182500382,inf,7.597976207733154,nan,6.6687477820014465,inf,7.037970542907715,nan,12.992021169013242,inf,6.781445503234863,nan,13.00956619108183,inf,6.574641227722168,nan,13.20324159899792,inf
1292,6.586092472076416,nan,14.483657715971276,inf,6.422518253326416,nan,13.177201548005542,inf,6.521425724029541,nan,13.534704968975348,inf,7.2730913162231445,nan,28.469793540003593,inf,10.038507461547852,nan,71.81812566300323,inf,7.659377098083496,nan,6.673695835001126,inf,6.569960594177246,nan,12.995384382013071,inf,6.447748184204102,nan,13.012921664083478,inf,6.514971733093262,nan,13.206752523998148,inf
1293,5.864439964294434,nan,14.487058588971195,inf,5.7426347732543945,nan,13.180688643005851,inf,5.77886438369751,nan,13.538124081975184,inf,6.784617900848389,nan,28.489622412003882,inf,10.10825252532959,nan,71.86977722900338,inf,7.198533535003662,nan,6.678587657001117,inf,6.13888692855835,nan,12.99883021601272,inf,6.209521293640137,nan,13.016351797083189,inf,6.11894416809082,nan,13.21029729899783,inf
1294,6.824461936950684,nan,14.491019268971286,inf,6.820423126220703,nan,13.18414727700656,inf,6.910361289978027,nan,13.541951680974307,inf,7.335147857666016,nan,28.509689507003714,inf,9.880636215209961,nan,71.92216342400388,inf,7.653709888458252,nan,6.684698954000851,inf,7.18421745300293,nan,13.002277489013068,inf,7.339596748352051,nan,13.019752880083615,inf,7.2793869972229,nan,13.213748632997522,inf
1295,6.383437633514404,nan,14.494445251972138,inf,6.3323798179626465,nan,13.187674801007233,inf,6.59056282043457,nan,13.545415634973324,inf,7.340541362762451,nan,28.52975059200253,inf,9.917890548706055,nan,71.97360116700474,inf,7.256245136260986,nan,6.689666157000829,inf,6.824383735656738,nan,13.005749653013481,inf,6.713537216186523,nan,13.023177123084679,inf,6.709987163543701,nan,13.217294917998515,inf
1296,7.000932216644287,nan,14.497879034970538,inf,7.1122145652771,nan,13.191177175007397,inf,7.185849666595459,nan,13.548970889973134,inf,7.382974624633789,nan,28.54991478800366,inf,9.819463729858398,nan,72.02544560500428,inf,7.75115442276001,nan,6.694593420001183,inf,7.4654645919799805,nan,13.009132696013694,inf,7.471386909484863,nan,13.026528436084845,inf,7.451573848724365,nan,13.2209165439981,inf
1297,6.957808494567871,nan,14.501294577970839,inf,6.816572189331055,nan,13.19473602000835,inf,6.97598123550415,nan,13.552403983972908,inf,7.604264736175537,nan,28.570623240004352,inf,9.84351921081543,nan,72.08577714100466,inf,8.168760299682617,nan,6.699977808000767,inf,7.119503974914551,nan,13.012597130013091,inf,7.233924865722656,nan,13.029916599085482,inf,7.200779438018799,nan,13.224454718998459,inf
1298,6.689866065979004,nan,14.505121286971189,inf,6.658923149108887,nan,13.198152343007678,inf,6.700080871582031,nan,13.556428044972563,inf,7.05208158493042,nan,28.59333683800469,inf,9.967026710510254,nan,72.14273151400448,inf,7.365357398986816,nan,6.705136204001974,inf,6.9030656814575195,nan,13.016132135013322,inf,6.944207191467285,nan,13.03336657208638,inf,6.748924255371094,nan,13.228029853999033,inf
1299,6.7661285400390625,nan,14.50857565097067,inf,6.714463233947754,nan,13.201624847008134,inf,6.700377464294434,nan,13.55999654997322,inf,7.286647796630859,nan,28.61389906900513,inf,9.900762557983398,nan,72.19755830000395,inf,7.592569351196289,nan,6.710349531002066,inf,6.793327331542969,nan,13.019561038012398,inf,6.981051921844482,nan,13.03677270508706,inf,6.869271755218506,nan,13.231456556999547,inf
1300,5.545711040496826,6.714287757873535,14.51244400996984,inf,5.580130577087402,6.741580963134766,13.205659108009058,inf,5.529585361480713,6.100703239440918,13.563668516973848,inf,6.224802494049072,7.357463359832764,28.633599399005107,inf,9.67286205291748,10.084827423095703,72.2577654240049,inf,6.382514953613281,8.892611503601074,6.716807493001397,inf,5.693245887756348,7.340386867523193,13.023161724013335,inf,5.754430770874023,6.5471343994140625,13.040286510087753,inf,5.793753623962402,6.104685306549072,13.234957530999964,inf
1301,7.325085163116455,nan,14.51595367497066,inf,7.4123945236206055,nan,13.209142932009854,inf,7.2744269371032715,nan,13.567328802973861,inf,8.139822959899902,nan,28.65678427300554,inf,10.21566390991211,nan,72.31800264900448,inf,8.159086227416992,nan,6.721715625002616,inf,7.431938648223877,nan,13.027051184013544,inf,7.4299798011779785,nan,13.044136398088085,inf,7.482988357543945,nan,13.238583536998703,inf
1302,6.676949501037598,nan,14.519552280971766,inf,6.549010276794434,nan,13.212639336010398,inf,6.834002494812012,nan,13.570878127973629,inf,7.581276893615723,nan,28.680482543006292,inf,10.029706954956055,nan,72.36899791700489,inf,7.527105331420898,nan,6.726733418003278,inf,6.672070503234863,nan,13.030517638013407,inf,6.810163497924805,nan,13.047582072087607,inf,6.572896957397461,nan,13.24219425299816,inf
1303,6.846013069152832,nan,14.522960374972172,inf,7.01162576675415,nan,13.216134050009714,inf,6.947643280029297,nan,13.574239230974854,inf,7.634180068969727,nan,28.700499957005377,inf,10.205928802490234,nan,72.41912181300358,inf,7.609361171722412,nan,6.731616660003056,inf,7.105960845947266,nan,13.034943124011988,inf,7.14260721206665,nan,13.051377910087467,inf,7.109081268310547,nan,13.245620846999373,inf
1304,5.98175048828125,nan,14.526410228971145,inf,5.922580242156982,nan,13.219720195009359,inf,5.912509918212891,nan,13.577785555975424,inf,6.976369857788086,nan,28.724951487005455,inf,9.888522148132324,nan,72.47618088700438,inf,7.372130870819092,nan,6.738378286001534,inf,6.337994575500488,nan,13.038393538012315,inf,6.163666248321533,nan,13.055087107088184,inf,6.239902496337891,nan,13.249627027000315,inf
1305,5.901362419128418,nan,14.52996227397125,inf,6.036592483520508,nan,13.223126828010209,inf,5.891619682312012,nan,13.581297119975716,inf,7.196211814880371,nan,28.748829000003752,inf,9.772899627685547,nan,72.53089623100459,inf,7.393823623657227,nan,6.744647696003085,inf,6.311962127685547,nan,13.041855572011627,inf,6.349337100982666,nan,13.058452760089494,inf,6.401270866394043,nan,13.253126171999611,inf
1306,6.272118091583252,nan,14.533350606970998,inf,6.369131088256836,nan,13.226599002009607,inf,6.440855979919434,nan,13.584804333975626,inf,6.843010902404785,nan,28.77095840000402,inf,9.625980377197266,nan,72.5836834910042,inf,7.35012674331665,nan,6.751642505003474,inf,6.453688621520996,nan,13.045433607010636,inf,6.573874473571777,nan,13.06195172408843,inf,6.545794486999512,nan,13.256629896999584,inf
1307,7.767102241516113,nan,14.536851301971183,inf,7.721222400665283,nan,13.230098796007951,inf,7.626818656921387,nan,13.588387638974382,inf,7.830839157104492,nan,28.795630403004907,inf,9.945899963378906,nan,72.64673006100384,inf,8.308616638183594,nan,6.756654718003119,inf,7.772461891174316,nan,13.04926039601014,inf,7.921629905700684,nan,13.06541564708823,inf,7.859165668487549,nan,13.260092151000208,inf
1308,6.380184173583984,nan,14.540324315972612,inf,6.363284111022949,nan,13.233853443009139,inf,6.304692268371582,nan,13.591985424975064,inf,7.230344772338867,nan,28.815998432004562,inf,9.842340469360352,nan,72.6975399760031,inf,7.248291492462158,nan,6.761657261004075,inf,6.397154808044434,nan,13.052625199010436,inf,6.685757637023926,nan,13.068749160087464,inf,6.54941987991333,nan,13.263573434998762,inf
1309,5.584476470947266,nan,14.543722088972572,inf,5.360698699951172,nan,13.237311117009085,inf,5.523996353149414,nan,13.595509299975674,inf,6.07885217666626,nan,28.836201709005763,inf,9.63896656036377,nan,72.74939782400361,inf,6.062438011169434,nan,6.7665518740050175,inf,5.741342067718506,nan,13.05600701100957,inf,5.668684959411621,nan,13.072133323086746,inf,5.590195178985596,nan,13.267124899999544,inf
1310,7.460718154907227,nan,14.547140432970991,inf,7.574806213378906,nan,13.240814812008466,inf,7.571194648742676,nan,13.599155695976151,inf,7.6534504890441895,nan,28.856186233006156,inf,10.182388305664062,nan,72.80061108400332,inf,8.271197319030762,nan,6.771476757005075,inf,7.813886642456055,nan,13.059446634009873,inf,7.769883155822754,nan,13.075528816087171,inf,7.683053970336914,nan,13.270686134999778,inf
1311,7.494011402130127,nan,14.550582646970724,inf,7.536232948303223,nan,13.244344227008696,inf,7.578988075256348,nan,13.602647229976355,inf,7.889573097229004,nan,28.876331258006758,inf,10.00428581237793,nan,72.85065800900338,inf,8.092984199523926,nan,6.77638864900473,inf,7.7846879959106445,nan,13.062774237010672,inf,7.667183876037598,nan,13.078841308088158,inf,7.653504848480225,nan,13.2740775079983,inf
1312,4.602636814117432,nan,14.554563906971453,inf,4.683232307434082,nan,13.247809201009659,inf,4.691719055175781,nan,13.60612608397605,inf,5.993383407592773,nan,28.90039360400624,inf,9.570069313049316,nan,72.90339993800262,inf,6.092734336853027,nan,6.781237790004525,inf,4.999683380126953,nan,13.066235621010492,inf,5.136654853820801,nan,13.08224374108795,inf,4.907434940338135,nan,13.277522571997906,inf
1313,6.132476806640625,nan,14.558054890972926,inf,6.049908638000488,nan,13.25126423501024,inf,6.12037467956543,nan,13.610264485976586,inf,6.75838565826416,nan,28.92021005600509,inf,9.72302532196045,nan,72.95488485100213,inf,6.740368843078613,nan,6.7861860820048605,inf,6.18949031829834,nan,13.069680675009295,inf,6.283115386962891,nan,13.08565726508823,inf,6.361419200897217,nan,13.280951954997363,inf
1314,7.036104202270508,nan,14.561905218974061,inf,7.098886489868164,nan,13.254689189010605,inf,7.28665828704834,nan,13.614302776977638,inf,7.433707237243652,nan,28.942390568005067,inf,9.944602012634277,nan,73.01594702500188,inf,7.935218334197998,nan,6.791805803004536,inf,7.237482070922852,nan,13.073063658010142,inf,7.3102827072143555,nan,13.089030067087151,inf,7.182934284210205,nan,13.284439588996975,inf
1315,5.405585765838623,nan,14.565768227974331,inf,5.416753768920898,nan,13.258975263010143,inf,5.4851603507995605,nan,13.617896441977791,inf,6.019449234008789,nan,28.9625542030044,inf,9.412758827209473,nan,73.08171318000132,inf,6.467588901519775,nan,6.7984719870037225,inf,5.76807165145874,nan,13.076727095009119,inf,5.8515753746032715,nan,13.093056278086806,inf,5.591200828552246,nan,13.288051314997574,inf
1316,5.521453857421875,nan,14.569721037974887,inf,5.24469518661499,nan,13.262416597010088,inf,5.420506477355957,nan,13.621407666978484,inf,5.856536865234375,nan,28.985263331003807,inf,9.382562637329102,nan,73.14297118700233,inf,6.02862548828125,nan,6.803817705003894,inf,5.425395965576172,nan,13.08023404900814,inf,5.510689735412598,nan,13.096542972087263,inf,5.417017936706543,nan,13.291530729999067,inf
1317,5.997594356536865,nan,14.573234082974523,inf,5.904048442840576,nan,13.265881721010373,inf,5.786273956298828,nan,13.624906240978817,inf,6.621563911437988,nan,29.00794911900448,inf,9.610628128051758,nan,73.20486808200258,inf,6.852313995361328,nan,6.808673007004472,inf,5.86093807220459,nan,13.083612922007887,inf,6.035557746887207,nan,13.099895554087198,inf,5.961193561553955,nan,13.295476420000341,inf
1318,6.084414482116699,nan,14.576993730974209,inf,6.272518634796143,nan,13.269703270010723,inf,6.096437931060791,nan,13.628757949980354,inf,6.604161262512207,nan,29.03044354400481,inf,9.770997047424316,nan,73.26738705500247,inf,6.929906845092773,nan,6.814299868005037,inf,6.146885871887207,nan,13.086981765009114,inf,6.218260765075684,nan,13.10326254708707,inf,6.019387245178223,nan,13.299082805999205,inf
1319,7.189321994781494,nan,14.58073381797476,inf,7.179511070251465,nan,13.273197894010082,inf,7.351344108581543,nan,13.63246837798033,inf,7.493188858032227,nan,29.053257473004123,inf,10.148848533630371,nan,73.32643805500265,inf,8.334121704101562,nan,6.819354032004412,inf,7.345824241638184,nan,13.09072210200793,inf,7.510740756988525,nan,13.106860973086441,inf,7.466041564941406,nan,13.302676020997751,inf
1320,8.256879806518555,nan,14.584366363973459,inf,8.097710609436035,nan,13.27689718100919,inf,8.321929931640625,nan,13.635977702981108,inf,8.521354675292969,nan,29.073400269004196,inf,10.423908233642578,nan,73.3845557320019,inf,9.284073829650879,nan,6.825214516004053,inf,8.324405670166016,nan,13.09420244600733,inf,8.355720520019531,nan,13.110265376086318,inf,8.396469116210938,nan,13.306125944996893,inf
1321,8.253883361816406,nan,14.5877808479745,inf,8.216070175170898,nan,13.280395945008422,inf,8.301528930664062,nan,13.639382546980414,inf,8.399316787719727,nan,29.095871874003933,inf,10.103252410888672,nan,73.44628179600113,inf,8.860576629638672,nan,6.831032490004873,inf,8.433723449707031,nan,13.097660280007403,inf,8.58723258972168,nan,13.113660939085094,inf,8.381658554077148,nan,13.30967710999721,inf
1322,7.033978462219238,nan,14.591200440974717,inf,6.937827110290527,nan,13.283888669009684,inf,6.997565746307373,nan,13.642928401979589,inf,7.77155876159668,nan,29.118526182002824,inf,10.137422561645508,nan,73.50720732000082,inf,8.00829029083252,nan,6.837647024005491,inf,7.138785362243652,nan,13.101239705007174,inf,7.349749565124512,nan,13.117141733084281,inf,7.036730766296387,nan,13.313179294997099,inf
1323,7.2567524909973145,nan,14.59511255097459,inf,7.354235649108887,nan,13.287377333010227,inf,7.479438304901123,nan,13.646447435980008,inf,7.841628074645996,nan,29.140104036003322,inf,9.911606788635254,nan,73.55933269200068,inf,8.102645874023438,nan,6.842623907004963,inf,7.4260172843933105,nan,13.104841531006969,inf,7.652691841125488,nan,13.120664068082988,inf,7.519031524658203,nan,13.31671319999623,inf
1324,5.9684038162231445,nan,14.598707516974173,inf,5.959378242492676,nan,13.290830047011696,inf,6.0008544921875,nan,13.65006418198027,inf,6.984521865844727,nan,29.161227774004146,inf,9.966618537902832,nan,73.61885126800007,inf,7.709395408630371,nan,6.8486961540038465,inf,6.440950870513916,nan,13.108305265006493,inf,6.436765670776367,nan,13.12408532108202,inf,6.436078071594238,nan,13.3201811539966,inf
1325,5.748220443725586,nan,14.602117449974685,inf,5.627724647521973,nan,13.294364352010234,inf,5.599305629730225,nan,13.653532295980767,inf,6.372064590454102,nan,29.181105106004907,inf,9.791190147399902,nan,73.67081036700074,inf,6.535700798034668,nan,6.853751598004237,inf,5.838476181030273,nan,13.11168843800624,inf,6.061666965484619,nan,13.12746454308217,inf,5.654125213623047,nan,13.323604287996204,inf
1326,6.9511942863464355,nan,14.605539342974225,inf,7.071992874145508,nan,13.297911487010424,inf,6.94846248626709,nan,13.657003780979721,inf,7.7602128982543945,nan,29.201539675004824,inf,10.181560516357422,nan,73.72278384700076,inf,7.7914252281188965,nan,6.858883383003558,inf,7.243492126464844,nan,13.115192842007673,inf,7.172007083892822,nan,13.130905217081818,inf,7.180927753448486,nan,13.327193413995701,inf
1327,6.657869338989258,nan,14.60899058697396,inf,6.560746669769287,nan,13.301447732010274,inf,6.657356262207031,nan,13.660562275979828,inf,7.073146343231201,nan,29.22199770500447,inf,10.148036003112793,nan,73.77491189800094,inf,7.567772388458252,nan,6.864036109003791,inf,6.779890060424805,nan,13.118630695007596,inf,6.787230968475342,nan,13.134325070081104,inf,6.880263328552246,nan,13.330646117994547,inf
1328,6.487456321716309,nan,14.612452780973399,inf,6.520554542541504,nan,13.305094519011618,inf,6.441648006439209,nan,13.664081399980205,inf,6.7853102684021,nan,29.241890188004618,inf,9.672780990600586,nan,73.82669721600178,inf,6.958225250244141,nan,6.868960602003426,inf,6.73480224609375,nan,13.12199255800624,inf,6.742766380310059,nan,13.137678592082011,inf,6.58477258682251,nan,13.334167891995094,inf
1329,7.387968063354492,nan,14.615842383973359,inf,7.255320072174072,nan,13.308571043011398,inf,7.338175296783447,nan,13.667622224980732,inf,7.87919807434082,nan,29.261907372005226,inf,10.177735328674316,nan,73.87876771600168,inf,8.162172317504883,nan,6.873923255003319,inf,7.4535627365112305,nan,13.125583933006055,inf,7.374584197998047,nan,13.14115427608158,inf,7.353702068328857,nan,13.337727656995412,inf
1330,6.579836845397949,nan,14.619329628972991,inf,6.263891220092773,nan,13.312034227012191,inf,6.488356590270996,nan,13.671180169980289,inf,6.613905429840088,nan,29.28195725700425,inf,9.68448543548584,nan,73.93265391000205,inf,7.281822204589844,nan,6.879965241003447,inf,6.497278213500977,nan,13.12894868600597,inf,6.6056718826293945,nan,13.144498438081428,inf,6.468236923217773,nan,13.34121896099532,inf
1331,6.805027008056641,nan,14.62272286197367,inf,6.81613826751709,nan,13.315474430011818,inf,6.861429691314697,nan,13.674720434981282,inf,7.291959285736084,nan,29.302648239003247,inf,9.766433715820312,nan,73.98762406800051,inf,7.670926570892334,nan,6.885211628003162,inf,7.025340557098389,nan,13.132369810005912,inf,7.10805606842041,nan,13.14788522208255,inf,7.126429080963135,nan,13.344796276995112,inf
1332,6.38518762588501,nan,14.626275066973903,inf,6.207639694213867,nan,13.318996935011455,inf,6.4900665283203125,nan,13.678303919981772,inf,6.860426902770996,nan,29.322523661003288,inf,9.766996383666992,nan,74.03968195800189,inf,6.771395683288574,nan,6.890197071003058,inf,6.540117263793945,nan,13.135901665005804,inf,6.457167625427246,nan,13.15137072608377,inf,6.24066686630249,nan,13.348448992994236,inf
1333,5.66221809387207,nan,14.629768010972839,inf,5.505739212036133,nan,13.322561890010547,inf,5.55729866027832,nan,13.681840794981326,inf,6.209673881530762,nan,29.34248532500351,inf,9.607345581054688,nan,74.09170908800115,inf,6.292417526245117,nan,6.895145484002569,inf,5.874682426452637,nan,13.139272628004619,inf,5.9305100440979,nan,13.154734579084106,inf,5.832606315612793,nan,13.351855026994599,inf
1334,6.271557807922363,nan,14.633177823972801,inf,6.406291961669922,nan,13.326239436009928,inf,6.369670867919922,nan,13.685354228980941,inf,6.9775848388671875,nan,29.36238676800349,inf,9.859365463256836,nan,74.14355161500134,inf,7.042808532714844,nan,6.900036917002581,inf,6.387913703918457,nan,13.142683341004158,inf,6.490004539489746,nan,13.15813606208394,inf,6.539297580718994,nan,13.35542428199551,inf
1335,6.8587188720703125,nan,14.636602256972765,inf,6.988359451293945,nan,13.329742581010578,inf,7.0847697257995605,nan,13.688885113981087,inf,7.599453926086426,nan,29.382380021002973,inf,10.16915512084961,nan,74.1953572020011,inf,8.099364280700684,nan,6.904884179002693,inf,7.682743072509766,nan,13.14608400400357,inf,7.4134321212768555,nan,13.161517625083434,inf,7.147193908691406,nan,13.35883394499433,inf
1336,6.899830341339111,nan,14.640053130971864,inf,6.9856977462768555,nan,13.333382977010842,inf,7.148736000061035,nan,13.692361987979893,inf,7.712463855743408,nan,29.402592688002187,inf,10.212459564208984,nan,74.24695561700173,inf,7.670825958251953,nan,6.909870182002123,inf,7.172611713409424,nan,13.149710950003282,inf,7.157930374145508,nan,13.165077160083456,inf,7.023817539215088,nan,13.362577311992936,inf
1337,6.544375419616699,nan,14.64382115897024,inf,6.635767936706543,nan,13.337106844011942,inf,6.6915059089660645,nan,13.695970903980196,inf,6.9805803298950195,nan,29.422732633001942,inf,9.710987091064453,nan,74.29979561800246,inf,7.701510429382324,nan,6.914876355003798,inf,6.594931125640869,nan,13.153213955003594,inf,6.751611709594727,nan,13.168546614082516,inf,6.713411331176758,nan,13.366065815993352,inf
1338,6.579063415527344,nan,14.647348172969942,inf,6.686413764953613,nan,13.340506697011733,inf,6.586609363555908,nan,13.699425717979466,inf,6.812863349914551,nan,29.443179883000994,inf,9.975624084472656,nan,74.35208952200082,inf,7.562613010406494,nan,6.9198273480033095,inf,6.894969940185547,nan,13.156631069003197,inf,6.647071361541748,nan,13.171954057081166,inf,7.079512596130371,nan,13.369534259993088,inf
1339,7.276220321655273,nan,14.650788586968702,inf,7.242221832275391,nan,13.34408887301106,inf,7.24415922164917,nan,13.702887021980132,inf,8.07116985321045,nan,29.46331032800117,inf,9.80098819732666,nan,74.4042658740018,inf,7.944062232971191,nan,6.924796141001934,inf,7.5752458572387695,nan,13.160054793002928,inf,7.284549713134766,nan,13.175527943081761,inf,7.412758827209473,nan,13.3733052379921,inf
1340,6.630167007446289,nan,14.654449972969815,inf,6.49365234375,nan,13.347774270010632,inf,6.381996154785156,nan,13.706760820981799,inf,6.928650856018066,nan,29.48408116200153,inf,10.066056251525879,nan,74.45686609100085,inf,7.493834495544434,nan,6.929802924001706,inf,6.704449653625488,nan,13.16365738800232,inf,6.662158489227295,nan,13.179066758080808,inf,6.676936149597168,nan,13.37685875299212,inf
1341,7.539610862731934,nan,14.658038087969544,inf,7.418700218200684,nan,13.351296304010248,inf,7.389381408691406,nan,13.710344605980936,inf,8.05474853515625,nan,29.50443598000311,inf,10.211172103881836,nan,74.50900459300101,inf,8.247579574584961,nan,6.934725127002821,inf,7.731682300567627,nan,13.167158042002484,inf,7.549014091491699,nan,13.182524962079697,inf,7.725564956665039,nan,13.380352857991966,inf
1342,7.020698547363281,nan,14.661537751970172,inf,6.659170150756836,nan,13.354889860011099,inf,6.827404022216797,nan,13.713823709980716,inf,7.668757915496826,nan,29.524400493004578,inf,10.043146133422852,nan,74.56075572900045,inf,8.465465545654297,nan,6.939625949004039,inf,7.074260711669922,nan,13.170672797003135,inf,7.276981830596924,nan,13.186000767080259,inf,7.040093898773193,nan,13.383838702993671,inf
1343,6.416409492492676,nan,14.665068846970826,inf,6.1738739013671875,nan,13.35838641501141,inf,6.283999443054199,nan,13.717404304979937,inf,7.157588958740234,nan,29.544648130004134,inf,9.863828659057617,nan,74.61208160000206,inf,7.049603462219238,nan,6.944647593005357,inf,6.294979095458984,nan,13.174149711001519,inf,6.507469654083252,nan,13.189429930080223,inf,6.253917694091797,nan,13.387410127994372,inf
1344,7.358127593994141,nan,14.668527820971576,inf,7.181363105773926,nan,13.361937170011515,inf,7.352395057678223,nan,13.721017000980282,inf,7.553452014923096,nan,29.56468231400504,inf,10.154779434204102,nan,74.66385989700211,inf,7.9440155029296875,nan,6.949542625005051,inf,7.456143856048584,nan,13.177524923999954,inf,7.465600967407227,nan,13.192802943080096,inf,7.554966449737549,nan,13.390822900995772,inf
1345,6.6313157081604,nan,14.671971563970146,inf,6.577459335327148,nan,13.365336634011328,inf,6.632366180419922,nan,13.724502115979703,inf,7.543107509613037,nan,29.585558478005623,inf,9.960012435913086,nan,74.71688328000164,inf,8.208518981933594,nan,6.954706491005709,inf,6.9022674560546875,nan,13.180997077999564,inf,6.828723907470703,nan,13.196253006079132,inf,6.880432605743408,nan,13.394295324997074,inf
1346,6.856716156005859,nan,14.675453617970561,inf,6.814764499664307,nan,13.368780608010638,inf,6.79719877243042,nan,13.728026360979129,inf,7.224399566650391,nan,29.605361879006523,inf,10.064200401306152,nan,74.76809387100184,inf,7.859130859375,nan,6.959618124004919,inf,6.913420677185059,nan,13.184386580998762,inf,7.00504732131958,nan,13.199605538078686,inf,6.914281845092773,nan,13.397793389996878,inf
1347,6.18128776550293,nan,14.67893740197178,inf,6.38308572769165,nan,13.3721557910103,inf,6.414864540100098,nan,13.73148342497916,inf,7.198604583740234,nan,29.624949798006128,inf,9.848634719848633,nan,74.81940643200141,inf,7.456656455993652,nan,6.9645467970040045,inf,6.435741424560547,nan,13.18776887399872,inf,6.525570392608643,nan,13.20296511107881,inf,6.308289527893066,nan,13.401354654997704,inf
1348,6.94135046005249,nan,14.68239668597198,inf,6.792141914367676,nan,13.375709726009518,inf,6.804191589355469,nan,13.734937108978556,inf,7.265500068664551,nan,29.644718639005077,inf,9.857566833496094,nan,74.87082761400052,inf,7.653342247009277,nan,6.969427509002344,inf,7.0924072265625,nan,13.191256267999051,inf,7.207552909851074,nan,13.206410045078883,inf,6.9592180252075195,nan,13.40499735099911,inf
1349,5.708208084106445,nan,14.685892510971826,inf,5.820851802825928,nan,13.379289241009246,inf,5.838644504547119,nan,13.738435473978825,inf,6.923979759216309,nan,29.664331697005764,inf,9.950407028198242,nan,74.92193706300168,inf,6.851707458496094,nan,6.974293820003368,inf,6.0982747077941895,nan,13.194671862000177,inf,5.900519371032715,nan,13.209798488078377,inf,5.880149841308594,nan,13.40852731599989,inf
1350,6.938801288604736,nan,14.68935758497173,inf,6.919137954711914,nan,13.38272431500991,inf,6.935393810272217,nan,13.741958448978039,inf,7.883009433746338,nan,29.68411652800569,inf,10.027195930480957,nan,74.97284108900021,inf,8.414843559265137,nan,6.979246753002371,inf,7.244706153869629,nan,13.19822260699948,inf,6.80018424987793,nan,13.213270592077606,inf,6.983448028564453,nan,13.412248902999636,inf
1351,7.892833232879639,nan,14.692822088971297,inf,7.868711471557617,nan,13.38634562100924,inf,8.018388748168945,nan,13.745468312978119,inf,8.337156295776367,nan,29.704079561006438,inf,10.128046035766602,nan,75.0241306200005,inf,8.363676071166992,nan,6.984181455003636,inf,8.041889190673828,nan,13.201590299999225,inf,8.023038864135742,nan,13.216631125078493,inf,7.908568382263184,nan,13.415865098999348,inf
1352,7.087893486022949,nan,14.696245341971007,inf,6.891270637512207,nan,13.389877826009979,inf,6.96112060546875,nan,13.748957307976525,inf,7.435081958770752,nan,29.723853582006996,inf,9.9072904586792,nan,75.07588952699916,inf,8.009050369262695,nan,6.989056977003202,inf,7.195468902587891,nan,13.204999732999568,inf,7.05764627456665,nan,13.220047498078202,inf,7.15561580657959,nan,13.419456484998591,inf
1353,6.71677303314209,nan,14.699784166970858,inf,6.567553520202637,nan,13.393350520011154,inf,6.6717729568481445,nan,13.752581183976872,inf,7.3841118812561035,nan,29.74473176700667,inf,10.17617130279541,nan,75.12722230799955,inf,7.536754608154297,nan,6.993920839004204,inf,6.925014495849609,nan,13.208400046998577,inf,6.7970805168151855,nan,13.22343860107867,inf,6.766050815582275,nan,13.423016430999269,inf
1354,7.062741279602051,nan,14.703183219971834,inf,7.1083784103393555,nan,13.39683384401178,inf,7.193763732910156,nan,13.756172019977384,inf,7.670531749725342,nan,29.764598769006625,inf,9.873688697814941,nan,75.17881468299856,inf,7.54647970199585,nan,6.998843432003923,inf,7.23075008392334,nan,13.211782889999085,inf,7.272747039794922,nan,13.226839724078673,inf,7.204052925109863,nan,13.42685659000017,inf
1355,6.794563293457031,nan,14.706972867972581,inf,6.747199535369873,nan,13.400382079011251,inf,6.7850141525268555,nan,13.759861596978226,inf,7.260721683502197,nan,29.785017189007704,inf,9.95924186706543,nan,75.23052914999789,inf,7.570822715759277,nan,7.0037014630052,inf,6.828449726104736,nan,13.215297784998256,inf,6.825873374938965,nan,13.230320378079341,inf,6.853165149688721,nan,13.430335954000839,inf
1356,5.6929931640625,nan,14.71052463297201,inf,5.786755084991455,nan,13.403796382011933,inf,5.721113204956055,nan,13.763363601978199,inf,6.1621809005737305,nan,29.80494439200811,inf,9.420388221740723,nan,75.28274057299859,inf,6.0506439208984375,nan,7.008604885006207,inf,5.910208702087402,nan,13.218720208997183,inf,5.876947402954102,nan,13.233702251080103,inf,5.866609573364258,nan,13.433903299001031,inf
1357,5.934874057769775,nan,14.714029546972597,inf,5.861224174499512,nan,13.407196785012275,inf,5.942855358123779,nan,13.766851706977832,inf,6.130197525024414,nan,29.824955567008146,inf,9.527856826782227,nan,75.3349247949991,inf,6.425053596496582,nan,7.013712400006625,inf,6.089944839477539,nan,13.222499366996999,inf,6.066479682922363,nan,13.237340757081256,inf,6.20758056640625,nan,13.437524745000701,inf
1358,6.733663558959961,nan,14.717678432971297,inf,6.6164469718933105,nan,13.410948772012489,inf,6.750423908233643,nan,13.770412571977431,inf,7.166136264801025,nan,29.844985321009517,inf,10.102888107299805,nan,75.38653087000057,inf,7.610101222991943,nan,7.018717273007496,inf,6.813747882843018,nan,13.225927530997069,inf,6.81758451461792,nan,13.240736421081237,inf,6.68782901763916,nan,13.441080560000046,inf
1359,7.329922676086426,nan,14.721135756972217,inf,7.255923271179199,nan,13.414408756012563,inf,7.121368408203125,nan,13.773929176977617,inf,7.996031284332275,nan,29.86487577300977,inf,10.122986793518066,nan,75.43917765800143,inf,7.659124374389648,nan,7.023712627007626,inf,7.4974446296691895,nan,13.229482745997302,inf,7.367822647094727,nan,13.24423733508047,inf,7.42699670791626,nan,13.444609534999472,inf
1360,6.749753952026367,nan,14.724642631972529,inf,6.677624702453613,nan,13.418009652012188,inf,6.794154644012451,nan,13.777415791977546,inf,7.330194473266602,nan,29.88504809900951,inf,9.777381896972656,nan,75.49001413300175,inf,8.0584135055542,nan,7.028715110007397,inf,6.987433433532715,nan,13.232975610997528,inf,6.893311023712158,nan,13.24770007908046,inf,6.823822975158691,nan,13.44808336999995,inf
1361,5.8770856857299805,nan,14.728085455972177,inf,5.757634162902832,nan,13.421571548013162,inf,6.043829917907715,nan,13.780930846976844,inf,6.328795909881592,nan,29.90523502500946,inf,9.746455192565918,nan,75.54153811700053,inf,6.915593147277832,nan,7.033727304007698,inf,6.07962703704834,nan,13.236401174997809,inf,6.16912841796875,nan,13.251078122080798,inf,6.265204906463623,nan,13.451527674000317,inf
1362,5.803043365478516,nan,14.73157435097346,inf,5.933765888214111,nan,13.424987641014013,inf,5.940445423126221,nan,13.784444021977833,inf,7.092010498046875,nan,29.925405871010298,inf,10.126498222351074,nan,75.59370817900162,inf,7.319271564483643,nan,7.0394875170077285,inf,6.288301467895508,nan,13.240264183998079,inf,6.209537506103516,nan,13.254918940081552,inf,6.43601131439209,nan,13.455083398999705,inf
1363,7.081552028656006,nan,14.735046804973535,inf,6.983189582824707,nan,13.428613607013176,inf,7.191766738891602,nan,13.787901255976976,inf,7.457517623901367,nan,29.945750269009295,inf,9.846576690673828,nan,75.64504331100215,inf,8.21489143371582,nan,7.0444666300081735,inf,7.365172386169434,nan,13.243706127997939,inf,7.493684768676758,nan,13.258364674082259,inf,7.366742134094238,nan,13.458659883999644,inf
1364,5.069984436035156,nan,14.73857457997292,inf,4.9450883865356445,nan,13.43209180201302,inf,5.0870513916015625,nan,13.791481341975668,inf,5.896339416503906,nan,29.965824364009677,inf,9.273195266723633,nan,75.69736945600198,inf,6.520504951477051,nan,7.0494357730076445,inf,5.1797003746032715,nan,13.247118251998472,inf,5.3339362144470215,nan,13.261768787082474,inf,5.383983612060547,nan,13.462089677999757,inf
1365,6.33854866027832,nan,14.74203274397405,inf,6.214541912078857,nan,13.435494175011627,inf,6.315098285675049,nan,13.795005726975432,inf,7.020118713378906,nan,29.985818068009394,inf,9.797622680664062,nan,75.74970217100054,inf,6.947059154510498,nan,7.054400666007496,inf,6.4578070640563965,nan,13.250498194998727,inf,6.4568376541137695,nan,13.265144990084082,inf,6.456070899963379,nan,13.465496042001178,inf
1366,7.4225664138793945,nan,14.745441256973209,inf,7.28218936920166,nan,13.439036030013085,inf,7.215677261352539,nan,13.798477310976523,inf,8.075573921203613,nan,30.00580403200911,inf,10.013745307922363,nan,75.802894036,inf,7.622235298156738,nan,7.059282818006977,inf,7.467473030090332,nan,13.254305632999603,inf,7.3523712158203125,nan,13.268599963083034,inf,7.433900356292725,nan,13.469072997000694,inf
1367,7.8659491539001465,nan,14.748954011973183,inf,7.809473991394043,nan,13.44254878501306,inf,7.9825873374938965,nan,13.80210861697742,inf,8.52376937866211,nan,30.026433514009113,inf,10.330106735229492,nan,75.85484955500033,inf,8.930498123168945,nan,7.064399003007566,inf,8.196702003479004,nan,13.257750357000987,inf,7.995784759521484,nan,13.272013467081706,inf,7.888587951660156,nan,13.472508480001125,inf
1368,6.639654159545898,nan,14.752968992972455,inf,6.522697448730469,nan,13.446071590013162,inf,6.561999320983887,nan,13.805578911977136,inf,6.851778507232666,nan,30.046417488008956,inf,9.645031929016113,nan,75.91211181200015,inf,7.297813892364502,nan,7.069595639008185,inf,6.856926918029785,nan,13.261317563001285,inf,6.865338325500488,nan,13.275524972083076,inf,6.943010330200195,nan,13.47601593500076,inf
1369,7.137812614440918,nan,14.7564966279715,inf,7.13156795501709,nan,13.449572934014213,inf,7.0692548751831055,nan,13.809169017977183,inf,7.438075065612793,nan,30.06701167900792,inf,9.783451080322266,nan,75.96452382699863,inf,8.229012489318848,nan,7.074740374007888,inf,7.280011177062988,nan,13.264708806000272,inf,7.238121032714844,nan,13.278902794083479,inf,7.037513732910156,nan,13.479546849999679,inf
1370,7.538002967834473,nan,14.759884800971122,inf,7.450436592102051,nan,13.45303793801395,inf,7.412595748901367,nan,13.812667572976352,inf,7.534992218017578,nan,30.087065233006797,inf,9.697747230529785,nan,76.01729277699815,inf,7.539106369018555,nan,7.079681697008709,inf,7.447198867797852,nan,13.268147029999454,inf,7.4163923263549805,nan,13.282320227082892,inf,7.383747577667236,nan,13.482990484000766,inf
1371,6.761963844299316,nan,14.76333925497056,inf,6.751315593719482,nan,13.456661824013281,inf,6.803586959838867,nan,13.81614213697685,inf,7.286009788513184,nan,30.106891635006832,inf,9.981929779052734,nan,76.06922686599864,inf,8.10948371887207,nan,7.084630560008009,inf,7.157556533813477,nan,13.271558782998909,inf,7.421571254730225,nan,13.28571489008391,inf,7.102936744689941,nan,13.48653597900011,inf
1372,7.661797523498535,nan,14.766745657969295,inf,7.33207893371582,nan,13.46009066701481,inf,7.404857635498047,nan,13.819701621976492,inf,8.318620681762695,nan,30.127102562008076,inf,10.202569961547852,nan,76.12140567799906,inf,8.897635459899902,nan,7.089600094008347,inf,7.874947547912598,nan,13.274975836000522,inf,7.852400779724121,nan,13.289122794083596,inf,7.880437850952148,nan,13.489983802999632,inf
1373,6.9309797286987305,nan,14.770220821970725,inf,6.8118696212768555,nan,13.464463143014655,inf,6.990695953369141,nan,13.823511869975846,inf,7.253096103668213,nan,30.151196838009128,inf,9.954702377319336,nan,76.18674407699837,inf,8.001981735229492,nan,7.0960716160079755,inf,7.143735408782959,nan,13.278658342000199,inf,7.048468112945557,nan,13.292666829083828,inf,6.947606086730957,nan,13.493549988999803,inf
1374,5.261524677276611,nan,14.773765446971083,inf,5.242310047149658,nan,13.468084189014917,inf,5.189133167266846,nan,13.826998834974802,inf,6.674620628356934,nan,30.17133192400979,inf,9.786849975585938,nan,76.23892309999974,inf,7.060361862182617,nan,7.101011999007824,inf,5.540870666503906,nan,13.28260985199995,inf,5.712242126464844,nan,13.296106373083603,inf,5.729207992553711,nan,13.49701583299975,inf
1375,6.602331161499023,nan,14.777252940972176,inf,6.6094512939453125,nan,13.471491443015111,inf,6.551994800567627,nan,13.830491418973907,inf,7.05607795715332,nan,30.19184087400936,inf,9.675692558288574,nan,76.29225649700129,inf,7.748161315917969,nan,7.105935751007564,inf,6.799752235412598,nan,13.286027836000358,inf,6.906088829040527,nan,13.299494736083943,inf,6.664983749389648,nan,13.501335177999863,inf
1376,6.021625518798828,nan,14.781130749972363,inf,6.052209377288818,nan,13.47488824701395,inf,6.016469955444336,nan,13.834193175973269,inf,6.679303169250488,nan,30.21466285300994,inf,9.853096008300781,nan,76.35532822800087,inf,7.058297634124756,nan,7.111904477007556,inf,6.12335205078125,nan,13.289520829999674,inf,6.019455432891846,nan,13.302929490084352,inf,6.047609329223633,nan,13.504933443000482,inf
1377,5.9769392013549805,nan,14.785078589973637,inf,5.92851448059082,nan,13.478327121012626,inf,5.9608659744262695,nan,13.838155496972831,inf,6.912693023681641,nan,30.236170156009393,inf,10.004899978637695,nan,76.41206478800086,inf,6.877500534057617,nan,7.1168450900077005,inf,6.2764387130737305,nan,13.293063424000138,inf,6.187863349914551,nan,13.306473905084204,inf,6.103753566741943,nan,13.508443227001408,inf
1378,7.2666521072387695,nan,14.788635434973912,inf,7.219637870788574,nan,13.481795755011262,inf,7.242871284484863,nan,13.841694751972682,inf,7.275171279907227,nan,30.25629662200845,inf,9.802217483520508,nan,76.46415557900036,inf,8.182798385620117,nan,7.121816504008166,inf,7.472191333770752,nan,13.29648848800025,inf,7.428515434265137,nan,13.30984632808395,inf,7.326849460601807,nan,13.511949380999795,inf
1379,6.423261642456055,nan,14.792126888974963,inf,6.468435287475586,nan,13.485190948011223,inf,6.52093505859375,nan,13.845156964971466,inf,6.614745140075684,nan,30.277544372009288,inf,9.613935470581055,nan,76.51884473300197,inf,7.237984657287598,nan,7.127549866008849,inf,6.471304893493652,nan,13.299942122001084,inf,6.725570201873779,nan,13.313237191083317,inf,6.694377899169922,nan,13.515370033999716,inf
1380,8.361143112182617,nan,14.795550191975053,inf,8.237346649169922,nan,13.488748263011075,inf,8.488086700439453,nan,13.848632298972007,inf,9.039052963256836,nan,30.2974460940095,inf,10.394939422607422,nan,76.57089655300115,inf,9.231575965881348,nan,7.132444218008459,inf,8.4447660446167,nan,13.303322885001762,inf,8.370356559753418,nan,13.316643095084146,inf,8.391826629638672,nan,13.518790596999679,inf
1381,7.531428337097168,nan,14.799009815975296,inf,7.440670490264893,nan,13.492371309012015,inf,7.556343078613281,nan,13.85210692297187,inf,7.989720821380615,nan,30.31723188500837,inf,9.89486312866211,nan,76.62170144800257,inf,8.15005111694336,nan,7.1372889290069,inf,7.526596546173096,nan,13.306778329000736,inf,7.765469551086426,nan,13.320064848085167,inf,7.5131120681762695,nan,13.52244930300003,inf
1382,6.37886905670166,nan,14.802455779976299,inf,6.378409385681152,nan,13.49593184501282,inf,6.368179798126221,nan,13.855557876971943,inf,6.933368682861328,nan,30.337017237006876,inf,9.656595230102539,nan,76.67250329300259,inf,7.041071891784668,nan,7.142241381006897,inf,6.347908973693848,nan,13.310133701999803,inf,6.442253112792969,nan,13.32340329008548,inf,6.367153644561768,nan,13.525928416998795,inf
1383,6.399142265319824,nan,14.80589690297711,inf,6.272003650665283,nan,13.4993147990117,inf,6.344413757324219,nan,13.859041930971216,inf,6.862160682678223,nan,30.3571538120068,inf,9.65107536315918,nan,76.72316206600408,inf,7.145087718963623,nan,7.1471141330075625,inf,6.438810348510742,nan,13.313486314998954,inf,6.314752578735352,nan,13.326724112084776,inf,6.197727680206299,nan,13.529315339999812,inf
1384,6.927901744842529,nan,14.809309986976587,inf,6.798531532287598,nan,13.502905954012022,inf,6.72229528427124,nan,13.862487443970167,inf,7.529417037963867,nan,30.377083685007165,inf,9.844051361083984,nan,76.77398958100457,inf,7.814617156982422,nan,7.151943575006953,inf,7.410850524902344,nan,13.317457284998454,inf,7.356897354125977,nan,13.33010140508486,inf,7.285000801086426,nan,13.53269252300015,inf
1385,6.327147483825684,nan,14.812703509976927,inf,6.133270263671875,nan,13.506463549010732,inf,6.276030540466309,nan,13.866272141969603,inf,6.564785480499268,nan,30.396814576006363,inf,9.658526420593262,nan,76.82468430500376,inf,7.505955696105957,nan,7.156898848006676,inf,6.5270867347717285,nan,13.320888317999561,inf,6.587070465087891,nan,13.333494198084736,inf,6.575798034667969,nan,13.536252068000977,inf
1386,5.6822004318237305,nan,14.816136612977061,inf,5.776630401611328,nan,13.509979994010791,inf,5.884407043457031,nan,13.869686714968338,inf,6.796163558959961,nan,30.41634916300609,inf,9.808492660522461,nan,76.87648081300358,inf,7.301359176635742,nan,7.161750449005922,inf,6.141717910766602,nan,13.324379263000083,inf,6.062087059020996,nan,13.33691869208451,inf,6.07241153717041,nan,13.539847934001955,inf
1387,6.944606781005859,nan,14.81958667697836,inf,6.741259574890137,nan,13.513477478010827,inf,6.795759201049805,nan,13.873228059968824,inf,7.234264850616455,nan,30.435971972006882,inf,9.908206939697266,nan,76.92805712700465,inf,7.3372602462768555,nan,7.166630951005573,inf,6.827489852905273,nan,13.327750326001478,inf,6.932229042053223,nan,13.340259155083913,inf,6.8970947265625,nan,13.543370308001613,inf
1388,6.756925582885742,nan,14.82299645997955,inf,6.8892035484313965,nan,13.516961712011835,inf,6.768484115600586,nan,13.876810394969652,inf,7.0283002853393555,nan,30.455542940007945,inf,9.762247085571289,nan,76.9798556340047,inf,7.3228373527526855,nan,7.171489643005771,inf,6.8390398025512695,nan,13.331125668000823,inf,6.833561420440674,nan,13.343600237083592,inf,6.762388229370117,nan,13.546908483001971,inf
1389,6.004589557647705,nan,14.826395362979383,inf,6.019623279571533,nan,13.520418526011781,inf,6.113346099853516,nan,13.880479570969328,inf,6.525146007537842,nan,30.47566263500812,inf,9.754817962646484,nan,77.03115186500509,inf,6.811384201049805,nan,7.176542807006626,inf,6.290994644165039,nan,13.334582712001065,inf,6.304372787475586,nan,13.347006090083596,inf,6.236868858337402,nan,13.550352007001493,inf
1390,6.198280334472656,nan,14.829906987979484,inf,6.189652442932129,nan,13.523814319012672,inf,6.206341743469238,nan,13.884003514969663,inf,7.358466148376465,nan,30.495779100006985,inf,9.81134033203125,nan,77.08316202500464,inf,7.740366458892822,nan,7.181487530006052,inf,6.724967002868652,nan,13.33797540500018,inf,6.482488632202148,nan,13.350490654083842,inf,6.667580604553223,nan,13.55387292100204,inf
1391,6.820261001586914,nan,14.833648644978894,inf,6.842869758605957,nan,13.527535486013221,inf,6.8350067138671875,nan,13.8877895939695,inf,7.461768627166748,nan,30.516644165007165,inf,9.650899887084961,nan,77.13643035100358,inf,7.673727035522461,nan,7.186370252005872,inf,7.062953948974609,nan,13.34158429099989,inf,6.841334819793701,nan,13.353980818083073,inf,6.856839179992676,nan,13.557381415001146,inf
1392,5.757534027099609,nan,14.83714832897931,inf,5.752881050109863,nan,13.531006790011816,inf,5.783768653869629,nan,13.891329068968844,inf,6.3102641105651855,nan,30.536278114006564,inf,9.596285820007324,nan,77.18675289000385,inf,6.854864120483398,nan,7.191179633005959,inf,5.943702697753906,nan,13.344971473999976,inf,5.719488143920898,nan,13.357356991084089,inf,5.829648017883301,nan,13.560895369000718,inf
1393,5.887897968292236,nan,14.840510940979584,inf,5.9390764236450195,nan,13.534475404010664,inf,6.118729591369629,nan,13.894954394969318,inf,6.815563678741455,nan,30.55608836500687,inf,9.749861717224121,nan,77.2386308480036,inf,6.787514686584473,nan,7.196184517006259,inf,6.229818344116211,nan,13.348381556999811,inf,6.053483963012695,nan,13.36072855308521,inf,6.242368221282959,nan,13.56431675299973,inf
1394,7.5919084548950195,nan,14.844203127979199,inf,7.645390033721924,nan,13.53810434001025,inf,7.493814945220947,nan,13.898446358969522,inf,8.13561725616455,nan,30.575998788006473,inf,10.012439727783203,nan,77.2908051400027,inf,8.191875457763672,nan,7.201253721006651,inf,7.628929615020752,nan,13.351822731001448,inf,7.544618129730225,nan,13.364160306084159,inf,7.627161979675293,nan,13.567786266999974,inf
1395,6.86428689956665,nan,14.847687161978683,inf,7.127270698547363,nan,13.541679116009618,inf,7.063852787017822,nan,13.90194129297015,inf,7.838764190673828,nan,30.59726680800668,inf,9.962890625,nan,77.34543093300272,inf,8.010188102722168,nan,7.206322956006261,inf,7.168722152709961,nan,13.355484487001377,inf,7.124722003936768,nan,13.367683171083627,inf,7.148801803588867,nan,13.571453933998782,inf
1396,6.201878547668457,nan,14.851188355978593,inf,6.084157943725586,nan,13.545267222010807,inf,6.138655662536621,nan,13.90558174896978,inf,7.033819675445557,nan,30.61702502900698,inf,10.193950653076172,nan,77.39723315100309,inf,7.226234436035156,nan,7.211209888006124,inf,6.670478343963623,nan,13.35882994900021,inf,6.383057594299316,nan,13.370999644082985,inf,6.451162338256836,nan,13.574928747997546,inf
1397,6.802286624908447,nan,14.854648319978878,inf,6.731270790100098,nan,13.548685605011997,inf,6.739407539367676,nan,13.90912143396963,inf,7.096802711486816,nan,30.638227688006737,inf,10.005514144897461,nan,77.45220762900317,inf,7.478036880493164,nan,7.216494625006817,inf,7.004465579986572,nan,13.362236992001272,inf,7.074332237243652,nan,13.374363056083894,inf,6.938877105712891,nan,13.578322340998056,inf
1398,5.850788116455078,nan,14.85810328397929,inf,5.651740074157715,nan,13.552050198011784,inf,5.663679122924805,nan,13.912604207969707,inf,6.355044364929199,nan,30.6592942550069,inf,9.683951377868652,nan,77.50688428300418,inf,6.578238010406494,nan,7.221769062007297,inf,5.975231647491455,nan,13.365608125001017,inf,5.875416278839111,nan,13.377679258082935,inf,5.785467624664307,nan,13.58185818599668,inf
1399,6.864840030670166,nan,14.861560977979025,inf,6.905642032623291,nan,13.555488732012236,inf,6.901045322418213,nan,13.916112841969152,inf,7.346819877624512,nan,30.680454633005866,inf,9.72963809967041,nan,77.56185250000271,inf,7.706282615661621,nan,7.227150420007092,inf,6.9988908767700195,nan,13.369102349000968,inf,7.109853267669678,nan,13.381118352082922,inf,7.096639633178711,nan,13.585330879997855,inf
1400,6.344422817230225,6.277266979217529,14.86504222197982,inf,6.216007232666016,6.186415672302246,13.559002597012295,inf,6.351093292236328,7.048044204711914,13.919614735968935,inf,6.67397403717041,7.546422481536865,30.69821516900447,inf,9.547920227050781,9.829395294189453,77.6135038850025,inf,7.53829288482666,7.457590579986572,7.232288535005864,inf,6.468825340270996,6.705840110778809,13.37260209300075,inf,6.455428123474121,7.122381687164307,13.38458159608308,inf,6.418288230895996,5.9816765785217285,13.588782212997103,inf
1401,7.197248458862305,nan,14.86851260597905,inf,7.206005096435547,nan,13.562454331013214,inf,7.098724365234375,nan,13.923345952969612,inf,7.1339111328125,nan,30.72105546900457,inf,9.87820053100586,nan,77.66467595400354,inf,8.156347274780273,nan,7.2374357910048275,inf,7.174918174743652,nan,13.376347670000541,inf,7.250247955322266,nan,13.388196422081819,inf,7.179232597351074,nan,13.59237244799806,inf
1402,6.594640731811523,nan,14.872108821979054,inf,6.545228004455566,nan,13.565952885013758,inf,6.673923969268799,nan,13.926901827970141,inf,7.578250885009766,nan,30.7413780770039,inf,9.90256118774414,nan,77.71509675400375,inf,7.601792335510254,nan,7.242388714004846,inf,6.9342851638793945,nan,13.379881554999884,inf,6.9214324951171875,nan,13.391666656081725,inf,6.923748016357422,nan,13.595964642998297,inf
1403,5.569425582885742,nan,14.875565625980016,inf,5.35078763961792,nan,13.569795344013983,inf,5.499384880065918,nan,13.930513413968583,inf,6.117647647857666,nan,30.761748896004065,inf,9.622885704040527,nan,77.76645043600365,inf,6.634797096252441,nan,7.24726530600492,inf,5.617727279663086,nan,13.383469080001305,inf,5.453418731689453,nan,13.395152441082246,inf,5.5932817459106445,nan,13.599468477998016,inf
1404,6.240330696105957,nan,14.879091260980204,inf,6.320741653442383,nan,13.574028677014212,inf,6.15214204788208,nan,13.934368922968133,inf,6.917104244232178,nan,30.78393079700436,inf,10.006368637084961,nan,77.8264196470027,inf,7.460137367248535,nan,7.253022429003977,inf,6.517130374908447,nan,13.386886842999957,inf,6.397034645080566,nan,13.398565474082716,inf,6.523689270019531,nan,13.6029153019972,inf
1405,6.6920671463012695,nan,14.882512113979828,inf,6.588918685913086,nan,13.577397540013408,inf,6.6618146896362305,nan,13.937830696968376,inf,7.074600696563721,nan,30.806207780004115,inf,9.902907371520996,nan,77.8836182130035,inf,6.988332271575928,nan,7.258102983005301,inf,6.795273780822754,nan,13.39030400699994,inf,6.75369930267334,nan,13.401946137082632,inf,6.847801208496094,nan,13.60651528699782,inf
1406,6.599102973937988,nan,14.885904986980677,inf,6.613187789916992,nan,13.58089346401357,inf,6.535406112670898,nan,13.941232539968041,inf,6.7621588706970215,nan,30.826039951003622,inf,9.71987533569336,nan,77.94119945400416,inf,7.181313514709473,nan,7.264527415005432,inf,6.662248611450195,nan,13.393802481999955,inf,6.723705291748047,nan,13.405356210083482,inf,6.582289695739746,nan,13.609937939998417,inf
1407,6.3997039794921875,nan,14.889897057981216,inf,6.292395114898682,nan,13.584294447013235,inf,6.277792930603027,nan,13.944686313969214,inf,6.9905104637146,nan,30.850226458003817,inf,9.808897018432617,nan,78.00461428800372,inf,7.108551502227783,nan,7.270330618006483,inf,6.554704666137695,nan,13.397423047999837,inf,6.490540027618408,nan,13.408848304083222,inf,6.513901710510254,nan,13.61365352699795,inf
1408,5.981560707092285,nan,14.894052460980674,inf,5.972502708435059,nan,13.587872983012858,inf,6.186105728149414,nan,13.948517982969861,inf,6.986504554748535,nan,30.872663153002577,inf,10.159585952758789,nan,78.06426744500277,inf,7.401615142822266,nan,7.275243910005884,inf,6.218555927276611,nan,13.400962072999391,inf,6.210079193115234,nan,13.412334049084166,inf,6.138336658477783,nan,13.617153571998642,inf
1409,5.090527057647705,nan,14.897593635980229,inf,5.008166313171387,nan,13.591326647014284,inf,5.041733741760254,nan,13.952028876970871,inf,6.02583646774292,nan,30.894775023001785,inf,9.488724708557129,nan,78.11813774900293,inf,6.392603874206543,nan,7.281111355006942,inf,5.457064628601074,nan,13.404474237999239,inf,5.307884216308594,nan,13.41578154308445,inf,5.2623677253723145,nan,13.620637325999269,inf
1410,7.030714988708496,nan,14.901153271979638,inf,6.888850212097168,nan,13.59474859101465,inf,7.045596122741699,nan,13.955589201970724,inf,7.433972358703613,nan,30.91732800900172,inf,9.929727554321289,nan,78.17890053000338,inf,8.090651512145996,nan,7.286892819007335,inf,6.963836669921875,nan,13.407885260998228,inf,6.966029644012451,nan,13.41914289608394,inf,6.841337203979492,nan,13.624189690999629,inf
1411,8.080623626708984,nan,14.904536564979935,inf,7.93959379196167,nan,13.59821551501409,inf,8.1250638961792,nan,13.959170637970601,inf,8.034748077392578,nan,30.939928126001178,inf,9.971251487731934,nan,78.2413928130045,inf,8.389373779296875,nan,7.292728303007607,inf,7.84746789932251,nan,13.411343374998978,inf,8.022163391113281,nan,13.422548299084156,inf,7.997644901275635,nan,13.627768517000732,inf
1412,7.190423011779785,nan,14.908437343978221,inf,7.0705885887146,nan,13.601744020013939,inf,7.181941032409668,nan,13.962906404971363,inf,8.078575134277344,nan,30.961066125000798,inf,10.183125495910645,nan,78.29547520900451,inf,8.620538711547852,nan,7.297566145009114,inf,7.456319808959961,nan,13.414772828000423,inf,7.361945629119873,nan,13.425954262083906,inf,7.464016914367676,nan,13.631372862000717,inf
1413,6.036190032958984,nan,14.911845767977866,inf,6.155728340148926,nan,13.605254415013405,inf,6.291105270385742,nan,13.966469089969905,inf,6.622570037841797,nan,30.980965787999594,inf,9.608675003051758,nan,78.34599457000331,inf,6.6015143394470215,nan,7.302408767009183,inf,6.168196678161621,nan,13.418143761000465,inf,5.992034912109375,nan,13.429323665082848,inf,6.157710075378418,nan,13.634924587000569,inf
1414,6.81858491897583,nan,14.915260230976855,inf,6.510597229003906,nan,13.608779320013127,inf,6.831917762756348,nan,13.97012060697125,inf,7.460190773010254,nan,31.0005992769984,inf,9.815303802490234,nan,78.39763261500411,inf,7.595044136047363,nan,7.307244558009188,inf,7.0235137939453125,nan,13.421492154000589,inf,6.972723960876465,nan,13.43266273808149,inf,7.026339530944824,nan,13.638523712001188,inf
1415,5.2521185874938965,nan,14.918618123978376,inf,5.1684250831604,nan,13.612264985013098,inf,5.1710028648376465,nan,13.973500959971716,inf,6.2568840980529785,nan,31.02387994199853,inf,9.763887405395508,nan,78.45156356900407,inf,6.461045265197754,nan,7.312419003010291,inf,5.584708213806152,nan,13.424949868000112,inf,5.3336615562438965,nan,13.436053041081323,inf,5.378852844238281,nan,13.642098357000577,inf
1416,5.959955215454102,nan,14.922542983978929,inf,5.816632270812988,nan,13.61596877201373,inf,5.858015060424805,nan,13.97703855497275,inf,6.222936630249023,nan,31.044219579998753,inf,9.4462890625,nan,78.50415515600253,inf,6.500749111175537,nan,7.317403066010229,inf,6.021228313446045,nan,13.428400941998916,inf,5.903364658355713,nan,13.439452624081241,inf,5.976614475250244,nan,13.645632682000723,inf
1417,7.593432426452637,nan,14.925966077977137,inf,7.505311965942383,nan,13.619476637013577,inf,7.8198041915893555,nan,13.980567889972008,inf,7.990748882293701,nan,31.064513516999796,inf,10.190000534057617,nan,78.55671283300398,inf,8.610299110412598,nan,7.322485670010792,inf,7.633009910583496,nan,13.43175014499866,inf,7.697360038757324,nan,13.442791267081702,inf,7.608450889587402,nan,13.649163967002096,inf
1418,5.273107528686523,nan,14.929353480978534,inf,5.515806198120117,nan,13.622962171013569,inf,5.274481296539307,nan,13.983994443971824,inf,6.333727836608887,nan,31.084543690998544,inf,9.76777458190918,nan,78.60886763500275,inf,6.395298957824707,nan,7.327432802010662,inf,5.555415153503418,nan,13.435234579997996,inf,5.43861198425293,nan,13.446219011080757,inf,5.483438968658447,nan,13.652761362001911,inf
1419,5.411620140075684,nan,14.93280869497903,inf,5.441983222961426,nan,13.626520256013464,inf,5.506954193115234,nan,13.987461857972448,inf,6.143972873687744,nan,31.104480293997767,inf,9.514122009277344,nan,78.66108746800273,inf,6.077977180480957,nan,7.332393814011084,inf,5.544528961181641,nan,13.438611712997954,inf,5.4709014892578125,nan,13.44957762408194,inf,5.581594467163086,nan,13.6563502780009,inf
1420,5.4797563552856445,nan,14.9362045689777,inf,5.377621650695801,nan,13.630029401012507,inf,5.477322578430176,nan,13.990880741972433,inf,6.581744194030762,nan,31.12451691899878,inf,9.631250381469727,nan,78.71354986400365,inf,6.7199296951293945,nan,7.337455108010545,inf,5.61320686340332,nan,13.442036895998172,inf,5.650673866271973,nan,13.452965386080905,inf,5.381069183349609,nan,13.659854923000239,inf
1421,6.9276838302612305,nan,14.939688522978031,inf,6.787904739379883,nan,13.6337900280123,inf,6.844269752502441,nan,13.994504847973076,inf,6.965397834777832,nan,31.14509732999977,inf,9.706278800964355,nan,78.76646381500359,inf,7.785588264465332,nan,7.342501942010131,inf,7.070237636566162,nan,13.445481469998413,inf,6.934759616851807,nan,13.456383230080974,inf,6.955775260925293,nan,13.663329697001245,inf
1422,7.127030372619629,nan,14.943155536979248,inf,7.014252662658691,nan,13.637388423012453,inf,7.267889976501465,nan,13.997971761973531,inf,7.2609357833862305,nan,31.16516993499863,inf,9.892227172851562,nan,78.81901098100388,inf,8.036519050598145,nan,7.347479756008397,inf,7.415708065032959,nan,13.448843632999342,inf,7.454235076904297,nan,13.45973719307949,inf,7.484684944152832,nan,13.66684429199995,inf
1423,6.169576644897461,nan,14.946575669979211,inf,6.113438129425049,nan,13.64080679601102,inf,6.127280235290527,nan,14.001505106973127,inf,6.563282012939453,nan,31.18570410599932,inf,9.82408618927002,nan,78.87081343900536,inf,6.670368671417236,nan,7.352352858008089,inf,6.153693675994873,nan,13.452199205998113,inf,6.197617053985596,nan,13.463070166078978,inf,6.022233486175537,nan,13.67035106700132,inf
1424,6.919846534729004,nan,14.950047593978525,inf,6.947068214416504,nan,13.64420131900988,inf,6.935815334320068,nan,14.005007341973396,inf,7.285752296447754,nan,31.205815300998438,inf,9.970298767089844,nan,78.9223191820056,inf,7.5487284660339355,nan,7.3572111500070605,inf,7.036368370056152,nan,13.455611408997356,inf,7.005185127258301,nan,13.466402408079375,inf,6.980752944946289,nan,13.673752880002212,inf
1425,6.393899917602539,nan,14.953474646978066,inf,6.291346073150635,nan,13.647883455008923,inf,6.322842597961426,nan,14.008503525974447,inf,6.7868971824646,nan,31.226033046998054,inf,9.641371726989746,nan,78.97467415700521,inf,7.489752769470215,nan,7.362311184006103,inf,6.41359806060791,nan,13.459245934996943,inf,6.397031307220459,nan,13.46996990307889,inf,6.432774066925049,nan,13.677403676001632,inf
1426,7.332327365875244,nan,14.957021441978213,inf,7.334199905395508,nan,13.651406810007757,inf,7.2152099609375,nan,14.01213090197598,inf,7.453458786010742,nan,31.24631588399825,inf,9.94049072265625,nan,79.02686102900589,inf,8.141395568847656,nan,7.367291577005744,inf,7.456337928771973,nan,13.46264356899701,inf,7.288580417633057,nan,13.473349656078426,inf,7.427279949188232,nan,13.68080953000208,inf
1427,7.072526931762695,nan,14.960497735977697,inf,7.120854377746582,nan,13.65479353300907,inf,7.053059101104736,nan,14.015591795976434,inf,7.147025108337402,nan,31.26638662899859,inf,9.705680847167969,nan,79.0789076390065,inf,7.644322395324707,nan,7.372242950006694,inf,7.147879600524902,nan,13.466056831997776,inf,6.979079723358154,nan,13.476725119078765,inf,7.098194122314453,nan,13.684326304002752,inf
1428,4.872199058532715,nan,14.96399666997786,inf,4.915124893188477,nan,13.658207006008524,inf,4.89754581451416,nan,14.0191208299766,inf,6.099763870239258,nan,31.28648768399944,inf,9.528263092041016,nan,79.13029568200545,inf,6.689352035522461,nan,7.377179143008107,inf,5.642484664916992,nan,13.46943455499786,inf,5.513372421264648,nan,13.480073842079946,inf,5.481665134429932,nan,13.68772836700191,inf
1429,7.036969184875488,nan,14.967443093977636,inf,6.959859848022461,nan,13.661610100009057,inf,6.934122562408447,nan,14.022599403975619,inf,7.362419605255127,nan,31.306528798000727,inf,9.838353157043457,nan,79.18228182200619,inf,7.865445137023926,nan,7.382097786006852,inf,7.1304121017456055,nan,13.47283793799761,inf,6.940998554229736,nan,13.483500976080904,inf,6.918461799621582,nan,13.691433324001991,inf
1430,6.985738754272461,nan,14.970940388977397,inf,6.932755470275879,nan,13.66505950401006,inf,6.8251495361328125,nan,14.026215799975034,inf,7.165271759033203,nan,31.327936109999428,inf,9.78038501739502,nan,79.23759971400614,inf,7.7153496742248535,nan,7.3874393540063465,inf,7.115170478820801,nan,13.47654183499617,inf,6.958972930908203,nan,13.48706668108025,inf,7.229103088378906,nan,13.695012039002904,inf
1431,7.678576469421387,nan,14.974515223977505,inf,7.509633541107178,nan,13.668602489009572,inf,7.591774940490723,nan,14.029796394976074,inf,7.786106109619141,nan,31.34904573699896,inf,9.809690475463867,nan,79.29197743400618,inf,8.23068904876709,nan,7.392784772006053,inf,8.035757064819336,nan,13.479964547996133,inf,7.887338161468506,nan,13.490462034080338,inf,7.875077724456787,nan,13.698556804001782,inf
1432,6.013702392578125,nan,14.977937657977236,inf,6.207772254943848,nan,13.672129064008914,inf,6.150547504425049,nan,14.033299288976195,inf,6.560834884643555,nan,31.370196724998095,inf,9.47511100769043,nan,79.34531469100693,inf,6.664856910705566,nan,7.397888427005455,inf,6.210773468017578,nan,13.483312159994966,inf,6.134237766265869,nan,13.493810796080652,inf,6.140627861022949,nan,13.701928987002248,inf
1433,8.1311616897583,nan,14.981324610977026,inf,8.036274909973145,nan,13.675664348009377,inf,8.269875526428223,nan,14.036723271974552,inf,8.665765762329102,nan,31.39062839399776,inf,10.004474639892578,nan,79.39769126500687,inf,8.853797912597656,nan,7.402939932004301,inf,8.328241348266602,nan,13.486678631994437,inf,8.477108001708984,nan,13.49716997807991,inf,8.488014221191406,nan,13.705392521002068,inf
1434,7.809006690979004,nan,14.984745743975509,inf,7.798964977264404,nan,13.679089022009066,inf,7.736387252807617,nan,14.040220565973868,inf,8.422096252441406,nan,31.410647167997013,inf,10.13116455078125,nan,79.44913331800672,inf,8.794514656066895,nan,7.40801834600461,inf,7.784056663513184,nan,13.490183856994918,inf,7.739302158355713,nan,13.500629652078715,inf,7.816508769989014,nan,13.709054958000706,inf
1435,6.87557315826416,nan,14.988210487974357,inf,6.887094974517822,nan,13.68263776700769,inf,6.938922882080078,nan,14.043655098974341,inf,7.575441837310791,nan,31.431140587996197,inf,10.015508651733398,nan,79.50053124100668,inf,7.812000274658203,nan,7.413119490005556,inf,7.1045331954956055,nan,13.49357071999475,inf,6.872701644897461,nan,13.50405363507889,inf,7.022317886352539,nan,13.712498541000969,inf
1436,5.779310703277588,nan,14.991636931974426,inf,5.659613609313965,nan,13.686234592008987,inf,5.577550411224365,nan,14.047050901974217,inf,6.2992377281188965,nan,31.451470615997096,inf,9.628028869628906,nan,79.55318506000731,inf,6.444613456726074,nan,7.417939941004079,inf,5.960573673248291,nan,13.496983133993126,inf,5.881084442138672,nan,13.507435828078087,inf,5.933313846588135,nan,13.715993956000602,inf
1437,6.8468427658081055,nan,14.995130495974081,inf,6.82423210144043,nan,13.689626405008312,inf,6.714326858520508,nan,14.05052628597332,inf,7.111077308654785,nan,31.471450228997128,inf,10.025047302246094,nan,79.60415887700765,inf,7.236687183380127,nan,7.422895944004267,inf,6.667733192443848,nan,13.50036634699427,inf,6.620431423187256,nan,13.510791220078318,inf,6.505622386932373,nan,13.719535010000982,inf
1438,6.13190221786499,nan,14.998542868974255,inf,5.917436599731445,nan,13.693115259007755,inf,6.052312850952148,nan,14.054064170972197,inf,7.009794235229492,nan,31.491276300997924,inf,9.847221374511719,nan,79.65596040500714,inf,7.674551010131836,nan,7.427924758005247,inf,6.527072906494141,nan,13.503757749993383,inf,6.659329891204834,nan,13.514188533079505,inf,6.415722846984863,nan,13.722934143001112,inf
1439,6.605796813964844,nan,15.001977242975045,inf,6.6250810623168945,nan,13.696539263008162,inf,6.748800277709961,nan,14.0576529859718,inf,7.18033504486084,nan,31.51136776599742,inf,9.925134658813477,nan,79.70795333500791,inf,7.451664447784424,nan,7.432946132004872,inf,6.791666507720947,nan,13.507284204992175,inf,6.755633354187012,nan,13.517632157079788,inf,6.768711566925049,nan,13.726396196001588,inf
1440,7.17672872543335,nan,15.005441446975965,inf,7.027654647827148,nan,13.700001437007813,inf,7.207819938659668,nan,14.061170319970188,inf,7.738128662109375,nan,31.531184777997623,inf,9.954345703125,nan,79.75988464400871,inf,8.289557456970215,nan,7.437940325004092,inf,7.355196475982666,nan,13.510911390992987,inf,7.349113941192627,nan,13.521173602079216,inf,7.2741594314575195,nan,13.72991021100097,inf
1441,6.402827262878418,nan,15.00899437197586,inf,6.4367756843566895,nan,13.703490171006706,inf,6.533244609832764,nan,14.06476736597142,inf,6.931539535522461,nan,31.551038919997154,inf,9.722804069519043,nan,79.8121126170081,inf,7.126436710357666,nan,7.442880438004067,inf,6.278567314147949,nan,13.51429666299191,inf,6.341237545013428,nan,13.524559425079133,inf,6.396777153015137,nan,13.733424665000712,inf
1442,6.871906280517578,nan,15.012403804976202,inf,6.90650749206543,nan,13.707007866007189,inf,6.933315277099609,nan,14.068250129970693,inf,7.03786563873291,nan,31.570893461996093,inf,9.745497703552246,nan,79.86289790200863,inf,6.912792205810547,nan,7.447832350004319,inf,6.932781219482422,nan,13.51768755599187,inf,6.903871536254883,nan,13.527919597077926,inf,6.86500358581543,nan,13.736825227999361,inf
1443,5.939131736755371,nan,15.01583525897695,inf,5.939192771911621,nan,13.71041681900715,inf,5.955691337585449,nan,14.071757603971491,inf,6.480301380157471,nan,31.591241640997396,inf,9.666742324829102,nan,79.91732592300832,inf,6.665128707885742,nan,7.453649734005012,inf,6.050705432891846,nan,13.521408922992123,inf,6.066919803619385,nan,13.531496263078225,inf,6.016247749328613,nan,13.740444563998608,inf
1444,6.6176910400390625,nan,15.019645077976747,inf,6.682663440704346,nan,13.713982134007892,inf,6.779234886169434,nan,14.075380259972007,inf,6.604014873504639,nan,31.61368326599768,inf,9.408407211303711,nan,79.97573065400866,inf,7.176797866821289,nan,7.458552576004877,inf,6.759857177734375,nan,13.524854056991899,inf,6.769240379333496,nan,13.53491334607861,inf,6.91270637512207,nan,13.744023268998717,inf
1445,7.729640960693359,nan,15.023057561977112,inf,7.382263660430908,nan,13.717488298008902,inf,7.667539596557617,nan,14.078967364972414,inf,8.026531219482422,nan,31.63363445899813,inf,9.91979694366455,nan,80.02687143300864,inf,8.257837295532227,nan,7.463472509005442,inf,7.584568977355957,nan,13.528246609990674,inf,7.726264476776123,nan,13.538253519078353,inf,7.664934158325195,nan,13.747568913999203,inf
1446,6.854284286499023,nan,15.026460795977982,inf,6.820746421813965,nan,13.72098477300824,inf,6.888438701629639,nan,14.082547190972036,inf,7.754477500915527,nan,31.653615212997465,inf,9.98834228515625,nan,80.07899979400827,inf,7.9632344245910645,nan,7.468354042004648,inf,7.008075714111328,nan,13.531675042991992,inf,7.073163032531738,nan,13.541630802077634,inf,6.856200218200684,nan,13.751150680000137,inf
1447,6.212029933929443,nan,15.029898018978201,inf,6.118504524230957,nan,13.724520788007794,inf,6.12545108795166,nan,14.085996384972532,inf,7.031825065612793,nan,31.673321763997592,inf,9.865776062011719,nan,80.13035947600838,inf,6.9430131912231445,nan,7.473283134004305,inf,6.383547306060791,nan,13.535058375991866,inf,5.948183536529541,nan,13.544988724077484,inf,6.2081708908081055,nan,13.75453937200109,inf
1448,5.376081466674805,nan,15.033917949978786,inf,5.210556507110596,nan,13.728106624008433,inf,5.234692573547363,nan,14.08956939097152,inf,6.036752223968506,nan,31.696137003997137,inf,9.45363998413086,nan,80.19079299300938,inf,6.387241363525391,nan,7.4790867080046155,inf,5.373318672180176,nan,13.53862532099265,inf,5.339709281921387,nan,13.548493999078346,inf,5.436429500579834,nan,13.758234589002313,inf
1449,5.713062286376953,nan,15.03778958897783,inf,5.737763404846191,nan,13.73191639300967,inf,5.661093711853027,nan,14.09329428797173,inf,6.43792200088501,nan,31.71853580899733,inf,9.647762298583984,nan,80.25143784300963,inf,7.387013912200928,nan,7.484956913003771,inf,6.032731056213379,nan,13.542078514992681,inf,6.075106143951416,nan,13.551925852079876,inf,5.985962867736816,nan,13.76190213600239,inf
1450,5.280106067657471,nan,15.041241821976655,inf,5.086627006530762,nan,13.73545486700823,inf,5.34366512298584,nan,14.09676694197151,inf,6.185538291931152,nan,31.74092207299691,inf,9.736148834228516,nan,80.31193269101095,inf,6.709855079650879,nan,7.490822957004639,inf,5.674678325653076,nan,13.54548804899241,inf,5.567337989807129,nan,13.555280475080508,inf,5.59785270690918,nan,13.765296119001505,inf
1451,6.264043807983398,nan,15.044649294977717,inf,6.14923095703125,nan,13.738960461008901,inf,6.359641075134277,nan,14.100148654970326,inf,7.023943901062012,nan,31.763661881996086,inf,9.745870590209961,nan,80.36685362801109,inf,7.146482467651367,nan,7.495888322006067,inf,6.465324401855469,nan,13.548934381991785,inf,6.433351516723633,nan,13.558678878080173,inf,6.417716026306152,nan,13.768781403001412,inf
1452,6.514105319976807,nan,15.0484844529783,inf,6.649131774902344,nan,13.74307260300884,inf,6.656908988952637,nan,14.104177245970277,inf,7.401899814605713,nan,31.786175256995193,inf,9.892244338989258,nan,80.42722128401147,inf,7.550678253173828,nan,7.501909048005473,inf,6.762272834777832,nan,13.552446055991823,inf,6.896238327026367,nan,13.562128162078807,inf,6.846244812011719,nan,13.772799204001785,inf
1453,6.4304094314575195,nan,15.052151958978357,inf,6.383845329284668,nan,13.746928912009025,inf,6.334358215332031,nan,14.107824392971452,inf,6.653984546661377,nan,31.809601054994346,inf,9.819239616394043,nan,80.48126561001118,inf,7.148940563201904,nan,7.508015516006708,inf,6.386892318725586,nan,13.55583930899229,inf,6.3018903732299805,nan,13.565427274077592,inf,6.267292022705078,nan,13.776337209003032,inf
1454,7.570766448974609,nan,15.055538401977174,inf,7.4891510009765625,nan,13.75042468700849,inf,7.580629825592041,nan,14.111394527970333,inf,7.542823791503906,nan,31.82946905699464,inf,10.263748168945312,nan,80.53363844501109,inf,8.478170394897461,nan,7.512940868005899,inf,7.752292156219482,nan,13.559211781992417,inf,7.565062522888184,nan,13.568774357077928,inf,7.5300703048706055,nan,13.779847874002371,inf
1455,5.727812767028809,nan,15.05892626597597,inf,5.812374114990234,nan,13.753901081008735,inf,5.827059268951416,nan,14.114942782971411,inf,6.070924758911133,nan,31.85142406599516,inf,9.397510528564453,nan,80.59840539700963,inf,6.41886568069458,nan,7.5191769570064935,inf,5.604596138000488,nan,13.56270671699167,inf,5.723664283752441,nan,13.572184261076472,inf,5.795086860656738,nan,13.78341926900248,inf
1456,5.653199195861816,nan,15.062358328976188,inf,5.476323127746582,nan,13.757444396009305,inf,5.57966423034668,nan,14.118572189971019,inf,6.226583480834961,nan,31.87575182499495,inf,9.481000900268555,nan,80.65837147800994,inf,6.453490734100342,nan,7.524438524007564,inf,5.531301021575928,nan,13.566918719991008,inf,5.5439653396606445,nan,13.575753016075396,inf,5.51872444152832,nan,13.786978534002628,inf
1457,6.147680282592773,nan,15.065972104976026,inf,6.1752777099609375,nan,13.760998252009813,inf,6.438319683074951,nan,14.122704442970644,inf,6.5650634765625,nan,31.899185202993976,inf,9.585569381713867,nan,80.71941778200926,inf,7.1510419845581055,nan,7.530478690008749,inf,6.372252464294434,nan,13.570704787989598,inf,6.319903373718262,nan,13.579233910075345,inf,6.30592155456543,nan,13.790497749003407,inf
1458,5.818323135375977,nan,15.069904044976283,inf,5.7779998779296875,nan,13.764490896010102,inf,5.854595184326172,nan,14.126200487969982,inf,6.627520561218262,nan,31.92247177799436,inf,9.465587615966797,nan,80.77480466501038,inf,6.675907135009766,nan,7.536324175009213,inf,5.96135139465332,nan,13.57423153298987,inf,6.030156135559082,nan,13.582684234075714,inf,6.008540153503418,nan,13.79412617500384,inf
1459,7.102529525756836,nan,15.073361508977541,inf,7.210728645324707,nan,13.768052091010759,inf,7.156494140625,nan,14.129645641971365,inf,7.391712188720703,nan,31.945018743994297,inf,9.843803405761719,nan,80.83373539300919,inf,7.700912952423096,nan,7.541482701009954,inf,7.171538352966309,nan,13.577826997990996,inf,7.282069206237793,nan,13.586175179076236,inf,7.205780029296875,nan,13.798037575004855,inf
1460,5.955593585968018,nan,15.077241317978405,inf,5.987332344055176,nan,13.772056411011363,inf,5.908370494842529,nan,14.133320238970555,inf,6.5037841796875,nan,31.96557295499406,inf,9.536422729492188,nan,80.88654958300867,inf,6.702845573425293,nan,7.546501475009791,inf,6.114232063293457,nan,13.581469233989992,inf,6.036324977874756,nan,13.589708653076741,inf,6.020280838012695,nan,13.801610541004266,inf
1461,5.505425930023193,nan,15.080782762979652,inf,5.534969329833984,nan,13.775590396011467,inf,5.621959686279297,nan,14.136950504971537,inf,6.299171447753906,nan,31.989844042993354,inf,9.760069847106934,nan,80.95002904900866,inf,6.703151702880859,nan,7.553266581009666,inf,5.65708589553833,nan,13.585009248989081,inf,5.615571975708008,nan,13.593159427076898,inf,5.509796142578125,nan,13.805085745005272,inf
1462,7.162871360778809,nan,15.084255446980023,inf,7.059278964996338,nan,13.779193232010584,inf,7.1194562911987305,nan,14.140428728971528,inf,7.616401195526123,nan,32.01247542999408,inf,10.043268203735352,nan,81.01162080100949,inf,8.391349792480469,nan,7.5591050350103615,inf,7.227076530456543,nan,13.588424231989848,inf,7.236387729644775,nan,13.596528829077215,inf,7.021265029907227,nan,13.808496418005234,inf
1463,6.101051330566406,nan,15.087656389980111,inf,6.137211799621582,nan,13.78275026700976,inf,6.229259967803955,nan,14.143906372970378,inf,7.1925506591796875,nan,32.03503336699396,inf,9.738930702209473,nan,81.07345117500881,inf,7.093418121337891,nan,7.564403092010252,inf,6.388030052185059,nan,13.591848525989917,inf,6.402765274047852,nan,13.59995207207794,inf,6.452235221862793,nan,13.811926431004395,inf
1464,6.975624084472656,nan,15.091112763981073,inf,6.970769882202148,nan,13.786336333008876,inf,7.058341979980469,nan,14.14740291696944,inf,7.62331485748291,nan,32.055096681993746,inf,9.903063774108887,nan,81.12489960800849,inf,7.4247331619262695,nan,7.570180826009164,inf,7.023972511291504,nan,13.595459191990813,inf,6.802931308746338,nan,13.603480037078043,inf,7.002911567687988,nan,13.815618888003883,inf
1465,6.143381595611572,nan,15.09463956898071,inf,6.054747581481934,nan,13.789953439008968,inf,6.163185119628906,nan,14.151069972969708,inf,6.943764686584473,nan,32.075536820993875,inf,9.729866981506348,nan,81.17746625500877,inf,7.198127746582031,nan,7.575158749008551,inf,6.5053911209106445,nan,13.598877435990289,inf,6.394841194152832,nan,13.606862190077663,inf,6.39176082611084,nan,13.819189664003716,inf
1466,6.2263336181640625,nan,15.098055412980102,inf,6.10654354095459,nan,13.79346911301036,inf,6.354308128356934,nan,14.154645757969774,inf,6.994664192199707,nan,32.095535044993085,inf,9.871631622314453,nan,81.23000811200836,inf,7.323878288269043,nan,7.5800985420100915,inf,6.522089958190918,nan,13.60229746898949,inf,6.391807556152344,nan,13.610256213076354,inf,6.458003044128418,nan,13.822636948003492,inf
1467,7.609383583068848,nan,15.101536226980897,inf,7.564528465270996,nan,13.796901367011742,inf,7.73109245300293,nan,14.158187162969625,inf,8.168490409851074,nan,32.1162757879938,inf,10.000438690185547,nan,81.28161147700848,inf,8.803293228149414,nan,7.584982124011731,inf,7.709490776062012,nan,13.605628220988365,inf,7.678128719329834,nan,13.613595325075948,inf,7.6328558921813965,nan,13.826025712003684,inf
1468,5.863508224487305,nan,15.104969609981708,inf,5.803116798400879,nan,13.800280810011827,inf,5.990091323852539,nan,14.161683486969196,inf,6.7939982414245605,nan,32.13645346399244,inf,9.490099906921387,nan,81.3334255540085,inf,6.715988636016846,nan,7.589893616011977,inf,6.123754501342773,nan,13.609014793986717,inf,6.084865570068359,nan,13.616967598076371,inf,6.118381500244141,nan,13.829582757003664,inf
1469,7.138916969299316,nan,15.108424823982205,inf,7.195359230041504,nan,13.80375440401258,inf,7.2390007972717285,nan,14.1653051129706,inf,8.467933654785156,nan,32.15661108999302,inf,10.356538772583008,nan,81.38581944900761,inf,8.440618515014648,nan,7.594825689013305,inf,7.3843488693237305,nan,13.61251981798705,inf,7.230225563049316,nan,13.620433652075008,inf,7.311684608459473,nan,13.833060231003401,inf
1470,6.9170451164245605,nan,15.111948098981884,inf,6.940300941467285,nan,13.807263059012257,inf,6.974174976348877,nan,14.168994819970976,inf,7.440036773681641,nan,32.179332057992724,inf,9.915474891662598,nan,81.44418654000765,inf,7.664432525634766,nan,7.599753441012581,inf,7.170748233795166,nan,13.616005391988438,inf,7.2060089111328125,nan,13.623876886074868,inf,7.273202419281006,nan,13.836527545003264,inf
1471,6.86379337310791,nan,15.115766297980372,inf,6.861471652984619,nan,13.810694212012095,inf,6.827475547790527,nan,14.172882438970191,inf,7.261709213256836,nan,32.20051544699163,inf,9.94955825805664,nan,81.50077665800745,inf,7.724558353424072,nan,7.6059190490123,inf,6.7474822998046875,nan,13.619487536989254,inf,6.834134101867676,nan,13.62728497907483,inf,6.967469215393066,nan,13.84042757500356,inf
1472,7.08436918258667,nan,15.11926583298009,inf,7.107333183288574,nan,13.814101465013664,inf,7.085882186889648,nan,14.176394932970652,inf,7.650533676147461,nan,32.224433400991984,inf,9.908286094665527,nan,81.55611555000723,inf,8.064647674560547,nan,7.611379469011808,inf,7.193469047546387,nan,13.622929579987613,inf,7.173495769500732,nan,13.630665732074704,inf,7.339090347290039,nan,13.844004471002336,inf
1473,7.767346382141113,nan,15.122720806979487,inf,7.618173122406006,nan,13.817658170013601,inf,7.7710652351379395,nan,14.179846076971444,inf,8.013473510742188,nan,32.24599555499117,inf,9.868064880371094,nan,81.61407252600839,inf,8.634236335754395,nan,7.617823341011899,inf,7.8009352684021,nan,13.626501464987086,inf,7.851439476013184,nan,13.634147917073278,inf,7.861163139343262,nan,13.84760180700323,inf
1474,7.66084623336792,nan,15.126216190979903,inf,7.692408561706543,nan,13.82120981501248,inf,7.7162652015686035,nan,14.183455621971007,inf,8.030624389648438,nan,32.26668184699156,inf,9.969878196716309,nan,81.66750507400866,inf,8.12723159790039,nan,7.622803225012831,inf,7.59919548034668,nan,13.629909468987535,inf,7.677210807800293,nan,13.6375474600718,inf,7.536270618438721,nan,13.851156742004605,inf
1475,7.693915843963623,nan,15.129671364980823,inf,7.707619667053223,nan,13.824729810012286,inf,7.731525421142578,nan,14.187079647972496,inf,8.385733604431152,nan,32.286673300990515,inf,9.840435028076172,nan,81.72135052800877,inf,8.24532699584961,nan,7.627579155012427,inf,7.74903678894043,nan,13.633288471986816,inf,7.804407119750977,nan,13.640917033071673,inf,7.854644298553467,nan,13.855020951004917,inf
1476,7.204923629760742,nan,15.133144408981025,inf,7.221542835235596,nan,13.828134443012459,inf,7.206382751464844,nan,14.190613852972092,inf,7.111217498779297,nan,32.30959724199056,inf,9.813336372375488,nan,81.78218402000857,inf,7.855701446533203,nan,7.633585972012952,inf,7.339627265930176,nan,13.63692332798746,inf,7.496585845947266,nan,13.644753501072046,inf,7.702136039733887,nan,13.85846598500575,inf
1477,5.537806987762451,nan,15.136552321981071,inf,5.566267013549805,nan,13.831666108011632,inf,5.822573661804199,nan,14.194370060971778,inf,6.400393009185791,nan,32.33266003398967,inf,9.67497444152832,nan,81.84667817800982,inf,6.861659526824951,nan,7.639939743014111,inf,5.8146562576293945,nan,13.640495762987484,inf,5.822787761688232,nan,13.6482449150717,inf,5.8354811668396,nan,13.862118731005467,inf
1478,6.8936767578125,nan,15.140219437980704,inf,6.812838554382324,nan,13.835183193012199,inf,6.717179775238037,nan,14.198140638971381,inf,7.329011917114258,nan,32.352625256989995,inf,9.680156707763672,nan,81.89867343801052,inf,7.932499885559082,nan,7.644905796014427,inf,7.403999328613281,nan,13.64408145798916,inf,7.214936256408691,nan,13.651763020072394,inf,7.0748209953308105,nan,13.86575754700425,inf
1479,6.284180641174316,nan,15.143746182979157,inf,6.278045654296875,nan,13.838702308012216,inf,6.359066963195801,nan,14.20173054397128,inf,6.733431816101074,nan,32.37286579399006,inf,9.881356239318848,nan,81.95045137601119,inf,7.393123626708984,nan,7.649815118013066,inf,6.424298286437988,nan,13.647470710990092,inf,6.344768524169922,nan,13.655112093072603,inf,6.355000972747803,nan,13.869393793003837,inf
1480,6.726474285125732,nan,15.147149415979584,inf,6.795284748077393,nan,13.842226292012128,inf,6.7763776779174805,nan,14.205173297972578,inf,7.525186538696289,nan,32.39417334398968,inf,9.970117568969727,nan,82.00235458501083,inf,7.746196269989014,nan,7.654737670012764,inf,6.972621917724609,nan,13.651021825990028,inf,6.824239730834961,nan,13.658606587072427,inf,6.959074974060059,nan,13.872996079004224,inf
1481,6.613968849182129,nan,15.15078148197972,inf,6.671085357666016,nan,13.845793057011178,inf,6.648775577545166,nan,14.208788043973982,inf,7.0290422439575195,nan,32.41432234899003,inf,9.838090896606445,nan,82.05374660701091,inf,7.462970733642578,nan,7.659629922012755,inf,6.9044575691223145,nan,13.654544590990554,inf,6.789364814758301,nan,13.662085321073391,inf,6.812134742736816,nan,13.876614405004148,inf
1482,7.221507549285889,nan,15.154259735978485,inf,7.326999664306641,nan,13.849355752010524,inf,7.437676429748535,nan,14.212378029975298,inf,7.369863033294678,nan,32.43448623498989,inf,10.005905151367188,nan,82.10488083601012,inf,8.220787048339844,nan,7.6646783470132505,inf,7.409701824188232,nan,13.658151155990709,inf,7.469786643981934,nan,13.665611696074848,inf,7.369701385498047,nan,13.880134110004292,inf
1483,6.188504219055176,nan,15.157826840979396,inf,6.115542411804199,nan,13.852879207010119,inf,6.325751781463623,nan,14.215971405974415,inf,6.92840576171875,nan,32.45462998098992,inf,9.574871063232422,nan,82.15641205000975,inf,6.876201629638672,nan,7.669514238014017,inf,6.308880805969238,nan,13.66157443899101,inf,6.187715530395508,nan,13.66901049907392,inf,6.200473785400391,nan,13.883572243004892,inf
1484,6.671085357666016,nan,15.161281814980612,inf,6.621627330780029,nan,13.856448192009339,inf,6.878927707672119,nan,14.219419968974762,inf,7.603677749633789,nan,32.47432427099011,inf,9.921165466308594,nan,82.2076937010097,inf,7.988411903381348,nan,7.674419451013819,inf,7.114436149597168,nan,13.665017381992584,inf,7.0401201248168945,nan,13.672414972073966,inf,6.9545159339904785,nan,13.887016076005239,inf
1485,5.7833757400512695,nan,15.164730818980388,inf,5.658513069152832,nan,13.860083858009602,inf,5.87272834777832,nan,14.223171026975251,inf,7.007986068725586,nan,32.49469693998981,inf,9.824024200439453,nan,82.25922531500873,inf,7.600177764892578,nan,7.67947692501366,inf,6.17159366607666,nan,13.668526145993383,inf,5.7711873054504395,nan,13.67587543607442,inf,6.001789093017578,nan,13.890650712004572,inf
1486,7.045186519622803,nan,15.168250743980025,inf,7.028708457946777,nan,13.863605613010805,inf,6.940973281860352,nan,14.226805812973907,inf,7.433794975280762,nan,32.515027077988634,inf,10.165252685546875,nan,82.31026055300936,inf,7.427524566650391,nan,7.68450155901337,inf,7.005304336547852,nan,13.67197949999354,inf,7.087270736694336,nan,13.679313629074386,inf,7.093395709991455,nan,13.894141596005284,inf
1487,6.198138236999512,nan,15.171767278980042,inf,6.13649320602417,nan,13.867065377009567,inf,6.018212795257568,nan,14.230369197974142,inf,6.558697700500488,nan,32.535292064989335,inf,9.539319038391113,nan,82.3625396570078,inf,6.471263885498047,nan,7.689560123013507,inf,6.32175350189209,nan,13.675647106992983,inf,6.177464962005615,nan,13.682898874072634,inf,6.328583717346191,nan,13.897789222006395,inf
1488,6.084597587585449,nan,15.175296803980018,inf,6.20680046081543,nan,13.870714193009917,inf,6.224409103393555,nan,14.234268977974352,inf,6.722696781158447,nan,32.55589513698942,inf,9.461091995239258,nan,82.41607803700754,inf,6.865231513977051,nan,7.694736629013278,inf,6.416335582733154,nan,13.67945208499259,inf,6.33585262298584,nan,13.686650412073504,inf,6.459688186645508,nan,13.901549699005045,inf
1489,6.940027713775635,nan,15.178949130980982,inf,6.9091362953186035,nan,13.874446860010721,inf,7.009117126464844,nan,14.238103455974851,inf,6.896941184997559,nan,32.57857958498971,inf,9.94282054901123,nan,82.47040140700847,inf,7.364738464355469,nan,7.701068070013207,inf,6.851967811584473,nan,13.683302423991336,inf,6.732144355773926,nan,13.690175686073417,inf,6.795380592346191,nan,13.905043923004996,inf
1490,6.326842308044434,nan,15.182425144981607,inf,6.238190174102783,nan,13.878591752010834,inf,6.287378311157227,nan,14.241682190973734,inf,6.477841377258301,nan,32.60213781399034,inf,9.560302734375,nan,82.52406744800828,inf,6.870498180389404,nan,7.706255206012429,inf,6.308163166046143,nan,13.68705491099172,inf,6.468391418457031,nan,13.693794662072833,inf,6.400992393493652,nan,13.909208656004921,inf
1491,7.103017807006836,nan,15.186542756980998,inf,7.318666458129883,nan,13.88208130601015,inf,7.150335788726807,nan,14.245396647975213,inf,7.799432754516602,nan,32.622945487990364,inf,10.022323608398438,nan,82.58455526600846,inf,8.406673431396484,nan,7.713882903011836,inf,7.492920398712158,nan,13.69348775299295,inf,7.436263561248779,nan,13.698140288073773,inf,7.450900077819824,nan,13.913270258006378,inf
1492,7.032169818878174,nan,15.190818510980534,inf,6.9835615158081055,nan,13.88605523600927,inf,6.979239463806152,nan,14.249094474975209,inf,8.159290313720703,nan,32.64364356999067,inf,10.281486511230469,nan,82.6406800680088,inf,8.052587509155273,nan,7.72005213101329,inf,6.991200923919678,nan,13.69721753999329,inf,7.022123336791992,nan,13.70180162507313,inf,7.008752822875977,nan,13.916826633005257,inf
1493,7.183537483215332,nan,15.194411715980095,inf,7.200257301330566,nan,13.889773053009776,inf,7.114290237426758,nan,14.252971113975946,inf,7.934702396392822,nan,32.6651042019912,inf,10.136032104492188,nan,82.70620863900876,inf,8.074152946472168,nan,7.726343001013447,inf,7.257373809814453,nan,13.700770594992719,inf,7.166433811187744,nan,13.705252629073584,inf,7.246318340301514,nan,13.920311928004594,inf
1494,7.861845970153809,nan,15.197887689981144,inf,7.680946350097656,nan,13.893449270010024,inf,7.7357988357543945,nan,14.25641238697608,inf,8.437929153442383,nan,32.68469524999091,inf,10.062089920043945,nan,82.75693387300817,inf,8.479166030883789,nan,7.7312290130121255,inf,7.883156776428223,nan,13.704134667992548,inf,7.795777320861816,nan,13.708623951073605,inf,7.887238502502441,nan,13.923713271005909,inf
1495,5.223432540893555,nan,15.201299332980852,inf,5.390020370483398,nan,13.896970984011205,inf,5.140563011169434,nan,14.259833720974711,inf,6.081342697143555,nan,32.707861423990835,inf,9.590085983276367,nan,82.81614993500807,inf,6.458709239959717,nan,7.7382743720136205,inf,5.640893936157227,nan,13.708301250992008,inf,5.640066146850586,nan,13.712320768074278,inf,5.563907146453857,nan,13.927372268006366,inf
1496,5.485268592834473,nan,15.204968419979195,inf,5.39589786529541,nan,13.900531530010994,inf,5.450562477111816,nan,14.263452026974846,inf,6.2011847496032715,nan,32.73223390399107,inf,9.576018333435059,nan,82.87544783800695,inf,6.7596330642700195,nan,7.743285006014048,inf,5.932306289672852,nan,13.711853265991522,inf,5.86071252822876,nan,13.715846032073387,inf,5.78587532043457,nan,13.9309875640065,inf
1497,6.242160320281982,nan,15.208449713980372,inf,6.115436553955078,nan,13.903983224010517,inf,6.215877056121826,nan,14.267018571976223,inf,6.775357723236084,nan,32.75253513199095,inf,9.638930320739746,nan,82.92676743000811,inf,6.855067729949951,nan,7.748168248015645,inf,6.381194114685059,nan,13.715511091992084,inf,6.410262584686279,nan,13.719327756072744,inf,6.385945796966553,nan,13.934605650007143,inf
1498,5.983608722686768,nan,15.21219015097995,inf,5.855531692504883,nan,13.907536329010327,inf,6.092906951904297,nan,14.270703818976472,inf,6.735473155975342,nan,32.77325078499052,inf,9.928932189941406,nan,82.98484710700905,inf,7.480348110198975,nan,7.754681651014835,inf,6.505119800567627,nan,13.719531992992415,inf,6.372111797332764,nan,13.722921622073045,inf,6.461270332336426,nan,13.938158005008518,inf
1499,6.098593711853027,nan,15.215789815980315,inf,6.074668884277344,nan,13.911083374010559,inf,6.087282180786133,nan,14.274297554977238,inf,6.696648597717285,nan,32.79554360799011,inf,9.504331588745117,nan,83.04937192600846,inf,7.044623374938965,nan,7.760460844014233,inf,6.263040542602539,nan,13.723283860992524,inf,6.108088493347168,nan,13.726553538073858,inf,6.2566118240356445,nan,13.941754800009221,inf
1500,6.8428730964660645,5.836612701416016,15.219464502981282,inf,6.676870346069336,7.438370704650879,13.914627689011468,inf,6.706492900848389,6.720395565032959,14.277807709977424,inf,7.641972541809082,7.415837287902832,32.81179995499042,inf,9.848185539245605,9.623737335205078,83.10115100300936,inf,7.825700759887695,6.711553573608398,7.765911953014438,inf,7.113448619842529,6.05164909362793,13.72727837099228,inf,6.971527099609375,6.301995277404785,13.730356006073634,inf,7.048351287841797,4.338627338409424,13.945559488009167,235.59822023999914
1501,6.7766218185424805,nan,15.223212320981474,inf,6.6680097579956055,nan,13.918388387010054,inf,6.8354597091674805,nan,14.281745299977047,inf,7.420444965362549,nan,32.833973656990565,inf,9.80862045288086,nan,83.1603237240106,inf,7.553662300109863,nan,7.77106210801503,inf,6.995782375335693,nan,13.731371082993064,inf,6.914244651794434,nan,13.734262476074946,inf,6.914043426513672,nan,13.94936013601,inf
1502,7.2425761222839355,nan,15.227497284982746,inf,7.281064987182617,nan,13.922088774010263,inf,7.294267654418945,nan,14.285463646978315,inf,7.672389030456543,nan,32.85468034898986,inf,9.698183059692383,nan,83.21442303101139,inf,8.270541191101074,nan,7.7768561910143035,inf,7.325411796569824,nan,13.735721907993138,inf,7.3231520652771,nan,13.738214576074824,inf,7.346837997436523,nan,13.953210635010691,inf
1503,5.911409378051758,nan,15.231305863982925,inf,5.902681350708008,nan,13.92592136200983,inf,5.919530868530273,nan,14.289556688978337,inf,6.895627498626709,nan,32.875634974989225,inf,9.881694793701172,nan,83.26867507901079,inf,6.850113868713379,nan,7.782035367015851,inf,5.977272033691406,nan,13.739658297992719,inf,5.987148761749268,nan,13.741979603075379,inf,5.917710304260254,nan,13.956956132009509,inf
1504,6.485287666320801,nan,15.23499681098292,inf,6.377556800842285,nan,13.929503137009306,inf,6.451774597167969,nan,14.293217574977461,inf,7.178081035614014,nan,32.89696365598866,inf,9.70174789428711,nan,83.32113360501171,inf,8.14224624633789,nan,7.787137072014957,inf,6.6153035163879395,nan,13.743384454994157,inf,6.640451431274414,nan,13.74559875907471,inf,6.595778465270996,nan,13.960573357009707,inf
1505,7.233011245727539,nan,15.238632176982719,inf,7.277740478515625,nan,13.93323815500844,inf,7.5226054191589355,nan,14.2968330709773,inf,7.3603291511535645,nan,32.9172938929878,inf,9.764303207397461,nan,83.37394349601163,inf,8.173023223876953,nan,7.7921007860149984,inf,7.5590500831604,nan,13.747207342992624,inf,7.515755653381348,nan,13.749238725074974,inf,7.619075775146484,nan,13.964187823008615,inf
1506,7.022713661193848,nan,15.242252602982262,inf,6.999208927154541,nan,13.936824791007894,inf,7.022442817687988,nan,14.300450946977435,inf,7.630669593811035,nan,32.937227655987954,inf,9.887080192565918,nan,83.42827542601117,inf,7.934727668762207,nan,7.797382043014295,inf,7.062756538391113,nan,13.751226813992616,inf,7.352778911590576,nan,13.753502429075525,inf,7.202860355377197,nan,13.967864850008482,inf
1507,5.616220474243164,nan,15.245967089982514,inf,5.538972854614258,nan,13.940497358009452,inf,5.5010271072387695,nan,14.304151853975782,inf,6.660804748535156,nan,32.958717867988526,inf,9.658103942871094,nan,83.48365330901106,inf,6.808291435241699,nan,7.803051585015055,inf,5.93837833404541,nan,13.75520875399343,inf,5.608005523681641,nan,13.757280466075827,inf,5.991246223449707,nan,13.971734829006891,inf
1508,6.159710884094238,nan,15.249688077981773,inf,6.1453752517700195,nan,13.945243619009489,inf,6.162582874298096,nan,14.311588387974552,inf,7.023637771606445,nan,32.98358254398772,inf,9.804901123046875,nan,83.55176981401019,inf,7.45894193649292,nan,7.810914505014807,inf,6.320662498474121,nan,13.760190446993875,inf,6.3654985427856445,nan,13.761929245076317,inf,6.342296600341797,nan,13.978026999007852,inf
1509,6.539433479309082,nan,15.255538682980841,inf,6.181822776794434,nan,13.952441470008125,inf,6.2838850021362305,nan,14.318592946974604,inf,6.777234077453613,nan,33.01512506398831,inf,9.685161590576172,nan,83.62399735100917,inf,7.122442245483398,nan,7.817986115014719,inf,6.358944892883301,nan,13.766271903992674,inf,6.218899726867676,nan,13.76923900807742,inf,6.249727249145508,nan,13.982936571006576,inf
1510,6.402846336364746,nan,15.261362556981112,inf,6.17591667175293,nan,13.956643683008224,inf,6.321547985076904,nan,14.32288677197539,inf,7.317872047424316,nan,33.041491098987535,inf,9.88189697265625,nan,83.69201746400904,inf,7.396413326263428,nan,7.825919736014839,inf,6.452415466308594,nan,13.772245788992223,inf,6.578713417053223,nan,13.77344798107697,inf,6.482719898223877,nan,13.98765850100608,inf
1511,7.969917297363281,nan,15.265717131980637,inf,7.662970542907715,nan,13.961791088009704,inf,7.663751125335693,nan,14.328268839974044,inf,8.580734252929688,nan,33.064966256986736,inf,9.752386093139648,nan,83.75511781500973,inf,8.085525512695312,nan,7.8324532290153,inf,8.032581329345703,nan,13.778260785991733,inf,7.970943450927734,nan,13.777833536076287,inf,7.951013565063477,nan,13.99280450700644,inf
1512,7.106078147888184,nan,15.27059071398071,inf,7.1406049728393555,nan,13.966798972009201,inf,7.281450271606445,nan,14.333094420973794,inf,7.965444087982178,nan,33.087992008988294,inf,10.119468688964844,nan,83.81661917601014,inf,7.716991424560547,nan,7.840050376014915,inf,7.338967800140381,nan,13.783858056991448,inf,7.360953330993652,nan,13.782218962074694,inf,7.324891090393066,nan,13.997673059006047,inf
1513,7.222460746765137,nan,15.275263482981245,inf,7.100438117980957,nan,13.970963085010226,inf,6.995481491088867,nan,14.337416765974922,inf,7.438977241516113,nan,33.1122419259882,inf,9.659124374389648,nan,83.881738512011,inf,7.604524612426758,nan,7.847159477014429,inf,7.510690689086914,nan,13.788738838991776,inf,7.221116542816162,nan,13.787025323075795,inf,7.437867164611816,nan,14.00300769700516,inf
1514,7.782011985778809,nan,15.279755969981125,inf,7.905132293701172,nan,13.975971648011182,inf,7.968751430511475,nan,14.342438209974716,inf,8.572955131530762,nan,33.13929782998821,inf,10.156442642211914,nan,83.94882023301034,inf,8.710561752319336,nan,7.852831919013624,inf,8.156492233276367,nan,13.793101403991386,inf,8.117292404174805,nan,13.790963423076391,inf,8.213890075683594,nan,14.006733225005519,inf
1515,6.400265693664551,nan,15.283390705981219,inf,6.185364723205566,nan,13.97950607301209,inf,6.040250301361084,nan,14.346069535975403,inf,6.96660041809082,nan,33.15965504798805,inf,10.058377265930176,nan,84.00306711101075,inf,7.622941017150879,nan,7.858370900014052,inf,6.108918190002441,nan,13.797318827992058,inf,6.043651580810547,nan,13.79480436207632,inf,6.072039604187012,nan,14.010423532005007,inf
1516,6.603824615478516,nan,15.2870145219822,inf,6.465585708618164,nan,13.983197120012846,inf,6.617481231689453,nan,14.349595699975907,inf,7.689974308013916,nan,33.18301380498815,inf,10.12277603149414,nan,84.06180771601066,inf,7.998434543609619,nan,7.8636563870149985,inf,6.978625774383545,nan,13.801556480992076,inf,6.950396537780762,nan,13.79921243807621,inf,6.957287788391113,nan,14.014579245005734,inf
1517,6.02370548248291,nan,15.291024262982319,inf,6.010987758636475,nan,13.986978848011859,inf,5.989438056945801,nan,14.35339526797543,inf,6.650007247924805,nan,33.20415288398726,inf,9.791826248168945,nan,84.11874486801025,inf,7.0730485916137695,nan,7.868929564016071,inf,6.178423881530762,nan,13.805757524993169,inf,6.259488582611084,nan,13.803094387076271,inf,6.180106163024902,nan,14.018276272006915,inf
1518,6.143563270568848,nan,15.294617297980949,inf,6.122471332550049,nan,13.99049756301065,inf,6.017431259155273,nan,14.357074794976143,inf,6.415355682373047,nan,33.224819235985706,inf,9.377351760864258,nan,84.17299023600935,inf,6.8314104080200195,nan,7.874334942014684,inf,6.023870468139648,nan,13.809813366993694,inf,5.913926124572754,nan,13.806851274077417,inf,6.040844917297363,nan,14.022060780005631,inf
1519,7.666722297668457,nan,15.298265464980432,inf,7.449210166931152,nan,13.994026857009885,inf,7.542137145996094,nan,14.360636509974938,inf,7.733171463012695,nan,33.244812829985676,inf,10.182488441467285,nan,84.2396547520093,inf,8.642492294311523,nan,7.881142748014099,inf,7.496766090393066,nan,13.814351783994425,inf,7.59965705871582,nan,13.811167309077064,inf,7.618818283081055,nan,14.02626072300518,inf
1520,6.58685302734375,nan,15.302721380980074,inf,6.579702377319336,nan,13.99823563000973,inf,6.6743011474609375,nan,14.364495098974658,inf,7.145997047424316,nan,33.267791341984775,inf,9.674169540405273,nan,84.29469563100974,inf,7.011680603027344,nan,7.886356904013155,inf,6.8219313621521,nan,13.818233852995036,inf,6.572823524475098,nan,13.814886166077486,inf,6.828470706939697,nan,14.02992343000551,inf
1521,6.13106632232666,nan,15.306473217980965,inf,6.025213241577148,nan,14.002116010009559,inf,6.061777114868164,nan,14.368281496974305,inf,7.095912456512451,nan,33.287989987984474,inf,9.628795623779297,nan,84.35404203401049,inf,6.867060661315918,nan,7.892232849013453,inf,6.527166366577148,nan,13.821945069996218,inf,6.32380485534668,nan,13.818450471077085,inf,6.31649112701416,nan,14.0335224760056,inf
1522,6.5327301025390625,nan,15.310087382980782,inf,6.52530574798584,nan,14.005671665010595,inf,6.445598125457764,nan,14.372006063975277,inf,6.814350128173828,nan,33.31370874498498,inf,9.759867668151855,nan,84.42400819201066,inf,7.124898910522461,nan,7.899073376012893,inf,6.719213485717773,nan,13.826096142996903,inf,6.538843154907227,nan,13.822361820077276,inf,6.578256607055664,nan,14.037594177005303,inf
1523,6.094544887542725,nan,15.314102893980817,inf,6.139187812805176,nan,14.009908678010106,inf,6.017647743225098,nan,14.376454010976886,inf,6.63197660446167,nan,33.339035035984125,inf,9.642497062683105,nan,84.49191470401092,inf,6.813124179840088,nan,7.905755940011659,inf,6.039298057556152,nan,13.830620669998098,inf,5.883639812469482,nan,13.827152580077382,inf,5.953413963317871,nan,14.042525560005743,inf
1524,5.610598564147949,nan,15.319014696980958,inf,5.593465805053711,nan,14.014715899009389,inf,5.564762115478516,nan,14.380724274977183,inf,6.052757740020752,nan,33.36379599098291,inf,9.416522026062012,nan,84.56004837801083,inf,6.163865089416504,nan,7.912609067010635,inf,5.784665107727051,nan,13.834624010998596,inf,5.819070339202881,nan,13.830797247077498,inf,5.847742080688477,nan,14.046080935006103,inf
1525,6.451480388641357,nan,15.323819097980959,inf,6.287665367126465,nan,14.018837572009943,inf,6.312288284301758,nan,14.38443027197718,inf,7.540498733520508,nan,33.38485353798387,inf,10.006906509399414,nan,84.61348540601102,inf,8.04829216003418,nan,7.91901013800998,inf,6.816728591918945,nan,13.838579451998157,inf,6.908148765563965,nan,13.834517214078005,inf,6.894454002380371,nan,14.049913564005692,inf
1526,7.022073268890381,nan,15.327541255981487,inf,6.795233249664307,nan,14.022434197009716,inf,6.81919002532959,nan,14.388097267978083,inf,6.877945899963379,nan,33.405696551983056,inf,9.641378402709961,nan,84.66638771701037,inf,7.4688568115234375,nan,7.924213945010706,inf,7.086304187774658,nan,13.842440640999484,inf,6.741735458374023,nan,13.838188731077025,inf,6.810975074768066,nan,14.053582721006023,inf
1527,6.208127498626709,nan,15.331313423981555,inf,6.454491138458252,nan,14.026109763010027,inf,6.5007548332214355,nan,14.391807475976748,inf,6.655934810638428,nan,33.425725105982565,inf,9.50242805480957,nan,84.71834345601019,inf,7.00063419342041,nan,7.929096287010907,inf,6.668820381164551,nan,13.84609727699899,inf,6.595470905303955,nan,13.841800547077582,inf,6.548678874969482,nan,14.057146216006004,inf
1528,6.554609298706055,nan,15.33493289998114,inf,6.500036239624023,nan,14.02957571700972,inf,6.747977256774902,nan,14.395480302977376,inf,7.015026092529297,nan,33.44571331998304,inf,9.688488006591797,nan,84.7725251340089,inf,7.279248237609863,nan,7.9341557120096695,inf,6.691287994384766,nan,13.849510639998698,inf,6.808656215667725,nan,13.84516925007847,inf,6.705929756164551,nan,14.060562839005797,inf
1529,6.7358551025390625,nan,15.338354182980765,inf,6.520168304443359,nan,14.032949910009847,inf,6.773614406585693,nan,14.398955246975675,inf,7.568952560424805,nan,33.46685903798243,inf,10.043893814086914,nan,84.82629024600828,inf,7.874973297119141,nan,7.940793256007964,inf,6.8544721603393555,nan,13.853526251999938,inf,6.676720142364502,nan,13.84884150707876,inf,6.7822794914245605,nan,14.064181135006947,inf
1530,6.7814130783081055,nan,15.342004989981433,inf,6.693065643310547,nan,14.036633246010751,inf,6.623790740966797,nan,14.402678413975082,inf,7.040242671966553,nan,33.48669771998357,inf,9.602128982543945,nan,84.87821294500827,inf,7.6535420417785645,nan,7.945725689009123,inf,6.931353569030762,nan,13.857161957999779,inf,6.865238189697266,nan,13.852386072079753,inf,6.881408214569092,nan,14.067732020006588,inf
1531,6.297008514404297,nan,15.34556642498137,inf,6.17022705078125,nan,14.040196972011472,inf,6.335052013397217,nan,14.406266258976757,inf,6.685488700866699,nan,33.5076282449827,inf,9.57741928100586,nan,84.93217126000673,inf,6.795378684997559,nan,7.950792263009134,inf,6.483930587768555,nan,13.860931114999403,inf,6.4392409324646,nan,13.856004468079846,inf,6.230022430419922,nan,14.07132355500653,inf
1532,6.455670356750488,nan,15.349221200980537,inf,6.459628582000732,nan,14.043706237011065,inf,6.47518253326416,nan,14.409961015977387,inf,6.922842979431152,nan,33.527289103984,inf,9.806821823120117,nan,84.98416126000666,inf,7.206478118896484,nan,7.955720215008114,inf,6.606806755065918,nan,13.864382298999772,inf,6.49954891204834,nan,13.85941985108002,inf,6.4116411209106445,nan,14.074746688005689,inf
1533,6.0924859046936035,nan,15.352679754980272,inf,6.16807746887207,nan,14.047216632010532,inf,6.022709369659424,nan,14.41339203897769,inf,6.7594380378723145,nan,33.54716816598557,inf,9.648026466369629,nan,85.03561560200615,inf,7.030138969421387,nan,7.96066880800754,inf,6.293807029724121,nan,13.867896124000254,inf,6.297562599182129,nan,13.862883505078571,inf,6.314258575439453,nan,14.078203172006397,inf
1534,6.820118427276611,nan,15.356204569980036,inf,6.796308994293213,nan,14.05073787701076,inf,6.926607131958008,nan,14.417088365978998,inf,7.453883171081543,nan,33.56708054898627,inf,9.898045539855957,nan,85.08771148300548,inf,7.649176597595215,nan,7.9656358510073915,inf,6.9034929275512695,nan,13.87158602099953,inf,6.719012260437012,nan,13.866467170078977,inf,6.891748428344727,nan,14.081791228005386,inf
1535,6.9692511558532715,nan,15.359771555980842,inf,6.7817206382751465,nan,14.054313332011588,inf,6.917499542236328,nan,14.42071218197816,inf,7.791104316711426,nan,33.586701787984566,inf,9.786107063293457,nan,85.14000963700528,inf,7.791889667510986,nan,7.97057691300688,inf,7.0207905769348145,nan,13.875212376999116,inf,7.10318660736084,nan,13.870005005079292,inf,6.893712043762207,nan,14.085338293005407,inf
1536,7.732385635375977,nan,15.363313510979424,inf,7.607540607452393,nan,14.057941808012401,inf,7.615886688232422,nan,14.424357677977241,inf,7.861797332763672,nan,33.60644482898351,inf,9.900015830993652,nan,85.19177011400461,inf,8.473457336425781,nan,7.975454065006488,inf,7.7154741287231445,nan,13.878803242998401,inf,7.599612236022949,nan,13.873507220079773,inf,7.52541971206665,nan,14.088859688004959,inf
1537,5.569796085357666,nan,15.366877055979785,inf,5.837038040161133,nan,14.06142781201197,inf,5.714970588684082,nan,14.427880001976519,inf,6.2276411056518555,nan,33.626412831983544,inf,9.755916595458984,nan,85.24317213700488,inf,6.723146438598633,nan,7.980475078005838,inf,5.731462001800537,nan,13.88219820699851,inf,5.613064765930176,nan,13.876899853079522,inf,5.700404167175293,nan,14.09227855100471,inf
1538,5.437053680419922,nan,15.370827645980171,inf,5.352226734161377,nan,14.064883085011388,inf,5.600048065185547,nan,14.431432426976244,inf,6.892648696899414,nan,33.6477872929845,inf,9.81106185913086,nan,85.29531423900517,inf,7.240283489227295,nan,7.9853385600054025,inf,6.132159233093262,nan,13.885651210997821,inf,6.071829319000244,nan,13.880312506078553,inf,5.995114803314209,nan,14.095747805004066,inf
1539,5.486815452575684,nan,15.374276029979228,inf,5.525182723999023,nan,14.068430300010732,inf,5.573101043701172,nan,14.434872630976315,inf,6.374049186706543,nan,33.66783214698444,inf,9.57439136505127,nan,85.3513634700048,inf,6.522600173950195,nan,7.990615777005587,inf,5.782168865203857,nan,13.889219445996787,inf,5.621894359588623,nan,13.88377517007757,inf,5.883056163787842,nan,14.09943398100404,inf
1540,5.5803327560424805,nan,15.378277320978668,inf,5.443387031555176,nan,14.072007276010481,inf,5.506705284118652,nan,14.438460726974881,inf,6.092068672180176,nan,33.68765582798369,inf,9.152233123779297,nan,85.40299279500323,inf,5.961722373962402,nan,7.9967261050042,inf,5.608456134796143,nan,13.892762940997272,inf,5.264705657958984,nan,13.887249264078491,inf,5.418944835662842,nan,14.102910385005089,inf
1541,7.174553394317627,nan,15.381803265978306,inf,7.095300674438477,nan,14.075465390009413,inf,7.191052436828613,nan,14.442112042976078,inf,7.511410713195801,nan,33.70722606598429,inf,9.703536033630371,nan,85.45446832800371,inf,7.999990463256836,nan,8.001599327004442,inf,7.216584205627441,nan,13.896105042997078,inf,7.3003034591674805,nan,13.890567436079436,inf,7.16303014755249,nan,14.106298638005683,inf
1542,5.955552577972412,nan,15.385615324978062,inf,5.93586540222168,nan,14.079296178009827,inf,5.969173431396484,nan,14.445560146974458,inf,6.870177745819092,nan,33.72780825798327,inf,9.54753303527832,nan,85.50916986200355,inf,6.598196029663086,nan,8.00746926100328,inf,6.148091793060303,nan,13.89956726699711,inf,6.053709506988525,nan,13.894002189079401,inf,6.009265899658203,nan,14.109733151004548,inf
1543,6.800063133239746,nan,15.389051238977117,inf,6.81666898727417,nan,14.082856523011287,inf,6.853235244750977,nan,14.449016700973516,inf,6.9842023849487305,nan,33.75104670298424,inf,9.503044128417969,nan,85.57095510600266,inf,7.437671184539795,nan,8.012327343003562,inf,6.798755645751953,nan,13.903590537996934,inf,6.815271377563477,nan,13.89806267107815,inf,6.723532676696777,nan,14.113299606005967,inf
1544,6.574704647064209,nan,15.392523022976093,inf,6.459321975708008,nan,14.086322937011573,inf,6.46348762512207,nan,14.452662236972174,inf,7.616836071014404,nan,33.77093622598477,inf,9.831879615783691,nan,85.62142051700175,inf,7.664514541625977,nan,8.01716192400454,inf,6.766620635986328,nan,13.9069975409966,inf,6.795028209686279,nan,13.90143837407777,inf,6.758650779724121,nan,14.116838111005563,inf
1545,5.342473983764648,nan,15.396276419975038,inf,5.30528450012207,nan,14.090007044011145,inf,5.451275825500488,nan,14.456302532973496,inf,6.302955150604248,nan,33.7909471199855,inf,9.786700248718262,nan,85.6727084480026,inf,6.669243335723877,nan,8.02215198700469,inf,5.531994819641113,nan,13.910448494996672,inf,5.413519859313965,nan,13.904895038078394,inf,5.402352333068848,nan,14.120306885004538,inf
1546,6.6182169914245605,nan,15.39977802397516,inf,6.747361660003662,nan,14.093408007011021,inf,6.619062423706055,nan,14.459850407974955,inf,7.254039764404297,nan,33.8107833119866,inf,9.638193130493164,nan,85.72353791400201,inf,7.442315578460693,nan,8.027038069005357,inf,6.800200462341309,nan,13.913786717997937,inf,6.8177571296691895,nan,13.908209500079465,inf,6.825535297393799,nan,14.123700618003568,inf
1547,6.016050338745117,nan,15.403179836974232,inf,5.8966383934021,nan,14.096773980010767,inf,6.022064208984375,nan,14.46331654097412,inf,6.524473667144775,nan,33.833579200985696,inf,9.658530235290527,nan,85.78347257500172,inf,6.805582523345947,nan,8.032733711004767,inf,6.163878440856934,nan,13.917194361996735,inf,5.940274715423584,nan,13.911551072080329,inf,6.061235427856445,nan,14.127241603004222,inf
1548,5.711612701416016,nan,15.406591369974194,inf,5.769500732421875,nan,14.100249874010842,inf,5.730360984802246,nan,14.466875105974395,inf,6.3812785148620605,nan,33.856816685985905,inf,9.656473159790039,nan,85.84432267800184,inf,6.6519575119018555,nan,8.038658936005959,inf,5.708581924438477,nan,13.920663234996027,inf,5.54252815246582,nan,13.914973536080652,inf,5.698199272155762,nan,14.130818598005135,inf
1549,5.497450351715088,nan,15.410071243974016,inf,5.610143184661865,nan,14.103719818009267,inf,5.69570255279541,nan,14.470489951972922,inf,6.623344421386719,nan,33.876899420985865,inf,9.61455249786377,nan,85.8961322460018,inf,6.826247215270996,nan,8.043684640006177,inf,5.935898303985596,nan,13.924252020995482,inf,6.0316243171691895,nan,13.918505031080713,inf,5.9216108322143555,nan,14.134442634005609,inf
1550,7.189380645751953,nan,15.413574747974053,inf,7.205639839172363,nan,14.107251543009625,inf,7.2673020362854,nan,14.474125197972171,inf,7.606417655944824,nan,33.896893023986195,inf,9.831161499023438,nan,85.94873331300187,inf,8.03958511352539,nan,8.048572952005998,inf,7.473857402801514,nan,13.927620903994466,inf,7.246793746948242,nan,13.921861674079992,inf,7.4634246826171875,nan,14.137841537005443,inf
1551,6.515520095825195,nan,15.417022200974316,inf,6.461249351501465,nan,14.110692357009611,inf,6.597837448120117,nan,14.477631961972293,inf,6.815001010894775,nan,33.91655251298653,inf,9.572273254394531,nan,86.00150209200183,inf,7.153254508972168,nan,8.053493304007134,inf,6.474408149719238,nan,13.931058016994939,inf,6.559202194213867,nan,13.925285177079786,inf,6.437467575073242,nan,14.141299531005643,inf
1552,7.364123344421387,nan,15.420490524973502,inf,7.278502464294434,nan,14.114325513008225,inf,7.209898948669434,nan,14.481117905970677,inf,7.620235443115234,nan,33.93644322498767,inf,9.890134811401367,nan,86.05687495500024,inf,8.579062461853027,nan,8.059838535007657,inf,7.433320045471191,nan,13.934943735994239,inf,7.570135116577148,nan,13.928699611080447,inf,7.424365997314453,nan,14.144770205004534,inf
1553,7.080647945404053,nan,15.424100739974165,inf,7.218804359436035,nan,14.117752847007068,inf,7.297876834869385,nan,14.484578959971259,inf,7.478588104248047,nan,33.956728781988204,inf,9.833625793457031,nan,86.11065809699903,inf,7.654605865478516,nan,8.064807938006197,inf,7.112149715423584,nan,13.938436299993555,inf,7.041081428527832,nan,13.932172055081537,inf,7.088916301727295,nan,14.14824965900516,inf
1554,6.006464958190918,nan,15.427580973973818,inf,5.800118446350098,nan,14.12143136400664,inf,5.994714736938477,nan,14.488083404972713,inf,6.743384838104248,nan,33.97659989398926,inf,9.501317977905273,nan,86.16277766899839,inf,6.927441596984863,nan,8.06984178100538,inf,6.293644905090332,nan,13.94179894199442,inf,6.318672180175781,nan,13.935520127080963,inf,6.184556007385254,nan,14.15165051200529,inf
1555,6.607548713684082,nan,15.43101878797279,inf,6.418758392333984,nan,14.124806336007168,inf,6.569180965423584,nan,14.491543888971137,inf,7.215628623962402,nan,33.99670379998861,inf,9.837456703186035,nan,86.21445188399775,inf,7.691684722900391,nan,8.074757204005437,inf,6.649461269378662,nan,13.945130023994352,inf,6.521951675415039,nan,13.938846909080894,inf,6.662883758544922,nan,14.155228817005991,inf
1556,7.141937255859375,nan,15.434413260973088,inf,7.082176685333252,nan,14.128281350007455,inf,6.965794086456299,nan,14.495185235969984,inf,7.720909118652344,nan,34.01659473298787,inf,9.71080207824707,nan,86.26618954099649,inf,7.752392292022705,nan,8.079646816006061,inf,7.401581764221191,nan,13.9484899869949,inf,7.419754981994629,nan,13.942187232081778,inf,7.271214485168457,nan,14.158684101006656,inf
1557,7.084876537322998,nan,15.437866634973034,inf,6.969194412231445,nan,14.131676993007204,inf,6.924254894256592,nan,14.498697600971354,inf,7.043641090393066,nan,34.036820098988755,inf,9.76803207397461,nan,86.31765735399676,inf,7.577164649963379,nan,8.084571019006034,inf,6.956147193908691,nan,13.951978770995993,inf,6.8869781494140625,nan,13.945638986082486,inf,7.0218658447265625,nan,14.162162385007832,inf
1558,5.963849067687988,nan,15.44135236897273,inf,5.771381378173828,nan,14.135278759007633,inf,5.85665225982666,nan,14.50219403497249,inf,6.756175994873047,nan,34.058265550989745,inf,9.682289123535156,nan,86.3717928709957,inf,6.588550567626953,nan,8.090052118006497,inf,6.227628231048584,nan,13.956011451995437,inf,6.102236747741699,nan,13.949483775080807,inf,6.0846147537231445,nan,14.166070055007367,inf
1559,7.467946529388428,nan,15.445140056972377,inf,7.519049167633057,nan,14.13897954600725,inf,7.362024307250977,nan,14.506028063971826,inf,7.703860282897949,nan,34.07998034599041,inf,9.721692085266113,nan,86.42704840199622,inf,8.180465698242188,nan,8.095308164007292,inf,7.471170425415039,nan,13.960004742995807,inf,7.482947826385498,nan,13.953386164081166,inf,7.4195756912231445,nan,14.169752012006938,inf
1560,6.122106075286865,nan,15.448875653972209,inf,6.003785133361816,nan,14.142661363006482,inf,6.1589155197143555,nan,14.509770070972081,inf,6.908539772033691,nan,34.10035783399144,inf,9.62818431854248,nan,86.48378228199726,inf,7.055632591247559,nan,8.100594851006463,inf,6.005840301513672,nan,13.964108834996296,inf,6.142563819885254,nan,13.957209783082362,inf,6.0949907302856445,nan,14.173449149006046,inf
1561,7.161351203918457,nan,15.452624361972994,inf,7.1879682540893555,nan,14.146442871007821,inf,7.078946590423584,nan,14.513683020972167,inf,7.5688581466674805,nan,34.12187729799189,inf,9.617557525634766,nan,86.54272121999747,inf,7.694812774658203,nan,8.107222185006322,inf,7.078183174133301,nan,13.968383049996191,inf,7.101933479309082,nan,13.96126560508128,inf,7.132755279541016,nan,14.17739939900639,inf
1562,6.555826187133789,nan,15.456926236973231,inf,6.591124534606934,nan,14.150013316007971,inf,6.838615417480469,nan,14.517511319972982,inf,7.07048225402832,nan,34.14488616999188,inf,9.91840934753418,nan,86.60115281099752,inf,7.465840816497803,nan,8.112955338006941,inf,7.0002121925354,nan,13.973095718996774,inf,6.967226028442383,nan,13.965760222079552,inf,6.824165344238281,nan,14.181127226005628,inf
1563,6.926740646362305,nan,15.460575703973518,inf,6.769661903381348,nan,14.153581272006704,inf,6.751943588256836,nan,14.52120377697429,inf,7.528698921203613,nan,34.16623276099199,inf,9.720929145812988,nan,86.65531022799587,inf,7.5716938972473145,nan,8.118170724006632,inf,6.906458854675293,nan,13.976817145996392,inf,6.940464019775391,nan,13.969424858079947,inf,6.8223876953125,nan,14.1847004820047,inf
1564,6.69926643371582,nan,15.46453256397399,inf,6.721567153930664,nan,14.15718665800523,inf,6.715534210205078,nan,14.524949023973022,inf,6.872109889984131,nan,34.18703220499265,inf,9.700166702270508,nan,86.70775009399586,inf,7.353614330291748,nan,8.12365075400703,inf,6.827332973480225,nan,13.980517682995924,inf,6.767048358917236,nan,13.972997744078384,inf,6.974758625030518,nan,14.188272217004851,inf
1565,6.385524749755859,nan,15.468532384973514,inf,6.2551469802856445,nan,14.160803794004096,inf,6.225806713104248,nan,14.528679581973847,inf,6.922080039978027,nan,34.20664803399268,inf,9.624382019042969,nan,86.75932588799515,inf,7.379295349121094,nan,8.128520235006363,inf,6.719561576843262,nan,13.983955196996249,inf,6.69031286239624,nan,13.976410008079256,inf,6.83003044128418,nan,14.191718061003485,inf
1566,5.86423921585083,nan,15.471984358973714,inf,5.951707363128662,nan,14.164225698003065,inf,5.902362823486328,nan,14.53218854597435,inf,6.4330363273620605,nan,34.22642419499425,inf,9.504430770874023,nan,86.8115787109964,inf,7.197969436645508,nan,8.133613699006673,inf,6.010981559753418,nan,13.987758734996532,inf,5.953418731689453,nan,13.980029014079264,inf,5.871939182281494,nan,14.195363818003898,inf
1567,5.745243072509766,nan,15.475801417973344,inf,5.924643516540527,nan,14.167795203002242,inf,5.951013565063477,nan,14.536057194975001,inf,6.2307820320129395,nan,34.25191103799443,inf,9.374211311340332,nan,86.86586084999726,inf,6.243658065795898,nan,8.138554942006522,inf,5.883983612060547,nan,13.991416280996418,inf,5.702485084533691,nan,13.983629910080708,inf,5.721063137054443,nan,14.198962653004855,inf
1568,6.623984336853027,nan,15.479532114974063,inf,6.5462141036987305,nan,14.1713552980018,inf,6.650393009185791,nan,14.539971714973944,inf,7.352377891540527,nan,34.27274142299393,inf,9.75088882446289,nan,86.9189660139964,inf,7.697321891784668,nan,8.14453318800588,inf,6.764710426330566,nan,13.995281839996096,inf,6.645263671875,nan,13.987342597079987,inf,6.6619873046875,nan,14.202609760004634,inf
1569,7.04595947265625,nan,15.483264201973725,inf,7.0145087242126465,nan,14.174914203002118,inf,6.980909824371338,nan,14.543705742973543,inf,7.3568644523620605,nan,34.29267197599438,inf,9.972962379455566,nan,86.97163266199641,inf,7.62337589263916,nan,8.149952606006991,inf,6.917803764343262,nan,13.99919529899671,inf,6.923794746398926,nan,13.991013003078479,inf,6.898952960968018,nan,14.206232586006081,inf
1570,6.016605377197266,nan,15.486941078974269,inf,6.177620887756348,nan,14.178498029003094,inf,6.082836627960205,nan,14.547245307972844,inf,6.882904529571533,nan,34.31263874899378,inf,9.797127723693848,nan,87.02293114299573,inf,7.229544162750244,nan,8.154859848005799,inf,6.019904136657715,nan,14.002665762996912,inf,5.857228755950928,nan,13.994505047079656,inf,5.981776714324951,nan,14.209719740005312,inf
1571,7.667341232299805,nan,15.490601315974345,inf,7.720076560974121,nan,14.182067254003414,inf,7.751489639282227,nan,14.551015385974097,inf,8.50876522064209,nan,34.332761553994715,inf,10.135353088378906,nan,87.07518012599576,inf,8.53774356842041,nan,8.160940825004218,inf,7.8502702713012695,nan,14.006566072996065,inf,7.841879367828369,nan,13.99820241407906,inf,7.747382164001465,nan,14.21333991600477,inf
1572,6.260117530822754,nan,15.49416746197312,inf,6.522272109985352,nan,14.185593849004363,inf,6.3856096267700195,nan,14.55458216097395,inf,6.880162715911865,nan,34.35340576599447,inf,9.466262817382812,nan,87.12724313699437,inf,7.270000457763672,nan,8.166861840005367,inf,6.386281967163086,nan,14.010349201995268,inf,6.501220226287842,nan,14.001872871078376,inf,6.550965309143066,nan,14.216990953003915,inf
1573,5.674976348876953,nan,15.497859128974596,inf,5.577667236328125,nan,14.18907791300444,inf,5.645278453826904,nan,14.559250480973787,inf,6.328666687011719,nan,34.38101773699418,inf,9.623151779174805,nan,87.18485498899463,inf,6.467705726623535,nan,8.172342479005238,inf,5.789539337158203,nan,14.014472943996225,inf,5.871353626251221,nan,14.005641419078529,inf,5.865838050842285,nan,14.220663090003654,inf
1574,6.375830173492432,nan,15.501527055974293,inf,6.1713480949401855,nan,14.192610468004204,inf,6.413349151611328,nan,14.562791505974019,inf,6.817657947540283,nan,34.40085054899464,inf,9.806528091430664,nan,87.24131395499535,inf,7.538248538970947,nan,8.177609416004998,inf,6.284344673156738,nan,14.018113340996933,inf,6.220101356506348,nan,14.009347286078992,inf,6.222947120666504,nan,14.224279196003408,inf
1575,6.524800777435303,nan,15.505134131974046,inf,6.463089942932129,nan,14.196107183004642,inf,6.365192413330078,nan,14.566255049972824,inf,6.6306843757629395,nan,34.420683060994634,inf,9.67974853515625,nan,87.29243465399486,inf,7.385152816772461,nan,8.182520878004652,inf,6.417483329772949,nan,14.02162126499752,inf,6.390726566314697,nan,14.012906461079183,inf,6.38686466217041,nan,14.228017564004404,inf
1576,6.396792888641357,nan,15.508803028975308,inf,6.427968502044678,nan,14.19964726800572,inf,6.4047627449035645,nan,14.569895545972031,inf,7.017312049865723,nan,34.44484473799457,inf,9.716877937316895,nan,87.35157265399539,inf,7.044094562530518,nan,8.187894426004277,inf,6.478903770446777,nan,14.025672885996755,inf,6.634938716888428,nan,14.016672508079864,inf,6.614682197570801,nan,14.231692731003932,inf
1577,7.2584710121154785,nan,15.512415054974554,inf,7.216651439666748,nan,14.203180363005231,inf,7.100479602813721,nan,14.57405770897276,inf,7.417691230773926,nan,34.46801340199454,inf,9.672597885131836,nan,87.40349912299644,inf,7.429315567016602,nan,8.192831818005288,inf,7.125066757202148,nan,14.029524104997108,inf,6.868428707122803,nan,14.020335044080639,inf,7.047359466552734,nan,14.235329217004619,inf
1578,5.589517593383789,nan,15.516591278974374,inf,5.725954532623291,nan,14.207297345004918,inf,5.670232772827148,nan,14.578787148973788,inf,6.4859819412231445,nan,34.49547166099546,inf,9.676612854003906,nan,87.46282327599693,inf,6.63820219039917,nan,8.198494110005413,inf,5.503705978393555,nan,14.03372061799746,inf,5.572321891784668,nan,14.02442632508064,inf,5.660544395446777,nan,14.239451429004475,inf
1579,6.452077388763428,nan,15.521152016974156,inf,6.450403213500977,nan,14.211651150006219,inf,6.445428371429443,nan,14.582624827973632,inf,7.013410568237305,nan,34.52011627399406,inf,9.554491996765137,nan,87.53387914799532,inf,7.346193313598633,nan,8.204234593005822,inf,6.378500938415527,nan,14.037940350997815,inf,6.271958827972412,nan,14.029156385080569,inf,6.283105850219727,nan,14.244206649005719,inf
1580,6.177476406097412,nan,15.52533362997383,inf,6.156800746917725,nan,14.21630969900616,inf,6.130542755126953,nan,14.58657685797516,inf,6.987897872924805,nan,34.5470803259941,inf,9.668708801269531,nan,87.60699597599523,inf,6.989290714263916,nan,8.211410304005767,inf,6.198612213134766,nan,14.042647900998418,inf,6.302552223205566,nan,14.033318678080832,inf,6.435793876647949,nan,14.248092168005314,inf
1581,6.160361289978027,nan,15.529264359975059,inf,6.0617194175720215,nan,14.220187508006347,inf,6.187100410461426,nan,14.590845541973977,inf,7.087815761566162,nan,34.56939194999359,inf,9.76451301574707,nan,87.67673025099612,inf,6.866515159606934,nan,8.220391818005737,inf,6.247191429138184,nan,14.047511632999885,inf,6.199220657348633,nan,14.038121299081467,inf,6.263635158538818,nan,14.252520034006011,inf
1582,6.560772895812988,nan,15.533275780973781,inf,6.706328392028809,nan,14.224316200006797,inf,6.594878196716309,nan,14.597438405973662,inf,7.196924209594727,nan,34.593964570993194,inf,9.471963882446289,nan,87.74239127399778,inf,7.565339088439941,nan,8.227252185006364,inf,6.827564239501953,nan,14.052508656999635,inf,6.676212310791016,nan,14.042231881081534,inf,6.671492576599121,nan,14.256816688006438,inf
1583,7.938539505004883,nan,15.538450166974144,inf,8.204052925109863,nan,14.229157461008072,inf,8.047155380249023,nan,14.601315704972876,inf,8.206774711608887,nan,34.61795924499165,inf,10.129033088684082,nan,87.81832426699657,inf,8.644567489624023,nan,8.233902680007304,inf,8.102832794189453,nan,14.057021414000701,inf,8.202220916748047,nan,14.047640340080761,inf,8.166726112365723,nan,14.261213984005735,inf
1584,6.6419782638549805,nan,15.54236833597497,inf,6.504753112792969,nan,14.233043421008915,inf,6.631275177001953,nan,14.606519630971889,inf,7.300841331481934,nan,34.64056311199238,inf,9.846266746520996,nan,87.87892559599823,inf,7.4097137451171875,nan,8.240421533007975,inf,6.641970634460449,nan,14.06127326800015,inf,6.570961952209473,nan,14.051645551080583,inf,6.597911834716797,nan,14.265183574005277,inf
1585,6.0727386474609375,nan,15.546277645973532,inf,5.998443603515625,nan,14.236782648007647,inf,6.075916767120361,nan,14.610401430971251,inf,6.529301643371582,nan,34.66559989999223,inf,9.810161590576172,nan,87.94188216499788,inf,7.115303993225098,nan,8.246853755006669,inf,6.184842109680176,nan,14.065798046000054,inf,5.962798118591309,nan,14.056867388080718,inf,5.9537482261657715,nan,14.270386170004713,inf
1586,6.057954788208008,nan,15.55239245397388,inf,5.865911960601807,nan,14.240879199009214,inf,5.904285430908203,nan,14.618938388970491,inf,6.138865947723389,nan,34.68974570699356,inf,9.625385284423828,nan,88.00608529999954,inf,6.873116493225098,nan,8.253383318005945,inf,6.204702377319336,nan,14.071073543000239,inf,6.111896991729736,nan,14.061214463079523,inf,6.380736351013184,nan,14.27439247100483,inf
1587,6.347955226898193,nan,15.556041309973807,inf,6.266602993011475,nan,14.244408264008598,inf,6.3425703048706055,nan,14.62245951397017,inf,6.668020725250244,nan,34.71049915099502,inf,9.582181930541992,nan,88.07433295600094,inf,7.007393836975098,nan,8.260380466006609,inf,6.281594276428223,nan,14.076996899000733,inf,6.353559970855713,nan,14.065566028079047,inf,6.17208194732666,nan,14.278578084004039,inf
1588,8.236961364746094,nan,15.559916029973465,inf,8.241451263427734,nan,14.248238442009097,inf,8.297769546508789,nan,14.62714410396984,inf,8.644947052001953,nan,34.738354284994784,inf,10.05183219909668,nan,88.13896649600065,inf,8.947938919067383,nan,8.266414943005657,inf,8.447493553161621,nan,14.081385224000769,inf,8.526103973388672,nan,14.069492808079303,inf,8.524587631225586,nan,14.282509504002519,inf
1589,7.506344795227051,nan,15.565310487972965,inf,7.4654622077941895,nan,14.252390935009316,inf,7.533340930938721,nan,14.631243735968383,inf,7.69835090637207,nan,34.76250914099364,inf,10.141530990600586,nan,88.20596311600093,inf,8.152213096618652,nan,8.272613511006057,inf,7.540633678436279,nan,14.085518047000733,inf,7.56517219543457,nan,14.073215285079641,inf,7.547293663024902,nan,14.286160990002827,inf
1590,7.1393938064575195,nan,15.568906923974282,inf,6.901848316192627,nan,14.256006741008605,inf,7.044525146484375,nan,14.635212825967756,inf,7.6837592124938965,nan,34.78545220199521,inf,9.960434913635254,nan,88.25989005000156,inf,8.458084106445312,nan,8.27749249300723,inf,7.1482157707214355,nan,14.089187293000577,inf,7.155373573303223,nan,14.076775931078373,inf,7.141583442687988,nan,14.289740716001688,inf
1591,5.915942192077637,nan,15.57246121897515,inf,5.8966169357299805,nan,14.260099333008839,inf,5.866833209991455,nan,14.638730410968492,inf,6.708425521850586,nan,34.805333824995614,inf,9.776142120361328,nan,88.31209330200181,inf,7.218698024749756,nan,8.282490546007466,inf,6.050110340118408,nan,14.092929081001785,inf,5.906943321228027,nan,14.080382327078041,inf,5.88376522064209,nan,14.293328052001016,inf
1592,7.378498077392578,nan,15.57614134497635,inf,7.451824188232422,nan,14.263669048008524,inf,7.405399322509766,nan,14.64246210796773,inf,7.668050765991211,nan,34.82577468499403,inf,9.777339935302734,nan,88.36450143700313,inf,8.037949562072754,nan,8.28816618800738,inf,7.569572448730469,nan,14.097760903001472,inf,7.518458366394043,nan,14.085221119077687,inf,7.421225547790527,nan,14.297342482999738,inf
1593,4.183094501495361,nan,15.580776023974977,inf,4.124124526977539,nan,14.267590228007975,inf,4.298725605010986,nan,14.646135673967365,inf,5.5479044914245605,nan,34.8455707959929,inf,9.269845962524414,nan,88.42042562600363,inf,5.435973167419434,nan,8.293495785006598,inf,4.356131076812744,nan,14.101819945000898,inf,4.225829124450684,nan,14.088935676078108,inf,4.2275896072387695,nan,14.301015140001255,inf
1594,6.974329948425293,nan,15.584382878974793,inf,7.110628604888916,nan,14.271349386008296,inf,6.937121391296387,nan,14.649734078968322,inf,7.683775901794434,nan,34.868150042992056,inf,9.703937530517578,nan,88.47976625900264,inf,7.778249740600586,nan,8.298873033005293,inf,7.01446008682251,nan,14.10553621300096,inf,6.712708473205566,nan,14.09250094107847,inf,6.844995498657227,nan,14.304668896000294,inf
1595,6.153482437133789,nan,15.58800768497349,inf,6.131133556365967,nan,14.274957672007076,inf,6.190021514892578,nan,14.653369065967127,inf,6.6540141105651855,nan,34.889157218991386,inf,9.600598335266113,nan,88.53446229300425,inf,7.1447858810424805,nan,8.303871427006015,inf,6.185935020446777,nan,14.109827448000942,inf,6.242137908935547,nan,14.09633393007789,inf,6.173253059387207,nan,14.30823675099964,inf
1596,6.029567718505859,nan,15.59181116297259,inf,5.734619140625,nan,14.27850887700697,inf,5.795855522155762,nan,14.656880689968602,inf,6.105525016784668,nan,34.91106903699074,inf,9.491661071777344,nan,88.58690266900521,inf,6.565438747406006,nan,8.309746322005594,inf,5.935555458068848,nan,14.113549325002168,inf,5.734509468078613,nan,14.099923656076498,inf,5.859339714050293,nan,14.311806076000721,inf
1597,6.14166259765625,nan,15.595397708972087,inf,6.082860469818115,nan,14.282023761006712,inf,6.017227649688721,nan,14.660486274968207,inf,6.566836833953857,nan,34.93119546199159,inf,9.573312759399414,nan,88.6377760140058,inf,6.947598457336426,nan,8.314584413006742,inf,6.070350646972656,nan,14.117046090001168,inf,6.171707630157471,nan,14.103364180076824,inf,6.130966663360596,nan,14.315463742001157,inf
1598,6.374168395996094,nan,15.59888279297229,inf,6.413719177246094,nan,14.285573646007833,inf,6.326706409454346,nan,14.663936778968491,inf,7.104104518890381,nan,34.951469229990835,inf,9.756839752197266,nan,88.68908987500436,inf,8.010204315185547,nan,8.319574997007294,inf,6.7079010009765625,nan,14.120759987001293,inf,6.4354248046875,nan,14.106957505076934,inf,6.325550556182861,nan,14.319546213002468,inf
1599,6.712057590484619,nan,15.602655570972274,inf,6.577557563781738,nan,14.289561546009281,inf,6.5812225341796875,nan,14.667809788968952,inf,7.611963272094727,nan,34.97165567699085,inf,9.894598007202148,nan,88.73987071000374,inf,7.678750991821289,nan,8.324507080007606,inf,6.867161750793457,nan,14.124272181001288,inf,6.964509963989258,nan,14.11042508907667,inf,6.897708892822266,nan,14.32301777700377,inf
1600,7.142722129821777,6.074254989624023,15.606156364972776,inf,7.0902791023254395,5.7372236251831055,14.293733919010265,inf,7.192987442016602,6.975059509277344,14.671432464967438,inf,7.683253288269043,7.432283401489258,34.991821522989994,inf,9.764131546020508,9.558735847473145,88.80197911800315,inf,7.926639556884766,6.654640197753906,8.330684669006587,inf,7.4426422119140625,7.1330060958862305,14.127935898000942,inf,7.360860824584961,7.433865547180176,14.113985604075424,inf,7.311122894287109,6.574875831604004,14.327108499002861,inf
1601,7.049441814422607,nan,15.6098296119726,inf,7.1036458015441895,nan,14.29740874601157,inf,7.023895263671875,nan,14.675462906967368,inf,7.849396705627441,nan,35.01424471799146,inf,9.756538391113281,nan,88.86276665000332,inf,8.109203338623047,nan,8.336359391007136,inf,7.054365158081055,nan,14.131767967000997,inf,7.259021759033203,nan,14.117665741076053,inf,7.182773590087891,nan,14.330974478001735,inf
1602,7.171477317810059,nan,15.613531468972724,inf,7.165822982788086,nan,14.300987831011298,inf,7.170980930328369,nan,14.679240793966528,inf,7.783751487731934,nan,35.03510692299278,inf,9.988454818725586,nan,88.91700563800259,inf,8.312678337097168,nan,8.34190862100695,inf,7.393847465515137,nan,14.135773558002256,inf,7.4111175537109375,nan,14.121935645076519,inf,7.422340393066406,nan,14.335353193002447,inf
1603,6.849632263183594,nan,15.61781293297281,inf,6.778837203979492,nan,14.305133424011728,inf,6.723692893981934,nan,14.683380695965752,inf,7.517462730407715,nan,35.059439681992444,inf,9.988493919372559,nan,88.98260113100332,inf,7.954861640930176,nan,8.348852609007736,inf,6.939298152923584,nan,14.14152606100106,inf,7.111814975738525,nan,14.127315763076695,inf,6.8750996589660645,nan,14.34003239300182,inf
1604,6.517386436462402,nan,15.62247706197195,inf,6.365985870361328,nan,14.30960330101152,inf,6.582627296447754,nan,14.688946386966563,inf,6.877735137939453,nan,35.08495177599252,inf,9.698345184326172,nan,89.04717728100331,inf,7.363889694213867,nan,8.355769447007333,inf,6.573224067687988,nan,14.145841904999543,inf,6.616852760314941,nan,14.131266083075388,inf,6.641609191894531,nan,14.343915913003002,inf
1605,6.539945125579834,nan,15.627642406971063,inf,6.661572456359863,nan,14.31580907001262,inf,6.561841011047363,nan,14.693496774965752,inf,6.934356689453125,nan,35.10978823099322,inf,9.490360260009766,nan,89.10206876800294,inf,7.398954391479492,nan,8.36083859100654,inf,6.857585430145264,nan,14.149770365000222,inf,6.667129993438721,nan,14.134952620075637,inf,6.5117082595825195,nan,14.347577879003438,inf
1606,7.143250465393066,nan,15.631347513970468,inf,7.099478721618652,nan,14.319419845012817,inf,7.157106399536133,nan,14.697094040966476,inf,7.9404754638671875,nan,35.12943944999279,inf,9.881532669067383,nan,89.15417905000322,inf,8.444352149963379,nan,8.365632492006625,inf,7.224199295043945,nan,14.153266429000723,inf,7.273621082305908,nan,14.138424634074909,inf,7.386168003082275,nan,14.35105068300436,inf
1607,5.299535751342773,nan,15.63490069897125,inf,5.261420726776123,nan,14.322856799011788,inf,5.313863754272461,nan,14.70069237696589,inf,6.247133731842041,nan,35.14910688999407,inf,9.55218505859375,nan,89.21838670500256,inf,6.560396671295166,nan,8.371904121007901,inf,5.418142318725586,nan,14.158656047000477,inf,5.35141658782959,nan,14.14279104907473,inf,5.347662925720215,nan,14.35556956000437,inf
1608,7.294926643371582,nan,15.639332404971356,inf,7.300435543060303,nan,14.326866800010976,inf,7.287480354309082,nan,14.704865819965562,inf,7.797894477844238,nan,35.16988732299251,inf,9.771012306213379,nan,89.27744736500244,inf,8.420913696289062,nan,8.37832022200746,inf,7.4755988121032715,nan,14.164066776002073,inf,7.587541580200195,nan,14.148474861074646,inf,7.535482406616211,nan,14.359803664003266,inf
1609,6.448984146118164,nan,15.644060224971327,inf,6.536605358123779,nan,14.33176373301103,inf,6.594508171081543,nan,14.71042441096506,inf,6.712800979614258,nan,35.19477295899196,inf,9.670798301696777,nan,89.34191890400325,inf,7.239835739135742,nan,8.384421790007764,inf,6.448394298553467,nan,14.169123590001618,inf,6.361573219299316,nan,14.153345143073238,inf,6.44052791595459,nan,14.36486089900427,inf
1610,6.640214920043945,nan,15.64897027697225,inf,6.304035663604736,nan,14.336194699011685,inf,6.516045570373535,nan,14.715222611965146,inf,7.195101261138916,nan,35.220455704991764,inf,9.784575462341309,nan,89.40384991000246,inf,7.391653060913086,nan,8.390106752007341,inf,6.8314008712768555,nan,14.173128981003174,inf,6.6412811279296875,nan,14.157110351074152,inf,6.814186096191406,nan,14.368509405003351,inf
1611,7.315764427185059,nan,15.652632312972855,inf,7.299396514892578,nan,14.339699733011003,inf,7.334932327270508,nan,14.718739336964063,inf,7.817990303039551,nan,35.24027503699108,inf,9.93906021118164,nan,89.46147566100262,inf,7.714668273925781,nan,8.3960583480075,inf,7.33529806137085,nan,14.1770597010036,inf,7.239644527435303,nan,14.160825938075504,inf,7.412060260772705,nan,14.372153602002072,inf
1612,6.465801239013672,nan,15.65633631997298,inf,6.20841121673584,nan,14.343286529010584,inf,6.602534294128418,nan,14.722439493963975,inf,7.056463241577148,nan,35.262660240990954,inf,9.67859172821045,nan,89.5198710420027,inf,7.518916130065918,nan,8.40093364900713,inf,6.453392028808594,nan,14.180676907004454,inf,6.526157855987549,nan,14.164343382075458,inf,6.5312299728393555,nan,14.375666117002766,inf
1613,5.760385990142822,nan,15.659952555974087,inf,5.7225165367126465,nan,14.346810193010242,inf,5.696613788604736,nan,14.726140370965368,inf,6.784942626953125,nan,35.282342670991056,inf,9.867722511291504,nan,89.57190732200252,inf,6.990890979766846,nan,8.40623016700738,inf,5.827814102172852,nan,14.18454635600392,inf,5.748690128326416,nan,14.16882032907597,inf,5.787886619567871,nan,14.379643507003493,inf
1614,7.4004716873168945,nan,15.66415877997315,inf,7.402795314788818,nan,14.351454272011324,inf,7.436380386352539,nan,14.730706568963797,inf,7.6563591957092285,nan,35.30739278899091,inf,9.945709228515625,nan,89.63682773600158,inf,8.366741180419922,nan,8.412347665007474,inf,7.390507221221924,nan,14.190227138004047,inf,7.616302967071533,nan,14.173950084075841,inf,7.708049774169922,nan,14.384757742003785,inf
1615,7.02958869934082,nan,15.669523286973345,inf,7.12428092956543,nan,14.356884231012373,inf,7.088070869445801,nan,14.735534360963356,inf,7.726629257202148,nan,35.32937735799169,inf,9.922243118286133,nan,89.69913560700115,inf,7.709047317504883,nan,8.417609012007233,inf,7.239507675170898,nan,14.194245569004124,inf,7.159294128417969,nan,14.177830353075478,inf,7.052031993865967,nan,14.388545180005167,inf
1616,7.951819896697998,nan,15.673164882973651,inf,7.663484573364258,nan,14.360461206013497,inf,7.7233076095581055,nan,14.739159976963492,inf,8.19715690612793,nan,35.34933464099231,inf,9.954507827758789,nan,89.75182791500083,inf,8.57192611694336,nan,8.422771218007256,inf,7.766909599304199,nan,14.198061127004621,inf,7.814023017883301,nan,14.181460219075234,inf,7.69637393951416,nan,14.392240727005628,inf
1617,6.22265625,nan,15.676899070973377,inf,5.9155731201171875,nan,14.364292494012261,inf,6.0867509841918945,nan,14.742990505963462,inf,6.517854690551758,nan,35.36981744099285,inf,9.580398559570312,nan,89.80757002200153,inf,6.661440849304199,nan,8.42920951000815,inf,5.765231132507324,nan,14.202273441003854,inf,5.832489967346191,nan,14.185371779076377,inf,5.769021511077881,nan,14.396045565006716,inf
1618,7.38472843170166,nan,15.680551826973897,inf,7.338930606842041,nan,14.367856899012622,inf,7.4814276695251465,nan,14.74654401096268,inf,7.971139430999756,nan,35.39184467099403,inf,9.791519165039062,nan,89.86418361100186,inf,8.252275466918945,nan,8.434395606007456,inf,7.399443626403809,nan,14.206141280003067,inf,7.501435279846191,nan,14.189318569076931,inf,7.405089378356934,nan,14.39974921200701,inf
1619,6.319890022277832,nan,15.684267823973641,inf,6.254714488983154,nan,14.371527105013229,inf,6.22306489944458,nan,14.750135035961648,inf,6.808070182800293,nan,35.414656820992604,inf,9.610746383666992,nan,89.9194115520022,inf,7.597481727600098,nan,8.439690383007473,inf,6.40060567855835,nan,14.210127781003393,inf,6.510095119476318,nan,14.193138588076181,inf,6.368076801300049,nan,14.403467629006627,inf
1620,5.810014247894287,nan,15.687914130974605,inf,5.499693393707275,nan,14.375061079012085,inf,5.809947967529297,nan,14.753662130960947,inf,5.94789981842041,nan,35.43768511399321,inf,9.453558921813965,nan,89.98338891400272,inf,6.464876174926758,nan,8.446942955008126,inf,6.074132919311523,nan,14.215990365002654,inf,5.832579612731934,nan,14.198240033076218,inf,5.938116550445557,nan,14.408442122006818,inf
1621,6.297736167907715,nan,15.693196427973817,inf,6.23470401763916,nan,14.380176384012884,inf,6.234513282775879,nan,14.759050378961547,inf,6.866362571716309,nan,35.46059580499423,inf,9.815851211547852,nan,90.04563507400235,inf,7.361884117126465,nan,8.453470588008713,inf,6.395298004150391,nan,14.22101425800247,inf,6.307307243347168,nan,14.202606458075024,inf,6.281924724578857,nan,14.412501113007238,inf
1622,6.698965072631836,nan,15.6970014959752,inf,6.393301010131836,nan,14.38375199001348,inf,6.611143112182617,nan,14.76280022696119,inf,7.454326629638672,nan,35.48509720599395,inf,9.765637397766113,nan,90.1096649270039,inf,7.499533653259277,nan,8.45914196000922,inf,6.673301696777344,nan,14.22509280000304,inf,6.6975998878479,nan,14.206476497074618,inf,6.74129581451416,nan,14.416330472007758,inf
1623,6.55770206451416,nan,15.701151958974151,inf,6.3809919357299805,nan,14.387442987013856,inf,6.578596115112305,nan,14.766653405960824,inf,7.09454345703125,nan,35.50615196299441,inf,9.585700988769531,nan,90.16302192400326,inf,7.433794021606445,nan,8.464603229009299,inf,6.611157417297363,nan,14.229805640003178,inf,6.567930221557617,nan,14.210786082074264,inf,6.65459680557251,nan,14.420283092007594,inf
1624,5.959074974060059,nan,15.705149289975452,inf,6.0011420249938965,nan,14.391504038014318,inf,5.969343185424805,nan,14.770549775959807,inf,6.779562950134277,nan,35.52688429599402,inf,9.68227767944336,nan,90.216118938004,inf,7.01631498336792,nan,8.47003899800984,inf,6.181711196899414,nan,14.234117585003332,inf,6.0561933517456055,nan,14.214701462073208,inf,6.032702445983887,nan,14.424193332008144,inf
1625,7.009087562561035,nan,15.708899486975497,inf,6.952435493469238,nan,14.395181515013974,inf,7.098621368408203,nan,14.774353923960007,inf,7.458131790161133,nan,35.54701552199367,inf,9.700481414794922,nan,90.26848743300434,inf,7.974888801574707,nan,8.475112773008732,inf,6.968155860900879,nan,14.23796788400432,inf,7.120273590087891,nan,14.218390899071892,inf,7.018319606781006,nan,14.4279855300083,inf
1626,6.2171735763549805,nan,15.712538032976227,inf,6.310491561889648,nan,14.39871701001357,inf,6.3416290283203125,nan,14.778044190959918,inf,6.686649322509766,nan,35.5673990199939,inf,9.600458145141602,nan,90.31993106600385,inf,6.940391540527344,nan,8.480091987008564,inf,6.413613796234131,nan,14.241633470004672,inf,6.586017608642578,nan,14.221954034072041,inf,6.49255895614624,nan,14.431598325007144,inf
1627,6.50846004486084,nan,15.716110868976102,inf,6.461840629577637,nan,14.402238085014687,inf,6.522416591644287,nan,14.781641575960748,inf,6.870723247528076,nan,35.58878595099304,inf,9.615673065185547,nan,90.37170778300424,inf,7.64972448348999,nan,8.484959508008615,inf,6.794693946838379,nan,14.245293817004494,inf,6.62498140335083,nan,14.225530739073292,inf,6.7904462814331055,nan,14.43564378600604,inf
1628,7.5242085456848145,nan,15.719724494976617,inf,7.283163070678711,nan,14.405856261015288,inf,7.4599714279174805,nan,14.785165090961527,inf,7.990837097167969,nan,35.610459746993,inf,9.94062328338623,nan,90.4297736200042,inf,8.460235595703125,nan,8.490490978008893,inf,7.511697292327881,nan,14.249303328004316,inf,7.397073745727539,nan,14.229378187073962,inf,7.437459945678711,nan,14.439212331006274,inf
1629,6.5836052894592285,nan,15.723341550976329,inf,6.686280250549316,nan,14.409601459014084,inf,6.652115821838379,nan,14.788658265961203,inf,6.963695526123047,nan,35.63154788499378,inf,9.567626953125,nan,90.48281216300529,inf,7.228969573974609,nan,8.495443771009377,inf,6.841331958770752,nan,14.252878133003833,inf,6.73253059387207,nan,14.232912392075377,inf,6.758167743682861,nan,14.442779416005578,inf
1630,5.511557579040527,nan,15.72702111797662,inf,5.162382125854492,nan,14.413230545014812,inf,5.398272514343262,nan,14.792199630961477,inf,6.274360179901123,nan,35.65261195199491,inf,9.532930374145508,nan,90.53761240800668,inf,6.792982578277588,nan,8.500873700009834,inf,5.310537815093994,nan,14.257292739004697,inf,5.42279052734375,nan,14.23699921307525,inf,5.496024131774902,nan,14.446551244005605,inf
1631,4.833060264587402,nan,15.7306871449764,inf,4.784902572631836,nan,14.416754550014957,inf,4.942673206329346,nan,14.795835796960091,inf,6.066634654998779,nan,35.672477474994594,inf,9.51123046875,nan,90.59219559000667,inf,6.125134468078613,nan,8.505804932010506,inf,5.233825206756592,nan,14.260953155006064,inf,4.977112770080566,nan,14.24057249807447,inf,5.00628137588501,nan,14.450096449005287,inf
1632,5.979798316955566,nan,15.734256510975683,inf,5.887942314147949,nan,14.420255484015797,inf,5.89088773727417,nan,14.799323920960887,inf,6.553884506225586,nan,35.694492754995736,inf,9.624429702758789,nan,90.65286810000725,inf,6.501875877380371,nan,8.511664777010083,inf,6.111525535583496,nan,14.264579451006284,inf,5.881290912628174,nan,14.24409238307453,inf,6.151803970336914,nan,14.45359963300507,inf
1633,7.319535732269287,nan,15.737778045975574,inf,7.230900287628174,nan,14.423867280016566,inf,7.287503242492676,nan,14.80281504496088,inf,7.590312957763672,nan,35.71703084099681,inf,9.632743835449219,nan,90.71466483500626,inf,7.832266807556152,nan,8.517934197010618,inf,7.243107318878174,nan,14.26848040000732,inf,7.246478080749512,nan,14.247786040074061,inf,7.487979888916016,nan,14.457251589004954,inf
1634,6.1114325523376465,nan,15.741447042975778,inf,6.107598304748535,nan,14.427435005016378,inf,5.938499927520752,nan,14.806495181961509,inf,6.555500030517578,nan,35.73958709699764,inf,9.465173721313477,nan,90.77407597900674,inf,7.268338203430176,nan,8.524092906010992,inf,6.217768669128418,nan,14.272132686006444,inf,6.1354451179504395,nan,14.251333015074124,inf,6.051708698272705,nan,14.460817774004681,inf
1635,7.758121967315674,nan,15.744991917976222,inf,7.551234722137451,nan,14.431075161015542,inf,7.599025249481201,nan,14.810024206961316,inf,7.833609104156494,nan,35.76193829099793,inf,9.930950164794922,nan,90.83351304300777,inf,8.863800048828125,nan,8.529845929009753,inf,8.019235610961914,nan,14.275673911006379,inf,7.8846564292907715,nan,14.254793499074367,inf,7.852560997009277,nan,14.464281488004417,inf
1636,7.104312896728516,nan,15.74850026297645,inf,6.970907211303711,nan,14.434562526015725,inf,6.942816734313965,nan,14.813598462960726,inf,7.520819664001465,nan,35.78420303299754,inf,9.678803443908691,nan,90.89708882000741,inf,7.768990516662598,nan,8.536583964010788,inf,7.0861968994140625,nan,14.28148025500741,inf,7.081669807434082,nan,14.259838473075433,inf,7.089896202087402,nan,14.468080506005208,inf
1637,6.907428741455078,nan,15.752222309976787,inf,6.803519248962402,nan,14.43821035201654,inf,6.863107681274414,nan,14.817391360960755,inf,7.3778157234191895,nan,35.80691955199654,inf,9.605090141296387,nan,90.9534621650073,inf,7.332755088806152,nan,8.541735870010598,inf,7.032245635986328,nan,14.285448106007607,inf,6.939731597900391,nan,14.263595331074612,inf,6.934348106384277,nan,14.471756143004313,inf
1638,7.639196395874023,nan,15.755954117976216,inf,7.728634357452393,nan,14.442359475016929,inf,7.636096477508545,nan,14.821360551961334,inf,8.55062484741211,nan,35.830087625996384,inf,10.042973518371582,nan,91.01366780900753,inf,8.56274700164795,nan,8.547856447012236,inf,7.685420989990234,nan,14.289959353007362,inf,7.649219512939453,nan,14.267838804073108,inf,7.7420854568481445,nan,14.475742613003604,inf
1639,6.409523963928223,nan,15.759846226976151,inf,6.544333457946777,nan,14.446298645018032,inf,6.389418125152588,nan,14.826147302961544,inf,7.068221092224121,nan,35.851894252997226,inf,9.71392822265625,nan,91.07160590500644,inf,7.216573715209961,nan,8.553815982011656,inf,6.731301784515381,nan,14.294302488007816,inf,6.722298622131348,nan,14.271747133072495,inf,6.60279655456543,nan,14.479542351004056,inf
1640,7.409650802612305,nan,15.763578073974713,inf,7.277786731719971,nan,14.449947321018044,inf,7.4652204513549805,nan,14.829834389960524,inf,7.7759599685668945,nan,35.876591346997884,inf,9.704721450805664,nan,91.13086545700753,inf,8.179964065551758,nan,8.559299132011802,inf,7.42921257019043,nan,14.298538141007157,inf,7.482370853424072,nan,14.275858755072477,inf,7.332175254821777,nan,14.483827975003805,inf
1641,7.186946392059326,nan,15.768459755974618,inf,6.979039192199707,nan,14.455440551017091,inf,7.106808662414551,nan,14.834940294960688,inf,8.1538724899292,nan,35.89956938799696,inf,10.059707641601562,nan,91.18800380200628,inf,8.694694519042969,nan,8.564686200012147,inf,7.450782775878906,nan,14.302629413006798,inf,7.349870204925537,nan,14.279722984072578,inf,7.262204170227051,nan,14.487594583004466,inf
1642,6.621445655822754,nan,15.772180183976161,inf,6.480599880218506,nan,14.459166438016837,inf,6.538692474365234,nan,14.838699582960544,inf,7.006475448608398,nan,35.92508743199687,inf,9.521503448486328,nan,91.25304751700605,inf,7.319827556610107,nan,8.570020588012994,inf,6.520115852355957,nan,14.306701494007939,inf,6.585412979125977,nan,14.283533032072228,inf,6.478847503662109,nan,14.491294560004462,inf
1643,6.153532981872559,nan,15.775882189976983,inf,6.069502830505371,nan,14.462775914016675,inf,6.061903476715088,nan,14.842296308961522,inf,6.241847991943359,nan,35.9448046929956,inf,9.333057403564453,nan,91.30369376000635,inf,6.508661270141602,nan,8.574886000013066,inf,5.932126522064209,nan,14.310248879008213,inf,5.995640277862549,nan,14.287058377072754,inf,6.018438339233398,nan,14.494821314005094,inf
1644,7.3142991065979,nan,15.779395494977507,inf,7.251258850097656,nan,14.466247918016961,inf,7.34628438949585,nan,14.84577758296291,inf,7.888709545135498,nan,35.964308690996404,inf,9.71953010559082,nan,91.35560777800492,inf,7.820469856262207,nan,8.580852285012952,inf,7.380781173706055,nan,14.314828667007532,inf,7.379918098449707,nan,14.290966497072077,inf,7.349254608154297,nan,14.498625092004659,inf
1645,5.682494163513184,nan,15.783088651976868,inf,5.543798446655273,nan,14.469830163016013,inf,5.590238571166992,nan,14.849362017961539,inf,6.698913097381592,nan,35.98583197399785,inf,9.632623672485352,nan,91.40852555000492,inf,6.810256004333496,nan,8.5859177900129,inf,5.964544296264648,nan,14.318755717007662,inf,6.109415531158447,nan,14.29465686407275,inf,5.865520477294922,nan,14.502266369005156,inf
1646,7.253034591674805,nan,15.78671418797785,inf,7.411828517913818,nan,14.473294587016426,inf,7.410663604736328,nan,14.853073034961199,inf,8.006943702697754,nan,36.005850947996805,inf,10.011499404907227,nan,91.46360435900533,inf,8.10017204284668,nan,8.592436342012661,inf,7.423453330993652,nan,14.323753711008976,inf,7.536805152893066,nan,14.299298293071843,inf,7.450643062591553,nan,14.50632082100492,inf
1647,6.086948871612549,nan,15.790679778976482,inf,6.09869384765625,nan,14.477179656016233,inf,6.131176948547363,nan,14.856964844961112,inf,6.695588111877441,nan,36.027177548996406,inf,9.371332168579102,nan,91.51679746400623,inf,7.095710754394531,nan,8.598018823011444,inf,6.479427814483643,nan,14.327729422009725,inf,6.266931533813477,nan,14.303025220071504,inf,6.317562580108643,nan,14.50993505700535,inf
1648,7.336958885192871,nan,15.794249644975935,inf,7.278278827667236,nan,14.48075250101465,inf,7.436373710632324,nan,14.860597100961968,inf,7.812710762023926,nan,36.04924727899561,inf,9.671321868896484,nan,91.57373777700559,inf,7.80832576751709,nan,8.603459032010505,inf,7.415838241577148,nan,14.332098758010034,inf,7.2982177734375,nan,14.307046671072385,inf,7.384274005889893,nan,14.513910098004999,inf
1649,6.895240306854248,nan,15.798036352976851,inf,6.9333086013793945,nan,14.484477709014755,inf,6.807979106903076,nan,14.864267247961834,inf,6.950004577636719,nan,36.071121156996014,inf,9.689962387084961,nan,91.63117321600657,inf,7.448498249053955,nan,8.610009595009615,inf,6.614095211029053,nan,14.33675891701023,inf,6.744754791259766,nan,14.311044542071613,inf,6.629728317260742,nan,14.517796017004002,inf
1650,5.6078996658325195,nan,15.802554589976353,inf,5.594305992126465,nan,14.48901109601502,inf,5.6711602210998535,nan,14.868484711962083,inf,6.4123663902282715,nan,36.09366045299612,inf,9.441203117370605,nan,91.68565277700691,inf,6.502390384674072,nan,8.615703658009807,inf,5.544532299041748,nan,14.341605618008543,inf,5.784755229949951,nan,14.315456618072858,inf,5.785254955291748,nan,14.52212767200399,inf
1651,7.247855186462402,nan,15.806520549976995,inf,7.227581977844238,nan,14.492868495013681,inf,7.200178146362305,nan,14.872268069962956,inf,7.286428451538086,nan,36.11816599399572,inf,9.413215637207031,nan,91.74371969400636,inf,7.3284912109375,nan,8.621405360008794,inf,7.132481575012207,nan,14.346136426009252,inf,7.132195949554443,nan,14.319770552072441,inf,6.983460426330566,nan,14.526214043004074,inf
1652,6.058194160461426,nan,15.810949056976824,inf,6.1881561279296875,nan,14.496938947013405,inf,6.200847625732422,nan,14.876048437963618,inf,6.2653608322143555,nan,36.13980288899438,inf,9.100727081298828,nan,91.80041198300569,inf,6.234769821166992,nan,8.627004481008044,inf,6.186651229858398,nan,14.351448304010773,inf,6.240794658660889,nan,14.324713525073093,inf,6.206434726715088,nan,14.530456606004009,inf
1653,5.763060569763184,nan,15.814769275975777,inf,5.806881904602051,nan,14.50142607401358,inf,5.918133735656738,nan,14.88060886596395,inf,6.384450435638428,nan,36.162957411994284,inf,9.325727462768555,nan,91.8653432970059,inf,6.618788719177246,nan,8.633424643006947,inf,5.892983913421631,nan,14.356483538011162,inf,5.948477745056152,nan,14.331451320073029,inf,6.0731658935546875,nan,14.535297157004607,inf
1654,5.121163845062256,nan,15.821214436975424,inf,4.914618492126465,nan,14.50809304901486,inf,5.170478820800781,nan,14.885790781963806,inf,6.012026309967041,nan,36.18749384299372,inf,9.43867015838623,nan,91.92541070900734,inf,6.1691436767578125,nan,8.639836344005744,inf,5.163446426391602,nan,14.360809663012333,inf,5.003915786743164,nan,14.335281698073231,inf,5.163141250610352,nan,14.539191227006086,inf
1655,6.988394737243652,nan,15.825210027975118,inf,6.6395673751831055,nan,14.511837446014397,inf,6.92986536026001,nan,14.889738971964107,inf,7.465938568115234,nan,36.20796508299463,inf,9.790342330932617,nan,91.98353682700872,inf,7.596622943878174,nan,8.645252073005395,inf,7.042410850524902,nan,14.365039946011166,inf,6.913069725036621,nan,14.34064319607387,inf,6.986911773681641,nan,14.54390056700504,inf
1656,5.231790065765381,nan,15.82924019897473,inf,5.2920122146606445,nan,14.51570738501323,inf,5.291591644287109,nan,14.893516369964345,inf,6.157328128814697,nan,36.23156178299541,inf,9.373947143554688,nan,92.04133995100892,inf,6.703961372375488,nan,8.651450922005097,inf,5.519283294677734,nan,14.370071270011977,inf,5.568758964538574,nan,14.345770041074502,inf,5.508998870849609,nan,14.548193172005995,inf
1657,8.035524368286133,nan,15.833248979975906,inf,8.174088478088379,nan,14.519503433013597,inf,8.24580192565918,nan,14.897278107962848,inf,8.588367462158203,nan,36.253167586994095,inf,10.161443710327148,nan,92.10173319800924,inf,8.790138244628906,nan,8.657183204004468,inf,8.137555122375488,nan,14.374432965012602,inf,8.181625366210938,nan,14.349717562074147,inf,8.1657133102417,nan,14.551979460005896,inf
1658,5.683317184448242,nan,15.836952076977468,inf,5.716799736022949,nan,14.52306754901474,inf,5.649596214294434,nan,14.900863522962027,inf,6.484253883361816,nan,36.278109903994846,inf,9.61018180847168,nan,92.15584176500852,inf,6.547202110290527,nan,8.662413980004203,inf,5.83563232421875,nan,14.37863493801342,inf,5.73377799987793,nan,14.354113538074671,inf,5.868263244628906,nan,14.55629675500495,inf
1659,5.80026912689209,nan,15.841025177976917,inf,5.741718769073486,nan,14.526863477014558,inf,5.868030071258545,nan,14.90450159896318,inf,6.636355400085449,nan,36.30096848499488,inf,9.222440719604492,nan,92.21609414000886,inf,6.873126029968262,nan,8.667884360003882,inf,6.053256988525391,nan,14.383153765013049,inf,5.8196516036987305,nan,14.358166270074435,inf,5.855708122253418,nan,14.56032438600414,inf
1660,5.8293914794921875,nan,15.846642309978051,inf,5.963846206665039,nan,14.532052052014478,inf,5.830255031585693,nan,14.90880355396439,inf,6.4307732582092285,nan,36.324261090994696,inf,9.227319717407227,nan,92.27076285300791,inf,6.810127258300781,nan,8.67358222200346,inf,5.826988220214844,nan,14.387312728013057,inf,5.664442539215088,nan,14.361977389073218,inf,5.7367353439331055,nan,14.564067864004755,inf
1661,6.423147201538086,nan,15.850259305978398,inf,6.382132530212402,nan,14.53557115701551,inf,6.399381637573242,nan,14.912384009963716,inf,6.749567031860352,nan,36.344891352995546,inf,9.480611801147461,nan,92.3282912330069,inf,7.413469314575195,nan,8.679293275004966,inf,6.606821060180664,nan,14.391430360012237,inf,6.392477512359619,nan,14.36599194007431,inf,6.456550598144531,nan,14.569336641005066,inf
1662,6.850709915161133,nan,15.854670221979177,inf,6.8083600997924805,nan,14.539369666015773,inf,6.726535797119141,nan,14.916053915963857,inf,7.129352569580078,nan,36.365841208995334,inf,9.743928909301758,nan,92.39289007300613,inf,7.931088447570801,nan,8.684944447004455,inf,6.898046493530273,nan,14.395669644010923,inf,6.87467098236084,nan,14.36996953007474,inf,7.045689105987549,nan,14.573051428005783,inf
1663,6.684316635131836,nan,15.85839771997962,inf,6.607720851898193,nan,14.542918531014948,inf,6.610565185546875,nan,14.91961579096278,inf,7.42684268951416,nan,36.39033627999561,inf,9.755414962768555,nan,92.44583553500706,inf,7.634932518005371,nan,8.689894740004092,inf,6.618305206298828,nan,14.399361381010749,inf,6.733960151672363,nan,14.37355794607356,inf,6.572174549102783,nan,14.57660567300627,inf
1664,6.135736465454102,nan,15.86240247097885,inf,6.136484146118164,nan,14.54674775901367,inf,5.9669508934021,nan,14.92319233696253,inf,6.613329887390137,nan,36.4153469879966,inf,9.315984725952148,nan,92.50794266300727,inf,6.737186431884766,nan,8.696878748003655,inf,5.964468002319336,nan,14.403533964010421,inf,5.953983783721924,nan,14.37816153507265,inf,6.016855239868164,nan,14.580350620006357,inf
1665,6.733088493347168,nan,15.866063997978927,inf,6.834189414978027,nan,14.55030628401255,inf,6.7803144454956055,nan,14.926878903961551,inf,7.521476745605469,nan,36.436109671996746,inf,9.640342712402344,nan,92.56358316900878,inf,7.445064544677734,nan,8.702644361002967,inf,6.700845718383789,nan,14.407586355011517,inf,6.814608097076416,nan,14.382046174074276,inf,6.717813968658447,nan,14.584024827005123,inf
1666,8.159180641174316,nan,15.869675533980626,inf,8.119946479797363,nan,14.553917520013783,inf,8.149089813232422,nan,14.930458128961618,inf,8.028369903564453,nan,36.45779900699563,inf,9.650030136108398,nan,92.62614536301044,inf,8.505995750427246,nan,8.708635317003427,inf,7.9232001304626465,nan,14.411276621010984,inf,7.783480644226074,nan,14.386075495074692,inf,7.804429054260254,nan,14.587597013005507,inf
1667,6.837743759155273,nan,15.873644893979872,inf,6.652461051940918,nan,14.557535826013918,inf,6.872997283935547,nan,14.933995193960072,inf,7.267398834228516,nan,36.4791051569955,inf,9.505306243896484,nan,92.68090429801123,inf,8.04714584350586,nan,8.714895826004067,inf,7.043194770812988,nan,14.414948688010554,inf,6.961743354797363,nan,14.389828943074463,inf,7.0025200843811035,nan,14.591358060006314,inf
1668,6.906302452087402,nan,15.878466464979283,inf,6.796224594116211,nan,14.561238042013429,inf,6.7794270515441895,nan,14.93764937996093,inf,7.443899154663086,nan,36.49885227699633,inf,9.662679672241211,nan,92.73516274701069,inf,7.503497123718262,nan,8.719971680004164,inf,6.720516204833984,nan,14.418778186010968,inf,6.553214073181152,nan,14.393512699074563,inf,6.709351539611816,nan,14.594972706006956,inf
1669,7.400914192199707,nan,15.882068849979987,inf,7.456719398498535,nan,14.564767286012284,inf,7.521110534667969,nan,14.94116435396063,inf,7.746379852294922,nan,36.519120694994854,inf,9.457788467407227,nan,92.79809437601034,inf,7.734441757202148,nan,8.725242877004348,inf,7.533227920532227,nan,14.422365271011586,inf,7.559853553771973,nan,14.39702431407386,inf,7.473241806030273,nan,14.598513371005538,inf
1670,6.405848026275635,nan,15.885589674979201,inf,6.401137351989746,nan,14.56831269101167,inf,6.508223533630371,nan,14.94468621895976,inf,7.366142272949219,nan,36.53905876899444,inf,9.707813262939453,nan,92.854247399011,inf,7.403936386108398,nan,8.731016741003259,inf,6.619353294372559,nan,14.425850245012043,inf,6.335746765136719,nan,14.400487428074484,inf,6.417266845703125,nan,14.602141707006012,inf
1671,7.9322509765625,nan,15.889269400979174,inf,8.033960342407227,nan,14.572283802011953,inf,8.107048988342285,nan,14.949010753960465,inf,8.469301223754883,nan,36.56308450299366,inf,9.989431381225586,nan,92.91078159701101,inf,8.916540145874023,nan,8.735961174003023,inf,8.375983238220215,nan,14.429661513011524,inf,8.38514518737793,nan,14.40414196407437,inf,8.335705757141113,nan,14.605775203004669,inf
1672,6.685020923614502,nan,15.892863276980279,inf,6.979618072509766,nan,14.575993369013304,inf,7.048101425170898,nan,14.952762311961123,inf,7.093996047973633,nan,36.58351483199294,inf,9.717239379882812,nan,92.96946532101174,inf,7.770212173461914,nan,8.74258126800305,inf,6.98582124710083,nan,14.433382110011735,inf,7.345391273498535,nan,14.407807971074362,inf,7.0720133781433105,nan,14.60942463000356,inf
1673,8.214707374572754,nan,15.896502733981833,inf,8.045278549194336,nan,14.579558344014004,inf,8.188043594360352,nan,14.956447957962155,inf,8.477888107299805,nan,36.60335459399357,inf,10.071722984313965,nan,93.02142733001165,inf,8.670228958129883,nan,8.74750583000241,inf,8.117307662963867,nan,14.436999506013308,inf,8.077169418334961,nan,14.411394686074345,inf,8.1864595413208,nan,14.613217668003927,inf
1674,6.344193935394287,nan,15.900073808981688,inf,6.392815589904785,nan,14.583184740014985,inf,6.237855434417725,nan,14.959968672961622,inf,6.915778160095215,nan,36.623409038993486,inf,9.439491271972656,nan,93.07336589901206,inf,7.333401679992676,nan,8.752683166003408,inf,6.390385150909424,nan,14.440786854012913,inf,6.305472373962402,nan,14.415050983074252,inf,6.370030879974365,nan,14.616843504003555,inf
1675,5.891077995300293,nan,15.903738074981447,inf,6.038522720336914,nan,14.586827497014383,inf,5.950360298156738,nan,14.96363689896134,inf,6.612407684326172,nan,36.6436072449942,inf,9.311395645141602,nan,93.12485628201102,inf,6.961130142211914,nan,8.75765658900309,inf,6.161008834838867,nan,14.444430540012036,inf,6.15524959564209,nan,14.418592438074484,inf,6.164162635803223,nan,14.620375089003574,inf
1676,6.727380752563477,nan,15.907349220982724,inf,6.6393232345581055,nan,14.590389182014405,inf,6.623935222625732,nan,14.967293174961014,inf,6.896014213562012,nan,36.663946052995016,inf,9.217916488647461,nan,93.1766688200114,inf,7.40388298034668,nan,8.762707283003692,inf,6.798833847045898,nan,14.448076026012131,inf,6.783775806427002,nan,14.422125072074778,inf,6.727787017822266,nan,14.6239318140033,inf
1677,6.683612823486328,nan,15.910912876981456,inf,6.273472309112549,nan,14.594065929013595,inf,6.466197967529297,nan,14.970830879961795,inf,6.792289733886719,nan,36.684885548995226,inf,9.659167289733887,nan,93.23255747001167,inf,7.368165016174316,nan,8.76867561900508,inf,6.421396732330322,nan,14.452755185013302,inf,6.320145606994629,nan,14.426405716074441,inf,6.226895809173584,nan,14.627947235003376,inf
1678,6.5409369468688965,nan,15.915485734982212,inf,6.420163154602051,nan,14.598307653013762,inf,6.495753288269043,nan,14.9752668859619,inf,7.482255458831787,nan,36.708775031995174,inf,9.951019287109375,nan,93.29750174401124,inf,7.615243911743164,nan,8.775934541004972,inf,6.895135879516602,nan,14.457318863012915,inf,6.7085065841674805,nan,14.4306736900744,inf,6.643674850463867,nan,14.632147139003791,inf
1679,6.944409370422363,nan,15.919668557980913,inf,7.026297569274902,nan,14.602439116015375,inf,6.944544792175293,nan,14.979898024961585,inf,7.636639595031738,nan,36.73057146899555,inf,9.835938453674316,nan,93.35958066201056,inf,7.796773433685303,nan,8.782191170006627,inf,7.000507354736328,nan,14.461895731012191,inf,6.909304618835449,nan,14.434992985074132,inf,6.87111759185791,nan,14.636322122003548,inf
1680,6.572073936462402,nan,15.923942351981168,inf,6.539942741394043,nan,14.606605839015174,inf,6.660665988922119,nan,14.984145828961118,inf,6.866532325744629,nan,36.756860591995064,inf,9.39700984954834,nan,93.42277860401009,inf,7.151948928833008,nan,8.789324820005277,inf,6.699743270874023,nan,14.467079927013401,inf,6.554935455322266,nan,14.43936979107275,inf,6.5592169761657715,nan,14.640604396003255,inf
1681,5.46898889541626,nan,15.92858385098043,inf,5.343745231628418,nan,14.610924154014356,inf,5.433628082275391,nan,14.98840695295985,inf,6.175919055938721,nan,36.781166869994195,inf,9.348875999450684,nan,93.4865659140105,inf,6.265482425689697,nan,8.79612674600503,inf,5.323087692260742,nan,14.472009320013967,inf,5.2957658767700195,nan,14.443498604072374,inf,5.362992286682129,nan,14.645073333003893,inf
1682,5.910215377807617,nan,15.933425571980479,inf,6.001685619354248,nan,14.615011596015393,inf,6.05712890625,nan,14.99306557195996,inf,6.603445053100586,nan,36.805160294994494,inf,9.459903717041016,nan,93.548636292011,inf,6.818542957305908,nan,8.80218187200444,inf,5.896764278411865,nan,14.476482887013844,inf,5.960066795349121,nan,14.447634527072296,inf,5.880291938781738,nan,14.649378628004342,inf
1683,6.037819862365723,nan,15.93752436397881,inf,6.089150428771973,nan,14.61925917001463,inf,6.101806163787842,nan,14.997162983960152,inf,6.543367385864258,nan,36.82651107599486,inf,9.581903457641602,nan,93.60682527101199,inf,6.790822982788086,nan,8.808282949003114,inf,6.103612422943115,nan,14.481130046013277,inf,6.325465202331543,nan,14.451982103073533,inf,6.202420234680176,nan,14.653579951005668,inf
1684,7.4625749588012695,nan,15.941828478979005,inf,7.383744239807129,nan,14.623454593014685,inf,7.34716796875,nan,15.001224405961693,inf,8.024800300598145,nan,36.84931705499366,inf,9.914010047912598,nan,93.6659411510118,inf,8.30988883972168,nan,8.814398677002828,inf,7.282580852508545,nan,14.485492282012274,inf,7.160217761993408,nan,14.456251407074888,inf,7.06450891494751,nan,14.657814985004734,inf
1685,6.8356828689575195,nan,15.94605701297769,inf,6.967979431152344,nan,14.627635196015035,inf,6.929413795471191,nan,15.005341687961845,inf,7.0837907791137695,nan,36.87216539499423,inf,9.544281005859375,nan,93.7282657220112,inf,7.492931365966797,nan,8.821365335003065,inf,6.9325714111328125,nan,14.490361674012092,inf,7.072885513305664,nan,14.461169570075072,inf,6.963412761688232,nan,14.662853449004615,inf
1686,6.330963134765625,nan,15.95109401697664,inf,6.31361198425293,nan,14.632353586013778,inf,6.562588691711426,nan,15.010699295960876,inf,6.317660331726074,nan,36.89410249399407,inf,9.290775299072266,nan,93.79131223301192,inf,6.756852149963379,nan,8.827050857003996,inf,6.043691635131836,nan,14.494786441011456,inf,6.13986873626709,nan,14.46555460507625,inf,6.012557506561279,nan,14.667070762005096,inf
1687,6.208385467529297,nan,15.955368901975817,inf,6.51849365234375,nan,14.63646483901357,inf,6.345490455627441,nan,15.014952659959818,inf,7.081811428070068,nan,36.91659791999518,inf,9.32716178894043,nan,93.85366277501271,inf,7.350923538208008,nan,8.833584110003358,inf,6.716929912567139,nan,14.500498954012073,inf,6.701531410217285,nan,14.470866922076311,inf,6.448207855224609,nan,14.672142577004706,inf
1688,6.596928596496582,nan,15.960806760975174,inf,6.580924987792969,nan,14.641763596013334,inf,6.570600509643555,nan,15.020260326960852,inf,6.762650012969971,nan,36.942096322994985,inf,9.326401710510254,nan,93.91913704601211,inf,7.1240081787109375,nan,8.841505441003392,inf,6.826325416564941,nan,14.505971293012408,inf,6.8502326011657715,nan,14.475359109075725,inf,6.805957794189453,nan,14.676684865005882,inf
1689,7.299120903015137,nan,15.96547756997461,inf,7.229442596435547,nan,14.646253023012832,inf,7.214596748352051,nan,15.025139777961158,inf,7.500675201416016,nan,36.96577299299497,inf,9.810026168823242,nan,93.98369607601308,inf,7.931103706359863,nan,8.848592431002544,inf,7.166054725646973,nan,14.51058648101207,inf,7.118182182312012,nan,14.480380993076324,inf,7.108179092407227,nan,14.681500166005208,inf
1690,5.29600715637207,nan,15.970899168974938,inf,5.404252052307129,nan,14.650807681013248,inf,5.379627227783203,nan,15.029080077962135,inf,6.031621932983398,nan,36.98975811699347,inf,9.136054039001465,nan,94.04593629601186,inf,6.033634185791016,nan,8.854667928002527,inf,5.599636077880859,nan,14.515074538012414,inf,5.685233116149902,nan,14.484649807076494,inf,5.606508255004883,nan,14.685637378006504,inf
1691,6.724816799163818,nan,15.975492876974386,inf,6.799132347106934,nan,14.655332788011947,inf,6.642575263977051,nan,15.033363882963386,inf,7.100451946258545,nan,37.01195140899472,inf,9.487300872802734,nan,94.10118326701195,inf,6.980201244354248,nan,8.8604455720033,inf,6.536357879638672,nan,14.519727407012397,inf,6.550835609436035,nan,14.489452517076643,inf,6.5520477294921875,nan,14.689918703006697,inf
1692,6.77351188659668,nan,15.979886262974105,inf,6.800042629241943,nan,14.65953998101213,inf,6.7874755859375,nan,15.03752923596403,inf,6.860337257385254,nan,37.038449714993476,inf,9.632256507873535,nan,94.16524552001283,inf,7.618680477142334,nan,8.867122927003948,inf,6.823336601257324,nan,14.524769801013463,inf,6.512927055358887,nan,14.49452983107767,inf,6.42718505859375,nan,14.69507648900617,inf
1693,7.503220558166504,nan,15.984808914974565,inf,7.58079719543457,nan,14.663714574013284,inf,7.712240219116211,nan,15.041773369965085,inf,7.980376243591309,nan,37.064395583993246,inf,10.06235122680664,nan,94.23021277501357,inf,8.423393249511719,nan,8.873637450004026,inf,7.718654155731201,nan,14.530366412012881,inf,7.821763038635254,nan,14.499676796078347,inf,7.715197563171387,nan,14.700856102006583,inf
1694,6.4630045890808105,nan,15.989815608974823,inf,6.582400321960449,nan,14.669187213014084,inf,6.41341495513916,nan,15.046557780964577,inf,7.144818305969238,nan,37.09360078399368,inf,9.544854164123535,nan,94.29739601801339,inf,7.499253749847412,nan,8.879929470005663,inf,6.886479377746582,nan,14.53571685901261,inf,6.697330474853516,nan,14.504249734078257,inf,6.759912490844727,nan,14.705320589007897,inf
1695,6.653899192810059,nan,15.995039664974684,inf,6.683391571044922,nan,14.67391103301452,inf,6.829909324645996,nan,15.052017109965163,inf,6.671645641326904,nan,37.11721105399374,inf,9.646635055541992,nan,94.36392650201378,inf,7.156795024871826,nan,8.885779364007249,inf,6.882815837860107,nan,14.540529390011216,inf,6.740021705627441,nan,14.50881656207821,inf,6.846492767333984,nan,14.709875077007382,inf
1696,6.980804443359375,nan,16.000050098975407,inf,6.942835330963135,nan,14.67872393401376,inf,6.964918613433838,nan,15.056449185965903,inf,7.930212020874023,nan,37.14483128399297,inf,9.850934982299805,nan,94.43285026701415,inf,8.147425651550293,nan,8.892863083006887,inf,6.983036041259766,nan,14.54657006701018,inf,6.974311351776123,nan,14.513681524078493,inf,7.035429000854492,nan,14.715022603006219,inf
1697,5.622008800506592,nan,16.00532845597627,inf,5.680484771728516,nan,14.68386225901304,inf,5.664876461029053,nan,15.060966092965828,inf,6.594125270843506,nan,37.17124112899364,inf,9.56212329864502,nan,94.49749967701428,inf,6.725274562835693,nan,8.899081152007057,inf,5.615293502807617,nan,14.551309387010406,inf,5.67271089553833,nan,14.518135260077543,inf,5.684019088745117,nan,14.719391549006104,inf
1698,6.26744270324707,nan,16.0099309049765,inf,6.254216194152832,nan,14.688079622013902,inf,6.337477684020996,nan,15.065463729966723,inf,7.08156681060791,nan,37.19482576799419,inf,9.73698616027832,nan,94.55914311001288,inf,6.927918434143066,nan,8.90498046700668,inf,6.657437324523926,nan,14.55599540600997,inf,6.593807697296143,nan,14.522553176077054,inf,6.402892112731934,nan,14.723717183007466,inf
1699,6.068055152893066,nan,16.01449660297658,inf,5.804442405700684,nan,14.692544729014116,inf,5.9066853523254395,nan,15.069729473965708,inf,5.815837860107422,nan,37.219505810993724,inf,9.17581844329834,nan,94.6149876080126,inf,6.381840229034424,nan,8.91064726800687,inf,5.569423198699951,nan,14.560624624009506,inf,5.492563247680664,nan,14.526997613076674,inf,5.572763442993164,nan,14.727790315007951,inf
1700,6.986065864562988,6.510169982910156,16.018947518976347,inf,6.911399841308594,5.363565444946289,14.69727190901358,inf,6.9633049964904785,5.674443244934082,15.074402872964129,inf,7.07118034362793,6.838708400726318,37.23919297099383,inf,9.371054649353027,9.681243896484375,94.67295096401358,inf,7.784239292144775,7.012444972991943,8.916947808007535,inf,6.982902526855469,7.094065189361572,14.565461016009067,inf,6.8316545486450195,7.476146697998047,14.531713953076178,inf,6.895080089569092,6.670941352844238,14.73229928200817,inf
1701,4.692782402038574,nan,16.023507596975833,inf,4.78674840927124,nan,14.70181425701412,inf,4.950211524963379,nan,15.079439225964961,inf,5.330578804016113,nan,37.262499905993536,inf,9.094833374023438,nan,94.7350723330128,inf,5.3928961753845215,nan,8.923339320008381,inf,4.970288276672363,nan,14.570322817007764,inf,5.078027725219727,nan,14.53632328207459,inf,4.913246154785156,nan,14.736708378008188,inf
1702,7.037009239196777,nan,16.027956532974713,inf,7.214892864227295,nan,14.705959960014297,inf,7.225726127624512,nan,15.083907091964647,inf,7.554544925689697,nan,37.28512807299376,inf,9.683442115783691,nan,94.79726914301136,inf,7.807635307312012,nan,8.93005946600897,inf,7.039620399475098,nan,14.57481909400667,inf,6.967554092407227,nan,14.540690747075132,inf,6.907366752624512,nan,14.74236001000827,inf
1703,6.581480026245117,nan,16.033073397975386,inf,6.772290229797363,nan,14.70997055101543,inf,6.679521560668945,nan,15.088552910965518,inf,6.993135929107666,nan,37.310607306993916,inf,9.779008865356445,nan,94.85630625301019,inf,7.441284656524658,nan,8.935150781009725,inf,6.621315002441406,nan,14.578738544005319,inf,6.513940811157227,nan,14.54480228907596,inf,6.51642370223999,nan,14.7464203520085,inf
1704,7.527324676513672,nan,16.037612565974996,inf,7.45815372467041,nan,14.714035913015323,inf,7.625620365142822,nan,15.092955726964647,inf,8.326505661010742,nan,37.331920706994424,inf,9.679983139038086,nan,94.92413371401017,inf,8.233884811401367,nan,8.940727632010748,inf,7.711831092834473,nan,14.582937717004825,inf,7.57504415512085,nan,14.548723209076343,inf,7.555218696594238,nan,14.750198799009013,inf
1705,7.842691421508789,nan,16.041271841975686,inf,7.851971626281738,nan,14.717849401014973,inf,7.810626983642578,nan,15.096643112965467,inf,8.29971694946289,nan,37.35260858899528,inf,9.667923927307129,nan,94.9762403750101,inf,8.355052947998047,nan,8.94573718500942,inf,7.947969913482666,nan,14.586719185004767,inf,7.778991222381592,nan,14.55238670507606,inf,7.851942539215088,nan,14.75380316500923,inf
1706,6.748537540435791,nan,16.04487674797565,inf,6.779421329498291,nan,14.721386646015162,inf,6.8090901374816895,nan,15.100219988964454,inf,7.203579902648926,nan,37.37475612999515,inf,9.604687690734863,nan,95.0310943810091,inf,7.924073219299316,nan,8.950756119009384,inf,6.821216583251953,nan,14.590391042005649,inf,6.8724365234375,nan,14.55602033107607,inf,6.758546829223633,nan,14.757390451009996,inf
1707,5.642036437988281,nan,16.048481553974852,inf,5.537975788116455,nan,14.72497324201504,inf,5.583666801452637,nan,15.103938405964072,inf,5.957258224487305,nan,37.39625567299481,inf,9.026469230651855,nan,95.0881228850103,inf,6.33502197265625,nan,8.955971165010851,inf,5.75122594833374,nan,14.594325722006033,inf,5.556882858276367,nan,14.559730578075687,inf,5.690844535827637,nan,14.76104070700967,inf
1708,6.310698509216309,nan,16.052132750975943,inf,6.1788763999938965,nan,14.728538237015528,inf,6.297266006469727,nan,15.107539171964163,inf,6.74855899810791,nan,37.41887325999414,inf,9.446826934814453,nan,95.14590816901182,inf,7.232954025268555,nan,8.961069880011564,inf,6.510778427124023,nan,14.598033510006644,inf,6.576571464538574,nan,14.563347784074722,inf,6.421652317047119,nan,14.764624433009885,inf
1709,6.8135986328125,nan,16.055734516976372,inf,6.8143510818481445,nan,14.73204677101603,inf,6.775950908660889,nan,15.111135157963872,inf,7.316989421844482,nan,37.43913905699446,inf,9.673666954040527,nan,95.20599295101238,inf,7.626011848449707,nan,8.967879856010768,inf,6.866999626159668,nan,14.602513337007622,inf,6.748561859130859,nan,14.56728579407536,inf,6.965737342834473,nan,14.768459912009348,inf
1710,5.723842144012451,nan,16.059506194977075,inf,5.689106464385986,nan,14.73557372601499,inf,6.00764799118042,nan,15.114649201963402,inf,6.458994388580322,nan,37.46151503099463,inf,9.58424186706543,nan,95.26435009201123,inf,7.096785545349121,nan,8.972915100010141,inf,5.6839470863342285,nan,14.606450687007964,inf,5.967551231384277,nan,14.570993791076035,inf,5.935192108154297,nan,14.772135299008369,inf
1711,6.590273380279541,nan,16.06319790197631,inf,6.790470123291016,nan,14.739198732015211,inf,6.612210273742676,nan,15.118465999963519,inf,7.3115386962890625,nan,37.48263702999611,inf,9.539884567260742,nan,95.31599570800972,inf,7.594564437866211,nan,8.977807772009328,inf,7.076800346374512,nan,14.610073183008353,inf,6.930848121643066,nan,14.574525506075588,inf,6.942203998565674,nan,14.775724455006639,inf
1712,6.714282035827637,nan,16.06675743697633,inf,6.868143081665039,nan,14.742690367014802,inf,6.777012825012207,nan,15.122103535963106,inf,7.6268415451049805,nan,37.50498741399497,inf,9.887417793273926,nan,95.371533783009,inf,7.866324424743652,nan,8.983091879008498,inf,7.254695892333984,nan,14.613535567008512,inf,7.0679121017456055,nan,14.577927349075253,inf,6.9806060791015625,nan,14.779196809005953,inf
1713,5.5572509765625,nan,16.070227780975983,inf,5.417380332946777,nan,14.746111340014977,inf,5.770501136779785,nan,15.12562582096325,inf,6.716447830200195,nan,37.52636794499449,inf,9.476668357849121,nan,95.42842383500829,inf,7.023326396942139,nan,8.989286867008559,inf,5.902687072753906,nan,14.61776080000891,inf,5.699736595153809,nan,14.581522274076633,inf,5.756519317626953,nan,14.7827649950068,inf
1714,5.978609085083008,nan,16.07376621597723,inf,5.743591785430908,nan,14.7496256540162,inf,5.846428871154785,nan,15.129142224963289,inf,6.779497146606445,nan,37.54744317299446,inf,9.6002197265625,nan,95.49111698100751,inf,6.91462516784668,nan,8.995577597010197,inf,6.078421115875244,nan,14.621277545009434,inf,5.906177520751953,nan,14.58497557807641,inf,6.035555362701416,nan,14.78630327000792,inf
1715,5.926150321960449,nan,16.077718475977235,inf,5.829948902130127,nan,14.753492763016766,inf,5.974462985992432,nan,15.132867211963458,inf,6.8099365234375,nan,37.57087317099467,inf,9.48277473449707,nan,95.5547198390068,inf,7.006113529205322,nan,9.000742172011087,inf,6.191551685333252,nan,14.625100024009953,inf,6.124147891998291,nan,14.588661555077124,inf,5.989169597625732,nan,14.789950136007974,inf
1716,7.005679130554199,nan,16.08133528097642,inf,6.939202308654785,nan,14.757098369016603,inf,7.17949914932251,nan,15.136475277962745,inf,7.5495710372924805,nan,37.59154816399496,inf,9.601795196533203,nan,95.61350556500656,inf,7.710733890533447,nan,9.006638917011514,inf,7.230526447296143,nan,14.628949393008952,inf,7.169974327087402,nan,14.592457353077407,inf,7.266613006591797,nan,14.793904896007007,inf
1717,6.877638816833496,nan,16.085076448975087,inf,6.711122035980225,nan,14.76076974501666,inf,6.840034484863281,nan,15.140197024962617,inf,7.293081283569336,nan,37.6140105189952,inf,9.605134963989258,nan,95.66847973300537,inf,7.635074615478516,nan,9.013489284012394,inf,6.886617660522461,nan,14.633801844009213,inf,6.901956558227539,nan,14.596511415078567,inf,6.886399269104004,nan,14.797712504006995,inf
1718,5.564513206481934,nan,16.088860966974607,inf,5.393585205078125,nan,14.76433527001609,inf,5.640368461608887,nan,15.143814580962498,inf,6.707507610321045,nan,37.63425071499478,inf,9.512731552124023,nan,95.72066331600581,inf,7.1871442794799805,nan,9.018728740011284,inf,5.935768127441406,nan,14.637616172009075,inf,5.984532833099365,nan,14.600161602078515,inf,5.802177429199219,nan,14.801331540007595,inf
1719,6.620298862457275,nan,16.092467242975545,inf,6.84680700302124,nan,14.767831075016147,inf,6.597306251525879,nan,15.147418235961595,inf,7.398798942565918,nan,37.65423287899466,inf,9.66512393951416,nan,95.77256608500647,inf,7.508157253265381,nan,9.024142998010575,inf,6.7680206298828125,nan,14.6421858500089,inf,6.862115859985352,nan,14.604577999078174,inf,6.690790176391602,nan,14.805342761006614,inf
1720,6.706611156463623,nan,16.096300211975176,inf,6.512504577636719,nan,14.771577543016974,inf,6.559780120849609,nan,15.151164032960878,inf,7.18004035949707,nan,37.67810851199465,inf,9.500168800354004,nan,95.82945104700775,inf,7.3097429275512695,nan,9.029524106010285,inf,6.699414253234863,nan,14.646001288010666,inf,6.6878156661987305,nan,14.608227006077868,inf,6.627967357635498,nan,14.808914807006659,inf
1721,5.607854843139648,nan,16.099845616974562,inf,5.461641311645508,nan,14.775077748017793,inf,5.62791633605957,nan,15.154810928961524,inf,6.047246932983398,nan,37.69832202899488,inf,9.272294044494629,nan,95.88133606600786,inf,6.452865123748779,nan,9.034891674009486,inf,5.610649108886719,nan,14.649611224011096,inf,5.6209259033203125,nan,14.611767861077169,inf,5.570269584655762,nan,14.812444362007227,inf
1722,5.105108261108398,nan,16.103357440973923,inf,4.9353742599487305,nan,14.778759495016857,inf,5.101114273071289,nan,15.158371703961166,inf,5.664487838745117,nan,37.71947431699482,inf,9.158102989196777,nan,95.93390865300717,inf,6.179421424865723,nan,9.039870347009128,inf,5.297748565673828,nan,14.65349086301103,inf,5.123296737670898,nan,14.615557549077494,inf,5.141609191894531,nan,14.816293031006353,inf
1723,6.369247913360596,nan,16.107158938973953,inf,6.411159515380859,nan,14.782343601016692,inf,6.465721130371094,nan,15.161943118961062,inf,6.900160789489746,nan,37.73936842899457,inf,9.518877983093262,nan,95.98589296300634,inf,7.242865085601807,nan,9.044723909008098,inf,6.4404191970825195,nan,14.657027908011514,inf,6.42265510559082,nan,14.619063523075965,inf,6.533991813659668,nan,14.8198154250058,inf
1724,7.0719099044799805,nan,16.110675003974393,inf,6.850771903991699,nan,14.785973277015728,inf,7.085984230041504,nan,15.165383331961493,inf,7.718402862548828,nan,37.759032397994815,inf,9.765846252441406,nan,96.03684302900729,inf,7.730504989624023,nan,9.049616541007708,inf,7.0839128494262695,nan,14.660456512012388,inf,7.205602169036865,nan,14.622470907075694,inf,7.244658470153809,nan,14.823374820005483,inf
1725,7.094456195831299,nan,16.114095976974568,inf,6.940972328186035,nan,14.789444632015147,inf,7.107490539550781,nan,15.168756504961493,inf,7.468862533569336,nan,37.77863086599427,inf,9.503593444824219,nan,96.08747619200767,inf,7.630246162414551,nan,9.05454353400637,inf,7.020449638366699,nan,14.663795074013251,inf,6.934047698974609,nan,14.625788469076724,inf,6.949577331542969,nan,14.826983236005617,inf
1726,6.925738334655762,nan,16.117467449974356,inf,6.740407943725586,nan,14.792955186014296,inf,6.894674301147461,nan,15.172219467960531,inf,7.3640360832214355,nan,37.80169778799427,inf,9.480710983276367,nan,96.14327179100655,inf,7.76847505569458,nan,9.061332680006672,inf,6.8897833824157715,nan,14.667982937013221,inf,6.943340301513672,nan,14.629610657077137,inf,6.853289604187012,nan,14.83073277400581,inf
1727,7.297444820404053,nan,16.121202457972686,inf,7.123744487762451,nan,14.797983740012569,inf,7.280481338500977,nan,15.175861533960415,inf,7.560999870300293,nan,37.82290519799426,inf,9.647830963134766,nan,96.19486840600621,inf,7.790807247161865,nan,9.066402735006704,inf,7.421399116516113,nan,14.671547282012398,inf,7.544715881347656,nan,14.63312879107616,inf,7.408612251281738,nan,14.834342810007001,inf
1728,5.9310808181762695,nan,16.124830654973266,inf,5.911175727844238,nan,14.80145747401366,inf,5.945220947265625,nan,15.179409668960943,inf,6.5149688720703125,nan,37.84338546799336,inf,9.1312255859375,nan,96.2536058210062,inf,6.261082172393799,nan,9.072186338007668,inf,6.082838535308838,nan,14.67503195601239,inf,6.115067005157471,nan,14.636537114076418,inf,6.073159217834473,nan,14.838161088006018,inf
1729,6.667962551116943,nan,16.128431160974287,inf,6.668161392211914,nan,14.804968489013845,inf,6.712985038757324,nan,15.183218807960657,inf,7.005973815917969,nan,37.86454495699218,inf,9.55286693572998,nan,96.30805394200615,inf,7.574216842651367,nan,9.07725279200713,inf,6.8333234786987305,nan,14.678961696012266,inf,6.729983329772949,nan,14.640251801076374,inf,6.661596298217773,nan,14.841870325006312,inf
1730,7.38942289352417,nan,16.132090266974046,inf,7.359543323516846,nan,14.809286683013852,inf,7.293107986450195,nan,15.186711232960079,inf,7.7245635986328125,nan,37.884536180990835,inf,9.50960922241211,nan,96.35990192000463,inf,8.128861427307129,nan,9.08212130400716,inf,7.406289100646973,nan,14.682508021011017,inf,7.240233421325684,nan,14.64384045607585,inf,7.218566417694092,nan,14.84542319000684,inf
1731,7.851434707641602,nan,16.13582214397502,inf,7.349860668182373,nan,14.812777498014839,inf,7.613348484039307,nan,15.190299378960844,inf,8.0848388671875,nan,37.906200055991576,inf,9.861808776855469,nan,96.41174191700338,inf,8.742691040039062,nan,9.087032606006687,inf,7.853793621063232,nan,14.686323470012212,inf,7.978105545043945,nan,14.647478992075776,inf,7.809983730316162,nan,14.84904856700814,inf
1732,5.6828718185424805,nan,16.13944019997507,inf,5.73224401473999,nan,14.816326173015113,inf,5.7207746505737305,nan,15.194013715961773,inf,6.767084121704102,nan,37.92613612899186,inf,9.539295196533203,nan,96.46380627800318,inf,6.705333232879639,nan,9.09197213900552,inf,6.201081275939941,nan,14.689770084012707,inf,5.951958179473877,nan,14.650900516076945,inf,5.983475685119629,nan,14.852509991007537,inf
1733,6.608551979064941,nan,16.14291450397468,inf,6.545445919036865,nan,14.819843218014285,inf,6.535988807678223,nan,15.197435958960341,inf,7.143468379974365,nan,37.945840498992766,inf,9.338871002197266,nan,96.51514813000358,inf,7.471248626708984,nan,9.0968786010053,inf,6.769838809967041,nan,14.693149997014189,inf,6.750174522399902,nan,14.654279419077284,inf,6.763894081115723,nan,14.855941124007586,inf
1734,6.00587797164917,nan,16.146375207974415,inf,5.9027099609375,nan,14.82360024501395,inf,6.050516605377197,nan,15.201224836961046,inf,6.777731895446777,nan,37.97003063599368,inf,9.55518627166748,nan,96.5703726710035,inf,6.923889636993408,nan,9.103170661004697,inf,6.118222713470459,nan,14.697284730014871,inf,5.911920547485352,nan,14.658142568077892,inf,6.072798728942871,nan,14.85972460200719,inf
1735,7.788464546203613,nan,16.150180645974615,inf,7.803043365478516,nan,14.827225931012435,inf,7.722994804382324,nan,15.204819172960924,inf,8.03504753112793,nan,37.99009851099436,inf,9.834726333618164,nan,96.62499115400351,inf,8.62674331665039,nan,9.110992220004846,inf,7.7105889320373535,nan,14.701490423014548,inf,7.657258987426758,nan,14.66190755507887,inf,7.764347553253174,nan,14.863315038008295,inf
1736,5.5329389572143555,nan,16.153691059975245,inf,5.622812747955322,nan,14.830926988013744,inf,5.462218761444092,nan,15.208389327961413,inf,6.300051689147949,nan,38.01412090599479,inf,9.291240692138672,nan,96.6803449670042,inf,6.2770843505859375,nan,9.116162126003474,inf,5.682112693786621,nan,14.705442923013834,inf,5.616054058074951,nan,14.665647752079167,inf,5.6642351150512695,nan,14.867004405008629,inf
1737,5.445793628692627,nan,16.157364665974455,inf,5.242677688598633,nan,14.834604944013336,inf,5.347620964050293,nan,15.211996652960806,inf,6.475224494934082,nan,38.03676503299357,inf,9.659656524658203,nan,96.73390274700432,inf,6.897386074066162,nan,9.12128669100457,inf,5.382102012634277,nan,14.709425783014012,inf,5.4688029289245605,nan,14.669390749078957,inf,5.289193153381348,nan,14.87069448200782,inf
1738,6.486486434936523,nan,16.1609594109741,inf,6.790078163146973,nan,14.838139499011959,inf,6.534694671630859,nan,15.215542797961461,inf,7.357172966003418,nan,38.05669933599347,inf,9.397855758666992,nan,96.78609386900462,inf,7.437949180603027,nan,9.12669074900441,inf,7.061598300933838,nan,14.713716518013825,inf,6.679728031158447,nan,14.673227228078758,inf,6.795441150665283,nan,14.874267288008923,inf
1739,6.512783527374268,nan,16.16462726797363,inf,6.2945661544799805,nan,14.841625013012163,inf,6.583386421203613,nan,15.219253005961946,inf,6.954983711242676,nan,38.07973420799317,inf,9.581031799316406,nan,96.8524598910044,inf,7.631484031677246,nan,9.132875857003455,inf,6.674186706542969,nan,14.719007375013462,inf,6.5493879318237305,nan,14.677523132078932,inf,6.654162406921387,nan,14.879052968008182,inf
1740,5.793664455413818,nan,16.169285226973443,inf,5.649027347564697,nan,14.84608633001335,inf,5.814891815185547,nan,15.223425728961956,inf,6.359462738037109,nan,38.10309151499314,inf,9.123512268066406,nan,96.91093544300566,inf,6.488461971282959,nan,9.138595320002423,inf,6.002680778503418,nan,14.723472412013507,inf,5.896784782409668,nan,14.681751355079541,inf,5.825628757476807,nan,14.883316383009515,inf
1741,5.824345588684082,nan,16.173511940973185,inf,5.688661098480225,nan,14.850248063012259,inf,5.689741134643555,nan,15.227744663961857,inf,6.218574523925781,nan,38.124753539992525,inf,9.062921524047852,nan,96.97196828800588,inf,6.30790901184082,nan,9.144944121002482,inf,5.918006896972656,nan,14.72817067201322,inf,5.90502405166626,nan,14.685984909079707,inf,5.950158596038818,nan,14.887363634010399,inf
1742,6.862525939941406,nan,16.177815355973507,inf,6.893869400024414,nan,14.85484486101268,inf,6.890555381774902,nan,15.23178244596238,inf,7.228515625,nan,38.14896192699234,inf,9.3983154296875,nan,97.03299922300539,inf,7.480678558349609,nan,9.150838126002782,inf,6.872208595275879,nan,14.732504787012658,inf,6.908537864685059,nan,14.69014450207942,inf,6.839420318603516,nan,14.891584728009548,inf
1743,7.025241851806641,nan,16.182077149975157,inf,7.059074401855469,nan,14.859128086012788,inf,7.098289966583252,nan,15.235895837962744,inf,8.051339149475098,nan,38.17118620899237,inf,9.666942596435547,nan,97.09630362600547,inf,8.175680160522461,nan,9.156819292002183,inf,7.347826957702637,nan,14.736983264012451,inf,7.209162712097168,nan,14.694333755080152,inf,7.454019546508789,nan,14.896462490009071,inf
1744,7.133566856384277,nan,16.186582666976392,inf,7.266994476318359,nan,14.864292962012769,inf,7.24593448638916,nan,15.24023255296379,inf,7.393796920776367,nan,38.19300351599304,inf,9.689912796020508,nan,97.15901350200693,inf,8.330541610717773,nan,9.163160552003319,inf,7.576266288757324,nan,14.74251117401218,inf,7.341665744781494,nan,14.69892135307964,inf,7.581207752227783,nan,14.900719294008013,inf
1745,6.765753746032715,nan,16.191112214975874,inf,6.685888290405273,nan,14.868658077013606,inf,6.771945953369141,nan,15.24495963296431,inf,7.681124687194824,nan,38.21462134999274,inf,9.839033126831055,nan,97.21999667700766,inf,8.064361572265625,nan,9.170019959003184,inf,7.264071464538574,nan,14.746988351012988,inf,6.967887878417969,nan,14.703181607079387,inf,6.992720603942871,nan,14.904963038006827,inf
1746,7.2522807121276855,nan,16.195295687975886,inf,7.278026580810547,nan,14.87287381101305,inf,7.25739049911499,nan,15.249634922964105,inf,7.478516101837158,nan,38.2383003309933,inf,9.444197654724121,nan,97.27935236000849,inf,7.997854709625244,nan,9.177180110003974,inf,7.256294250488281,nan,14.751631520013689,inf,7.33551025390625,nan,14.707517882079628,inf,7.226301193237305,nan,14.909324373005802,inf
1747,5.997892379760742,nan,16.199817375974817,inf,5.699604034423828,nan,14.877458959013893,inf,5.9158101081848145,nan,15.25396728796477,inf,6.899904727935791,nan,38.26392496699373,inf,9.49185562133789,nan,97.33829998800866,inf,7.141046524047852,nan,9.184354091004934,inf,6.511052131652832,nan,14.756204148014149,inf,6.296631813049316,nan,14.712117320079415,inf,6.320095062255859,nan,14.913851360006447,inf
1748,7.116581916809082,nan,16.20425950297613,inf,7.216182708740234,nan,14.881849865014374,inf,7.234426498413086,nan,15.258400123964748,inf,7.761748790740967,nan,38.28830781699253,inf,9.728511810302734,nan,97.39930036200894,inf,8.125809669494629,nan,9.190648321005938,inf,7.443612575531006,nan,14.76098454901512,inf,7.267976760864258,nan,14.716111751078643,inf,7.393906593322754,nan,14.918661721005265,inf
1749,6.301238536834717,nan,16.208790440974553,inf,6.399535179138184,nan,14.88623012001517,inf,6.341505527496338,nan,15.262489235965404,inf,6.941131591796875,nan,38.310278095992544,inf,9.398332595825195,nan,97.46117042700826,inf,7.500003337860107,nan,9.196288752005785,inf,6.658555507659912,nan,14.765628828014087,inf,6.640876293182373,nan,14.720676489079779,inf,6.429136753082275,nan,14.923025087004135,inf
1750,7.137055397033691,nan,16.213324148973697,inf,7.07019567489624,nan,14.890485934014578,inf,7.175215721130371,nan,15.267000172965709,inf,7.779581069946289,nan,38.33257921899167,inf,9.655049324035645,nan,97.51709540700722,inf,8.219168663024902,nan,9.20212400600576,inf,7.303085803985596,nan,14.770139835014561,inf,7.3700971603393555,nan,14.724706091079497,inf,7.364879608154297,nan,14.92709434900462,inf
1751,6.374564170837402,nan,16.217965427973468,inf,6.309875965118408,nan,14.89488661001451,inf,6.479715824127197,nan,15.271350258964958,inf,7.1384453773498535,nan,38.35523526599172,inf,9.572394371032715,nan,97.58418707800593,inf,7.528810501098633,nan,9.209179155006495,inf,6.398818492889404,nan,14.774735684013649,inf,6.243682861328125,nan,14.728523319079613,inf,6.281697750091553,nan,14.930843566005933,inf
1752,5.758358955383301,nan,16.22175233597227,inf,5.858876705169678,nan,14.898472395016142,inf,5.829288482666016,nan,15.275053705963728,inf,6.322178840637207,nan,38.37542800199117,inf,9.561585426330566,nan,97.63658704200498,inf,6.869664192199707,nan,9.214083537006445,inf,6.012510299682617,nan,14.778332960015177,inf,5.90765380859375,nan,14.732025213079396,inf,5.934680938720703,nan,14.93438365100701,inf
1753,6.3194732666015625,nan,16.225292920971697,inf,6.414723873138428,nan,14.901972209016094,inf,6.437469482421875,nan,15.278585100963028,inf,6.866865158081055,nan,38.39682987399101,inf,9.562031745910645,nan,97.69394693000504,inf,7.273789405822754,nan,9.219429735006997,inf,6.532054901123047,nan,14.782448172016302,inf,6.370817184448242,nan,14.735828471079003,inf,6.493131637573242,nan,14.938181169007294,inf
1754,6.8355913162231445,nan,16.229002667971145,inf,6.836030960083008,nan,14.9055768350172,inf,6.8373212814331055,nan,15.2821408859636,inf,7.322546482086182,nan,38.41709510099099,inf,9.529117584228516,nan,97.75150098100494,inf,7.707458972930908,nan,9.226462824006376,inf,7.087728500366211,nan,14.78647384301621,inf,7.009057521820068,nan,14.739708410079402,inf,7.198011875152588,nan,14.941963917008252,inf
1755,6.661362648010254,nan,16.233519974970477,inf,6.7156476974487305,nan,14.909381453016977,inf,6.7221527099609375,nan,15.28588505296284,inf,7.14968204498291,nan,38.44061659998988,inf,9.766782760620117,nan,97.80625467600657,inf,7.564927101135254,nan,9.232590931007508,inf,6.809144020080566,nan,14.790200930015999,inf,6.7518110275268555,nan,14.74330515607835,inf,6.749163627624512,nan,14.94557733300826,inf
1756,6.015953063964844,nan,16.237112280970905,inf,5.934682846069336,nan,14.913010729016605,inf,6.052827835083008,nan,15.28952796896374,inf,6.779924392700195,nan,38.46037049098959,inf,9.79857063293457,nan,97.8584214180064,inf,7.102906227111816,nan,9.237608284007365,inf,6.070430278778076,nan,14.79391605701494,inf,6.180948257446289,nan,14.74691029207861,inf,6.161321640014648,nan,14.949158798008284,inf
1757,7.204282760620117,nan,16.240699995971227,inf,6.962151050567627,nan,14.916622195016316,inf,6.887062072753906,nan,15.293210824964262,inf,7.50063943862915,nan,38.480060640989905,inf,9.422933578491211,nan,97.91424380700664,inf,7.572540283203125,nan,9.243733292007164,inf,7.098361015319824,nan,14.797964768014936,inf,7.132260799407959,nan,14.750695219079716,inf,7.288658142089844,nan,14.952953627007446,inf
1758,7.629161834716797,nan,16.24539259597077,inf,7.613190174102783,nan,14.921005531015908,inf,7.624216556549072,nan,15.296906661964385,inf,7.83199405670166,nan,38.50422835699101,inf,9.933202743530273,nan,97.96903418300644,inf,8.310291290283203,nan,9.2489683680069,inf,7.82465124130249,nan,14.801747826015344,inf,7.768188953399658,nan,14.754361986078948,inf,7.700037002563477,nan,14.956578512006672,inf
1759,6.353456020355225,nan,16.248961690969736,inf,6.175806999206543,nan,14.924516745017172,inf,6.364471912384033,nan,15.301047454962827,inf,6.6948065757751465,nan,38.52454509498966,inf,9.191007614135742,nan,98.02938625900788,inf,6.824346542358398,nan,9.254734081006973,inf,6.362512588500977,nan,14.805239810015337,inf,6.2578935623168945,nan,14.75781344007919,inf,6.338955402374268,nan,14.960032136006703,inf
1760,7.17502498626709,nan,16.25237012396974,inf,7.209157943725586,nan,14.928023879017928,inf,7.164795398712158,nan,15.304500647962413,inf,8.01685905456543,nan,38.54526410799008,inf,9.718073844909668,nan,98.0927693730082,inf,8.587129592895508,nan,9.262996086006751,inf,7.448996543884277,nan,14.810401696015106,inf,7.527497291564941,nan,14.762273066078706,inf,7.381180763244629,nan,14.964941229007309,inf
1761,6.176331520080566,nan,16.25750474896995,inf,6.137637138366699,nan,14.932177742019121,inf,6.32120418548584,nan,15.308337786962511,inf,6.569950103759766,nan,38.56776817398895,inf,9.300687789916992,nan,98.15428151300694,inf,7.1251020431518555,nan,9.269104654007606,inf,6.0271897315979,nan,14.814313136015699,inf,6.221820831298828,nan,14.765989743078535,inf,6.111425876617432,nan,14.968591875007405,inf
1762,6.399449825286865,nan,16.26113622496996,inf,6.189605236053467,nan,14.935654256019916,inf,6.282451629638672,nan,15.311962162963027,inf,6.930132865905762,nan,38.5901685079898,inf,9.544408798217773,nan,98.21143458800725,inf,8.132526397705078,nan,9.275201421007296,inf,6.356342315673828,nan,14.817831880014637,inf,6.42031192779541,nan,14.769463567079583,inf,6.1491827964782715,nan,14.972076479007228,inf
1763,7.601099014282227,nan,16.26471146996846,inf,7.436385631561279,nan,14.939084870020451,inf,7.65826416015625,nan,15.315394196963098,inf,7.785081386566162,nan,38.61355377498876,inf,9.733205795288086,nan,98.26506262900693,inf,8.115121841430664,nan,9.281270408007913,inf,7.798617839813232,nan,14.821482646015284,inf,7.524294376373291,nan,14.772994352078967,inf,7.5552449226379395,nan,14.975643325007695,inf
1764,5.01804256439209,nan,16.268260554968947,inf,5.1461992263793945,nan,14.94260568502068,inf,5.140680313110352,nan,15.318973231964264,inf,6.049370765686035,nan,38.634259917989766,inf,9.094969749450684,nan,98.31838121600777,inf,6.331103324890137,nan,9.286419913007194,inf,5.569328784942627,nan,14.825114952014701,inf,5.5149335861206055,nan,14.776549547077593,inf,5.341257095336914,nan,14.97919329000797,inf
1765,7.1199445724487305,nan,16.271792739969897,inf,7.0811872482299805,nan,14.946246241021072,inf,7.22065544128418,nan,15.322456655963833,inf,8.023735046386719,nan,38.65434940299019,inf,9.72408676147461,nan,98.37030432500796,inf,7.987107753753662,nan,9.29156847800732,inf,7.457746505737305,nan,14.828728518014032,inf,7.282766819000244,nan,14.780075362077696,inf,7.3601837158203125,nan,14.982720775007692,inf
1766,6.5569305419921875,nan,16.275338314970213,inf,6.332681655883789,nan,14.949762146021385,inf,6.377761363983154,nan,15.326055100964368,inf,7.20616340637207,nan,38.67416491398944,inf,9.475031852722168,nan,98.42119919100878,inf,7.466165065765381,nan,9.296459980008876,inf,6.68943452835083,nan,14.832160562014906,inf,6.6476616859436035,nan,14.783473225077614,inf,6.605190277099609,nan,14.986297930006913,inf
1767,6.8777971267700195,nan,16.27877375896969,inf,6.828293800354004,nan,14.953417423021165,inf,6.870462417602539,nan,15.329929079964131,inf,7.422979354858398,nan,38.694894007991024,inf,9.530092239379883,nan,98.47397767100847,inf,7.792724132537842,nan,9.301695796008062,inf,7.143099784851074,nan,14.83615890301553,inf,7.1579179763793945,nan,14.78728307307756,inf,7.052465438842773,nan,14.989971257005891,inf
1768,6.889758110046387,nan,16.282416914969872,inf,6.913320541381836,nan,14.956908877020396,inf,6.872297763824463,nan,15.333657796963962,inf,7.48020076751709,nan,38.71560370099178,inf,9.924415588378906,nan,98.52597175100891,inf,7.897197723388672,nan,9.306604738007081,inf,7.052855491638184,nan,14.839896671015595,inf,6.970270156860352,nan,14.790891019076298,inf,7.056199073791504,nan,14.99358348300666,inf
1769,7.393191337585449,nan,16.286001559970828,inf,7.255252838134766,nan,14.960474662020715,inf,7.382407188415527,nan,15.337239812963162,inf,7.887332916259766,nan,38.73593335899204,inf,9.867535591125488,nan,98.5776209560081,inf,7.637541770935059,nan,9.311499720006395,inf,7.380290985107422,nan,14.84347485701619,inf,7.299034595489502,nan,14.794435644076657,inf,7.346222877502441,nan,14.997279370007163,inf
1770,5.864632606506348,nan,16.289549544972033,inf,6.128142833709717,nan,14.964137568020305,inf,6.018052101135254,nan,15.340698766962305,inf,6.664793968200684,nan,38.755989332990794,inf,9.698843002319336,nan,98.62950578400887,inf,7.159577369689941,nan,9.316500514007203,inf,5.971571922302246,nan,14.84689742001683,inf,6.109890937805176,nan,14.797844228076428,inf,5.949542045593262,nan,15.000720753007045,inf
1771,7.049457550048828,nan,16.293019849970733,inf,6.940194606781006,nan,14.967545981020521,inf,6.995724678039551,nan,15.344201340963991,inf,7.127557754516602,nan,38.77609551799105,inf,9.540704727172852,nan,98.680670723008,inf,7.618448257446289,nan,9.322970596007508,inf,7.231903076171875,nan,14.851484628017715,inf,7.147498607635498,nan,14.801751328075625,inf,7.13668966293335,nan,15.004668443007176,inf
1772,5.5130205154418945,nan,16.29679929797021,inf,5.43847131729126,nan,14.97127361801904,inf,5.629030704498291,nan,15.347921337963271,inf,6.467846870422363,nan,38.79792613499194,inf,9.108051300048828,nan,98.73442641600741,inf,6.6648454666137695,nan,9.327995710007599,inf,5.961263656616211,nan,14.855110724016413,inf,5.791654109954834,nan,14.805289753076067,inf,5.638330459594727,nan,15.008197598008337,inf
1773,5.466427803039551,nan,16.300381533968903,inf,5.338125228881836,nan,14.974731622018226,inf,5.428333282470703,nan,15.351521923961627,inf,6.217587471008301,nan,38.817961768991154,inf,9.222591400146484,nan,98.78647491600714,inf,6.352267265319824,nan,9.333011704007731,inf,5.649211406707764,nan,14.858806851016197,inf,5.4873223304748535,nan,14.808869838076134,inf,5.413188457489014,nan,15.011774623008023,inf
1774,7.243913173675537,nan,16.303973129968654,inf,7.148460388183594,nan,14.97828793701774,inf,7.350217819213867,nan,15.355090338962327,inf,7.849557876586914,nan,38.83794211199165,inf,9.53682804107666,nan,98.83832542400705,inf,8.30971622467041,nan,9.337894046007932,inf,7.545045375823975,nan,14.862237304016162,inf,7.274394989013672,nan,14.812288261075082,inf,7.3152265548706055,nan,15.015339159006544,inf
1775,5.258734703063965,nan,16.307378552968657,inf,5.193630695343018,nan,14.98179428201729,inf,5.241210460662842,nan,15.358595082963802,inf,6.036874771118164,nan,38.85798977599006,inf,9.15091609954834,nan,98.88935178100655,inf,6.152132987976074,nan,9.342803568008094,inf,5.213739395141602,nan,14.865653377015406,inf,5.222565174102783,nan,14.815688505073922,inf,5.37338924407959,nan,15.018906244005848,inf
1776,5.394674777984619,nan,16.3108062759693,inf,4.989083290100098,nan,14.98531873601678,inf,5.1759867668151855,nan,15.362159877964586,inf,6.099937438964844,nan,38.877997919989866,inf,9.464393615722656,nan,98.94063588200697,inf,6.409955024719238,nan,9.347769661007987,inf,5.565054893493652,nan,14.869257002015729,inf,5.50527286529541,nan,14.819194590072584,inf,5.513981342315674,nan,15.022442129005867,inf
1777,5.527771949768066,nan,16.314405660968987,inf,5.369847774505615,nan,14.988854471015657,inf,5.341459274291992,nan,15.365787513965188,inf,6.213514804840088,nan,38.89826847698896,inf,9.329578399658203,nan,98.99144299700674,inf,6.539811134338379,nan,9.352818324008695,inf,5.743247985839844,nan,14.8727430970157,inf,5.533999443054199,nan,14.822646733071451,inf,5.612878799438477,nan,15.025910443006069,inf
1778,7.307027816772461,nan,16.31791614596841,inf,7.32741641998291,nan,14.992318955015435,inf,7.356802940368652,nan,15.36936901896479,inf,7.436100482940674,nan,38.922420643990336,inf,9.656968116760254,nan,99.04825364900717,inf,7.807849884033203,nan,9.357955189008862,inf,7.512986660003662,nan,14.876737968015732,inf,7.478328704833984,nan,14.826601513072092,inf,7.473768711090088,nan,15.030133626005409,inf
1779,7.163190841674805,nan,16.32302832096866,inf,7.3388471603393555,nan,14.997332539014678,inf,7.434948921203613,nan,15.373537311965265,inf,7.922736167907715,nan,38.94275996299075,inf,9.910013198852539,nan,99.10007199700703,inf,8.425111770629883,nan,9.363876024008277,inf,7.415875434875488,nan,14.880511556015335,inf,7.520389080047607,nan,14.830284560073778,inf,7.381062030792236,nan,15.033801342005972,inf
1780,6.882223606109619,nan,16.326702427968485,inf,6.763354301452637,nan,15.000892064013897,inf,6.938666343688965,nan,15.377114586965035,inf,7.270236015319824,nan,38.96387524099009,inf,9.565370559692383,nan,99.15833889700662,inf,7.642032623291016,nan,9.369821200009028,inf,6.934596061706543,nan,14.884085212015634,inf,6.931131362915039,nan,14.833777754072798,inf,6.98429012298584,nan,15.037479688005988,inf
1781,6.389975070953369,nan,16.33021798296977,inf,6.343950271606445,nan,15.004485049013965,inf,6.4627766609191895,nan,15.380585561964836,inf,6.696023941040039,nan,38.986416446990916,inf,9.417964935302734,nan,99.21411462500691,inf,7.078243255615234,nan,9.37543229100811,inf,6.409261703491211,nan,14.887587886016263,inf,6.282303333282471,nan,14.837222418072997,inf,6.301337242126465,nan,15.04112854500454,inf
1782,6.713860511779785,nan,16.33372255796894,inf,6.618561744689941,nan,15.008060665013545,inf,6.568024635314941,nan,15.38406281596508,inf,6.844645023345947,nan,39.00873504099036,inf,9.333813667297363,nan,99.26997623400712,inf,7.643632888793945,nan,9.380339273007849,inf,6.751725196838379,nan,14.891148821016031,inf,6.754175662994385,nan,14.840739723073057,inf,6.5134196281433105,nan,15.04465051000443,inf
1783,6.000579833984375,nan,16.33725354296803,inf,5.786914825439453,nan,15.01157435901223,inf,5.875618934631348,nan,15.38764189196445,inf,6.446286678314209,nan,39.02845950099072,inf,9.335006713867188,nan,99.3243422540072,inf,6.7958478927612305,nan,9.386256669007707,inf,5.821915626525879,nan,14.894664225015731,inf,5.8906636238098145,nan,14.844168377072492,inf,5.925686836242676,nan,15.0482234850042,inf
1784,5.625034332275391,nan,16.340736237969395,inf,5.854142665863037,nan,15.015102114011825,inf,5.874014854431152,nan,15.391293347964165,inf,6.09931755065918,nan,39.053981474989996,inf,8.975834846496582,nan,99.38510332500846,inf,6.219425201416016,nan,9.393237397007397,inf,5.92204475402832,nan,14.899872251016859,inf,5.809993267059326,nan,14.848539593072928,inf,5.81689453125,nan,15.052804513003139,inf
1785,6.054437637329102,nan,16.344987621969267,inf,6.079730033874512,nan,15.019192976011254,inf,5.9953813552856445,nan,15.395386149964907,inf,6.918013095855713,nan,39.079498298990075,inf,9.760735511779785,nan,99.45278743400922,inf,7.421622276306152,nan,9.398594425008923,inf,6.195209503173828,nan,14.903967573016416,inf,6.365837097167969,nan,14.852395932071886,inf,6.269153118133545,nan,15.05659369100249,inf
1786,6.451932430267334,nan,16.350194617969464,inf,6.412484169006348,nan,15.024483203011187,inf,6.412846088409424,nan,15.400784658964767,inf,6.885867118835449,nan,39.09861079199072,inf,9.269221305847168,nan,99.51791393100757,inf,7.235140800476074,nan,9.404060134009342,inf,6.513442039489746,nan,14.908080185015933,inf,6.580141067504883,nan,14.856230421071814,inf,6.529999256134033,nan,15.06069310300336,inf
1787,6.192118167877197,nan,16.354698524970445,inf,6.1410675048828125,nan,15.02882153801147,inf,6.163613319396973,nan,15.405495267963488,inf,7.1714324951171875,nan,39.12129861999165,inf,9.780306816101074,nan,99.57848054900751,inf,7.893365859985352,nan,9.409501463009292,inf,6.4869794845581055,nan,14.91215532701608,inf,6.325497150421143,nan,14.860117361071389,inf,6.2979302406311035,nan,15.06470626400187,inf
1788,5.588677406311035,nan,16.35912273096983,inf,5.566850662231445,nan,15.033081332010624,inf,5.5742411613464355,nan,15.409857922963056,inf,5.938897132873535,nan,39.14229990599051,inf,9.281314849853516,nan,99.63988150800833,inf,6.0803327560424805,nan,9.415949055008241,inf,5.781187057495117,nan,14.916270469017036,inf,5.5902099609375,nan,14.86403467107084,inf,5.656893253326416,nan,15.068693875002282,inf
1789,6.3262553215026855,nan,16.363349193970862,inf,6.2525224685668945,nan,15.037132054010726,inf,6.241171836853027,nan,15.413949114963543,inf,6.838115215301514,nan,39.16549314099029,inf,9.618959426879883,nan,99.70265561500855,inf,7.124663352966309,nan,9.422267815007217,inf,6.315576553344727,nan,14.920525563016781,inf,6.308781147003174,nan,14.868999734071622,inf,6.317236423492432,nan,15.073288654002681,inf
1790,5.237054824829102,nan,16.367892970971297,inf,5.221801280975342,nan,15.041757242010135,inf,5.268387317657471,nan,15.418357030963307,inf,5.774121284484863,nan,39.188043126989214,inf,9.427459716796875,nan,99.76463908200822,inf,6.347745895385742,nan,9.427646393007308,inf,5.225615978240967,nan,14.924427443016612,inf,5.1844482421875,nan,14.872685281072336,inf,5.2807416915893555,nan,15.07688636000239,inf
1791,5.5355353355407715,nan,16.371443906971763,inf,5.54181432723999,nan,15.045417919009196,inf,5.546921730041504,nan,15.421879725963663,inf,6.253569602966309,nan,39.21037823098959,inf,9.435142517089844,nan,99.82143834300769,inf,6.657342910766602,nan,9.433831361007833,inf,5.581042289733887,nan,14.928088260016011,inf,5.580167770385742,nan,14.876228905071912,inf,5.63045597076416,nan,15.08042685500186,inf
1792,7.314182758331299,nan,16.374944831972243,inf,7.194303512573242,nan,15.048949534009807,inf,7.221504211425781,nan,15.425497331963925,inf,8.026071548461914,nan,39.23125305599024,inf,9.76140022277832,nan,99.87827950500832,inf,7.586680889129639,nan,9.439467132007849,inf,7.205463409423828,nan,14.932255113017163,inf,7.175601005554199,nan,14.88007433407256,inf,7.291563987731934,nan,15.084102942000754,inf
1793,7.54530143737793,nan,16.37858897797196,inf,7.533326625823975,nan,15.0524501990094,inf,7.52235221862793,nan,15.429091187963422,inf,7.679831504821777,nan,39.25188325698946,inf,9.604571342468262,nan,99.92972164800813,inf,7.971866607666016,nan,9.444412315007867,inf,7.584733486175537,nan,14.935843788016427,inf,7.58420467376709,nan,14.883602899071775,inf,7.646429061889648,nan,15.087635477000731,inf
1794,6.360180854797363,nan,16.382166733972554,inf,6.241171836853027,nan,15.05591051301053,inf,6.155511379241943,nan,15.432668582963743,inf,6.438051700592041,nan,39.272004741987985,inf,9.415374755859375,nan,99.98018127800788,inf,7.269667625427246,nan,9.44982438300758,inf,6.403407096862793,nan,14.939539725015493,inf,6.334321022033691,nan,14.887188244070785,inf,6.328866004943848,nan,15.09123719300078,inf
1795,6.309684753417969,nan,16.385817609972946,inf,6.299045085906982,nan,15.05940303701027,inf,6.335824966430664,nan,15.436316079963945,inf,7.03282356262207,nan,39.29481562098954,inf,9.483877182006836,nan,100.03455848800695,inf,6.986298561096191,nan,9.45495986800779,inf,6.501333236694336,nan,14.943041700016693,inf,6.641414642333984,nan,14.890626448071998,inf,6.624454498291016,nan,15.094696807002038,inf
1796,4.723870277404785,nan,16.389303253972685,inf,4.516211032867432,nan,15.06279866001023,inf,4.621673583984375,nan,15.439806714963197,inf,5.632575988769531,nan,39.31779825298872,inf,8.981388092041016,nan,100.0911001360073,inf,5.547151565551758,nan,9.460516688008283,inf,4.655689716339111,nan,14.946973670015723,inf,4.744161605834961,nan,14.894321335072163,inf,4.5332818031311035,nan,15.098363883002094,inf
1797,5.945290565490723,nan,16.39287644997421,inf,5.907559394836426,nan,15.066488627009676,inf,6.00289249420166,nan,15.443317378962092,inf,6.613997459411621,nan,39.33852898598707,inf,8.930298805236816,nan,100.14519933300653,inf,6.442156791687012,nan,9.467009681007767,inf,6.083805084228516,nan,14.951351535017238,inf,5.956453800201416,nan,14.89824293507263,inf,6.178867340087891,nan,15.102177602002484,inf
1798,6.4188642501831055,nan,16.39660726697366,inf,6.54863166809082,nan,15.070148953009266,inf,6.4091691970825195,nan,15.446868083963636,inf,6.585714340209961,nan,39.362154095986625,inf,9.220296859741211,nan,100.19902948600611,inf,6.533422946929932,nan,9.472275178008204,inf,6.363158702850342,nan,14.955243595017237,inf,6.404737949371338,nan,14.901927602071737,inf,6.47743034362793,nan,15.105807938001817,inf
1799,5.501469135284424,nan,16.400192321974828,inf,5.334864616394043,nan,15.073647407009048,inf,5.523604869842529,nan,15.450520099964706,inf,6.801047325134277,nan,39.38431929698709,inf,9.581611633300781,nan,100.25541722200614,inf,7.332851409912109,nan,9.477508674008277,inf,6.091701030731201,nan,14.95958071001769,inf,6.211826324462891,nan,14.905973183071183,inf,5.695488929748535,nan,15.109983631002251,inf
1800,5.739554405212402,7.396977424621582,16.404670668975086,inf,5.655239582061768,6.462944030761719,15.077462786008255,inf,5.650063514709473,6.081874847412109,15.454242016965509,inf,6.123561859130859,8.025365829467773,39.401189970987616,inf,9.177324295043945,9.46126937866211,100.31064192300619,inf,6.344010353088379,6.842085838317871,9.48313612500715,inf,5.88967227935791,7.280808448791504,14.96344242901796,inf,5.702510833740234,7.162075519561768,14.909676700070122,inf,5.814019203186035,6.990128517150879,15.113632087000951,inf
1801,5.999963760375977,nan,16.40828503497505,inf,5.90541410446167,nan,15.081046162009443,inf,5.953159332275391,nan,15.457897352966029,inf,7.071090221405029,nan,39.424379914988094,inf,9.666461944580078,nan,100.37083725700722,inf,7.358586311340332,nan,9.488503223008593,inf,6.346067905426025,nan,14.967175956018764,inf,6.372983932495117,nan,14.913310136069413,inf,6.307508945465088,nan,15.11727415400128,inf
1802,5.672487258911133,nan,16.411915531974955,inf,5.748112678527832,nan,15.084591437011113,inf,5.738369941711426,nan,15.461400597965621,inf,6.576140403747559,nan,39.44634511398908,inf,9.108917236328125,nan,100.43136534500809,inf,7.142508029937744,nan,9.49447581800814,inf,6.005444526672363,nan,14.970905293017495,inf,6.056593894958496,nan,14.916889342068316,inf,5.867420196533203,nan,15.12084767000124,inf
1803,6.786070823669434,nan,16.415476776975993,inf,6.683472633361816,nan,15.088315744011197,inf,6.78179931640625,nan,15.464986343964483,inf,7.067138671875,nan,39.468314522988294,inf,9.605245590209961,nan,100.4844611490098,inf,7.370770454406738,nan,9.499581203008347,inf,6.540956974029541,nan,14.974318216018219,inf,6.720381736755371,nan,14.920271785069417,inf,6.503753662109375,nan,15.124268673002007,inf
1804,6.567955017089844,nan,16.41889113997604,inf,6.547653675079346,nan,15.091851299011978,inf,6.548290729522705,nan,15.468439557964302,inf,6.875870704650879,nan,39.48833270698924,inf,9.356554985046387,nan,100.53616199600947,inf,7.034646987915039,nan,9.50449932500851,inf,6.509937286376953,nan,14.977916672018182,inf,6.743422508239746,nan,14.923816430069564,inf,6.510958671569824,nan,15.127800418002153,inf
1805,6.4066362380981445,nan,16.42243827497623,inf,6.186511516571045,nan,15.095390213011342,inf,6.212059020996094,nan,15.472041182963949,inf,6.725603103637695,nan,39.508269889989606,inf,9.291595458984375,nan,100.58783235200826,inf,6.935240745544434,nan,9.509390197008543,inf,6.593850135803223,nan,14.981332386019858,inf,6.407619953155518,nan,14.927190153070114,inf,6.515253067016602,nan,15.131227711000975,inf
1806,6.045254707336426,nan,16.42583537797509,inf,5.74973201751709,nan,15.098960319010075,inf,5.780458927154541,nan,15.475454605963023,inf,6.498598098754883,nan,39.52807219198985,inf,9.277372360229492,nan,100.63980634200743,inf,7.270114421844482,nan,9.514957397008402,inf,6.213981628417969,nan,14.984854860020278,inf,6.193134784698486,nan,14.930649677071415,inf,6.251992225646973,nan,15.134820817000218,inf
1807,5.628914833068848,nan,16.429314921975674,inf,5.675952911376953,nan,15.102455303009265,inf,5.7686872482299805,nan,15.479129831963292,inf,6.603277683258057,nan,39.54793524398883,inf,9.424427032470703,nan,100.69154795900795,inf,6.790379524230957,nan,9.51993532000779,inf,5.779539108276367,nan,14.988379785021607,inf,5.817646026611328,nan,14.934173841071242,inf,5.880992889404297,nan,15.138369571999647,inf
1808,5.967973709106445,nan,16.43288205697536,inf,5.9699907302856445,nan,15.106161420009812,inf,5.963488578796387,nan,15.482726316964545,inf,6.857206344604492,nan,39.567900816988185,inf,9.436563491821289,nan,100.74361833000876,inf,7.082028388977051,nan,9.525831725006356,inf,5.967825889587402,nan,14.992572468021535,inf,6.120082378387451,nan,14.937888178070352,inf,5.937597274780273,nan,15.141879586999494,inf
1809,6.661160469055176,nan,16.436411721975674,inf,6.377366065979004,nan,15.109667915008686,inf,6.613204002380371,nan,15.486308701963935,inf,7.090929985046387,nan,39.5907684679878,inf,9.484888076782227,nan,100.80558139600907,inf,7.546563148498535,nan,9.531306485005189,inf,6.726833343505859,nan,14.996840272020563,inf,6.693489074707031,nan,14.94144462307122,inf,6.698394775390625,nan,15.145400432000315,inf
1810,5.951033592224121,nan,16.439935746975607,inf,5.786666393280029,nan,15.113490084007935,inf,5.856292724609375,nan,15.490100769964556,inf,6.939916610717773,nan,39.611939456986875,inf,9.451446533203125,nan,100.86562900800891,inf,7.261027812957764,nan,9.536320189004982,inf,6.179993629455566,nan,15.001126746019509,inf,5.929879188537598,nan,14.945397273071649,inf,6.001376152038574,nan,15.149572955000622,inf
1811,6.534331321716309,nan,16.443801785975666,inf,6.605984210968018,nan,15.11735993300681,inf,6.480996131896973,nan,15.49368397496437,inf,7.342773914337158,nan,39.63226371498786,inf,9.516497611999512,nan,100.9226543120094,inf,7.300382137298584,nan,9.541602966004575,inf,6.742136001586914,nan,15.005007735020627,inf,6.798388957977295,nan,14.949077340072108,inf,6.597899436950684,nan,15.153235630999916,inf
1812,6.692287921905518,nan,16.44742398197559,inf,6.615175247192383,nan,15.120944029005841,inf,6.7381696701049805,nan,15.497344930965482,inf,7.478457450866699,nan,39.65500103398699,inf,9.454139709472656,nan,100.97670416800975,inf,7.425021171569824,nan,9.547546481006066,inf,6.7265191078186035,nan,15.009033146021466,inf,6.655657768249512,nan,14.952818317073252,inf,6.719407081604004,nan,15.156954867999957,inf
1813,5.788090705871582,nan,16.452095731976442,inf,5.842491626739502,nan,15.125356315005774,inf,5.766537666320801,nan,15.501137748964538,inf,6.68613338470459,nan,39.67518053998538,inf,9.298784255981445,nan,101.02993210400928,inf,7.169001579284668,nan,9.552739086006113,inf,5.999213218688965,nan,15.013331901020138,inf,5.885914325714111,nan,14.956669656074155,inf,5.9019775390625,nan,15.1613354730016,inf
1814,5.2602643966674805,nan,16.455924769976264,inf,5.160665988922119,nan,15.129118302005736,inf,5.337230682373047,nan,15.506145911966087,inf,6.36943244934082,nan,39.69626837798569,inf,9.28258991241455,nan,101.08377053801087,inf,6.868529796600342,nan,9.557994893006253,inf,5.97041130065918,nan,15.017372392019752,inf,5.92751407623291,nan,14.960430594073841,inf,5.478745937347412,nan,15.165049130002444,inf
1815,6.991241455078125,nan,16.459598255976744,inf,6.8454484939575195,nan,15.132663477004826,inf,6.814119338989258,nan,15.509788777966605,inf,7.5461530685424805,nan,39.72034792398517,inf,9.478344917297363,nan,101.13602306101166,inf,7.632133483886719,nan,9.562949976005257,inf,7.053718566894531,nan,15.021109209019414,inf,6.907959938049316,nan,14.964111011073328,inf,6.91898250579834,nan,15.168668956002875,inf
1816,6.15932559967041,nan,16.463244772976395,inf,6.235119819641113,nan,15.13634522400389,inf,6.232623100280762,nan,15.514035431966477,inf,6.361243724822998,nan,39.741456181985995,inf,9.282320022583008,nan,101.19054342301206,inf,6.6435089111328125,nan,9.568070291004915,inf,6.040826320648193,nan,15.024972378017992,inf,6.057217121124268,nan,14.967833968074046,inf,6.0717668533325195,nan,15.172415364002518,inf
1817,5.936983108520508,nan,16.466955839976436,inf,5.887807846069336,nan,15.140055531002872,inf,6.00398588180542,nan,15.517879489965708,inf,6.2792439460754395,nan,39.7624272879857,inf,9.123537063598633,nan,101.24646260301051,inf,6.421249866485596,nan,9.57408061800379,inf,6.1843461990356445,nan,15.029733458019109,inf,6.231417655944824,nan,14.972274754074533,inf,6.123741149902344,nan,15.176629668003443,inf
1818,6.456330299377441,nan,16.471346715976324,inf,6.521542072296143,nan,15.14454113800275,inf,6.396254539489746,nan,15.522368376967279,inf,7.086617469787598,nan,39.78531803898659,inf,9.44384765625,nan,101.30613734001054,inf,7.216706275939941,nan,9.580246487004842,inf,6.506691932678223,nan,15.034047293018375,inf,6.579830169677734,nan,14.976262524072808,inf,6.464580535888672,nan,15.180460057003074,inf
1819,5.785517692565918,nan,16.475223484976596,inf,5.5093913078308105,nan,15.148548439003207,inf,5.78736686706543,nan,15.526241386965921,inf,6.374838352203369,nan,39.80574908798735,inf,9.075703620910645,nan,101.35806940901057,inf,6.662542343139648,nan,9.585208080005032,inf,5.985595703125,nan,15.037815370018507,inf,5.958308696746826,nan,14.979925500072568,inf,5.866191387176514,nan,15.18409288300245,inf
1820,6.317244529724121,nan,16.478797579975435,inf,6.2264790534973145,nan,15.152109275002658,inf,6.4281158447265625,nan,15.52978479196645,inf,7.235172748565674,nan,39.82648274098574,inf,9.453156471252441,nan,101.41407099001117,inf,7.3745622634887695,nan,9.591125775004912,inf,6.498600006103516,nan,15.042130995017942,inf,6.442797660827637,nan,14.984507488072268,inf,6.4202728271484375,nan,15.188428588002353,inf
1821,7.642558574676514,nan,16.482796700975086,inf,7.3962860107421875,nan,15.156416190004165,inf,7.552181720733643,nan,15.533736971965482,inf,7.7001495361328125,nan,39.84753255798569,inf,9.666244506835938,nan,101.47023283301132,inf,8.246689796447754,nan,9.597309973003576,inf,7.618133068084717,nan,15.046515191017534,inf,7.677847385406494,nan,14.988232295072521,inf,7.662373065948486,nan,15.192787943002259,inf
1822,6.013736724853516,nan,16.486596469974756,inf,5.831316947937012,nan,15.160097957003018,inf,5.8370361328125,nan,15.537514099965847,inf,6.293920516967773,nan,39.86898340998596,inf,9.225730895996094,nan,101.5224877460114,inf,6.974116802215576,nan,9.602330327004893,inf,6.170578956604004,nan,15.050405371017405,inf,6.143568992614746,nan,14.991918182073277,inf,6.083723545074463,nan,15.196469550000984,inf
1823,6.947222709655762,nan,16.490250675975403,inf,7.033720016479492,nan,15.163762723002947,inf,7.058079719543457,nan,15.541122075966996,inf,7.687559127807617,nan,39.888935162985945,inf,9.645082473754883,nan,101.5814955750102,inf,8.265405654907227,nan,9.608080890006022,inf,7.264554023742676,nan,15.054649074018016,inf,7.060760974884033,nan,14.995806322072895,inf,7.169805526733398,nan,15.200163587001953,inf
1824,7.546202182769775,nan,16.493969453975296,inf,7.535816669464111,nan,15.167339659003119,inf,7.522531032562256,nan,15.544888633967275,inf,7.647926330566406,nan,39.90901640798438,inf,9.349028587341309,nan,101.63815000401155,inf,7.794856071472168,nan,9.613452068006154,inf,7.404489517211914,nan,15.059267193017149,inf,7.549832820892334,nan,14.99986389307196,inf,7.624922752380371,nan,15.204055956000957,inf
1825,7.379534721374512,nan,16.497765431975495,inf,7.286192893981934,nan,15.17107415600367,inf,7.368995189666748,nan,15.54858574096761,inf,7.664995193481445,nan,39.929322825984855,inf,9.552789688110352,nan,101.69296260001283,inf,8.216742515563965,nan,9.618587383007252,inf,7.344887733459473,nan,15.062834719015882,inf,7.4726481437683105,nan,15.003366468072272,inf,7.40220832824707,nan,15.207586591001018,inf
1826,6.596238613128662,nan,16.50126932697458,inf,6.608525276184082,nan,15.174693162003678,inf,6.473985195159912,nan,15.552090574967224,inf,6.713973045349121,nan,39.949793385985686,inf,9.405736923217773,nan,101.75724304601317,inf,7.14155387878418,nan,9.625625312008196,inf,6.5633864402771,nan,15.067556619014795,inf,6.685454368591309,nan,15.007255737073137,inf,6.539767742156982,nan,15.211815085000126,inf
1827,5.9187331199646,nan,16.5053828089749,inf,6.179264068603516,nan,15.178380158002255,inf,6.212848663330078,nan,15.555771721967176,inf,6.146093368530273,nan,39.96956373698595,inf,9.02733039855957,nan,101.80915603401263,inf,6.575633525848389,nan,9.630495574008819,inf,6.167990684509277,nan,15.07105446301648,inf,6.130550861358643,nan,15.010698631072955,inf,6.074418067932129,nan,15.215458300999671,inf
1828,5.542819023132324,nan,16.50883860297472,inf,5.2867865562438965,nan,15.18205445500098,inf,5.396998882293701,nan,15.559290755967595,inf,6.160564422607422,nan,39.99095507898528,inf,9.481511116027832,nan,101.86535236701275,inf,6.325011253356934,nan,9.636787744007961,inf,5.318291187286377,nan,15.074762440015547,inf,5.462891578674316,nan,15.01428422607205,inf,5.6073174476623535,nan,15.219043117000183,inf
1829,6.612323760986328,nan,16.512593429974004,inf,6.667421340942383,nan,15.185642650001682,inf,6.730841159820557,nan,15.562906901966926,inf,7.15034818649292,nan,40.011147264984174,inf,9.487920761108398,nan,101.92030613501265,inf,7.915012836456299,nan,9.641948459007835,inf,6.718894958496094,nan,15.078292165015228,inf,6.771208763122559,nan,15.01778794107122,inf,6.703381538391113,nan,15.222661052999683,inf
1830,6.305734634399414,nan,16.516374527973312,inf,6.32080078125,nan,15.191035888001352,inf,6.482538223266602,nan,15.567206735966465,inf,7.415589332580566,nan,40.03654056798405,inf,9.731246948242188,nan,101.98394468301376,inf,7.637017250061035,nan,9.649436304007395,inf,6.4844865798950195,nan,15.086059644014313,inf,6.28284215927124,nan,15.024477276072503,inf,6.316624641418457,nan,15.229150324999864,inf
1831,6.129956245422363,nan,16.52271736797229,inf,6.053138732910156,nan,15.198219359001087,inf,6.128954887390137,nan,15.572852137967857,inf,6.5778045654296875,nan,40.0613710829839,inf,9.304161071777344,nan,102.05191668601401,inf,7.127024173736572,nan,9.656586234006681,inf,6.47794246673584,nan,15.09128498001337,inf,6.425687789916992,nan,15.028736880072756,inf,6.415028095245361,nan,15.233858505000171,inf
1832,5.593501091003418,nan,16.526931550972222,inf,5.541258811950684,nan,15.203530987000704,inf,5.710644721984863,nan,15.579586373967686,inf,6.192356586456299,nan,40.0861961379851,inf,9.189477920532227,nan,102.11300289201426,inf,6.247314929962158,nan,9.662461348007128,inf,5.508884906768799,nan,15.095651405013996,inf,5.481802463531494,nan,15.033154776072479,inf,5.653371810913086,nan,15.239221043000725,inf
1833,6.632794380187988,nan,16.531294595972213,inf,6.544589996337891,nan,15.20762121900043,inf,6.6333513259887695,nan,15.58349941396773,inf,6.916684150695801,nan,40.106540046985174,inf,9.525352478027344,nan,102.16461877701477,inf,7.261043548583984,nan,9.667317380006352,inf,6.658519744873047,nan,15.09923091001292,inf,6.592496871948242,nan,15.036724921072164,inf,6.480709075927734,nan,15.242784007999944,inf
1834,7.1448588371276855,nan,16.534847320972403,inf,7.074397563934326,nan,15.211086073000843,inf,7.119613170623779,nan,15.58707052896716,inf,7.734057426452637,nan,40.12630362798518,inf,9.513051986694336,nan,102.21518582901444,inf,8.117817878723145,nan,9.672582976007106,inf,7.296393394470215,nan,15.103120459012644,inf,7.289250373840332,nan,15.040473109072991,inf,7.294339179992676,nan,15.246456664999641,inf
1835,5.732896327972412,nan,16.538493866972203,inf,5.684566974639893,nan,15.21468354800163,inf,5.652612686157227,nan,15.59071509496789,inf,6.31248140335083,nan,40.14614111998344,inf,9.281668663024902,nan,102.26685489501506,inf,6.622929573059082,nan,9.677610120008467,inf,5.777483940124512,nan,15.106712765011252,inf,5.69680118560791,nan,15.043970794073175,inf,5.643986225128174,nan,15.249947958998746,inf
1836,6.513418197631836,nan,16.541986020971308,inf,6.3959856033325195,nan,15.218188072001794,inf,6.457058429718018,nan,15.594376210967312,inf,7.228546142578125,nan,40.165939531983895,inf,9.475756645202637,nan,102.31852246101516,inf,6.983865261077881,nan,9.682449802008705,inf,6.684285640716553,nan,15.110245850011779,inf,6.5419921875,nan,15.047468729073444,inf,6.695161819458008,nan,15.253519794998283,inf
1837,8.24129867553711,nan,16.545585556970764,inf,8.18682861328125,nan,15.221727107000333,inf,8.095294952392578,nan,15.597959366967189,inf,8.493437767028809,nan,40.18562953198489,inf,9.744691848754883,nan,102.36976387201503,inf,8.87363338470459,nan,9.687327364008524,inf,8.164535522460938,nan,15.113885776012467,inf,8.109431266784668,nan,15.050930613073433,inf,8.051427841186523,nan,15.257033388998025,inf
1838,5.9205145835876465,nan,16.549073170970587,inf,5.792054653167725,nan,15.22517714100104,inf,6.00324821472168,nan,15.601596002967199,inf,6.545120716094971,nan,40.20773678198566,inf,9.198322296142578,nan,102.42470332901576,inf,6.621517181396484,nan,9.692703483009609,inf,6.277198791503906,nan,15.11784340601298,inf,6.18698263168335,nan,15.054661630072587,inf,6.241514682769775,nan,15.26078214699919,inf
1839,6.403961181640625,nan,16.552802957969107,inf,6.104556560516357,nan,15.228794547001598,inf,6.200201988220215,nan,15.60526245996698,inf,6.974935054779053,nan,40.23170980598479,inf,9.194536209106445,nan,102.48207989701586,inf,7.441707611083984,nan,9.697830068009353,inf,6.565620422363281,nan,15.121819827012587,inf,6.394004821777344,nan,15.058377117073178,inf,6.34593391418457,nan,15.264448993997576,inf
1840,7.0391845703125,nan,16.556411193967506,inf,6.94775390625,nan,15.232369212002595,inf,7.0502424240112305,nan,15.60886089496671,inf,7.091743469238281,nan,40.25448818498444,inf,9.442625045776367,nan,102.53864642501685,inf,7.779017448425293,nan,9.703113335008311,inf,7.068963050842285,nan,15.125891169012903,inf,7.084136009216309,nan,15.06220455507173,inf,7.099184036254883,nan,15.268139920997783,inf
1841,5.821900367736816,nan,16.560042119966965,inf,5.680891990661621,nan,15.235993308002435,inf,5.578447341918945,nan,15.612411389965928,inf,6.272834777832031,nan,40.274816152983476,inf,9.339592933654785,nan,102.59363529201619,inf,7.0198073387146,nan,9.708206040008008,inf,5.678173065185547,nan,15.130132343014338,inf,5.672255516052246,nan,15.065871851073098,inf,5.693942070007324,nan,15.271701245997974,inf
1842,7.735686779022217,nan,16.563568814966857,inf,7.567128658294678,nan,15.239481582002554,inf,7.600488662719727,nan,15.616036796966,inf,7.681906700134277,nan,40.29597366098278,inf,9.825096130371094,nan,102.64512770501642,inf,8.496551513671875,nan,9.713079232007658,inf,7.690828323364258,nan,15.133645418012748,inf,7.635888576507568,nan,15.06932366507317,inf,7.549493312835693,nan,15.275224470997273,inf
1843,5.943027973175049,nan,16.567034068966677,inf,5.8493757247924805,nan,15.243002887002149,inf,5.922337532043457,nan,15.619459649966302,inf,6.679729461669922,nan,40.315689401983036,inf,9.123591423034668,nan,102.69683524101674,inf,6.788768768310547,nan,9.717940714006545,inf,6.003735542297363,nan,15.137102322012652,inf,5.9476799964904785,nan,15.072743678074403,inf,6.003244400024414,nan,15.278696414998194,inf
1844,5.960310459136963,nan,16.570542712966926,inf,5.958410263061523,nan,15.246460431000742,inf,5.9289398193359375,nan,15.622849562965712,inf,6.751338005065918,nan,40.335249840982215,inf,9.593133926391602,nan,102.74790927901631,inf,7.10623836517334,nan,9.722830936005266,inf,6.349254608154297,nan,15.1404940950124,inf,6.32930850982666,nan,15.076106491074825,inf,6.199474334716797,nan,15.282247889997961,inf
1845,6.7637834548950195,nan,16.573927424966314,inf,6.791244029998779,nan,15.249833164001757,inf,6.753303050994873,nan,15.626345427965134,inf,7.561938285827637,nan,40.35488537098172,inf,9.614835739135742,nan,102.80009888201675,inf,7.574711322784424,nan,9.729762784005288,inf,7.2241315841674805,nan,15.14535522701226,inf,7.138206958770752,nan,15.080054921074407,inf,7.180463790893555,nan,15.286025157998665,inf
1846,6.792418956756592,nan,16.577545760965222,inf,6.696069240570068,nan,15.253354589001901,inf,6.787097930908203,nan,15.629907202965114,inf,7.683708190917969,nan,40.37476506298117,inf,9.46939468383789,nan,102.85229979401811,inf,7.845796585083008,nan,9.735101682004824,inf,7.014313697814941,nan,15.149437049012704,inf,6.932819843292236,nan,15.083844589074943,inf,6.964397430419922,nan,15.28976914499799,inf
1847,6.306899070739746,nan,16.58111295596609,inf,6.256106376647949,nan,15.256875764001961,inf,6.1903533935546875,nan,15.63341268696422,inf,7.402251720428467,nan,40.39598216198101,inf,9.52568244934082,nan,102.9041733520171,inf,7.163217544555664,nan,9.74012612500519,inf,6.505051136016846,nan,15.152906503011764,inf,6.489439010620117,nan,15.087283692075289,inf,6.440918445587158,nan,15.293207717997575,inf
1848,5.882396221160889,nan,16.584449177966235,inf,5.999085426330566,nan,15.260346688002755,inf,5.868803024291992,nan,15.636786069962909,inf,6.5247416496276855,nan,40.41567089197997,inf,9.286280632019043,nan,102.95629928301605,inf,6.809606552124023,nan,9.745159519005028,inf,5.874632358551025,nan,15.156407718011906,inf,5.9513444900512695,nan,15.090727156075445,inf,6.010963439941406,nan,15.296804353996777,inf
1849,6.902523994445801,nan,16.5879117719669,inf,6.887186050415039,nan,15.263938753003458,inf,6.875472068786621,nan,15.640290174962502,inf,7.171591758728027,nan,40.435143788979985,inf,9.4983549118042,nan,103.00676636301614,inf,7.663422107696533,nan,9.749959380005748,inf,6.738736152648926,nan,15.159813201013094,inf,6.705305099487305,nan,15.094118088076357,inf,6.6994476318359375,nan,15.300408009996318,inf
1850,6.213949203491211,nan,16.591365145966847,inf,6.173398971557617,nan,15.267510199002572,inf,6.1811089515686035,nan,15.643760588962323,inf,6.734100818634033,nan,40.454716346979694,inf,9.337287902832031,nan,103.0577354000161,inf,7.116483211517334,nan,9.754823551005757,inf,6.290728569030762,nan,15.16336168601265,inf,6.271446228027344,nan,15.097594112075967,inf,6.307307243347168,nan,15.304079966996142,inf
1851,7.9345526695251465,nan,16.594857959966248,inf,7.5528998374938965,nan,15.27116222600307,inf,7.898169994354248,nan,15.647301753961074,inf,9.278633117675781,nan,40.47431185497953,inf,9.863384246826172,nan,103.10836147301598,inf,8.893312454223633,nan,9.759673283006123,inf,8.098779678344727,nan,15.166762409013245,inf,7.9740118980407715,nan,15.100946455077064,inf,8.083642959594727,nan,15.307558840995625,inf
1852,7.094704627990723,nan,16.598312623966194,inf,7.026191711425781,nan,15.274535258004107,inf,7.084595680236816,nan,15.650810697959969,inf,7.381696701049805,nan,40.49680320098014,inf,9.323156356811523,nan,103.16529759601508,inf,7.698498249053955,nan,9.765169873006016,inf,7.202145576477051,nan,15.171005463012989,inf,7.241690158843994,nan,15.10495148607697,inf,7.290582180023193,nan,15.31139811999492,inf
1853,6.997866630554199,nan,16.60203917196668,inf,6.850884914398193,nan,15.27818638500321,inf,6.795152187347412,nan,15.654371862960033,inf,7.44464111328125,nan,40.51751955397958,inf,9.560282707214355,nan,103.21786554301616,inf,7.619117736816406,nan,9.77026341700548,inf,6.902358055114746,nan,15.175717793012154,inf,6.88707971572876,nan,15.108934256077191,inf,6.897834300994873,nan,15.315342219995728,inf
1854,7.222201824188232,nan,16.60616588396806,inf,7.281012535095215,nan,15.28183181100394,inf,7.341131210327148,nan,15.658087689960666,inf,7.581139087677002,nan,40.53802281397839,inf,9.6191987991333,nan,103.27490030701665,inf,8.305218696594238,nan,9.776356455005953,inf,7.452333450317383,nan,15.17988135601081,inf,7.362062931060791,nan,15.11347652407676,inf,7.385944366455078,nan,15.319089237997105,inf
1855,6.039045810699463,nan,16.610372076969725,inf,5.931243896484375,nan,15.285749611004576,inf,5.967291355133057,nan,15.661884197961626,inf,6.700896739959717,nan,40.56050781997874,inf,9.1270751953125,nan,103.33331653801724,inf,7.053586959838867,nan,9.78192521600613,inf,5.960032939910889,nan,15.183862337011305,inf,5.910181522369385,nan,15.117237161075536,inf,5.929231643676758,nan,15.322799464996933,inf
1856,7.447470664978027,nan,16.61421907596923,inf,7.484202861785889,nan,15.289539099005196,inf,7.555936813354492,nan,15.665509854961783,inf,7.974978923797607,nan,40.58240392797961,inf,9.697650909423828,nan,103.38489342301727,inf,8.345200538635254,nan,9.788145885006088,inf,7.6433610916137695,nan,15.188129451011264,inf,7.664865493774414,nan,15.121272292075446,inf,7.564481735229492,nan,15.326628283995888,inf
1857,7.033591270446777,nan,16.61800075396968,inf,6.925114631652832,nan,15.293222896005318,inf,6.950814247131348,nan,15.669250372962779,inf,7.117426872253418,nan,40.6043101059804,inf,9.474334716796875,nan,103.43916666201767,inf,7.364051342010498,nan,9.793967859006443,inf,7.0682172775268555,nan,15.192196302012235,inf,7.210474967956543,nan,15.125091000076281,inf,6.963594913482666,nan,15.330348831996162,inf
1858,7.858731269836426,nan,16.621598129970153,inf,7.871837615966797,nan,15.296691130004547,inf,7.741645812988281,nan,15.67283974896236,inf,8.330732345581055,nan,40.62575480798114,inf,9.767034530639648,nan,103.49339257001884,inf,8.203325271606445,nan,9.799271477008006,inf,7.800274848937988,nan,15.196371155012457,inf,7.772918701171875,nan,15.128916379077054,inf,7.629987716674805,nan,15.334069099995759,inf
1859,6.615963459014893,nan,16.625196205968678,inf,6.397787570953369,nan,15.300191064005048,inf,6.527435302734375,nan,15.676534404963604,inf,6.922520637512207,nan,40.6494503289814,inf,9.391006469726562,nan,103.5622403440193,inf,7.539606094360352,nan,9.80514267100807,inf,6.6097025871276855,nan,15.201094915013527,inf,6.444157123565674,nan,15.133396546076256,inf,6.517474174499512,nan,15.33844740499626,inf
1860,6.839282989501953,nan,16.629730903967356,inf,6.9402265548706055,nan,15.304410297005234,inf,6.869718074798584,nan,15.68129974596377,inf,7.650134563446045,nan,40.675138524980866,inf,9.506304740905762,nan,103.62161800801914,inf,7.734435081481934,nan,9.812451434007016,inf,7.196045875549316,nan,15.206245591012703,inf,6.888672828674316,nan,15.137542549076898,inf,6.90756893157959,nan,15.342457085995193,inf
1861,6.7152605056762695,nan,16.633661363968713,inf,6.679848670959473,nan,15.308350027004053,inf,6.629120826721191,nan,15.68524327596424,inf,6.841832160949707,nan,40.69560546497996,inf,9.374015808105469,nan,103.683500663019,inf,7.327083587646484,nan,9.818398210005398,inf,6.713868141174316,nan,15.210789319011383,inf,6.7022705078125,nan,15.141787753076642,inf,6.806257247924805,nan,15.347440098994412,inf
1862,6.4246697425842285,nan,16.6383045429684,inf,6.467122554779053,nan,15.312808423004753,inf,6.624209880828857,nan,15.689296577964342,inf,6.811729431152344,nan,40.72325854598057,inf,9.61386489868164,nan,103.74589717401977,inf,7.456991195678711,nan,9.826471333006339,inf,6.323500633239746,nan,15.216245768011504,inf,6.374746322631836,nan,15.14580045407638,inf,6.31179141998291,nan,15.351200336994225,inf
1863,5.754519462585449,nan,16.642125631968156,inf,5.587405204772949,nan,15.316581411005245,inf,5.689445972442627,nan,15.693092085964963,inf,6.256746292114258,nan,40.75315341498208,inf,9.041170120239258,nan,103.80210903802072,inf,6.665127754211426,nan,9.832783424006266,inf,5.761368751525879,nan,15.220308670011946,inf,5.638115882873535,nan,15.149588043077529,inf,5.71450138092041,nan,15.35487027299314,inf
1864,6.061087608337402,nan,16.645773598967935,inf,6.101914405822754,nan,15.320375409004555,inf,6.108819961547852,nan,15.697550321965537,inf,7.210355281829834,nan,40.77734896198126,inf,9.431510925292969,nan,103.8582701710202,inf,7.313047409057617,nan,9.838209733004987,inf,6.225740432739258,nan,15.22427127001174,inf,6.13851261138916,nan,15.153327570078545,inf,6.106901168823242,nan,15.358576169994194,inf
1865,6.291912078857422,nan,16.649485805968652,inf,6.370336055755615,nan,15.324008735005918,inf,6.352660179138184,nan,15.701173007964826,inf,6.76823616027832,nan,40.79926029998205,inf,9.133586883544922,nan,103.91427621202092,inf,7.084034442901611,nan,9.843303737005044,inf,6.596694469451904,nan,15.228137199012053,inf,6.539792537689209,nan,15.157119108078405,inf,6.705409526824951,nan,15.362507179994282,inf
1866,6.633380889892578,nan,16.653186602967253,inf,6.737454414367676,nan,15.327764063007635,inf,6.728606224060059,nan,15.704960505965573,inf,7.082428455352783,nan,40.819758499983436,inf,9.388267517089844,nan,103.96638303302097,inf,7.095346450805664,nan,9.848268470004768,inf,6.802440166473389,nan,15.23185262601146,inf,6.736390113830566,nan,15.160717494078199,inf,6.772805213928223,nan,15.366083674995025,inf
1867,7.445011615753174,nan,16.656784838965905,inf,7.559640884399414,nan,15.331233477007117,inf,7.491722106933594,nan,15.708531530966866,inf,8.558713912963867,nan,40.84034662098384,inf,9.819042205810547,nan,104.0178842560199,inf,8.30671501159668,nan,9.853238734005572,inf,7.681568145751953,nan,15.235424631011483,inf,7.7324018478393555,nan,15.164215688078912,inf,7.699759006500244,nan,15.369576239994785,inf
1868,6.852904319763184,nan,16.660298852966662,inf,6.698278903961182,nan,15.334694101007699,inf,6.909013748168945,nan,15.712015064966181,inf,7.424914360046387,nan,40.860181731983175,inf,9.427253723144531,nan,104.0691300560211,inf,7.673647880554199,nan,9.858108766005898,inf,6.848860740661621,nan,15.239017647012588,inf,6.952650547027588,nan,15.167726243078505,inf,6.8657612800598145,nan,15.373059913994439,inf
1869,6.1011247634887695,nan,16.663811507965875,inf,6.1738409996032715,nan,15.33818543500638,inf,6.1565656661987305,nan,15.715561469965905,inf,7.280863285064697,nan,40.87992765198396,inf,9.585115432739258,nan,104.12045720802053,inf,7.143474578857422,nan,9.863033228006316,inf,6.336371421813965,nan,15.242461511012152,inf,5.878734588623047,nan,15.171159687077306,inf,5.981098175048828,nan,15.376588358994923,inf
1870,5.655890941619873,nan,16.667291132966056,inf,5.305240154266357,nan,15.341582358005326,inf,5.772585868835449,nan,15.719071443965731,inf,6.692232131958008,nan,40.89973053398353,inf,9.455024719238281,nan,104.17271744102072,inf,6.975547790527344,nan,9.86803129200598,inf,5.875164985656738,nan,15.246145238012105,inf,5.703407287597656,nan,15.174738552077542,inf,5.795251846313477,nan,15.380253925994111,inf
1871,6.4059600830078125,nan,16.670895688965174,inf,6.363883018493652,nan,15.345218524005759,inf,6.282756805419922,nan,15.72272359096678,inf,6.789394378662109,nan,40.92021141398254,inf,9.549625396728516,nan,104.22514004702134,inf,7.2432637214660645,nan,9.87291482400542,inf,6.333276748657227,nan,15.249641782012986,inf,6.363448143005371,nan,15.178176666076979,inf,6.368169784545898,nan,15.383741999994527,inf
1872,6.110246658325195,nan,16.67437777296618,inf,6.084381103515625,nan,15.348710839005435,inf,6.150055408477783,nan,15.726308905965197,inf,6.733036994934082,nan,40.94056670298232,inf,9.343341827392578,nan,104.27727472902188,inf,7.100620269775391,nan,9.878251842004829,inf,6.316804885864258,nan,15.253664783012937,inf,6.2012739181518555,nan,15.181916564077255,inf,6.052273750305176,nan,15.387436006994903,inf
1873,7.272583961486816,nan,16.67802309896615,inf,7.312101364135742,nan,15.352405706005811,inf,7.334892272949219,nan,15.729803579964937,inf,7.691956520080566,nan,40.96096144098192,inf,9.580581665039062,nan,104.33038698302153,inf,7.687594890594482,nan,9.883493588004058,inf,7.412688255310059,nan,15.25755230201321,inf,7.282456874847412,nan,15.185656551077045,inf,7.371323585510254,nan,15.391086722995169,inf
1874,6.134281635284424,nan,16.68162412496531,inf,6.139285564422607,nan,15.356149474004269,inf,6.24459981918335,nan,15.733805220965223,inf,6.747786521911621,nan,40.982255381981304,inf,9.309501647949219,nan,104.38519884902234,inf,7.158352851867676,nan,9.8888042350045,inf,6.218075752258301,nan,15.261563083013243,inf,6.303373336791992,nan,15.189410019076604,inf,6.2943620681762695,nan,15.3949392719951,inf
1875,7.290813446044922,nan,16.685530534965437,inf,7.133842945098877,nan,15.360005563004961,inf,7.148284912109375,nan,15.738481019965548,inf,8.175167083740234,nan,41.005986002979625,inf,9.61182975769043,nan,104.44559657502214,inf,8.451501846313477,nan,9.895026824004162,inf,7.599363327026367,nan,15.265820487013116,inf,7.551006317138672,nan,15.1930301450775,inf,7.631922245025635,nan,15.398771440994096,inf
1876,6.493353843688965,nan,16.68949334496574,inf,6.446068286895752,nan,15.364060724004958,inf,6.47454309463501,nan,15.742050024966375,inf,7.159305095672607,nan,41.02733726397855,inf,9.244966506958008,nan,104.50498009902185,inf,7.288646697998047,nan,9.900335961003293,inf,6.811059951782227,nan,15.26984492801239,inf,6.834146499633789,nan,15.196907625078893,inf,6.914041519165039,nan,15.402503297993462,inf
1877,6.836285591125488,nan,16.69321229196612,inf,6.681365013122559,nan,15.367630969005404,inf,6.758657455444336,nan,15.745712330965034,inf,7.029134750366211,nan,41.052053047978916,inf,9.498897552490234,nan,104.56972972102267,inf,7.806829452514648,nan,9.905556867002815,inf,6.799221038818359,nan,15.273649996011954,inf,6.696215629577637,nan,15.200535741079875,inf,6.713847637176514,nan,15.406063782993442,inf
1878,5.64974308013916,nan,16.696748566966562,inf,5.551223278045654,nan,15.371120244006306,inf,5.695375442504883,nan,15.749281735965269,inf,6.643115997314453,nan,41.074782315978155,inf,9.325711250305176,nan,104.63082762602244,inf,6.727974891662598,nan,9.911973398002374,inf,5.979877471923828,nan,15.27718138101227,inf,6.0474348068237305,nan,15.20398562507944,inf,6.142411708831787,nan,15.409530066992374,inf
1879,6.901087284088135,nan,16.700170020967562,inf,6.929025173187256,nan,15.37468130900561,inf,7.012656211853027,nan,15.752700919965719,inf,8.028082847595215,nan,41.095510528977684,inf,9.610322952270508,nan,104.6918065500231,inf,8.04011344909668,nan,9.918598103002296,inf,7.172696590423584,nan,15.281221922012264,inf,7.214724540710449,nan,15.207773613079553,inf,7.149271011352539,nan,15.413236573991526,inf
1880,6.456996440887451,nan,16.7037770259667,inf,6.542301177978516,nan,15.378197013005774,inf,6.529058456420898,nan,15.756402426966815,inf,7.389072418212891,nan,41.11875952397895,inf,9.187515258789062,nan,104.74683089802238,inf,7.267170429229736,nan,9.923645227003362,inf,6.7942705154418945,nan,15.285129792011503,inf,6.830840587615967,nan,15.211476139078513,inf,6.927916526794434,nan,15.416995681991466,inf
1881,6.126607894897461,nan,16.70746122296623,inf,6.054079055786133,nan,15.381758238005204,inf,6.199009418487549,nan,15.759965291967092,inf,7.31755256652832,nan,41.138784577979095,inf,9.622701644897461,nan,104.80074381302256,inf,7.768883228302002,nan,9.928750692002723,inf,6.579601287841797,nan,15.288642597011858,inf,6.352519512176514,nan,15.21492256307829,inf,6.4687042236328125,nan,15.42064449899226,inf
1882,7.101734161376953,nan,16.71091596696533,inf,7.1908040046691895,nan,15.385291683005562,inf,7.125272750854492,nan,15.763374334967011,inf,7.447271347045898,nan,41.15847028797907,inf,9.448164939880371,nan,104.85220466602368,inf,7.913341045379639,nan,9.935175183003594,inf,7.097809791564941,nan,15.292944721011736,inf,7.290178298950195,nan,15.218764252078472,inf,7.214006423950195,nan,15.424343535991284,inf
1883,4.9741315841674805,nan,16.7145038829658,inf,4.917072772979736,nan,15.388809238005706,inf,5.0879926681518555,nan,15.766932729966356,inf,5.603029727935791,nan,41.179317782978615,inf,8.95760440826416,nan,104.90658348602301,inf,5.897569179534912,nan,9.940223517003687,inf,4.96182918548584,nan,15.296850580012688,inf,5.113766670227051,nan,15.222490650079635,inf,4.957592010498047,nan,15.428005361991382,inf
1884,7.846500396728516,nan,16.718136228964795,inf,7.920248031616211,nan,15.392371123005432,inf,7.8133955001831055,nan,15.77055086596556,inf,8.684906959533691,nan,41.20015346798027,inf,9.655538558959961,nan,104.96072726302191,inf,8.297780990600586,nan,9.945190400003412,inf,8.101078987121582,nan,15.300576357012687,inf,8.055914878845215,nan,15.226065105078305,inf,8.111011505126953,nan,15.431634917991687,inf
1885,5.4822845458984375,nan,16.721706954964247,inf,5.3361945152282715,nan,15.395903188005832,inf,5.286436080932617,nan,15.77454219696665,inf,6.36533260345459,nan,41.22393007898063,inf,9.325871467590332,nan,105.01260567202189,inf,6.4284563064575195,nan,9.950187404003373,inf,5.525555610656738,nan,15.304491987013535,inf,5.355907917022705,nan,15.229954264077605,inf,5.469079971313477,nan,15.43552814699251,inf
1886,5.803135871887207,nan,16.725871287964765,inf,5.710836887359619,nan,15.399700846004635,inf,5.6213297843933105,nan,15.779169144965635,inf,6.725952625274658,nan,41.24503379698035,inf,9.42579174041748,nan,105.06820990802225,inf,6.811702251434326,nan,9.955577332002576,inf,5.899405479431152,nan,15.308402996013683,inf,5.72102689743042,nan,15.233676291078154,inf,5.872443199157715,nan,15.439171092992183,inf
1887,6.465853214263916,nan,16.729460242964706,inf,6.644979000091553,nan,15.403206781003973,inf,6.5205559730529785,nan,15.782771610964119,inf,7.258625507354736,nan,41.265312224981244,inf,9.644719123840332,nan,105.11970851202204,inf,7.85494327545166,nan,9.960598655003196,inf,6.875026702880859,nan,15.311921111013362,inf,7.011911392211914,nan,15.237135675077297,inf,6.864662170410156,nan,15.442779368991978,inf
1888,7.369485378265381,nan,16.732880965964796,inf,7.513855934143066,nan,15.406700075003755,inf,7.552319526672363,nan,15.786367576965858,inf,7.595232009887695,nan,41.28501931598112,inf,9.752161979675293,nan,105.1789076230234,inf,8.477866172790527,nan,9.966899735001789,inf,7.500490665435791,nan,15.316060583012586,inf,7.738062381744385,nan,15.241136656077288,inf,7.375500679016113,nan,15.44671850899067,inf
1889,6.351846218109131,nan,16.736706223964575,inf,6.3047895431518555,nan,15.410361392003324,inf,6.452605247497559,nan,15.789920241964865,inf,7.03677225112915,nan,41.30590057098016,inf,9.502115249633789,nan,105.23935090002306,inf,7.506254196166992,nan,9.972543097002927,inf,6.474863529205322,nan,15.320361818012316,inf,6.539093017578125,nan,15.245096256077886,inf,6.510293960571289,nan,15.450403365990496,inf
1890,6.0874128341674805,nan,16.74029357996551,inf,5.89347505569458,nan,15.413885906003998,inf,6.1023759841918945,nan,15.793467516965393,inf,6.419337272644043,nan,41.326049075980336,inf,9.170074462890625,nan,105.29190334702253,inf,6.860935211181641,nan,9.977781263003635,inf,6.096232891082764,nan,15.32434890901277,inf,5.939915657043457,nan,15.248840474077952,inf,6.1338210105896,nan,15.454088502990999,inf
1891,6.938619613647461,nan,16.744023917965023,inf,6.737343788146973,nan,15.417479721003474,inf,6.947872161865234,nan,15.797054002965524,inf,7.295522689819336,nan,41.34632918298121,inf,9.60820198059082,nan,105.34395803802181,inf,7.696756362915039,nan,9.982624274003683,inf,7.251587867736816,nan,15.327917205011545,inf,7.1958208084106445,nan,15.252349379077714,inf,7.244694709777832,nan,15.457617557991398,inf
1892,6.994051933288574,nan,16.747558721965106,inf,7.046539306640625,nan,15.421176828003809,inf,7.050034999847412,nan,15.800539106965516,inf,7.647689342498779,nan,41.370697532982376,inf,9.545160293579102,nan,105.40640384102335,inf,7.888293743133545,nan,9.98848264800472,inf,6.957136154174805,nan,15.331529071010664,inf,7.035181999206543,nan,15.255830513076944,inf,7.028989791870117,nan,15.461133002991119,inf
1893,7.47311544418335,nan,16.751065276965164,inf,7.609614849090576,nan,15.424665483003992,inf,7.529135227203369,nan,15.804060441965703,inf,8.120240211486816,nan,41.3935349729818,inf,9.809612274169922,nan,105.46707362102279,inf,8.326032638549805,nan,9.994289242004015,inf,7.631960868835449,nan,15.335130596009549,inf,7.516840934753418,nan,15.259366658077852,inf,7.513623237609863,nan,15.464829059992553,inf
1894,7.305927753448486,nan,16.7546377329636,inf,7.235812664031982,nan,15.428202088003673,inf,7.516089916229248,nan,15.807712507967153,inf,7.626110076904297,nan,41.41652780498043,inf,9.597139358520508,nan,105.52291641002194,inf,8.200779914855957,nan,9.999398747004307,inf,7.422242164611816,nan,15.33896690500842,inf,7.51671838760376,nan,15.262991374076591,inf,7.4582200050354,nan,15.468423165993954,inf
1895,6.0225067138671875,nan,16.758281419964987,inf,5.930604457855225,nan,15.431781713003147,inf,5.900135517120361,nan,15.811330513966823,inf,6.472610950469971,nan,41.43646393798008,inf,9.213885307312012,nan,105.57675792302143,inf,6.843890190124512,nan,10.005459184005304,inf,6.1239914894104,nan,15.34247141000742,inf,6.169954299926758,nan,15.266416198075603,inf,6.038934707641602,nan,15.47190908999437,inf
1896,6.974072456359863,nan,16.761800633965322,inf,6.789497375488281,nan,15.435205927004063,inf,7.225961685180664,nan,15.81489655896803,inf,7.578984260559082,nan,41.45745649497985,inf,9.381601333618164,nan,105.63678091502152,inf,7.856750011444092,nan,10.011550792005437,inf,7.21564245223999,nan,15.346406790007677,inf,7.092182159423828,nan,15.27017842607529,inf,7.097738265991211,nan,15.47623941499296,inf
1897,5.301241874694824,nan,16.7658732849668,inf,5.297118186950684,nan,15.439787085004355,inf,5.544820308685303,nan,15.818822498968075,inf,6.213732719421387,nan,41.482343920979474,inf,9.164999008178711,nan,105.70247775902135,inf,6.60971212387085,nan,10.018728843004283,inf,5.871801376342773,nan,15.350971598007163,inf,5.612900733947754,nan,15.274056295074843,inf,5.604954242706299,nan,15.48025436599346,inf
1898,5.663968563079834,nan,16.769968155967945,inf,5.604315757751465,nan,15.445802381003887,inf,5.783924102783203,nan,15.822621966968654,inf,6.512716293334961,nan,41.504581252978824,inf,9.32460880279541,nan,105.7545109790226,inf,6.919995307922363,nan,10.023679976004132,inf,6.059295654296875,nan,15.354710716006593,inf,5.9951677322387695,nan,15.278031766074491,inf,5.93540096282959,nan,15.483991112992953,inf
1899,6.860529899597168,nan,16.773696272966845,inf,7.0536932945251465,nan,15.44947218800371,inf,6.953671932220459,nan,15.826346153968188,inf,7.573094367980957,nan,41.525780101977944,inf,9.535778045654297,nan,105.80953502702323,inf,7.960134506225586,nan,10.029017704004218,inf,7.258478164672852,nan,15.358403283007647,inf,7.132311820983887,nan,15.281568011074341,inf,7.071511745452881,nan,15.487526027993226,inf
1900,6.07110595703125,6.146781921386719,16.77726857896596,inf,6.07832670211792,7.126348972320557,15.453038943003776,inf,6.092312812805176,6.4454498291015625,15.83108374396761,inf,6.800132751464844,7.10272216796875,41.544856193977466,inf,9.344644546508789,8.935447692871094,105.86481439802265,inf,7.206147193908691,6.941441535949707,10.034155829005613,inf,6.245370864868164,7.059627532958984,15.362318743007563,inf,6.272286415100098,6.491706848144531,15.285292909074997,inf,6.246672630310059,6.51674222946167,15.491292644992427,inf
1901,6.337591648101807,nan,16.780971535967183,inf,6.350916862487793,nan,15.456707020004615,inf,6.357179164886475,nan,15.83485900096639,inf,6.949365615844727,nan,41.5667179619777,inf,9.23767375946045,nan,105.91716099302357,inf,6.778122425079346,nan,10.039651838005739,inf,6.636928558349609,nan,15.36631484400823,inf,6.513411998748779,nan,15.289098118075344,inf,6.671372413635254,nan,15.49540720699224,inf
1902,5.250720024108887,nan,16.78475289396738,inf,5.2170090675354,nan,15.460421977004444,inf,5.1169209480285645,nan,15.83856660796664,inf,5.8193769454956055,nan,41.58847070797856,inf,8.958939552307129,nan,105.97789461302273,inf,6.301326274871826,nan,10.045532073005234,inf,5.346083641052246,nan,15.370140592007374,inf,5.022753715515137,nan,15.292696614076704,inf,5.278164863586426,nan,15.499048732992378,inf
1903,6.035098075866699,nan,16.7883111389674,inf,5.6840925216674805,nan,15.464064054003757,inf,5.90559196472168,nan,15.842067192967079,inf,6.708467483520508,nan,41.61089403297774,inf,9.354122161865234,nan,106.03792504502235,inf,6.925949573516846,nan,10.051894024005378,inf,6.325020790100098,nan,15.373808298008953,inf,6.187028884887695,nan,15.296213619076298,inf,6.174416542053223,nan,15.502719469992371,inf
1904,7.163904190063477,nan,16.79223923896643,inf,7.202722549438477,nan,15.467945063002844,inf,7.187217712402344,nan,15.846049833968209,inf,7.927952289581299,nan,41.63437903097656,inf,9.708959579467773,nan,106.09628559602243,inf,7.896703243255615,nan,10.059314629004803,inf,7.730855941772461,nan,15.378503718009597,inf,7.517439842224121,nan,15.300729457076159,inf,7.5511064529418945,nan,15.506627089993344,inf
1905,6.473083972930908,nan,16.79708016096629,inf,6.4282965660095215,nan,15.472023205002188,inf,6.537302494049072,nan,15.849799180967238,inf,6.893121719360352,nan,41.65561921997687,inf,9.269476890563965,nan,106.15027624102186,inf,7.37794303894043,nan,10.064795519003383,inf,6.429409980773926,nan,15.38241049800854,inf,6.484403133392334,nan,15.304469335076647,inf,6.427641868591309,nan,15.510325856992495,inf
1906,7.716702461242676,nan,16.800724456967146,inf,7.713992118835449,nan,15.475640021002619,inf,7.782159805297852,nan,15.85390478296722,inf,8.616640090942383,nan,41.67663882697707,inf,9.770605087280273,nan,106.20219485002235,inf,8.634186744689941,nan,10.069657231002566,inf,7.7994771003723145,nan,15.38595634300873,inf,7.698040962219238,nan,15.307965879077528,inf,7.7000041007995605,nan,15.513820320993545,inf
1907,6.2311530113220215,nan,16.804330252967702,inf,6.307121276855469,nan,15.479137686003014,inf,6.412074089050293,nan,15.857468857966524,inf,7.029425621032715,nan,41.70033159797822,inf,9.214544296264648,nan,106.25388376602314,inf,7.171101093292236,nan,10.075765468001919,inf,6.490485191345215,nan,15.389531778009768,inf,6.428585529327393,nan,15.311465133077945,inf,6.448770999908447,nan,15.517900152994116,inf
1908,5.988509178161621,nan,16.807995619967187,inf,6.087954998016357,nan,15.483111066003403,inf,5.779575347900391,nan,15.861381847966186,inf,6.447456359863281,nan,41.72255228997892,inf,8.947426795959473,nan,106.30503821502316,inf,6.6489763259887695,nan,10.082245080002394,inf,5.85737943649292,nan,15.393859084009819,inf,5.899191856384277,nan,15.315912279076656,inf,5.9059739112854,nan,15.521938824995232,inf
1909,6.160740852355957,nan,16.81181675796688,inf,6.334023952484131,nan,15.486884214004021,inf,6.226137638092041,nan,15.865095254966946,inf,6.978320121765137,nan,41.74489879297835,inf,9.48181438446045,nan,106.3683692690247,inf,7.379253387451172,nan,10.087707149003108,inf,6.292575836181641,nan,15.398013017009362,inf,6.159043312072754,nan,15.319964061076462,inf,6.155484199523926,nan,15.525619451995226,inf
1910,5.2868452072143555,nan,16.815514624966454,inf,5.068064212799072,nan,15.490484260002631,inf,5.1914143562316895,nan,15.86865648096682,inf,6.005331993103027,nan,41.76830842997879,inf,9.225862503051758,nan,106.42870584502452,inf,6.2125749588012695,nan,10.093060157003492,inf,5.465760231018066,nan,15.402215900008741,inf,5.53009033203125,nan,15.323937361077697,inf,5.472990989685059,nan,15.529663883995454,inf
1911,5.064512729644775,nan,16.819571245965562,inf,4.997074604034424,nan,15.494526381002288,inf,5.091037750244141,nan,15.872758132967647,inf,5.837708473205566,nan,41.79411895797966,inf,8.991466522216797,nan,106.48844509302398,inf,5.920743465423584,nan,10.099586850004926,inf,5.127967834472656,nan,15.406584356009262,inf,5.070119857788086,nan,15.327980632077015,inf,5.077058792114258,nan,15.533563893994142,inf
1912,6.593199253082275,nan,16.823553975964387,inf,6.424917221069336,nan,15.498296009001933,inf,6.632505416870117,nan,15.87690437596757,inf,7.201231956481934,nan,41.8202519689803,inf,9.44373893737793,nan,106.55239661402447,inf,7.687338352203369,nan,10.10764702200504,inf,6.752037048339844,nan,15.411983174009947,inf,6.702342987060547,nan,15.334169980076695,inf,6.660581111907959,nan,15.539738221994412,inf
1913,6.21596622467041,nan,16.829546741964805,inf,6.158546447753906,nan,15.503075760001593,inf,6.327542304992676,nan,15.881564404966412,inf,7.4186530113220215,nan,41.8433510219802,inf,9.506864547729492,nan,106.61159655502524,inf,7.765115737915039,nan,10.114595110004302,inf,6.641603469848633,nan,15.416457450010057,inf,6.668745517730713,nan,15.33801343907544,inf,6.370024681091309,nan,15.54356939999525,inf
1914,7.0390167236328125,nan,16.83355478296471,inf,7.234897613525391,nan,15.506801548001022,inf,7.322262763977051,nan,15.885697426965635,inf,7.768439292907715,nan,41.86533640097878,inf,9.814289093017578,nan,106.671919111026,inf,8.809906005859375,nan,10.121307216004425,inf,7.46369743347168,nan,15.421009108011276,inf,7.408041954040527,nan,15.341763687076309,inf,7.302595138549805,nan,15.547393668995937,inf
1915,6.293881893157959,nan,16.837605953965976,inf,6.0132036209106445,nan,15.510847420000573,inf,6.255685806274414,nan,15.889792748965192,inf,6.97309684753418,nan,41.88539316497918,inf,9.224273681640625,nan,106.72634568202557,inf,7.249480247497559,nan,10.1274847540044,inf,6.2043681144714355,nan,15.424996779011053,inf,6.023012638092041,nan,15.345513455074979,inf,6.156167507171631,nan,15.5510631859961,inf
1916,6.321123123168945,nan,16.841396271966005,inf,6.070335388183594,nan,15.514419565000935,inf,6.289643287658691,nan,15.893514975963626,inf,6.5145063400268555,nan,41.905560880977646,inf,8.951156616210938,nan,106.77900171002511,inf,6.652583599090576,nan,10.132864433004215,inf,6.468831539154053,nan,15.428655645011531,inf,6.399892330169678,nan,15.349065520074873,inf,6.421286582946777,nan,15.554619491995254,inf
1917,5.919319152832031,nan,16.844913275965155,inf,5.854510307312012,nan,15.51808689200152,inf,5.972188949584961,nan,15.89698823996514,inf,6.502264022827148,nan,41.92650706697714,inf,9.179027557373047,nan,106.83359739302432,inf,6.759445667266846,nan,10.138041369003986,inf,6.161864280700684,nan,15.432562095011235,inf,6.1619873046875,nan,15.352775627074152,inf,6.118375778198242,nan,15.558251347994883,inf
1918,7.008808135986328,nan,16.848549751965038,inf,7.086635589599609,nan,15.52160542600177,inf,6.984128952026367,nan,15.900615115964683,inf,7.317544937133789,nan,41.946455230976426,inf,9.326411247253418,nan,106.88592103702467,inf,7.732989311218262,nan,10.142953022002985,inf,7.363624095916748,nan,15.436043949011946,inf,7.310494422912598,nan,15.35619440107439,inf,7.276317119598389,nan,15.56183751399476,inf
1919,6.991837978363037,nan,16.851940584963813,inf,6.760939598083496,nan,15.525171772002068,inf,6.889496326446533,nan,15.904037108964985,inf,7.587365627288818,nan,41.9663020819753,inf,9.598184585571289,nan,106.93805779902505,inf,7.689198017120361,nan,10.149611056003778,inf,7.109385967254639,nan,15.440254513012405,inf,6.969146251678467,nan,15.360805770073057,inf,7.115746974945068,nan,15.565905875995668,inf
1920,6.340110778808594,nan,16.855779313964376,inf,6.2834978103637695,nan,15.528927690002092,inf,6.242558479309082,nan,15.907811286964716,inf,6.744133949279785,nan,41.990422037975804,inf,9.219618797302246,nan,107.00117834002413,inf,7.225167751312256,nan,10.156235491003827,inf,6.486504554748535,nan,15.44464205901204,inf,6.582556247711182,nan,15.36487052107259,inf,6.438122749328613,nan,15.569883105996269,inf
1921,6.665703296661377,nan,16.860904018963993,inf,6.264461517333984,nan,15.534849765001127,inf,6.469522953033447,nan,15.91367804096626,inf,7.230682373046875,nan,42.01219018397569,inf,9.3310546875,nan,107.05887453202376,inf,7.585532188415527,nan,10.161838122003246,inf,6.768084526062012,nan,15.448910083012379,inf,6.405084609985352,nan,15.368922342073347,inf,6.67804479598999,nan,15.573760135996054,inf
1922,6.30272102355957,nan,16.864848178964166,inf,6.384861469268799,nan,15.539074898000763,inf,6.196765899658203,nan,15.918382980966271,inf,6.555292129516602,nan,42.035785062977084,inf,9.212221145629883,nan,107.11873783202464,inf,7.1923322677612305,nan,10.168379755003116,inf,6.314655303955078,nan,15.453782545011563,inf,6.3513593673706055,nan,15.373088155072764,inf,6.371682643890381,nan,15.578275912996105,inf
1923,5.142345428466797,nan,16.86905174196363,inf,5.237680912017822,nan,15.542755995000334,inf,4.992608070373535,nan,15.922138758967776,inf,5.707695484161377,nan,42.05730627597768,inf,8.977241516113281,nan,107.17780486102492,inf,5.871336936950684,nan,10.173772034002468,inf,5.2599711418151855,nan,15.45811766001134,inf,5.277804851531982,nan,15.378036208074263,inf,5.227092742919922,nan,15.582969822995437,inf
1924,6.909014701843262,nan,16.873167474965157,inf,6.774360179901123,nan,15.546917597001084,inf,6.8379411697387695,nan,15.925970497968592,inf,7.442934036254883,nan,42.08230337297755,inf,9.528397560119629,nan,107.24344176402519,inf,7.53138542175293,nan,10.180677401001958,inf,7.020595550537109,nan,15.463438207012587,inf,6.981668949127197,nan,15.382004758075709,inf,7.011627197265625,nan,15.586795411994899,inf
1925,7.303356170654297,nan,16.87695708296451,inf,7.323960781097412,nan,15.550502873002188,inf,7.377925872802734,nan,15.929565583968724,inf,7.477926254272461,nan,42.10426344197731,inf,9.429831504821777,nan,107.29943941502461,inf,7.803172588348389,nan,10.186796609003068,inf,7.321064472198486,nan,15.46748497801309,inf,7.52810001373291,nan,15.385795996075103,inf,7.473156452178955,nan,15.59049520899498,inf
1926,5.44093132019043,nan,16.880695190964616,inf,5.569453716278076,nan,15.554072179002105,inf,5.489345550537109,nan,15.933144958968114,inf,5.948991775512695,nan,42.12458711997715,inf,8.892535209655762,nan,107.35071875602443,inf,6.282865524291992,nan,10.191843934002463,inf,5.555400848388672,nan,15.470983542014437,inf,5.541576385498047,nan,15.389235010075936,inf,5.408143997192383,nan,15.594090494994816,inf
1927,6.912004470825195,nan,16.88483437296418,inf,6.93179988861084,nan,15.557997159003207,inf,6.989329814910889,nan,15.936939056968185,inf,7.242622375488281,nan,42.1483018109775,inf,9.3917236328125,nan,107.41305821702372,inf,7.503086090087891,nan,10.196857897002701,inf,7.0603814125061035,nan,15.474781620014255,inf,7.062603950500488,nan,15.392919847075973,inf,7.04005241394043,nan,15.597690450993468,inf
1928,7.489463806152344,nan,16.88881072296317,inf,7.474429607391357,nan,15.56183533800322,inf,7.59644889831543,nan,15.940581722969,inf,8.225454330444336,nan,42.16901770397817,inf,9.918825149536133,nan,107.47109195402481,inf,8.151960372924805,nan,10.20393988700198,inf,7.632996559143066,nan,15.478616899014014,inf,7.743267059326172,nan,15.396823977076565,inf,7.561222076416016,nan,15.601484008991974,inf
1929,5.917860984802246,nan,16.892391207962646,inf,5.816543102264404,nan,15.565373193003325,inf,5.842162132263184,nan,15.944101407969356,inf,6.367352485656738,nan,42.19022868297907,inf,9.220596313476562,nan,107.53004475302441,inf,6.674510478973389,nan,10.208892440001364,inf,5.999268531799316,nan,15.482082363014342,inf,5.877184867858887,nan,15.400245100076063,inf,5.894612789154053,nan,15.604916791991855,inf
1930,5.90604305267334,nan,16.895867952962362,inf,5.620400428771973,nan,15.568770496003708,inf,5.63336181640625,nan,15.947790814971086,inf,6.192594051361084,nan,42.213847752978836,inf,8.928245544433594,nan,107.58550720702442,inf,6.266757488250732,nan,10.213899114001833,inf,5.770697593688965,nan,15.485769980014084,inf,5.721603870391846,nan,15.403818465076256,inf,5.539296627044678,nan,15.608483887992406,inf
1931,6.476975440979004,nan,16.89984197296326,inf,6.324474334716797,nan,15.572362602004432,inf,6.336520195007324,nan,15.951388160970964,inf,6.8631486892700195,nan,42.233632763978676,inf,9.276697158813477,nan,107.64432383402527,inf,7.362814426422119,nan,10.219258852001076,inf,6.49533748626709,nan,15.489826771014123,inf,6.516333103179932,nan,15.407713775077355,inf,6.415284156799316,nan,15.612185334994138,inf
1932,5.861087799072266,nan,16.90357092996237,inf,5.787456512451172,nan,15.575952528004564,inf,5.8377790451049805,nan,15.95504791797066,inf,6.520914077758789,nan,42.25812114497785,inf,8.964052200317383,nan,107.70036160602467,inf,6.980573654174805,nan,10.224188454001705,inf,6.167523384094238,nan,15.49346855701333,inf,6.2859392166137695,nan,15.411234190076357,inf,6.169501304626465,nan,15.615731739993862,inf
1933,6.329283714294434,nan,16.907104314961543,inf,6.311837673187256,nan,15.579390422004508,inf,6.2366790771484375,nan,15.958638263969988,inf,7.346059322357178,nan,42.27766846297709,inf,9.474143981933594,nan,107.75211658202534,inf,7.4107160568237305,nan,10.229047726001227,inf,6.445071220397949,nan,15.497009262013307,inf,6.550832748413086,nan,15.414718284077026,inf,6.473737716674805,nan,15.61925878499278,inf
1934,5.181317329406738,nan,16.910576048961957,inf,5.1628804206848145,nan,15.582827196005383,inf,5.245633125305176,nan,15.962179768968781,inf,5.9439544677734375,nan,42.297193390975735,inf,9.044051170349121,nan,107.80371712702436,inf,6.453105926513672,nan,10.233930748001512,inf,5.296708106994629,nan,15.500618938012849,inf,5.36423397064209,nan,15.418254798078124,inf,5.366765022277832,nan,15.622815699991406,inf
1935,7.614412307739258,nan,16.914111113961553,inf,7.503036022186279,nan,15.586361481005952,inf,7.674607276916504,nan,15.96576211496722,inf,7.962527275085449,nan,42.31706323297658,inf,9.47874641418457,nan,107.85559513502449,inf,7.97964334487915,nan,10.238820170001418,inf,7.483754634857178,nan,15.504062732012244,inf,7.553190231323242,nan,15.4216681220787,inf,7.521245956420898,nan,15.626231363992702,inf
1936,6.161903381347656,nan,16.917628267961845,inf,6.24403715133667,nan,15.589796705005938,inf,6.16514778137207,nan,15.969223038966447,inf,6.963746547698975,nan,42.33651152997663,inf,9.585073471069336,nan,107.9067162340234,inf,7.196683406829834,nan,10.24375392300135,inf,6.397397041320801,nan,15.507543006011474,inf,6.06412410736084,nan,15.425084825077647,inf,6.20516300201416,nan,15.629806988992641,inf
1937,7.143453598022461,nan,16.921080291962426,inf,7.333922386169434,nan,15.593608593006138,inf,7.315681457519531,nan,15.97282617496603,inf,7.210726737976074,nan,42.356506393976815,inf,9.161023139953613,nan,107.95834447902416,inf,7.950253009796143,nan,10.248709344999952,inf,7.315311431884766,nan,15.511027391012249,inf,7.017279624938965,nan,15.428537248077191,inf,7.10172700881958,nan,15.633304283992402,inf
1938,6.599227428436279,nan,16.924543074961548,inf,6.425990104675293,nan,15.597272559007251,inf,6.462125301361084,nan,15.976232707966119,inf,7.09248161315918,nan,42.37615432397615,inf,9.503875732421875,nan,108.0097165810239,inf,7.310086250305176,nan,10.253586437000195,inf,6.516125202178955,nan,15.51448863501173,inf,6.564005374908447,nan,15.431982152076671,inf,6.499190330505371,nan,15.636916129993551,inf
1939,6.648509979248047,nan,16.928371812960904,inf,6.680081367492676,nan,15.601102218006417,inf,6.642649173736572,nan,15.979774642966731,inf,7.231252193450928,nan,42.39595597497646,inf,9.612895965576172,nan,108.06348207302472,inf,7.279837131500244,nan,10.258523009000783,inf,6.625256538391113,nan,15.518148851013393,inf,6.516585826873779,nan,15.435571977077416,inf,6.70783805847168,nan,15.640674666994528,inf
1940,6.5409040451049805,nan,16.9319307579608,inf,6.463502883911133,nan,15.604656173005424,inf,6.482184886932373,nan,15.983376828966357,inf,6.781410217285156,nan,42.41614323097747,inf,8.93665599822998,nan,108.12125751602434,inf,7.164748668670654,nan,10.263891697000872,inf,6.847476005554199,nan,15.52224374301477,inf,6.6870808601379395,nan,15.4394068950769,inf,6.701908588409424,nan,15.64442685499489,inf
1941,6.493188858032227,nan,16.93568330496055,inf,6.499415397644043,nan,15.608271549006531,inf,6.46699333190918,nan,15.987530111966407,inf,7.034872531890869,nan,42.43763752397717,inf,9.346185684204102,nan,108.17548225402425,inf,7.316575050354004,nan,10.268820530000085,inf,6.663836479187012,nan,15.525926790014637,inf,6.640873908996582,nan,15.442979550078235,inf,6.540889739990234,nan,15.648025270995277,inf
1942,7.170605182647705,nan,16.939228419960273,inf,7.084981441497803,nan,15.611777013005849,inf,7.2133684158325195,nan,15.99124469896742,inf,7.767000198364258,nan,42.457651897977485,inf,9.550477981567383,nan,108.23630650602536,inf,7.731036186218262,nan,10.274061217000053,inf,7.351007461547852,nan,15.529550616014603,inf,7.169073104858398,nan,15.446526205078044,inf,7.236297607421875,nan,15.651584806995743,inf
1943,6.158027648925781,nan,16.942817354960425,inf,6.017094612121582,nan,15.615281848005907,inf,6.080205917358398,nan,15.99481227396791,inf,6.912597179412842,nan,42.477694571978645,inf,9.345539093017578,nan,108.29207777402371,inf,7.101838111877441,nan,10.279049820999717,inf,6.117436408996582,nan,15.53318311201474,inf,6.208877086639404,nan,15.450065510078275,inf,6.082679271697998,nan,15.655159691996232,inf
1944,7.858072280883789,nan,16.946311048961434,inf,7.7830963134765625,nan,15.618832443005886,inf,7.83543586730957,nan,15.998459619968344,inf,8.620819091796875,nan,42.49776545697932,inf,9.689102172851562,nan,108.34434271702412,inf,8.228320121765137,nan,10.284035833999951,inf,7.859431266784668,nan,15.537002611014032,inf,7.766410827636719,nan,15.453704096076763,inf,7.860064506530762,nan,15.658790197996495,inf
1945,6.27407169342041,nan,16.949926784962372,inf,6.032790660858154,nan,15.622633172004498,inf,6.345147132873535,nan,16.002005344967984,inf,6.806305885314941,nan,42.52137161597966,inf,9.4854154586792,nan,108.3987692380233,inf,6.964965343475342,nan,10.288924017000681,inf,6.211007595062256,nan,15.540464444015015,inf,6.1490373611450195,nan,15.457618036076383,inf,6.107945442199707,nan,15.662543375996393,inf
1946,6.339450359344482,nan,16.95341549996192,inf,6.22848653793335,nan,15.626242037003976,inf,6.208909511566162,nan,16.00549587896785,inf,6.623350143432617,nan,42.54144544098017,inf,9.3084716796875,nan,108.44905866602494,inf,7.002402305603027,nan,10.293825300001117,inf,6.186594009399414,nan,15.54388481701426,inf,6.159423828125,nan,15.46097341807581,inf,6.2872443199157715,nan,15.666000139995958,inf
1947,7.759905815124512,nan,16.956842583962498,inf,7.867519378662109,nan,15.6298928430042,inf,7.917332649230957,nan,16.008949352968557,inf,7.861809730529785,nan,42.56143239498124,inf,9.45865249633789,nan,108.50042476802446,inf,8.488716125488281,nan,10.29875461300071,inf,7.869173526763916,nan,15.547439462014154,inf,7.922359466552734,nan,15.46446604207631,inf,7.840346336364746,nan,15.669777878996683,inf
1948,7.26639461517334,nan,16.96051091096342,inf,7.171128273010254,nan,15.63355715000398,inf,7.297659873962402,nan,16.012658350968195,inf,7.624500274658203,nan,42.583930269980556,inf,9.52188491821289,nan,108.55202194302365,inf,8.279747009277344,nan,10.303686776000177,inf,7.378005027770996,nan,15.552337574014018,inf,7.470101356506348,nan,15.46851624307601,inf,7.232826232910156,nan,15.673345953997341,inf
1949,6.343001365661621,nan,16.964096116962537,inf,6.371002197265625,nan,15.637065084005371,inf,6.447932243347168,nan,16.016281636968415,inf,6.8059821128845215,nan,42.60405161498056,inf,9.394330978393555,nan,108.60436090702206,inf,6.967292785644531,nan,10.308864630998869,inf,6.337993621826172,nan,15.556226064014481,inf,6.454290390014648,nan,15.472179470076298,inf,6.439295768737793,nan,15.676991480997458,inf
1950,7.523482799530029,nan,16.967810333962916,inf,7.4428606033325195,nan,15.640586258006806,inf,7.242156982421875,nan,16.01991773296868,inf,7.662130355834961,nan,42.6242862119816,inf,9.529175758361816,nan,108.65636234702288,inf,8.240262985229492,nan,10.313770572998692,inf,7.517370700836182,nan,15.55977555901518,inf,7.687313079833984,nan,15.475876717076972,inf,7.4911065101623535,nan,15.680983510996157,inf
1951,6.329281806945801,nan,16.972506393964068,inf,6.216561317443848,nan,15.644734690005862,inf,6.175073623657227,nan,16.024036804969,inf,6.693924903869629,nan,42.645078455982,inf,9.204458236694336,nan,108.7085503790222,inf,7.234809398651123,nan,10.319146120998994,inf,6.4999494552612305,nan,15.56377697001517,inf,6.4748148918151855,nan,15.479641414076468,inf,6.459168434143066,nan,15.684605906995785,inf
1952,6.24069356918335,nan,16.97604727896396,inf,6.193301200866699,nan,15.648268284006917,inf,6.168453693389893,nan,16.027761412969994,inf,7.4186787605285645,nan,42.666050701980566,inf,9.34959888458252,nan,108.76257385402096,inf,7.207015037536621,nan,10.324114762997851,inf,6.760578155517578,nan,15.567394356015939,inf,6.715630531311035,nan,15.483242630076347,inf,6.602504253387451,nan,15.688164641996991,inf
1953,6.922842502593994,nan,16.979601583963813,inf,7.30098819732666,nan,15.651803719007148,inf,6.849602699279785,nan,16.031384409969178,inf,7.28851318359375,nan,42.68586109298121,inf,9.265153884887695,nan,108.8165230090217,inf,7.821362495422363,nan,10.329177146999427,inf,6.968197822570801,nan,15.57083585001601,inf,7.100277900695801,nan,15.486665994076247,inf,7.098794937133789,nan,15.69207767199805,inf
1954,6.853313446044922,nan,16.983083087963678,inf,6.841939926147461,nan,15.655385534008019,inf,6.991199016571045,nan,16.03480087396929,inf,7.368117332458496,nan,42.705518112981736,inf,9.286306381225586,nan,108.86736397502136,inf,7.677097797393799,nan,10.334085868998955,inf,7.217395782470703,nan,15.574314654017144,inf,7.115601062774658,nan,15.490081297077268,inf,7.219293117523193,nan,15.69565107699782,inf
1955,7.596607685089111,nan,16.98695949696412,inf,7.479291915893555,nan,15.658812828009104,inf,7.556634902954102,nan,16.038339108969012,inf,8.02247142791748,nan,42.72975646998202,inf,9.684761047363281,nan,108.9190566410216,inf,8.583234786987305,nan,10.339274493999255,inf,7.862330436706543,nan,15.577838568016887,inf,7.893336296081543,nan,15.49354887107802,inf,7.866583824157715,nan,15.699133240996161,inf
1956,6.795546531677246,nan,16.990542152963826,inf,6.69114875793457,nan,15.662281672008248,inf,6.634310245513916,nan,16.04189978396971,inf,7.5010881423950195,nan,42.750045957982366,inf,9.688838958740234,nan,108.97056930402141,inf,7.834560394287109,nan,10.34425562800061,inf,6.792863845825195,nan,15.581529094015423,inf,6.717926025390625,nan,15.497182647077352,inf,6.7827863693237305,nan,15.702838507995693,inf
1957,5.870196342468262,nan,16.994402881962742,inf,5.546787738800049,nan,15.66597099800856,inf,5.734370231628418,nan,16.045556600969576,inf,6.339343070983887,nan,42.77034748498227,inf,9.283281326293945,nan,109.02192758602177,inf,6.795046329498291,nan,10.349182870999357,inf,5.825326442718506,nan,15.5850994590146,inf,5.695039749145508,nan,15.500685422077368,inf,5.777716636657715,nan,15.706509473995538,inf
1958,5.999393463134766,nan,16.99789263596176,inf,6.057826042175293,nan,15.669541863007908,inf,6.189736366271973,nan,16.0491638559688,inf,6.517214775085449,nan,42.78996807398107,inf,9.065380096435547,nan,109.07315664702037,inf,6.862443447113037,nan,10.354065092000383,inf,6.271147727966309,nan,15.588515653014838,inf,6.266751289367676,nan,15.50422809707743,inf,6.298666954040527,nan,15.710019828995428,inf
1959,6.756682395935059,nan,17.001398610962497,inf,6.6712164878845215,nan,15.673037587008366,inf,6.759072780609131,nan,16.052714590969117,inf,6.85982608795166,nan,42.80989259698072,inf,9.082183837890625,nan,109.13020301102188,inf,7.684025764465332,nan,10.359130497001388,inf,6.870523929595947,nan,15.592367702014599,inf,6.825505256652832,nan,15.507855283078243,inf,6.827946662902832,nan,15.714385993995165,inf
1960,6.41685676574707,nan,17.005300689961587,inf,6.386761665344238,nan,15.676743825008089,inf,6.457425117492676,nan,16.056495378970794,inf,7.038501739501953,nan,42.82991027998105,inf,9.149446487426758,nan,109.18419731602262,inf,7.841519832611084,nan,10.364318473000822,inf,6.9604315757751465,nan,15.596330923015557,inf,6.885382652282715,nan,15.511575450078453,inf,6.812089920043945,nan,15.71805530999518,inf
1961,6.344651699066162,nan,17.008983386962427,inf,6.341072082519531,nan,15.680534473009175,inf,6.140376567840576,nan,16.060024053969755,inf,6.505891799926758,nan,42.849843352980315,inf,9.096406936645508,nan,109.2363284580224,inf,6.881958961486816,nan,10.370368630001394,inf,6.36498498916626,nan,15.600263293015814,inf,6.2456817626953125,nan,15.515459040077985,inf,6.216598033905029,nan,15.72186227799466,inf
1962,5.801074028015137,nan,17.012772144962582,inf,5.903240203857422,nan,15.684169849007958,inf,5.812922477722168,nan,16.063705130969538,inf,6.875219345092773,nan,42.87108041198189,inf,9.159778594970703,nan,109.28917265902237,inf,7.57187557220459,nan,10.375503016002767,inf,6.3722357749938965,nan,15.603886089016669,inf,6.252340316772461,nan,15.519008046077943,inf,6.208406448364258,nan,15.72537661199567,inf
1963,7.577043533325195,nan,17.016383570962716,inf,7.47261905670166,nan,15.687984237007186,inf,7.487438201904297,nan,16.067446288969222,inf,7.87410831451416,nan,42.890951943982145,inf,9.570857048034668,nan,109.34171226602302,inf,8.310462951660156,nan,10.38057525000113,inf,7.853148937225342,nan,15.607681417017375,inf,7.486883163452148,nan,15.522666562077575,inf,7.627866744995117,nan,15.728982777995043,inf
1964,6.345395088195801,nan,17.02037945196207,inf,6.21787166595459,nan,15.691535052008476,inf,6.416770935058594,nan,16.071029733968317,inf,6.919525146484375,nan,42.91236869598288,inf,9.338558197021484,nan,109.39381806702295,inf,6.98313045501709,nan,10.385757596000985,inf,6.306562423706055,nan,15.611700048017155,inf,6.370140075683594,nan,15.526431780077473,inf,6.161231994628906,nan,15.73268920499504,inf
1965,6.585280895233154,nan,17.024080708963083,inf,6.238313674926758,nan,15.695118748008099,inf,6.440978527069092,nan,16.0746026989691,inf,6.835285186767578,nan,42.93264760398233,inf,9.259064674377441,nan,109.44559503402343,inf,7.114994049072266,nan,10.39066855800229,inf,6.697967529296875,nan,15.615310094017332,inf,6.908634662628174,nan,15.530014525076695,inf,6.56239652633667,nan,15.736404842995398,inf
1966,7.265702247619629,nan,17.027618933963822,inf,7.374476432800293,nan,15.69875206400684,inf,7.192229270935059,nan,16.078131313968697,inf,7.913103103637695,nan,42.953044742982456,inf,9.712346076965332,nan,109.49716002802415,inf,7.9549641609191895,nan,10.395641351002268,inf,7.463598728179932,nan,15.618791699016583,inf,7.4361677169799805,nan,15.533386958077244,inf,7.352703094482422,nan,15.740127809995101,inf
1967,6.722689151763916,nan,17.031090648963072,inf,6.712050437927246,nan,15.702384250007526,inf,6.806565284729004,nan,16.08160010796928,inf,7.523692607879639,nan,42.97496210098325,inf,9.294413566589355,nan,109.5495206620235,inf,8.021824836730957,nan,10.400848187002339,inf,7.030037879943848,nan,15.622764369016295,inf,6.919466018676758,nan,15.53720559607791,inf,6.829249382019043,nan,15.743862786996033,inf
1968,6.024690628051758,nan,17.034842386963646,inf,5.836152076721191,nan,15.706192738007303,inf,5.939757347106934,nan,16.085189642968544,inf,6.354829788208008,nan,42.99560137298431,inf,9.034420013427734,nan,109.60118705702371,inf,6.454476356506348,nan,10.405845270002828,inf,6.129030227661133,nan,15.626367445014694,inf,5.907201766967773,nan,15.540766231077214,inf,5.9807844161987305,nan,15.747417331995166,inf
1969,7.348346710205078,nan,17.038398491962653,inf,7.267599105834961,nan,15.709643932006657,inf,7.230700492858887,nan,16.088719546967695,inf,8.152978897094727,nan,43.0152726829856,inf,9.664739608764648,nan,109.656610181024,inf,8.475152969360352,nan,10.411635893002313,inf,7.564189910888672,nan,15.630004941014704,inf,7.695030212402344,nan,15.544277525077632,inf,7.5574493408203125,nan,15.75091698599499,inf
1970,7.137936592102051,nan,17.041941526962546,inf,6.892304420471191,nan,15.713063295006577,inf,7.001566410064697,nan,16.092291421968184,inf,7.6241350173950195,nan,43.03585063398532,inf,9.487096786499023,nan,109.71143050702449,inf,8.277766227722168,nan,10.417012611002065,inf,7.356480598449707,nan,15.634010371015393,inf,7.227328300476074,nan,15.548010542077463,inf,7.264523506164551,nan,15.7545249209943,inf
1971,6.553215980529785,nan,17.045572912962598,inf,6.447177410125732,nan,15.716758242006108,inf,6.680461406707764,nan,16.09584253696812,inf,6.887507438659668,nan,43.055767446985556,inf,9.4141206741333,nan,109.76299268102412,inf,7.410192966461182,nan,10.422085596001125,inf,6.740901947021484,nan,15.63756750601533,inf,6.80220890045166,nan,15.551522646077501,inf,6.869904041290283,nan,15.758023074993616,inf
1972,6.1938276290893555,nan,17.04907727796308,inf,6.222936630249023,nan,15.72022758600724,inf,6.277461528778076,nan,16.09936691196708,inf,6.708651542663574,nan,43.07626487698508,inf,9.275761604309082,nan,109.8142775020242,inf,7.036266326904297,nan,10.427350483001646,inf,6.458261013031006,nan,15.64121386201623,inf,6.238981246948242,nan,15.555309724077233,inf,6.336855888366699,nan,15.76185084399367,inf
1973,7.564657211303711,nan,17.052739763963473,inf,7.44423246383667,nan,15.723811891008154,inf,7.631292343139648,nan,16.103061868967416,inf,7.702972888946533,nan,43.096645744984926,inf,9.408414840698242,nan,109.86979175702436,inf,8.064228057861328,nan,10.43257910900138,inf,7.579413414001465,nan,15.64513624101528,inf,7.555935382843018,nan,15.558989731076508,inf,7.643525123596191,nan,15.765535960992565,inf
1974,4.933070182800293,nan,17.056556241963335,inf,4.913434982299805,nan,15.727705780007454,inf,4.767727851867676,nan,16.106580683966968,inf,5.702826023101807,nan,43.12069384098504,inf,8.789060592651367,nan,109.92607488202339,inf,5.98637056350708,nan,10.437745575001827,inf,5.141655445098877,nan,15.649767270015218,inf,5.109936714172363,nan,15.563519409075525,inf,5.154718399047852,nan,15.769339018992468,inf
1975,5.444710731506348,nan,17.060173267962455,inf,5.439623832702637,nan,15.731469758007734,inf,5.526355743408203,nan,16.110431602966855,inf,6.04538631439209,nan,43.1420859219852,inf,8.880467414855957,nan,109.97724167102388,inf,6.266021251678467,nan,10.443053342001804,inf,5.531169891357422,nan,15.654452389015205,inf,5.518849849700928,nan,15.56741530907675,inf,5.589129447937012,nan,15.773128806991735,inf
1976,5.8193559646606445,nan,17.06392727596176,inf,5.670881271362305,nan,15.735435218008206,inf,5.78389835357666,nan,16.114569165967623,inf,6.506036758422852,nan,43.16242396998496,inf,9.024503707885742,nan,110.02931862202422,inf,6.676425933837891,nan,10.448077556002318,inf,6.050370216369629,nan,15.658336908014462,inf,5.827045917510986,nan,15.571116757077107,inf,5.726410865783691,nan,15.776809723991391,inf
1977,6.400566577911377,nan,17.067475020961865,inf,6.432728290557861,nan,15.739052864008045,inf,6.4886956214904785,nan,16.118494095968344,inf,6.642441749572754,nan,43.18402714398326,inf,9.208534240722656,nan,110.087336178025,inf,7.583890438079834,nan,10.453269142002682,inf,6.539137840270996,nan,15.662209248013824,inf,6.521655082702637,nan,15.57482969407647,inf,6.57355260848999,nan,15.78056681099224,inf
1978,6.864337921142578,nan,17.071220828962396,inf,6.718191146850586,nan,15.742731881007785,inf,6.7902326583862305,nan,16.12213733196768,inf,7.288726806640625,nan,43.205832750982154,inf,9.631580352783203,nan,110.1432638680235,inf,7.897828102111816,nan,10.458447367003828,inf,6.85227632522583,nan,15.665858834014216,inf,6.914063453674316,nan,15.578393149076874,inf,7.028205871582031,nan,15.784109945992896,inf
1979,5.778994560241699,nan,17.074756613961654,inf,5.694751262664795,nan,15.746167695007898,inf,5.7565436363220215,nan,16.12579074896712,inf,6.3474931716918945,nan,43.22587028598173,inf,8.83476448059082,nan,110.20605207502376,inf,6.788928508758545,nan,10.464339731004657,inf,5.7706074714660645,nan,15.66962270201293,inf,5.700664520263672,nan,15.582019355077136,inf,5.770900726318359,nan,15.787710910992246,inf
1980,5.7856950759887695,nan,17.07838375996107,inf,5.874789237976074,nan,15.749811591007528,inf,5.610437393188477,nan,16.129459915966436,inf,6.607430934906006,nan,43.2485273729817,inf,9.348699569702148,nan,110.26660941402406,inf,6.654211044311523,nan,10.470438399004706,inf,5.8579511642456055,nan,15.67349020101392,inf,5.948456764221191,nan,15.586103847077538,inf,5.806822776794434,nan,15.791335346992128,inf
1981,6.375874042510986,nan,17.082627813961153,inf,6.435329914093018,nan,15.753351666007802,inf,6.357536315917969,nan,16.133056180966378,inf,6.941471099853516,nan,43.27015822798239,inf,9.455224990844727,nan,110.32509543602282,inf,7.2949419021606445,nan,10.476060421005968,inf,6.589585304260254,nan,15.677284419012722,inf,6.4633469581604,nan,15.58975984407698,inf,6.4833574295043945,nan,15.794999793992247,inf
1982,7.500155448913574,nan,17.086239419961203,inf,7.427712440490723,nan,15.756896601007611,inf,7.424022674560547,nan,16.136642765966826,inf,7.421144008636475,nan,43.29028335298244,inf,9.319366455078125,nan,110.38144635102435,inf,8.24189567565918,nan,10.482047907005835,inf,7.6385908126831055,nan,15.681197999012511,inf,7.690639495849609,nan,15.59357819307661,inf,7.5830535888671875,nan,15.799487330992633,inf
1983,7.071285247802734,nan,17.090032497961147,inf,7.170833587646484,nan,15.760616528006722,inf,7.201999187469482,nan,16.1403838629667,inf,7.994017601013184,nan,43.31104152698208,inf,9.649385452270508,nan,110.43710267802453,inf,7.954967498779297,nan,10.487161522005408,inf,7.397338390350342,nan,15.68542375301331,inf,7.340445518493652,nan,15.597214119077762,inf,7.453341484069824,nan,15.803131056993152,inf
1984,5.244316101074219,nan,17.093630042962104,inf,5.257852554321289,nan,15.764251234006224,inf,5.228389739990234,nan,16.143907817966465,inf,5.892167091369629,nan,43.33208673398076,inf,9.044758796691895,nan,110.49489441202604,inf,6.565349578857422,nan,10.493019396004456,inf,5.544466972351074,nan,15.689100280013008,inf,5.5090107917785645,nan,15.600782114077447,inf,5.439883232116699,nan,15.80672902299375,inf
1985,5.860653400421143,nan,17.097332199962693,inf,5.858509063720703,nan,15.767899910006236,inf,5.866037368774414,nan,16.147466842965514,inf,6.582104206085205,nan,43.35453377898011,inf,9.00137710571289,nan,110.55308928102568,inf,7.054490089416504,nan,10.49784534700484,inf,5.811180114746094,nan,15.69254404401363,inf,5.9024505615234375,nan,15.604169557076602,inf,6.092123985290527,nan,15.81038669899499,inf
1986,5.611505508422852,nan,17.10093816596236,inf,5.480752944946289,nan,15.771390614005213,inf,5.547860622406006,nan,16.151110319964573,inf,6.398967742919922,nan,43.37496245798138,inf,8.924427032470703,nan,110.60848289402566,inf,6.766568660736084,nan,10.503338407004776,inf,5.883100986480713,nan,15.696263461013586,inf,5.673185348510742,nan,15.607762663075846,inf,5.674581050872803,nan,15.814198016994851,inf
1987,6.803440570831299,nan,17.10451550196194,inf,6.799806118011475,nan,15.774894359004975,inf,6.928296089172363,nan,16.154716035964157,inf,7.6655778884887695,nan,43.39589161298136,inf,9.502103805541992,nan,110.66078377802478,inf,7.6004486083984375,nan,10.508481792005114,inf,7.363725662231445,nan,15.700069469014124,inf,6.99157190322876,nan,15.611404860077528,inf,7.0948486328125,nan,15.817825962994903,inf
1988,6.668074607849121,nan,17.108116367960974,inf,6.65940523147583,nan,15.77846251500523,inf,6.72609806060791,nan,16.15826308096439,inf,7.038948059082031,nan,43.41606084898194,inf,9.378990173339844,nan,110.71191202702539,inf,7.216183662414551,nan,10.513322143006008,inf,6.663362979888916,nan,15.703610654014483,inf,6.776185035705566,nan,15.614898774078029,inf,6.675203323364258,nan,15.821443048995206,inf
1989,6.013360977172852,nan,17.111597521961812,inf,5.892909526824951,nan,15.782046481006546,inf,5.872723579406738,nan,16.1618517669649,inf,6.271042823791504,nan,43.43717986698357,inf,8.817627906799316,nan,110.77142917202582,inf,6.740507125854492,nan,10.518497868006307,inf,6.218276023864746,nan,15.70755224401546,inf,6.006309986114502,nan,15.618487549078054,inf,6.0183916091918945,nan,15.825306417995307,inf
1990,6.393779277801514,nan,17.11569201396196,inf,6.350459098815918,nan,15.786028451007951,inf,6.273087024688721,nan,16.16607045996534,inf,7.05284309387207,nan,43.45776524898247,inf,9.3319091796875,nan,110.82474399802595,inf,7.171169757843018,nan,10.524534894007957,inf,6.454545021057129,nan,15.7113550930153,inf,6.450344562530518,nan,15.62220113607691,inf,6.389935493469238,nan,15.828901833994678,inf
1991,5.6240997314453125,nan,17.119419250962892,inf,5.522675514221191,nan,15.78967340800773,inf,5.673195838928223,nan,16.169751215964425,inf,6.2824249267578125,nan,43.48091680298239,inf,8.93143367767334,nan,110.88778681802614,inf,6.40018367767334,nan,10.530983826007287,inf,6.050774097442627,nan,15.715571547014406,inf,5.866717338562012,nan,15.625965243078099,inf,5.9464874267578125,nan,15.832762702993932,inf
1992,6.5896759033203125,nan,17.123245108961783,inf,6.406997203826904,nan,15.793256813007247,inf,6.633585453033447,nan,16.17347550296472,inf,7.290002346038818,nan,43.50441935098388,inf,9.405685424804688,nan,110.94596039702628,inf,7.742400169372559,nan,10.536073151006349,inf,6.647035598754883,nan,15.719626159014297,inf,6.476281642913818,nan,15.62996238407868,inf,6.558504104614258,nan,15.836504179993426,inf
1993,5.637380599975586,nan,17.127001936962188,inf,5.509012699127197,nan,15.79681073800748,inf,5.535671234130859,nan,16.177039247964785,inf,5.830312728881836,nan,43.52596721398368,inf,8.895891189575195,nan,111.00684394002565,inf,6.048062801361084,nan,10.540954683005111,inf,5.526705265045166,nan,15.723351037015163,inf,5.6634521484375,nan,15.633555669079215,inf,5.6434221267700195,nan,15.840087745993515,inf
1994,7.261394500732422,nan,17.13057682296312,inf,7.2067718505859375,nan,15.80044178400749,inf,7.263221740722656,nan,16.18068960396522,inf,7.927328109741211,nan,43.54954990398437,inf,9.405694961547852,nan,111.06136854202487,inf,8.269747734069824,nan,10.547031820004122,inf,7.445571422576904,nan,15.727057404013976,inf,7.41935396194458,nan,15.637148455078204,inf,7.390923976898193,nan,15.843894364994412,inf
1995,6.322658538818359,nan,17.13430476096255,inf,6.070621967315674,nan,15.8039475180085,inf,6.10290002822876,nan,16.18442584096556,inf,7.010944366455078,nan,43.57440068998403,inf,9.370031356811523,nan,111.12252864802394,inf,7.306574821472168,nan,10.552627131004556,inf,6.4546356201171875,nan,15.73273120601334,inf,6.285256862640381,nan,15.641866225078047,inf,6.416637420654297,nan,15.848010016994522,inf
1996,5.466868877410889,nan,17.13900726996144,inf,5.482990741729736,nan,15.807851237008435,inf,5.616635322570801,nan,16.18845562196657,inf,6.590298652648926,nan,43.59785986798306,inf,8.958282470703125,nan,111.18076197802293,inf,6.396236419677734,nan,10.558652377005274,inf,6.025909423828125,nan,15.736916529012888,inf,5.9336371421813965,nan,15.645760435078046,inf,5.860682487487793,nan,15.851795064994803,inf
1997,5.976475238800049,nan,17.142880808962218,inf,6.128305912017822,nan,15.81182237800931,inf,6.091380596160889,nan,16.193040319967622,inf,6.608366966247559,nan,43.62194135298341,inf,9.210988998413086,nan,111.24477933002345,inf,6.7911224365234375,nan,10.5710329440044,inf,6.070496559143066,nan,15.742068634011957,inf,6.056840896606445,nan,15.650621807079006,inf,6.211722373962402,nan,15.855940146993817,inf
1998,5.5209059715271,nan,17.148342387961748,inf,5.5431318283081055,nan,15.816934902008143,inf,5.5850725173950195,nan,16.19988561696664,inf,5.858950138092041,nan,43.64444637798442,inf,8.87697982788086,nan,111.30476356102372,inf,6.267486572265625,nan,10.576475283003674,inf,5.437348365783691,nan,15.746210157012683,inf,5.558150291442871,nan,15.654646088078152,inf,5.481358051300049,nan,15.859839575994556,inf
1999,7.296036720275879,nan,17.152212096960284,inf,7.228473663330078,nan,15.821117685007266,inf,7.449497699737549,nan,16.204981810966274,inf,7.974689483642578,nan,43.66752712098423,inf,9.731401443481445,nan,111.36047547802264,inf,8.085548400878906,nan,10.582099994004238,inf,7.28585147857666,nan,15.75037198001337,inf,7.289610862731934,nan,15.65901705307806,inf,7.40139627456665,nan,15.865283914994507,inf
2000,6.248673439025879,6.007718086242676,17.156622702959794,inf,6.314960956573486,6.049671173095703,15.825316648008084,inf,6.257113933563232,6.757804870605469,16.209058031967288,inf,7.417665004730225,6.18801212310791,43.68627081798513,inf,9.449268341064453,9.289263725280762,111.4204084380217,inf,7.304018974304199,7.5612101554870605,10.587661965004372,inf,6.699666976928711,6.790678024291992,15.754687465012466,inf,6.649622917175293,5.4146728515625,15.664467502077969,inf,6.493032455444336,7.2990264892578125,15.870370158994774,inf
